ligand_id,is_known_active,enopt_decoy_score,enopt_decoy_rank
CHEMBL20751,0,0.9449212,1
CHEMBL26494,0,0.9445685,2
CHEMBL34293,0,0.9377042,3
CHEMBL7213,0,0.92841744,4
CHEMBL29371,0,0.9277608,5
CHEMBL4543521,0,0.9277608,6
CHEMBL22791,0,0.926605,7
CHEMBL35020,0,0.92465836,8
CHEMBL4435713,0,0.9231737,9
CHEMBL41686,0,0.92154455,10
CHEMBL25651,0,0.9210296,11
CHEMBL36001,0,0.9198122,12
CHEMBL28358,0,0.9198122,13
CHEMBL434,1,0.91747683,14
CHEMBL22186,0,0.9173353,15
CHEMBL4559961,0,0.91174,16
CHEMBL27528,0,0.91174,17
CHEMBL22860,0,0.9100543,18
CHEMBL3311536,0,0.9097351,19
CHEMBL9612,0,0.90912485,20
CHEMBL33131,0,0.90500647,21
CHEMBL23045,0,0.9049237,22
CHEMBL13,1,0.90193325,23
CHEMBL32302,0,0.9015754,24
CHEMBL4435752,0,0.9015754,25
CHEMBL33226,0,0.9015754,26
CHEMBL4435505,0,0.9014721,27
CHEMBL31986,0,0.9012873,28
CHEMBL41876,0,0.90063256,29
CHEMBL4435391,0,0.8987865,30
CHEMBL30652,0,0.897501,31
CHEMBL1185377,0,0.89604986,32
CHEMBL4434926,0,0.89604986,33
CHEMBL36195,0,0.8933614,34
CHEMBL22417,0,0.8933614,35
CHEMBL31615,0,0.8933614,36
CHEMBL25120,0,0.8933614,37
CHEMBL27965,0,0.8933614,38
CHEMBL25835,0,0.8933614,39
CHEMBL21383,0,0.8933614,40
CHEMBL3309546,0,0.8933614,41
CHEMBL1165741,0,0.8933614,42
CHEMBL16387,0,0.8933614,43
CHEMBL7641,0,0.8933614,44
CHEMBL18024,0,0.8932793,45
CHEMBL17634,0,0.8932573,46
CHEMBL38078,0,0.8932573,47
CHEMBL21818,0,0.89238566,48
CHEMBL25075,0,0.8914477,49
CHEMBL8997,0,0.8914477,50
CHEMBL29787,0,0.8892599,51
CHEMBL27948,0,0.8884766,52
CHEMBL22773,0,0.8884766,53
CHEMBL38262,0,0.88743246,54
CHEMBL28873,0,0.88743246,55
CHEMBL12585,0,0.88743246,56
CHEMBL16873,0,0.88743246,57
CHEMBL21516,0,0.8873233,58
CHEMBL21968,0,0.887085,59
CHEMBL27158,0,0.8846783,60
CHEMBL4435069,0,0.8822021,61
CHEMBL23404,0,0.8808537,62
CHEMBL32692,0,0.8808537,63
CHEMBL27049,0,0.8808537,64
CHEMBL4434768,0,0.8808537,65
CHEMBL35625,0,0.878108,66
CHEMBL22500,0,0.87562,67
CHEMBL7420,0,0.87352926,68
CHEMBL16110,0,0.87352926,69
CHEMBL3310742,0,0.87333953,70
CHEMBL19576,0,0.8730812,71
CHEMBL4435447,0,0.8730812,72
CHEMBL14185,0,0.87272894,73
CHEMBL3310263,0,0.87272894,74
CHEMBL571967,0,0.87271017,75
CHEMBL1098866,0,0.87218255,76
CHEMBL17607,0,0.87122184,77
CHEMBL22390,0,0.8707908,78
CHEMBL7431,0,0.87064093,79
CHEMBL20393,0,0.8700701,80
CHEMBL14494,0,0.86962223,81
CHEMBL42467,0,0.86962223,82
CHEMBL42432,0,0.8692458,83
CHEMBL27476,0,0.8690657,84
CHEMBL39490,0,0.86851656,85
CHEMBL10577,0,0.86669433,86
CHEMBL24309,0,0.86657435,87
CHEMBL34971,0,0.86657435,88
CHEMBL35184,0,0.86657435,89
CHEMBL25390,0,0.86657435,90
CHEMBL37467,0,0.86657435,91
CHEMBL20316,0,0.86657435,92
CHEMBL34990,0,0.86657435,93
CHEMBL23826,0,0.86657435,94
CHEMBL14197,0,0.86657435,95
CHEMBL39596,1,0.86657435,96
CHEMBL31805,0,0.86657435,97
CHEMBL25095,0,0.86657435,98
CHEMBL37627,0,0.86657435,99
CHEMBL8649,0,0.86657435,100
CHEMBL10107,0,0.865906,101
CHEMBL17759,0,0.865906,102
CHEMBL10639,0,0.865906,103
CHEMBL18699,0,0.8657791,104
CHEMBL40714,0,0.86512977,105
CHEMBL4434658,0,0.86512977,106
CHEMBL18658,0,0.8624749,107
CHEMBL9111,0,0.8624749,108
CHEMBL29429,0,0.8624749,109
CHEMBL42459,0,0.8624749,110
CHEMBL20872,0,0.8624749,111
CHEMBL6325,0,0.86234534,112
CHEMBL33476,0,0.8621887,113
CHEMBL30670,0,0.8612735,114
CHEMBL3311041,0,0.8612735,115
CHEMBL31607,0,0.8612735,116
CHEMBL40315,0,0.86099446,117
CHEMBL28689,0,0.86099446,118
CHEMBL3347310,0,0.8590907,119
CHEMBL429,1,0.85883945,120
CHEMBL18425,0,0.85869193,121
CHEMBL9778,0,0.8585594,122
CHEMBL3309608,0,0.858357,123
CHEMBL22385,0,0.85818934,124
CHEMBL18847,0,0.85815126,125
CHEMBL14889,0,0.8576281,126
CHEMBL31545,0,0.8576281,127
CHEMBL19419,0,0.8576281,128
CHEMBL4435037,0,0.8576281,129
CHEMBL23963,0,0.8576281,130
CHEMBL30928,0,0.8576281,131
CHEMBL34627,0,0.8576281,132
CHEMBL17701,0,0.8576281,133
CHEMBL16355,0,0.8576281,134
CHEMBL1200285,0,0.8568952,135
CHEMBL14501,0,0.8568538,136
CHEMBL10278,0,0.8568538,137
CHEMBL22366,0,0.8568538,138
CHEMBL22397,0,0.8568277,139
CHEMBL4436092,0,0.85510725,140
CHEMBL17272,0,0.85510725,141
CHEMBL21585,0,0.85510725,142
CHEMBL4435260,0,0.85510725,143
CHEMBL19485,0,0.85510725,144
CHEMBL1163536,0,0.8549718,145
CHEMBL18759,0,0.8549718,146
CHEMBL33870,0,0.8547722,147
CHEMBL26698,0,0.85464543,148
CHEMBL536204,0,0.85464543,149
CHEMBL40250,0,0.85464543,150
CHEMBL40453,0,0.85464543,151
CHEMBL18388,0,0.85458994,152
CHEMBL12287,0,0.85458994,153
CHEMBL15935,0,0.8540627,154
CHEMBL28141,0,0.8540627,155
CHEMBL19342,0,0.85364896,156
CHEMBL32940,0,0.85286963,157
CHEMBL27324,0,0.85286963,158
CHEMBL11243,0,0.85263485,159
CHEMBL38650,0,0.8525525,160
CHEMBL8227,0,0.8525525,161
CHEMBL4434812,0,0.852193,162
CHEMBL23211,0,0.8520919,163
CHEMBL26006,0,0.85173297,164
CHEMBL28299,0,0.8516944,165
CHEMBL6534,0,0.8516944,166
CHEMBL43769,0,0.8510551,167
CHEMBL20650,0,0.8510551,168
CHEMBL43687,0,0.85065305,169
CHEMBL40083,0,0.85035634,170
CHEMBL9696,0,0.84989923,171
CHEMBL606548,0,0.8472,172
CHEMBL581092,0,0.8465227,173
CHEMBL10742,0,0.8465227,174
CHEMBL13278,1,0.8465227,175
CHEMBL18716,0,0.8465227,176
CHEMBL37251,0,0.8465227,177
CHEMBL4553700,0,0.8465227,178
CHEMBL36832,0,0.8465227,179
CHEMBL42158,0,0.8465227,180
CHEMBL6653,0,0.8465227,181
CHEMBL43565,0,0.8465227,182
CHEMBL36547,0,0.8465227,183
CHEMBL30247,0,0.8459555,184
CHEMBL4436114,0,0.84587836,185
CHEMBL7632,0,0.8458679,186
CHEMBL8644,0,0.8458679,187
CHEMBL25383,0,0.84448045,188
CHEMBL31055,0,0.84448045,189
CHEMBL24956,0,0.8443007,190
CHEMBL37711,0,0.84415704,191
CHEMBL15320,0,0.84407336,192
CHEMBL8927,0,0.8440394,193
CHEMBL7700,0,0.8440394,194
CHEMBL20228,0,0.8440394,195
CHEMBL37334,0,0.8440394,196
CHEMBL1077609,0,0.8438887,197
CHEMBL40074,0,0.8434847,198
CHEMBL18983,0,0.8434847,199
CHEMBL42702,0,0.8434847,200
CHEMBL1163514,0,0.8434847,201
CHEMBL26081,0,0.8434847,202
CHEMBL16010,0,0.8434847,203
CHEMBL8655,0,0.8434847,204
CHEMBL22769,0,0.8434847,205
CHEMBL3309991,0,0.8434847,206
CHEMBL8090,0,0.8434847,207
CHEMBL31280,0,0.8434847,208
CHEMBL35743,0,0.8434847,209
CHEMBL4436041,0,0.8434847,210
CHEMBL3310360,0,0.8434847,211
CHEMBL17252,0,0.8434847,212
CHEMBL17496,0,0.8434847,213
CHEMBL14669,0,0.8434847,214
CHEMBL40352,0,0.8434847,215
CHEMBL39676,0,0.8434847,216
CHEMBL36798,0,0.8434847,217
CHEMBL13816,0,0.8434847,218
CHEMBL20277,0,0.8434847,219
CHEMBL3310845,0,0.8434847,220
CHEMBL18202,0,0.8434847,221
CHEMBL3309988,0,0.8434847,222
CHEMBL8702,0,0.8434847,223
CHEMBL13120,0,0.8434847,224
CHEMBL13477,0,0.8434847,225
CHEMBL17214,0,0.8434847,226
CHEMBL4435684,0,0.8434847,227
CHEMBL7049,0,0.8434847,228
CHEMBL3309383,0,0.8434847,229
CHEMBL6849,0,0.84341466,230
CHEMBL14857,0,0.84341466,231
CHEMBL25492,0,0.84341466,232
CHEMBL33205,0,0.84309405,233
CHEMBL4435089,0,0.84308535,234
CHEMBL34414,0,0.84299266,235
CHEMBL17464,0,0.84299266,236
CHEMBL34676,0,0.84299266,237
CHEMBL33144,0,0.84299266,238
CHEMBL20526,0,0.84037375,239
CHEMBL23415,0,0.84037375,240
CHEMBL39915,0,0.84037375,241
CHEMBL12321,0,0.840259,242
CHEMBL1237055,0,0.840259,243
CHEMBL32083,0,0.840259,244
CHEMBL31929,0,0.840259,245
CHEMBL27863,0,0.840259,246
CHEMBL7396,0,0.840195,247
CHEMBL40080,0,0.840195,248
CHEMBL38449,0,0.840195,249
CHEMBL33179,0,0.840195,250
CHEMBL27257,0,0.83979404,251
CHEMBL31528,0,0.8397813,252
CHEMBL6378,0,0.8397685,253
CHEMBL23556,0,0.83976793,254
CHEMBL4435023,0,0.8388566,255
CHEMBL35900,0,0.83872753,256
CHEMBL4435601,0,0.83870894,257
CHEMBL37385,0,0.83870894,258
CHEMBL39413,0,0.83840287,259
CHEMBL17658,0,0.838291,260
CHEMBL38385,0,0.8372618,261
CHEMBL22388,0,0.8372618,262
CHEMBL12911,1,0.8372618,263
CHEMBL10515,0,0.8372618,264
CHEMBL9392,0,0.83695424,265
CHEMBL585377,0,0.8369228,266
CHEMBL20508,0,0.8369228,267
CHEMBL16495,0,0.8369228,268
CHEMBL31161,0,0.83685905,269
CHEMBL41745,0,0.83685905,270
CHEMBL28730,0,0.836848,271
CHEMBL12671,0,0.8352759,272
CHEMBL37639,0,0.83513474,273
CHEMBL3310237,0,0.83513474,274
CHEMBL16887,0,0.83486545,275
CHEMBL4434867,0,0.83486545,276
CHEMBL30693,0,0.8347148,277
CHEMBL25460,0,0.8347148,278
CHEMBL3310474,0,0.8347148,279
CHEMBL19957,0,0.8347148,280
CHEMBL19636,0,0.8347148,281
CHEMBL43017,0,0.83463806,282
CHEMBL14010,0,0.83463806,283
CHEMBL3310151,0,0.83463806,284
CHEMBL20567,0,0.83463806,285
CHEMBL25012,0,0.83463806,286
CHEMBL36854,0,0.83463806,287
CHEMBL42460,0,0.83463806,288
CHEMBL8496,0,0.83463806,289
CHEMBL31941,0,0.83463806,290
CHEMBL25585,0,0.8345575,291
CHEMBL41361,0,0.8345575,292
CHEMBL9188,0,0.8345575,293
CHEMBL7496,0,0.8345575,294
CHEMBL39482,0,0.8345575,295
CHEMBL1075708,0,0.8345575,296
CHEMBL20752,0,0.8345575,297
CHEMBL4543497,0,0.83453465,298
CHEMBL4560036,0,0.8344067,299
CHEMBL4543396,0,0.8344067,300
CHEMBL12487,0,0.8344067,301
CHEMBL39932,0,0.8344067,302
CHEMBL20733,0,0.8344067,303
CHEMBL21258,0,0.8344027,304
CHEMBL35659,0,0.83435166,305
CHEMBL3310763,0,0.83435166,306
CHEMBL30384,0,0.8337034,307
CHEMBL39044,0,0.83351034,308
CHEMBL3311352,0,0.8335014,309
CHEMBL37339,0,0.8335014,310
CHEMBL33921,0,0.8335014,311
CHEMBL7990,0,0.8335014,312
CHEMBL27589,0,0.8329854,313
CHEMBL3310540,0,0.8329854,314
CHEMBL31007,0,0.8329854,315
CHEMBL40607,0,0.8323246,316
CHEMBL33558,0,0.8323246,317
CHEMBL9312,0,0.8323246,318
CHEMBL39337,0,0.8315541,319
CHEMBL42454,0,0.8314402,320
CHEMBL33203,0,0.8314402,321
CHEMBL17816,0,0.8314402,322
CHEMBL3310239,0,0.8314402,323
CHEMBL15484,0,0.8312312,324
CHEMBL18446,0,0.8311129,325
CHEMBL606769,0,0.83083576,326
CHEMBL35859,0,0.83083576,327
CHEMBL26525,0,0.83083576,328
CHEMBL7809,0,0.8302386,329
CHEMBL8779,0,0.82996,330
CHEMBL22248,0,0.8294166,331
CHEMBL6977,0,0.8290559,332
CHEMBL42250,0,0.8290559,333
CHEMBL7684,0,0.8290559,334
CHEMBL28059,0,0.8284594,335
CHEMBL25892,0,0.8283306,336
CHEMBL41300,0,0.8283306,337
CHEMBL31837,0,0.8283306,338
CHEMBL19385,0,0.8283306,339
CHEMBL25133,1,0.8283306,340
CHEMBL26830,0,0.82818425,341
CHEMBL27770,0,0.8280755,342
CHEMBL24774,0,0.8280755,343
CHEMBL16982,0,0.8280755,344
CHEMBL43693,0,0.8280755,345
CHEMBL10575,0,0.8280755,346
CHEMBL555454,0,0.8280755,347
CHEMBL34832,0,0.8280755,348
CHEMBL26838,0,0.8280755,349
CHEMBL42608,0,0.8280755,350
CHEMBL3309689,0,0.8280755,351
CHEMBL12445,0,0.8280755,352
CHEMBL39694,0,0.8280755,353
CHEMBL25514,0,0.8280755,354
CHEMBL30022,0,0.8280755,355
CHEMBL4436494,0,0.8280755,356
CHEMBL38568,0,0.8280755,357
CHEMBL572573,0,0.82786435,358
CHEMBL42325,0,0.82776576,359
CHEMBL12150,0,0.82774943,360
CHEMBL1090670,0,0.82730323,361
CHEMBL4436168,0,0.82730323,362
CHEMBL35379,0,0.82673717,363
CHEMBL38158,0,0.82673717,364
CHEMBL28751,0,0.82673717,365
CHEMBL37911,0,0.82673717,366
CHEMBL3310043,0,0.82673717,367
CHEMBL25887,0,0.826713,368
CHEMBL22827,0,0.8262618,369
CHEMBL32729,0,0.8260172,370
CHEMBL40321,0,0.8260172,371
CHEMBL34294,0,0.8260172,372
CHEMBL27920,0,0.8254246,373
CHEMBL37519,0,0.8254205,374
CHEMBL12389,0,0.8253899,375
CHEMBL553918,0,0.8253899,376
CHEMBL3309983,0,0.8253899,377
CHEMBL30868,0,0.8253899,378
CHEMBL11775,0,0.8253899,379
CHEMBL29206,0,0.8253899,380
CHEMBL7861,0,0.8253899,381
CHEMBL39815,0,0.8253899,382
CHEMBL11452,0,0.8253899,383
CHEMBL41916,0,0.8253899,384
CHEMBL42938,0,0.8253899,385
CHEMBL15182,0,0.8253899,386
CHEMBL39997,0,0.8253899,387
CHEMBL37608,0,0.8253899,388
CHEMBL3310370,0,0.8253899,389
CHEMBL4435488,0,0.8253899,390
CHEMBL26183,1,0.8253899,391
CHEMBL9773,0,0.8253899,392
CHEMBL32541,0,0.8253899,393
CHEMBL22950,0,0.8253899,394
CHEMBL3309287,0,0.8253899,395
CHEMBL40704,0,0.8253899,396
CHEMBL17865,0,0.8253899,397
CHEMBL28391,0,0.8253899,398
CHEMBL3310389,0,0.8253899,399
CHEMBL12225,0,0.8253555,400
CHEMBL23053,0,0.8251762,401
CHEMBL17129,0,0.8251762,402
CHEMBL8200,0,0.82468593,403
CHEMBL38985,0,0.82468593,404
CHEMBL36265,0,0.82356924,405
CHEMBL4434887,0,0.82356924,406
CHEMBL33110,0,0.82332206,407
CHEMBL4436384,0,0.82332206,408
CHEMBL29751,0,0.82332206,409
CHEMBL4435512,0,0.82332206,410
CHEMBL37097,0,0.82332206,411
CHEMBL18340,0,0.82261753,412
CHEMBL4436143,0,0.82209843,413
CHEMBL7191,0,0.8220401,414
CHEMBL41605,0,0.8220401,415
CHEMBL18081,0,0.8220401,416
CHEMBL29926,0,0.8220401,417
CHEMBL33589,0,0.8220401,418
CHEMBL17858,0,0.8220401,419
CHEMBL14380,0,0.8220401,420
CHEMBL32493,0,0.8220401,421
CHEMBL42686,0,0.8220401,422
CHEMBL34347,0,0.8220401,423
CHEMBL19133,0,0.8220401,424
CHEMBL40311,0,0.8220401,425
CHEMBL42125,0,0.8220401,426
CHEMBL17352,0,0.8219139,427
CHEMBL33705,0,0.82175404,428
CHEMBL7342,0,0.82175404,429
CHEMBL38820,0,0.82175404,430
CHEMBL8891,0,0.82175404,431
CHEMBL580443,0,0.82175404,432
CHEMBL39734,0,0.82175404,433
CHEMBL28596,0,0.82175404,434
CHEMBL21353,0,0.82175404,435
CHEMBL38337,0,0.82175404,436
CHEMBL22069,0,0.8217098,437
CHEMBL6511,0,0.82141185,438
CHEMBL28946,0,0.82141185,439
CHEMBL42157,0,0.82141185,440
CHEMBL265362,0,0.82141185,441
CHEMBL36116,0,0.82141185,442
CHEMBL33505,0,0.82141185,443
CHEMBL39584,0,0.82141185,444
CHEMBL36123,0,0.82141185,445
CHEMBL16934,0,0.82141185,446
CHEMBL6829,0,0.82141185,447
CHEMBL4436095,0,0.82141185,448
CHEMBL37600,0,0.821378,449
CHEMBL29170,0,0.8203299,450
CHEMBL38207,0,0.8203299,451
CHEMBL28170,0,0.8203299,452
CHEMBL38831,0,0.82026833,453
CHEMBL36717,0,0.82024306,454
CHEMBL28983,0,0.8201914,455
CHEMBL9330,0,0.8201914,456
CHEMBL32975,0,0.8201914,457
CHEMBL38514,0,0.8201787,458
CHEMBL12173,0,0.82015437,459
CHEMBL8768,0,0.8193399,460
CHEMBL14792,0,0.8193399,461
CHEMBL35956,0,0.8193399,462
CHEMBL22090,0,0.8193399,463
CHEMBL34739,0,0.8193399,464
CHEMBL24724,0,0.81890035,465
CHEMBL41022,0,0.8185381,466
CHEMBL577782,0,0.8185106,467
CHEMBL28444,0,0.81831264,468
CHEMBL28066,0,0.81831264,469
CHEMBL33883,0,0.81831264,470
CHEMBL4435173,0,0.81743145,471
CHEMBL38669,0,0.81743145,472
CHEMBL22547,0,0.8173619,473
CHEMBL20203,0,0.8173486,474
CHEMBL702,0,0.8173486,475
CHEMBL25411,0,0.81720024,476
CHEMBL4543418,0,0.81693834,477
CHEMBL4436134,0,0.81684023,478
CHEMBL43638,0,0.8167033,479
CHEMBL28755,0,0.8164944,480
CHEMBL14578,0,0.8164944,481
CHEMBL10392,0,0.8164944,482
CHEMBL14526,0,0.81637543,483
CHEMBL21188,0,0.81634367,484
CHEMBL17618,0,0.81634367,485
CHEMBL22044,0,0.81582654,486
CHEMBL35455,0,0.81582654,487
CHEMBL35334,0,0.8156614,488
CHEMBL33066,0,0.8156614,489
CHEMBL10849,0,0.81503385,490
CHEMBL28966,0,0.8149635,491
CHEMBL8720,0,0.8149635,492
CHEMBL35896,0,0.8149635,493
CHEMBL8922,0,0.81467664,494
CHEMBL4560026,0,0.81467664,495
CHEMBL8384,0,0.8142261,496
CHEMBL4434783,0,0.8142261,497
CHEMBL35807,0,0.8142261,498
CHEMBL37263,0,0.8142261,499
CHEMBL28712,0,0.8142261,500
CHEMBL24358,0,0.8142261,501
CHEMBL11285,0,0.8142261,502
CHEMBL22619,0,0.8142261,503
CHEMBL15554,0,0.81317645,504
CHEMBL31134,0,0.81317645,505
CHEMBL23129,0,0.81317645,506
CHEMBL29042,0,0.81253725,507
CHEMBL39630,0,0.812478,508
CHEMBL28646,0,0.81201166,509
CHEMBL11970,0,0.8106858,510
CHEMBL31294,0,0.8106858,511
CHEMBL16568,0,0.8105831,512
CHEMBL39765,0,0.81046754,513
CHEMBL34472,0,0.81046754,514
CHEMBL4553167,0,0.81046754,515
CHEMBL36641,0,0.8102015,516
CHEMBL4435865,0,0.80960536,517
CHEMBL41815,0,0.80803084,518
CHEMBL4435414,0,0.80717033,519
CHEMBL21710,0,0.80711675,520
CHEMBL3310897,0,0.807048,521
CHEMBL3309738,0,0.8065711,522
CHEMBL9591,0,0.8065711,523
CHEMBL29047,0,0.8065711,524
CHEMBL18633,0,0.806282,525
CHEMBL8781,0,0.806282,526
CHEMBL18684,0,0.806282,527
CHEMBL18265,0,0.8061182,528
CHEMBL501925,0,0.8060471,529
CHEMBL26842,0,0.8057053,530
CHEMBL4116108,0,0.8047623,531
CHEMBL26791,0,0.8044804,532
CHEMBL22241,0,0.80436397,533
CHEMBL14623,0,0.80436397,534
CHEMBL27348,0,0.80436397,535
CHEMBL19075,0,0.8042398,536
CHEMBL36175,0,0.8034432,537
CHEMBL4435309,0,0.8034432,538
CHEMBL13380,0,0.80333674,539
CHEMBL3310965,0,0.80333674,540
CHEMBL28046,0,0.80333674,541
CHEMBL13941,0,0.80333674,542
CHEMBL22371,0,0.80333674,543
CHEMBL31657,0,0.8028917,544
CHEMBL3310974,0,0.8028917,545
CHEMBL17909,0,0.8023775,546
CHEMBL13274,0,0.8023392,547
CHEMBL30026,0,0.8023392,548
CHEMBL38497,0,0.8021658,549
CHEMBL7778,0,0.8021658,550
CHEMBL31169,0,0.8020942,551
CHEMBL3310301,0,0.8020942,552
CHEMBL36114,0,0.8020942,553
CHEMBL18177,0,0.8020942,554
CHEMBL36341,0,0.8020942,555
CHEMBL19136,0,0.8020942,556
CHEMBL1203109,0,0.8020942,557
CHEMBL16579,0,0.801116,558
CHEMBL34287,0,0.80073476,559
CHEMBL18003,0,0.8003138,560
CHEMBL43666,0,0.80017453,561
CHEMBL18600,0,0.7998686,562
CHEMBL19914,0,0.7994037,563
CHEMBL9896,0,0.79904914,564
CHEMBL14099,0,0.79904914,565
CHEMBL33935,0,0.79904914,566
CHEMBL1171366,0,0.79904914,567
CHEMBL33636,0,0.79870594,568
CHEMBL4435607,0,0.79861885,569
CHEMBL39240,0,0.798392,570
CHEMBL20528,0,0.798392,571
CHEMBL18821,0,0.79831463,572
CHEMBL26612,0,0.7982685,573
CHEMBL41056,0,0.7982685,574
CHEMBL305803,0,0.7982685,575
CHEMBL31004,0,0.7982685,576
CHEMBL11157,0,0.7982685,577
CHEMBL20351,0,0.7982685,578
CHEMBL36535,0,0.7982685,579
CHEMBL38134,0,0.7982685,580
CHEMBL7385,0,0.7982685,581
CHEMBL14727,0,0.7982685,582
CHEMBL24904,0,0.7982685,583
CHEMBL37657,0,0.7982685,584
CHEMBL20127,0,0.7982685,585
CHEMBL10097,0,0.7982685,586
CHEMBL41255,0,0.7982685,587
CHEMBL19740,0,0.79799044,588
CHEMBL14261,0,0.79799044,589
CHEMBL14366,0,0.79799044,590
CHEMBL1207835,0,0.79799044,591
CHEMBL4553711,0,0.79799044,592
CHEMBL40643,0,0.7975399,593
CHEMBL35485,0,0.7963727,594
CHEMBL17253,0,0.7963727,595
CHEMBL15778,0,0.79619884,596
CHEMBL609992,0,0.7961934,597
CHEMBL28095,0,0.7958212,598
CHEMBL26058,0,0.7958212,599
CHEMBL33509,0,0.7957306,600
CHEMBL13029,0,0.7957306,601
CHEMBL25625,0,0.7957306,602
CHEMBL4435364,0,0.79528326,603
CHEMBL18339,0,0.79528326,604
CHEMBL1784812,0,0.7949661,605
CHEMBL37512,0,0.7939517,606
CHEMBL1186159,0,0.7939517,607
CHEMBL33585,0,0.7939517,608
CHEMBL1162123,0,0.7939517,609
CHEMBL34789,0,0.79356986,610
CHEMBL10228,0,0.79356986,611
CHEMBL38569,1,0.79356986,612
CHEMBL9885,0,0.7930078,613
CHEMBL1782170,0,0.7930078,614
CHEMBL17724,0,0.7930078,615
CHEMBL19587,0,0.7930078,616
CHEMBL38706,0,0.7930078,617
CHEMBL20928,0,0.7930078,618
CHEMBL9317,0,0.7930078,619
CHEMBL30133,0,0.7930078,620
CHEMBL682,0,0.7930078,621
CHEMBL30102,0,0.7930078,622
CHEMBL20583,0,0.7930078,623
CHEMBL18813,0,0.7930078,624
CHEMBL442595,0,0.7930078,625
CHEMBL500790,0,0.7930078,626
CHEMBL10318,0,0.7930078,627
CHEMBL23002,0,0.7930078,628
CHEMBL7657,0,0.7930078,629
CHEMBL32072,0,0.7930078,630
CHEMBL31623,0,0.7930078,631
CHEMBL19180,0,0.7930078,632
CHEMBL4543429,0,0.7930078,633
CHEMBL39884,0,0.7930078,634
CHEMBL33284,0,0.7930078,635
CHEMBL19224,0,0.7930078,636
CHEMBL10286,0,0.7930078,637
CHEMBL17873,0,0.7930078,638
CHEMBL18460,0,0.7930078,639
CHEMBL4436398,0,0.7930078,640
CHEMBL18618,0,0.7930078,641
CHEMBL3310669,0,0.7930078,642
CHEMBL18489,0,0.7930078,643
CHEMBL38693,0,0.7930078,644
CHEMBL17235,0,0.7930078,645
CHEMBL9009,0,0.7930078,646
CHEMBL8146,0,0.7930078,647
CHEMBL9923,0,0.7930078,648
CHEMBL34490,0,0.7930078,649
CHEMBL21292,0,0.7930078,650
CHEMBL18971,0,0.7930078,651
CHEMBL7542,0,0.7930078,652
CHEMBL27865,0,0.7930078,653
CHEMBL40379,0,0.7930078,654
CHEMBL23588,0,0.7930078,655
CHEMBL23565,0,0.7930078,656
CHEMBL6468,0,0.7930078,657
CHEMBL24749,0,0.7930078,658
CHEMBL7311,0,0.7930078,659
CHEMBL1163274,0,0.7930078,660
CHEMBL7685,0,0.7930078,661
CHEMBL8758,0,0.7927093,662
CHEMBL34166,0,0.7927093,663
CHEMBL28321,0,0.7927093,664
CHEMBL12313,0,0.7927093,665
CHEMBL17977,0,0.7927093,666
CHEMBL3547915,0,0.7927093,667
CHEMBL20740,0,0.7927093,668
CHEMBL18420,0,0.7927093,669
CHEMBL21156,0,0.7927093,670
CHEMBL25245,0,0.7927093,671
CHEMBL30594,0,0.7927093,672
CHEMBL4434895,0,0.7927093,673
CHEMBL21647,0,0.7927093,674
CHEMBL26793,0,0.7927093,675
CHEMBL23041,0,0.7927093,676
CHEMBL17803,0,0.7927093,677
CHEMBL4559923,0,0.79254943,678
CHEMBL10006,0,0.79254943,679
CHEMBL38549,0,0.79254943,680
CHEMBL426,0,0.79254943,681
CHEMBL14470,0,0.79254943,682
CHEMBL3311434,0,0.7918178,683
CHEMBL13498,0,0.7918178,684
CHEMBL36293,0,0.7918178,685
CHEMBL36424,0,0.7918178,686
CHEMBL27074,0,0.79125154,687
CHEMBL37348,0,0.79122734,688
CHEMBL22446,0,0.79122734,689
CHEMBL24839,0,0.7902062,690
CHEMBL27236,0,0.79011786,691
CHEMBL18069,0,0.79011786,692
CHEMBL43423,0,0.79005945,693
CHEMBL29150,0,0.78991336,694
CHEMBL10223,0,0.78991336,695
CHEMBL19382,0,0.78991336,696
CHEMBL37228,0,0.78991336,697
CHEMBL18535,0,0.78991336,698
CHEMBL17092,0,0.78991336,699
CHEMBL21897,0,0.78991336,700
CHEMBL22144,0,0.78991336,701
CHEMBL22532,0,0.78991336,702
CHEMBL4553160,0,0.78991336,703
CHEMBL22690,0,0.78991336,704
CHEMBL17710,0,0.78991336,705
CHEMBL19022,0,0.78991336,706
CHEMBL18222,0,0.78991336,707
CHEMBL40237,0,0.78991336,708
CHEMBL30044,0,0.78991336,709
CHEMBL40824,0,0.78991336,710
CHEMBL24967,0,0.78991336,711
CHEMBL3311260,0,0.78991336,712
CHEMBL40786,0,0.78991336,713
CHEMBL19308,0,0.78991336,714
CHEMBL10276,0,0.78991336,715
CHEMBL33545,0,0.78991336,716
CHEMBL32445,0,0.78991336,717
CHEMBL23666,0,0.78991336,718
CHEMBL18764,0,0.78991336,719
CHEMBL13481,0,0.78991336,720
CHEMBL3310300,0,0.78944135,721
CHEMBL40565,0,0.78944135,722
CHEMBL30401,0,0.78944135,723
CHEMBL25334,0,0.7892384,724
CHEMBL4560004,0,0.78826237,725
CHEMBL21058,0,0.78774077,726
CHEMBL4435080,0,0.78774077,727
CHEMBL22359,0,0.78774077,728
CHEMBL21070,0,0.78774077,729
CHEMBL4435939,0,0.78774077,730
CHEMBL1094608,0,0.78774077,731
CHEMBL13079,1,0.78774077,732
CHEMBL3309373,0,0.78774077,733
CHEMBL4434648,0,0.78774077,734
CHEMBL20581,0,0.78774077,735
CHEMBL12152,0,0.78774077,736
CHEMBL30723,0,0.7876786,737
CHEMBL12769,1,0.7876786,738
CHEMBL25938,0,0.7876306,739
CHEMBL3309450,0,0.78744024,740
CHEMBL19348,0,0.78744024,741
CHEMBL18421,0,0.7868972,742
CHEMBL19530,0,0.7855895,743
CHEMBL34753,0,0.7855895,744
CHEMBL22021,0,0.78545755,745
CHEMBL4436336,0,0.78528017,746
CHEMBL22554,0,0.78519756,747
CHEMBL6788,0,0.78486574,748
CHEMBL23300,0,0.78477067,749
CHEMBL10100,0,0.78477067,750
CHEMBL4435625,0,0.78477067,751
CHEMBL4434788,0,0.78477067,752
CHEMBL9449,0,0.78477067,753
CHEMBL32240,0,0.78477067,754
CHEMBL28360,0,0.7840372,755
CHEMBL24625,0,0.7840372,756
CHEMBL22614,0,0.78402,757
CHEMBL18972,0,0.78402,758
CHEMBL9154,0,0.78402,759
CHEMBL3311195,0,0.78402,760
CHEMBL9115,0,0.78402,761
CHEMBL36762,0,0.7838911,762
CHEMBL1165619,0,0.7837271,763
CHEMBL21222,0,0.7837271,764
CHEMBL29179,0,0.7835897,765
CHEMBL36731,0,0.7835897,766
CHEMBL3309417,0,0.7835897,767
CHEMBL36928,0,0.7835897,768
CHEMBL37770,0,0.7835897,769
CHEMBL38029,0,0.7835897,770
CHEMBL20151,0,0.7835897,771
CHEMBL34548,0,0.7835897,772
CHEMBL18588,0,0.7835897,773
CHEMBL21451,0,0.7835897,774
CHEMBL38233,0,0.7835897,775
CHEMBL41145,0,0.7835897,776
CHEMBL24409,0,0.7835897,777
CHEMBL26463,0,0.7835897,778
CHEMBL18491,0,0.7835897,779
CHEMBL16274,0,0.7835897,780
CHEMBL15013,0,0.7835897,781
CHEMBL16049,0,0.7835267,782
CHEMBL16836,0,0.78319025,783
CHEMBL17079,0,0.78319025,784
CHEMBL23657,0,0.78319025,785
CHEMBL26909,0,0.78319025,786
CHEMBL23683,0,0.7830069,787
CHEMBL27665,0,0.7830069,788
CHEMBL28130,0,0.78286,789
CHEMBL20375,0,0.78267425,790
CHEMBL525672,0,0.78267425,791
CHEMBL25845,0,0.78267425,792
CHEMBL17646,0,0.78267425,793
CHEMBL4435741,0,0.78267425,794
CHEMBL11394,0,0.78267425,795
CHEMBL14322,0,0.78267425,796
CHEMBL39887,0,0.78267425,797
CHEMBL35912,0,0.78267425,798
CHEMBL9415,0,0.78267425,799
CHEMBL29744,0,0.78267425,800
CHEMBL16866,0,0.78267425,801
CHEMBL27328,0,0.78267425,802
CHEMBL23030,0,0.78267425,803
CHEMBL34480,0,0.78267425,804
CHEMBL26679,0,0.78267425,805
CHEMBL37077,0,0.78267425,806
CHEMBL37052,0,0.78267425,807
CHEMBL13127,0,0.78267425,808
CHEMBL6366,0,0.78241384,809
CHEMBL31120,0,0.78241384,810
CHEMBL37462,0,0.78241384,811
CHEMBL25291,0,0.78241384,812
CHEMBL11135,0,0.78241384,813
CHEMBL41719,0,0.7822298,814
CHEMBL16289,0,0.7818583,815
CHEMBL1163225,0,0.7818583,816
CHEMBL22320,0,0.78150773,817
CHEMBL8287,0,0.7812813,818
CHEMBL39233,0,0.7812813,819
CHEMBL12976,0,0.7811369,820
CHEMBL29374,0,0.78090924,821
CHEMBL43498,0,0.7808614,822
CHEMBL23977,0,0.7808457,823
CHEMBL28218,0,0.7808457,824
CHEMBL29987,0,0.7808457,825
CHEMBL10399,0,0.7808457,826
CHEMBL34721,0,0.7808457,827
CHEMBL42773,0,0.7808457,828
CHEMBL31796,0,0.7808457,829
CHEMBL18364,0,0.7808457,830
CHEMBL17571,0,0.7808457,831
CHEMBL21348,0,0.7808457,832
CHEMBL22027,0,0.7808457,833
CHEMBL36674,0,0.7808457,834
CHEMBL37818,0,0.7808457,835
CHEMBL15214,0,0.7808457,836
CHEMBL16611,0,0.7808457,837
CHEMBL14751,0,0.7808457,838
CHEMBL37661,0,0.7808457,839
CHEMBL39687,0,0.7808457,840
CHEMBL21020,0,0.7808457,841
CHEMBL36892,0,0.7808457,842
CHEMBL27065,0,0.7808457,843
CHEMBL17479,0,0.7808457,844
CHEMBL12484,0,0.7808457,845
CHEMBL8805,0,0.7808457,846
CHEMBL31461,0,0.7808457,847
CHEMBL22701,0,0.7808457,848
CHEMBL13071,0,0.7808457,849
CHEMBL21239,0,0.7808457,850
CHEMBL39371,0,0.7808457,851
CHEMBL24178,0,0.7808457,852
CHEMBL4435264,0,0.7808457,853
CHEMBL10465,0,0.7808457,854
CHEMBL18451,0,0.7808457,855
CHEMBL10543,0,0.7808457,856
CHEMBL35714,0,0.7808457,857
CHEMBL19387,0,0.7808457,858
CHEMBL26649,0,0.7808457,859
CHEMBL19541,0,0.7808457,860
CHEMBL39150,0,0.7808457,861
CHEMBL35517,0,0.7808457,862
CHEMBL4435616,0,0.7808457,863
CHEMBL4435246,0,0.7808457,864
CHEMBL11005,0,0.7808457,865
CHEMBL532920,0,0.7808457,866
CHEMBL21901,0,0.7808457,867
CHEMBL9048,0,0.7808457,868
CHEMBL4116160,0,0.7808174,869
CHEMBL35409,0,0.7808174,870
CHEMBL15418,0,0.7808174,871
CHEMBL7026,0,0.7808174,872
CHEMBL10709,0,0.7808174,873
CHEMBL38697,0,0.7805389,874
CHEMBL16383,0,0.7803934,875
CHEMBL22337,0,0.7803934,876
CHEMBL27960,0,0.7803934,877
CHEMBL26393,1,0.7803934,878
CHEMBL15737,0,0.7803934,879
CHEMBL1096673,0,0.7803934,880
CHEMBL1784105,0,0.7803934,881
CHEMBL4435330,0,0.7803934,882
CHEMBL23926,0,0.7803934,883
CHEMBL14240,0,0.7803934,884
CHEMBL7506,0,0.7803934,885
CHEMBL8112,0,0.7803934,886
CHEMBL19533,0,0.7803934,887
CHEMBL10102,0,0.7803934,888
CHEMBL35241,0,0.7803934,889
CHEMBL18766,0,0.7803934,890
CHEMBL37273,0,0.7803934,891
CHEMBL570399,0,0.7803934,892
CHEMBL4435144,0,0.7803934,893
CHEMBL18572,0,0.7803934,894
CHEMBL25273,0,0.7803934,895
CHEMBL4559975,0,0.7803934,896
CHEMBL10712,0,0.7803934,897
CHEMBL21243,0,0.7803934,898
CHEMBL4435240,0,0.7803934,899
CHEMBL4435624,0,0.7803934,900
CHEMBL27216,0,0.7803934,901
CHEMBL3310857,0,0.7803934,902
CHEMBL24377,0,0.7803934,903
CHEMBL30630,0,0.7803934,904
CHEMBL22088,0,0.7803934,905
CHEMBL1200609,0,0.7803934,906
CHEMBL19218,0,0.7803934,907
CHEMBL18733,0,0.7803934,908
CHEMBL11288,0,0.7803934,909
CHEMBL25645,0,0.7803934,910
CHEMBL4560018,0,0.7803934,911
CHEMBL24446,0,0.7803934,912
CHEMBL16730,0,0.7803934,913
CHEMBL3310851,0,0.7803934,914
CHEMBL15614,0,0.7803934,915
CHEMBL3309530,0,0.7803934,916
CHEMBL10350,0,0.7803934,917
CHEMBL42066,0,0.7803934,918
CHEMBL25598,0,0.78020287,919
CHEMBL27037,0,0.7792745,920
CHEMBL35120,0,0.7790787,921
CHEMBL36190,0,0.7790787,922
CHEMBL610179,0,0.7790787,923
CHEMBL25299,0,0.77885544,924
CHEMBL4543391,0,0.77885544,925
CHEMBL3311218,0,0.77876157,926
CHEMBL9668,0,0.77876157,927
CHEMBL18677,0,0.77819467,928
CHEMBL34906,0,0.77819467,929
CHEMBL4435922,0,0.7781859,930
CHEMBL13390,0,0.77807796,931
CHEMBL33216,0,0.77803546,932
CHEMBL9549,0,0.7780191,933
CHEMBL9681,0,0.7780191,934
CHEMBL35632,0,0.7780189,935
CHEMBL4434998,0,0.7780189,936
CHEMBL42189,0,0.7780189,937
CHEMBL20593,0,0.7776397,938
CHEMBL21908,0,0.7772086,939
CHEMBL38069,0,0.7772086,940
CHEMBL34924,0,0.7772086,941
CHEMBL9354,0,0.7772086,942
CHEMBL37034,0,0.7772086,943
CHEMBL1190414,0,0.7770061,944
CHEMBL41781,0,0.77695185,945
CHEMBL22001,0,0.77695185,946
CHEMBL19018,0,0.7765671,947
CHEMBL33618,0,0.7765671,948
CHEMBL13453,1,0.7764125,949
CHEMBL25425,0,0.7764125,950
CHEMBL31785,0,0.7764125,951
CHEMBL32560,0,0.7763832,952
CHEMBL4553169,0,0.7763832,953
CHEMBL36511,0,0.7763832,954
CHEMBL4435791,0,0.7763832,955
CHEMBL36461,0,0.7763832,956
CHEMBL28125,0,0.7763832,957
CHEMBL30941,0,0.7763832,958
CHEMBL37873,0,0.7763832,959
CHEMBL12994,1,0.77609944,960
CHEMBL39459,0,0.77594733,961
CHEMBL22200,0,0.77582777,962
CHEMBL8557,0,0.7749881,963
CHEMBL32956,0,0.7749416,964
CHEMBL18546,0,0.7749416,965
CHEMBL18514,0,0.7749416,966
CHEMBL41519,0,0.7749416,967
CHEMBL14217,0,0.7749416,968
CHEMBL19391,0,0.7749416,969
CHEMBL9824,0,0.7749416,970
CHEMBL35690,0,0.7749416,971
CHEMBL22221,0,0.7749416,972
CHEMBL41373,0,0.7749416,973
CHEMBL26038,0,0.7749416,974
CHEMBL33817,0,0.7749416,975
CHEMBL28805,0,0.7749416,976
CHEMBL27439,0,0.7749416,977
CHEMBL39195,0,0.7749416,978
CHEMBL10804,0,0.7749416,979
CHEMBL22132,0,0.7749416,980
CHEMBL14398,0,0.7749416,981
CHEMBL13389,1,0.7749416,982
CHEMBL4559982,0,0.7749416,983
CHEMBL41959,0,0.7749416,984
CHEMBL17368,0,0.7749416,985
CHEMBL32414,0,0.7749416,986
CHEMBL24863,0,0.7749416,987
CHEMBL33395,0,0.7749416,988
CHEMBL4543579,0,0.7749416,989
CHEMBL29703,0,0.7749416,990
CHEMBL1196830,0,0.7749416,991
CHEMBL42113,0,0.7749416,992
CHEMBL36778,0,0.7749416,993
CHEMBL13003,1,0.7749416,994
CHEMBL29598,0,0.7749416,995
CHEMBL24469,0,0.7749416,996
CHEMBL3309616,0,0.7749416,997
CHEMBL40297,0,0.7749416,998
CHEMBL6663,0,0.7749416,999
CHEMBL42539,0,0.7749416,1000
CHEMBL3311428,0,0.7749416,1001
CHEMBL24639,0,0.7749416,1002
CHEMBL42271,0,0.7749416,1003
CHEMBL37883,0,0.7749416,1004
CHEMBL36676,0,0.7749416,1005
CHEMBL4543312,0,0.7749416,1006
CHEMBL18261,0,0.7749416,1007
CHEMBL26783,0,0.7749416,1008
CHEMBL10030,0,0.7749416,1009
CHEMBL28549,0,0.7749416,1010
CHEMBL35063,0,0.7749416,1011
CHEMBL10065,0,0.7749416,1012
CHEMBL3310387,0,0.7749275,1013
CHEMBL3310379,0,0.7749275,1014
CHEMBL11013,0,0.7748002,1015
CHEMBL32326,0,0.77455467,1016
CHEMBL37444,0,0.77455467,1017
CHEMBL10425,0,0.77455467,1018
CHEMBL26572,0,0.77430934,1019
CHEMBL30600,0,0.77430934,1020
CHEMBL38180,0,0.7741493,1021
CHEMBL23271,0,0.7741493,1022
CHEMBL19102,0,0.7737085,1023
CHEMBL18436,0,0.77343667,1024
CHEMBL9348,0,0.7731409,1025
CHEMBL15916,0,0.7731409,1026
CHEMBL39076,0,0.7731409,1027
CHEMBL14759,0,0.7731409,1028
CHEMBL15307,0,0.7723489,1029
CHEMBL6442,0,0.7723489,1030
CHEMBL27354,0,0.7723489,1031
CHEMBL3310445,0,0.7723489,1032
CHEMBL10972,0,0.7723489,1033
CHEMBL25093,0,0.77225196,1034
CHEMBL22580,0,0.7722311,1035
CHEMBL28157,0,0.7720507,1036
CHEMBL35239,0,0.7720507,1037
CHEMBL1163271,0,0.7720507,1038
CHEMBL30646,0,0.7717021,1039
CHEMBL8893,0,0.7717021,1040
CHEMBL14952,0,0.7716895,1041
CHEMBL13022,0,0.7716895,1042
CHEMBL3311478,0,0.7709711,1043
CHEMBL14209,0,0.7703943,1044
CHEMBL40454,0,0.7703943,1045
CHEMBL23466,0,0.7703943,1046
CHEMBL33010,0,0.7703943,1047
CHEMBL16238,0,0.76969063,1048
CHEMBL4435940,0,0.76969063,1049
CHEMBL18767,0,0.76956177,1050
CHEMBL33528,0,0.7695294,1051
CHEMBL1183303,0,0.7692363,1052
CHEMBL22302,0,0.7691733,1053
CHEMBL11275,0,0.7690273,1054
CHEMBL4435254,0,0.76902676,1055
CHEMBL14352,0,0.7682695,1056
CHEMBL15546,0,0.7682695,1057
CHEMBL36152,0,0.7681184,1058
CHEMBL25823,0,0.7681184,1059
CHEMBL25188,0,0.7681184,1060
CHEMBL38667,0,0.7681184,1061
CHEMBL3310774,0,0.76793337,1062
CHEMBL26175,0,0.7679154,1063
CHEMBL19712,0,0.7679058,1064
CHEMBL10907,0,0.7679058,1065
CHEMBL1203199,0,0.7679058,1066
CHEMBL4436343,1,0.7679058,1067
CHEMBL39481,0,0.7679058,1068
CHEMBL17712,0,0.7679058,1069
CHEMBL37513,0,0.7679058,1070
CHEMBL12866,0,0.7677244,1071
CHEMBL37927,0,0.76768494,1072
CHEMBL42197,0,0.76768494,1073
CHEMBL34759,0,0.76768494,1074
CHEMBL3311321,0,0.76768494,1075
CHEMBL18103,0,0.76768494,1076
CHEMBL4560003,0,0.76768494,1077
CHEMBL4435959,0,0.76768494,1078
CHEMBL17549,0,0.76768494,1079
CHEMBL15563,0,0.76768494,1080
CHEMBL14394,0,0.76768494,1081
CHEMBL17344,0,0.76768494,1082
CHEMBL10552,0,0.76768494,1083
CHEMBL23852,0,0.76768494,1084
CHEMBL37316,0,0.76768494,1085
CHEMBL7498,0,0.76768494,1086
CHEMBL16313,0,0.76768494,1087
CHEMBL7551,0,0.76691926,1088
CHEMBL17236,0,0.7668648,1089
CHEMBL1199062,0,0.7668648,1090
CHEMBL18471,0,0.766723,1091
CHEMBL4436218,0,0.76660216,1092
CHEMBL499568,0,0.76643145,1093
CHEMBL7997,0,0.7662491,1094
CHEMBL8495,0,0.76602066,1095
CHEMBL36561,0,0.76574266,1096
CHEMBL21542,0,0.76574266,1097
CHEMBL31269,0,0.76574266,1098
CHEMBL13068,1,0.76574266,1099
CHEMBL25778,0,0.76574266,1100
CHEMBL39558,0,0.76574266,1101
CHEMBL4436354,0,0.76574266,1102
CHEMBL22973,0,0.76574266,1103
CHEMBL39445,0,0.76574266,1104
CHEMBL32667,0,0.76574266,1105
CHEMBL38543,0,0.76574266,1106
CHEMBL26456,0,0.76574266,1107
CHEMBL31325,0,0.76574266,1108
CHEMBL3310764,0,0.76574266,1109
CHEMBL26534,0,0.76574266,1110
CHEMBL32231,0,0.76574266,1111
CHEMBL38035,0,0.76574266,1112
CHEMBL26070,0,0.76574266,1113
CHEMBL42518,0,0.76574266,1114
CHEMBL36727,0,0.76574266,1115
CHEMBL40196,0,0.76574266,1116
CHEMBL25405,0,0.76574266,1117
CHEMBL39674,0,0.76574266,1118
CHEMBL37737,0,0.76574266,1119
CHEMBL14893,0,0.76574266,1120
CHEMBL18150,0,0.76574266,1121
CHEMBL21664,0,0.76574266,1122
CHEMBL503623,0,0.76574266,1123
CHEMBL16966,0,0.7656128,1124
CHEMBL15468,0,0.7656128,1125
CHEMBL28346,0,0.7656128,1126
CHEMBL25211,0,0.7653698,1127
CHEMBL43187,0,0.765171,1128
CHEMBL22845,0,0.76507986,1129
CHEMBL4436328,0,0.7649149,1130
CHEMBL3311362,0,0.76475877,1131
CHEMBL7527,0,0.7646714,1132
CHEMBL4435496,0,0.7640787,1133
CHEMBL39920,0,0.7640787,1134
CHEMBL4436022,0,0.7640787,1135
CHEMBL13983,0,0.7640787,1136
CHEMBL4434826,0,0.7640787,1137
CHEMBL32852,0,0.7640787,1138
CHEMBL40090,0,0.7640787,1139
CHEMBL17435,0,0.7640787,1140
CHEMBL3309990,0,0.7640787,1141
CHEMBL10085,0,0.7640787,1142
CHEMBL4553608,0,0.7640787,1143
CHEMBL8168,0,0.763849,1144
CHEMBL31688,0,0.763849,1145
CHEMBL11549,0,0.763849,1146
CHEMBL4435514,0,0.7638443,1147
CHEMBL4436241,0,0.7637331,1148
CHEMBL509195,0,0.7637331,1149
CHEMBL8309,0,0.7637331,1150
CHEMBL22626,0,0.7637331,1151
CHEMBL4553544,0,0.7637331,1152
CHEMBL31043,0,0.76341283,1153
CHEMBL38844,0,0.76338047,1154
CHEMBL9067,0,0.76321936,1155
CHEMBL41113,1,0.76321936,1156
CHEMBL17662,0,0.76321936,1157
CHEMBL13511,0,0.76321936,1158
CHEMBL21449,0,0.76321936,1159
CHEMBL41783,0,0.76296437,1160
CHEMBL19153,0,0.76296437,1161
CHEMBL30051,0,0.76283526,1162
CHEMBL26478,0,0.7625731,1163
CHEMBL12616,0,0.7625731,1164
CHEMBL38459,0,0.7625731,1165
CHEMBL28162,0,0.7623106,1166
CHEMBL25202,0,0.76227933,1167
CHEMBL9148,0,0.76212984,1168
CHEMBL40211,0,0.76209944,1169
CHEMBL32478,0,0.7620634,1170
CHEMBL33061,0,0.7618731,1171
CHEMBL34259,0,0.76173776,1172
CHEMBL29364,0,0.76168907,1173
CHEMBL38264,0,0.76168907,1174
CHEMBL24053,0,0.7607551,1175
CHEMBL10431,0,0.76044935,1176
CHEMBL8810,0,0.76044494,1177
CHEMBL32648,0,0.7598519,1178
CHEMBL12693,0,0.75958484,1179
CHEMBL25403,0,0.75955695,1180
CHEMBL16221,0,0.75955695,1181
CHEMBL3309986,0,0.75955695,1182
CHEMBL40421,0,0.75955695,1183
CHEMBL4435518,0,0.75955695,1184
CHEMBL37063,0,0.75955695,1185
CHEMBL3311431,0,0.75955695,1186
CHEMBL31806,0,0.75955695,1187
CHEMBL36623,0,0.75955695,1188
CHEMBL1165739,0,0.75955695,1189
CHEMBL38896,0,0.75955695,1190
CHEMBL7259,0,0.75955695,1191
CHEMBL7017,0,0.75955695,1192
CHEMBL13357,0,0.75955695,1193
CHEMBL10821,0,0.75955695,1194
CHEMBL33401,0,0.75955695,1195
CHEMBL38173,0,0.75955695,1196
CHEMBL28306,0,0.75955695,1197
CHEMBL37706,0,0.75955695,1198
CHEMBL19071,0,0.75955695,1199
CHEMBL18978,0,0.75955695,1200
CHEMBL41609,0,0.7587142,1201
CHEMBL24293,0,0.7587142,1202
CHEMBL28140,0,0.75868016,1203
CHEMBL7104,0,0.7583802,1204
CHEMBL41070,0,0.7583715,1205
CHEMBL547008,0,0.7583715,1206
CHEMBL10655,0,0.7583715,1207
CHEMBL36500,0,0.7581714,1208
CHEMBL39171,0,0.7581615,1209
CHEMBL498871,0,0.7581461,1210
CHEMBL34451,0,0.7581461,1211
CHEMBL7662,0,0.7581461,1212
CHEMBL31334,0,0.7579591,1213
CHEMBL32314,0,0.7579429,1214
CHEMBL18815,0,0.7576573,1215
CHEMBL7478,0,0.7576573,1216
CHEMBL4435715,0,0.7576573,1217
CHEMBL3309981,0,0.75751114,1218
CHEMBL3309810,0,0.75751114,1219
CHEMBL20922,0,0.75751114,1220
CHEMBL573674,0,0.75751114,1221
CHEMBL23412,0,0.75751114,1222
CHEMBL32551,0,0.75751114,1223
CHEMBL35355,0,0.75751114,1224
CHEMBL39092,0,0.75751114,1225
CHEMBL4435897,0,0.75751114,1226
CHEMBL17465,0,0.75751114,1227
CHEMBL3309811,0,0.75751114,1228
CHEMBL3309812,0,0.75751114,1229
CHEMBL1090397,0,0.75751114,1230
CHEMBL27774,0,0.7574909,1231
CHEMBL36307,0,0.7574909,1232
CHEMBL34958,0,0.75740564,1233
CHEMBL3309699,0,0.75711304,1234
CHEMBL32850,0,0.7570843,1235
CHEMBL38685,0,0.7568998,1236
CHEMBL39483,0,0.7568998,1237
CHEMBL32679,0,0.7568244,1238
CHEMBL11638,0,0.7568244,1239
CHEMBL3311221,0,0.7568244,1240
CHEMBL43774,0,0.75638616,1241
CHEMBL36181,0,0.7563305,1242
CHEMBL40106,0,0.7563305,1243
CHEMBL502461,0,0.75626385,1244
CHEMBL37836,0,0.75618595,1245
CHEMBL20507,0,0.75580263,1246
CHEMBL42934,0,0.75580263,1247
CHEMBL42793,0,0.75580263,1248
CHEMBL21611,0,0.75580263,1249
CHEMBL25815,0,0.75580263,1250
CHEMBL29146,0,0.75580263,1251
CHEMBL9592,0,0.75580263,1252
CHEMBL32451,0,0.75580263,1253
CHEMBL41161,0,0.7554801,1254
CHEMBL26621,0,0.75541276,1255
CHEMBL17436,0,0.75541276,1256
CHEMBL4435639,0,0.7552367,1257
CHEMBL12876,1,0.75497323,1258
CHEMBL21236,0,0.75493395,1259
CHEMBL18919,0,0.754408,1260
CHEMBL8305,0,0.75436455,1261
CHEMBL1205123,0,0.7542055,1262
CHEMBL12950,0,0.7537181,1263
CHEMBL4553177,0,0.7535674,1264
CHEMBL41677,0,0.752974,1265
CHEMBL11892,0,0.7529415,1266
CHEMBL19990,0,0.7529415,1267
CHEMBL9018,0,0.7527923,1268
CHEMBL39499,0,0.7527914,1269
CHEMBL20712,0,0.7525885,1270
CHEMBL41359,0,0.7520631,1271
CHEMBL31718,0,0.7520631,1272
CHEMBL4436010,0,0.7520631,1273
CHEMBL4435370,0,0.7520631,1274
CHEMBL3309985,0,0.7520631,1275
CHEMBL16551,0,0.7520631,1276
CHEMBL40145,0,0.7520631,1277
CHEMBL17747,0,0.7520631,1278
CHEMBL19122,0,0.75157326,1279
CHEMBL25358,0,0.75157326,1280
CHEMBL18260,0,0.75157326,1281
CHEMBL19083,0,0.75157326,1282
CHEMBL4435487,0,0.75157326,1283
CHEMBL4435053,0,0.75157326,1284
CHEMBL19883,0,0.75157326,1285
CHEMBL20535,0,0.75157326,1286
CHEMBL25828,0,0.75157326,1287
CHEMBL20635,0,0.75157326,1288
CHEMBL37784,0,0.75157326,1289
CHEMBL8442,0,0.75157326,1290
CHEMBL27344,0,0.75157326,1291
CHEMBL19987,0,0.75157326,1292
CHEMBL31236,0,0.75157326,1293
CHEMBL36295,0,0.75157326,1294
CHEMBL33678,0,0.75157326,1295
CHEMBL35381,0,0.7515188,1296
CHEMBL20331,0,0.75151604,1297
CHEMBL8032,0,0.75151604,1298
CHEMBL7801,0,0.75151604,1299
CHEMBL17862,0,0.75151604,1300
CHEMBL27465,0,0.75151604,1301
CHEMBL4435751,0,0.75151604,1302
CHEMBL39190,0,0.75151604,1303
CHEMBL10275,0,0.75151604,1304
CHEMBL42881,0,0.75151604,1305
CHEMBL42373,0,0.75151604,1306
CHEMBL15459,0,0.7513263,1307
CHEMBL32740,0,0.7509599,1308
CHEMBL3310872,0,0.750951,1309
CHEMBL20307,0,0.7509031,1310
CHEMBL41031,0,0.7508786,1311
CHEMBL21946,0,0.7506294,1312
CHEMBL34403,0,0.7505567,1313
CHEMBL577467,0,0.7505567,1314
CHEMBL7062,0,0.7505567,1315
CHEMBL4116164,0,0.75039023,1316
CHEMBL29601,0,0.75038433,1317
CHEMBL29592,0,0.7501188,1318
CHEMBL9938,0,0.7501188,1319
CHEMBL43727,0,0.7494834,1320
CHEMBL15271,0,0.7494455,1321
CHEMBL29111,0,0.7492915,1322
CHEMBL19131,0,0.7492915,1323
CHEMBL41994,0,0.7492376,1324
CHEMBL36684,0,0.7489895,1325
CHEMBL21835,0,0.74895114,1326
CHEMBL24860,0,0.74895114,1327
CHEMBL25970,0,0.7488282,1328
CHEMBL4543513,0,0.74863815,1329
CHEMBL3311028,0,0.74863815,1330
CHEMBL37194,0,0.7482235,1331
CHEMBL40336,0,0.7482235,1332
CHEMBL552542,0,0.7482235,1333
CHEMBL24673,0,0.7482235,1334
CHEMBL36653,0,0.7482235,1335
CHEMBL22621,0,0.7482235,1336
CHEMBL4435528,0,0.7478315,1337
CHEMBL15809,0,0.7478315,1338
CHEMBL12966,0,0.74749875,1339
CHEMBL3309822,0,0.7473282,1340
CHEMBL26179,0,0.7471383,1341
CHEMBL16472,0,0.74701834,1342
CHEMBL4553657,0,0.74701834,1343
CHEMBL3309789,0,0.74701834,1344
CHEMBL4543459,0,0.74701834,1345
CHEMBL4436081,0,0.74701834,1346
CHEMBL10068,0,0.74701834,1347
CHEMBL13828,0,0.74701834,1348
CHEMBL23584,0,0.74701834,1349
CHEMBL1165801,0,0.74688673,1350
CHEMBL10881,0,0.74658144,1351
CHEMBL13398,1,0.74609315,1352
CHEMBL14026,0,0.7459595,1353
CHEMBL12254,0,0.7454483,1354
CHEMBL10909,0,0.7454483,1355
CHEMBL1203140,0,0.7454483,1356
CHEMBL42356,0,0.7454483,1357
CHEMBL17743,0,0.7454483,1358
CHEMBL4436135,0,0.7454483,1359
CHEMBL35603,0,0.7454483,1360
CHEMBL39583,0,0.7454483,1361
CHEMBL38185,0,0.7454483,1362
CHEMBL37804,0,0.74539053,1363
CHEMBL37407,0,0.7453462,1364
CHEMBL6987,0,0.74508566,1365
CHEMBL3310765,0,0.74467504,1366
CHEMBL36976,0,0.74467504,1367
CHEMBL38886,0,0.74467504,1368
CHEMBL34225,0,0.74467504,1369
CHEMBL35051,0,0.74467504,1370
CHEMBL34445,0,0.74467504,1371
CHEMBL35212,0,0.74467504,1372
CHEMBL33538,0,0.74467504,1373
CHEMBL16543,0,0.74467504,1374
CHEMBL21990,0,0.74467504,1375
CHEMBL35440,0,0.74467504,1376
CHEMBL13974,0,0.74467504,1377
CHEMBL4436452,0,0.74467504,1378
CHEMBL40061,0,0.74467504,1379
CHEMBL39603,0,0.74467504,1380
CHEMBL14610,0,0.74467504,1381
CHEMBL21537,0,0.74467504,1382
CHEMBL24599,0,0.74467504,1383
CHEMBL13780,0,0.74467504,1384
CHEMBL4436072,0,0.74467504,1385
CHEMBL6949,0,0.74467504,1386
CHEMBL6687,0,0.74467504,1387
CHEMBL41586,0,0.74467504,1388
CHEMBL27979,0,0.74467504,1389
CHEMBL4435823,0,0.74467504,1390
CHEMBL19028,0,0.74467504,1391
CHEMBL28209,0,0.74467504,1392
CHEMBL4435169,0,0.74467504,1393
CHEMBL11431,0,0.74467504,1394
CHEMBL41826,0,0.7446419,1395
CHEMBL41205,0,0.7446419,1396
CHEMBL18132,0,0.7444136,1397
CHEMBL40548,0,0.7440924,1398
CHEMBL28982,0,0.7440898,1399
CHEMBL4553622,0,0.7440898,1400
CHEMBL42500,0,0.7440168,1401
CHEMBL20931,0,0.74400234,1402
CHEMBL20539,0,0.74400234,1403
CHEMBL15202,0,0.7437699,1404
CHEMBL39949,0,0.7437699,1405
CHEMBL12548,0,0.7435022,1406
CHEMBL4553687,0,0.74318844,1407
CHEMBL17210,0,0.74318844,1408
CHEMBL1165499,0,0.74318844,1409
CHEMBL20953,0,0.74318844,1410
CHEMBL4436017,0,0.74318844,1411
CHEMBL4434645,0,0.74318844,1412
CHEMBL39161,0,0.74318844,1413
CHEMBL37093,0,0.74318844,1414
CHEMBL27048,0,0.74318844,1415
CHEMBL19952,0,0.7428522,1416
CHEMBL26875,0,0.74279463,1417
CHEMBL25665,0,0.74275446,1418
CHEMBL4553628,0,0.74275446,1419
CHEMBL1172401,0,0.74275446,1420
CHEMBL17726,0,0.74275446,1421
CHEMBL30962,0,0.74275446,1422
CHEMBL21104,0,0.74275446,1423
CHEMBL28692,0,0.74275446,1424
CHEMBL3310852,0,0.74275446,1425
CHEMBL20169,0,0.74275446,1426
CHEMBL505038,0,0.74223745,1427
CHEMBL19992,0,0.74223745,1428
CHEMBL28177,0,0.7421377,1429
CHEMBL38821,0,0.74181557,1430
CHEMBL17205,0,0.74181557,1431
CHEMBL33013,0,0.74181557,1432
CHEMBL600867,0,0.74181557,1433
CHEMBL9112,0,0.74181557,1434
CHEMBL4434933,0,0.7417241,1435
CHEMBL10078,0,0.7417241,1436
CHEMBL40308,0,0.74154955,1437
CHEMBL28524,0,0.74154955,1438
CHEMBL12218,0,0.74154955,1439
CHEMBL22449,0,0.7415305,1440
CHEMBL3309541,0,0.7413327,1441
CHEMBL9110,0,0.7413327,1442
CHEMBL27856,0,0.7413327,1443
CHEMBL39507,0,0.7413327,1444
CHEMBL4435608,0,0.7413327,1445
CHEMBL27493,0,0.7409435,1446
CHEMBL41096,0,0.7409435,1447
CHEMBL31361,0,0.7409435,1448
CHEMBL27382,0,0.7409435,1449
CHEMBL4435363,0,0.7408859,1450
CHEMBL19623,0,0.7408859,1451
CHEMBL14678,0,0.7408859,1452
CHEMBL24631,0,0.7408859,1453
CHEMBL33007,0,0.7408859,1454
CHEMBL20380,0,0.7408859,1455
CHEMBL3310375,0,0.7408859,1456
CHEMBL4435012,0,0.7408209,1457
CHEMBL38848,0,0.7406253,1458
CHEMBL42521,0,0.7406253,1459
CHEMBL20657,0,0.7406253,1460
CHEMBL14454,0,0.7406196,1461
CHEMBL35181,0,0.7406196,1462
CHEMBL29324,0,0.7403013,1463
CHEMBL33740,0,0.7403013,1464
CHEMBL33456,0,0.7398388,1465
CHEMBL8605,0,0.7393174,1466
CHEMBL13647,0,0.73931026,1467
CHEMBL32085,0,0.73920786,1468
CHEMBL7370,0,0.7389585,1469
CHEMBL30228,0,0.7389585,1470
CHEMBL29656,0,0.7389585,1471
CHEMBL4434911,0,0.7389585,1472
CHEMBL3309790,0,0.7389585,1473
CHEMBL2158338,0,0.7389585,1474
CHEMBL18196,0,0.7389585,1475
CHEMBL37487,0,0.7389585,1476
CHEMBL33187,0,0.7389585,1477
CHEMBL15188,0,0.7389585,1478
CHEMBL35978,0,0.7389585,1479
CHEMBL10027,0,0.7389585,1480
CHEMBL4543569,0,0.7387595,1481
CHEMBL26844,0,0.7387595,1482
CHEMBL1214569,0,0.73870414,1483
CHEMBL19672,0,0.73870414,1484
CHEMBL19052,0,0.7386544,1485
CHEMBL8429,0,0.7386544,1486
CHEMBL35053,0,0.7386544,1487
CHEMBL4435066,0,0.7386544,1488
CHEMBL23536,0,0.7386544,1489
CHEMBL25993,0,0.73850876,1490
CHEMBL12052,0,0.73815876,1491
CHEMBL37511,0,0.7380305,1492
CHEMBL1163161,0,0.7380305,1493
CHEMBL4436094,0,0.7380167,1494
CHEMBL40437,0,0.73798066,1495
CHEMBL10633,0,0.73798066,1496
CHEMBL39187,0,0.73798066,1497
CHEMBL4436436,0,0.73798066,1498
CHEMBL36429,0,0.73797655,1499
CHEMBL26025,0,0.73773766,1500
CHEMBL30370,0,0.73773766,1501
CHEMBL11437,0,0.73773766,1502
CHEMBL17703,0,0.73773766,1503
CHEMBL21913,0,0.7376515,1504
CHEMBL34413,0,0.7375701,1505
CHEMBL22046,0,0.7375701,1506
CHEMBL13128,0,0.7375701,1507
CHEMBL19120,0,0.7373505,1508
CHEMBL37515,0,0.73728377,1509
CHEMBL34464,0,0.73728377,1510
CHEMBL3309791,0,0.7372552,1511
CHEMBL42108,0,0.7372552,1512
CHEMBL29005,0,0.7372552,1513
CHEMBL29040,0,0.7372552,1514
CHEMBL3309469,0,0.7372552,1515
CHEMBL4434763,0,0.737235,1516
CHEMBL41875,0,0.737235,1517
CHEMBL1172740,0,0.737235,1518
CHEMBL6938,0,0.73720795,1519
CHEMBL37548,0,0.73720795,1520
CHEMBL21176,0,0.7371589,1521
CHEMBL11742,0,0.73708564,1522
CHEMBL43735,0,0.736624,1523
CHEMBL4436177,0,0.735794,1524
CHEMBL17831,0,0.7352158,1525
CHEMBL3309385,0,0.7350363,1526
CHEMBL19179,0,0.73475164,1527
CHEMBL4435993,0,0.73469615,1528
CHEMBL1783560,0,0.73448765,1529
CHEMBL39427,0,0.73448765,1530
CHEMBL10160,0,0.734166,1531
CHEMBL14601,0,0.7340102,1532
CHEMBL12016,0,0.7340102,1533
CHEMBL7245,0,0.7340102,1534
CHEMBL18864,0,0.7337244,1535
CHEMBL4435018,0,0.7337244,1536
CHEMBL41501,0,0.7337244,1537
CHEMBL38401,0,0.7331184,1538
CHEMBL33168,0,0.7331184,1539
CHEMBL18860,0,0.7331184,1540
CHEMBL36904,0,0.73309505,1541
CHEMBL26151,0,0.73304564,1542
CHEMBL38629,0,0.7326455,1543
CHEMBL43818,0,0.7326228,1544
CHEMBL39312,0,0.7324989,1545
CHEMBL38740,0,0.73231286,1546
CHEMBL1163262,0,0.73231286,1547
CHEMBL4436492,0,0.73231286,1548
CHEMBL20107,0,0.73231286,1549
CHEMBL4435443,0,0.73231286,1550
CHEMBL3310060,0,0.73231286,1551
CHEMBL28363,0,0.73231286,1552
CHEMBL22443,0,0.73231286,1553
CHEMBL26952,0,0.73231286,1554
CHEMBL35898,0,0.73231286,1555
CHEMBL4436217,0,0.73231286,1556
CHEMBL11007,0,0.73231286,1557
CHEMBL14499,0,0.73231286,1558
CHEMBL28203,0,0.7322633,1559
CHEMBL6226,0,0.7319631,1560
CHEMBL27889,0,0.73187214,1561
CHEMBL21101,0,0.73187214,1562
CHEMBL8612,0,0.73183495,1563
CHEMBL13684,0,0.73161227,1564
CHEMBL27070,0,0.7314885,1565
CHEMBL609016,0,0.7314885,1566
CHEMBL4435702,0,0.7314885,1567
CHEMBL41570,0,0.7314885,1568
CHEMBL27773,0,0.7314885,1569
CHEMBL11150,0,0.7314885,1570
CHEMBL18165,0,0.7313827,1571
CHEMBL4543467,0,0.73128855,1572
CHEMBL4434912,0,0.7309796,1573
CHEMBL11495,0,0.73087114,1574
CHEMBL3311248,0,0.73087114,1575
CHEMBL3309849,0,0.73087114,1576
CHEMBL22684,0,0.730865,1577
CHEMBL30906,0,0.730865,1578
CHEMBL41176,0,0.7308599,1579
CHEMBL26713,0,0.7308599,1580
CHEMBL38438,0,0.7305855,1581
CHEMBL4436063,0,0.7305855,1582
CHEMBL38083,0,0.730534,1583
CHEMBL27748,0,0.7304841,1584
CHEMBL16688,0,0.73028976,1585
CHEMBL4116096,0,0.73028976,1586
CHEMBL12231,0,0.73028976,1587
CHEMBL3309929,0,0.73028976,1588
CHEMBL3310250,0,0.73028976,1589
CHEMBL9149,0,0.73028976,1590
CHEMBL8998,0,0.7301826,1591
CHEMBL18322,0,0.72994065,1592
CHEMBL1205733,0,0.7297578,1593
CHEMBL26126,0,0.7296259,1594
CHEMBL22280,0,0.7296259,1595
CHEMBL18951,0,0.7296259,1596
CHEMBL17640,0,0.7296259,1597
CHEMBL12675,0,0.7296259,1598
CHEMBL38959,0,0.7296259,1599
CHEMBL32966,0,0.7296259,1600
CHEMBL25462,0,0.7296259,1601
CHEMBL11146,0,0.7296259,1602
CHEMBL35488,0,0.7296259,1603
CHEMBL32171,0,0.7296259,1604
CHEMBL1199159,0,0.7296259,1605
CHEMBL11440,0,0.7296259,1606
CHEMBL28171,0,0.7296259,1607
CHEMBL13098,0,0.7296259,1608
CHEMBL36860,0,0.7296259,1609
CHEMBL21888,0,0.7296259,1610
CHEMBL25708,0,0.7296259,1611
CHEMBL33221,0,0.7296259,1612
CHEMBL7218,0,0.7296259,1613
CHEMBL36570,0,0.7296259,1614
CHEMBL10412,0,0.7296259,1615
CHEMBL25099,0,0.7296259,1616
CHEMBL9468,0,0.7296259,1617
CHEMBL4436578,0,0.7296259,1618
CHEMBL28819,0,0.7296024,1619
CHEMBL36485,0,0.7296024,1620
CHEMBL3310297,0,0.7296024,1621
CHEMBL31226,0,0.7296024,1622
CHEMBL30242,0,0.7296024,1623
CHEMBL3309337,0,0.729339,1624
CHEMBL35093,0,0.7289924,1625
CHEMBL15023,0,0.7289924,1626
CHEMBL40302,0,0.7289924,1627
CHEMBL40185,0,0.72895527,1628
CHEMBL22138,0,0.7284554,1629
CHEMBL38182,0,0.72833,1630
CHEMBL34353,0,0.7281836,1631
CHEMBL4560002,0,0.7281836,1632
CHEMBL1163388,0,0.7281836,1633
CHEMBL4435077,0,0.7268378,1634
CHEMBL18011,0,0.726761,1635
CHEMBL28978,0,0.72656125,1636
CHEMBL4435429,0,0.7264458,1637
CHEMBL4436450,0,0.726327,1638
CHEMBL25596,0,0.7260657,1639
CHEMBL37459,0,0.7260657,1640
CHEMBL41014,0,0.7260657,1641
CHEMBL18525,0,0.7260657,1642
CHEMBL8919,0,0.7260657,1643
CHEMBL1163357,0,0.7260657,1644
CHEMBL32384,0,0.7260657,1645
CHEMBL37861,0,0.7260657,1646
CHEMBL39496,0,0.7260657,1647
CHEMBL37542,0,0.7260657,1648
CHEMBL4434976,0,0.7260657,1649
CHEMBL39170,0,0.7260657,1650
CHEMBL36218,0,0.7260657,1651
CHEMBL8101,0,0.7260657,1652
CHEMBL19611,0,0.7260657,1653
CHEMBL3347302,0,0.7260657,1654
CHEMBL20123,0,0.7260657,1655
CHEMBL8324,0,0.7260657,1656
CHEMBL23813,0,0.7260657,1657
CHEMBL20315,0,0.7260657,1658
CHEMBL22140,0,0.7260657,1659
CHEMBL40420,0,0.7260657,1660
CHEMBL7480,0,0.7260657,1661
CHEMBL15628,0,0.7260657,1662
CHEMBL20631,0,0.72594094,1663
CHEMBL29796,0,0.72571105,1664
CHEMBL22434,0,0.72571105,1665
CHEMBL24173,0,0.72571105,1666
CHEMBL33451,0,0.72571105,1667
CHEMBL17340,0,0.72571105,1668
CHEMBL4434796,0,0.72571105,1669
CHEMBL18223,0,0.72571105,1670
CHEMBL10451,0,0.72571105,1671
CHEMBL16103,0,0.72566456,1672
CHEMBL20587,0,0.72566456,1673
CHEMBL20711,0,0.72566456,1674
CHEMBL11719,0,0.72566456,1675
CHEMBL6597,0,0.72526336,1676
CHEMBL1165530,0,0.72526336,1677
CHEMBL16920,0,0.72515726,1678
CHEMBL16255,0,0.72474825,1679
CHEMBL15505,0,0.724568,1680
CHEMBL6747,0,0.724568,1681
CHEMBL43649,0,0.7244106,1682
CHEMBL30769,0,0.7240882,1683
CHEMBL24974,0,0.723707,1684
CHEMBL24629,0,0.723707,1685
CHEMBL12801,0,0.723707,1686
CHEMBL11822,0,0.723707,1687
CHEMBL12533,0,0.723707,1688
CHEMBL4435126,0,0.723707,1689
CHEMBL23430,0,0.723707,1690
CHEMBL10370,0,0.723707,1691
CHEMBL27645,0,0.723707,1692
CHEMBL39466,0,0.72365236,1693
CHEMBL595765,0,0.72365236,1694
CHEMBL18948,0,0.72365236,1695
CHEMBL27135,0,0.72365236,1696
CHEMBL11836,0,0.72365236,1697
CHEMBL19244,0,0.72365236,1698
CHEMBL3309548,0,0.7234546,1699
CHEMBL17624,0,0.7234546,1700
CHEMBL39128,0,0.7234546,1701
CHEMBL40186,0,0.723269,1702
CHEMBL40460,0,0.723269,1703
CHEMBL32002,0,0.72323596,1704
CHEMBL25021,0,0.7229962,1705
CHEMBL14206,0,0.72283757,1706
CHEMBL17032,0,0.72283757,1707
CHEMBL19645,0,0.72283757,1708
CHEMBL33597,0,0.72283757,1709
CHEMBL33364,0,0.72283757,1710
CHEMBL4435901,0,0.72283757,1711
CHEMBL16641,0,0.7227868,1712
CHEMBL19896,0,0.7227868,1713
CHEMBL33021,0,0.7227868,1714
CHEMBL18072,0,0.72241974,1715
CHEMBL25657,0,0.72241974,1716
CHEMBL39040,0,0.72241974,1717
CHEMBL13751,0,0.722401,1718
CHEMBL25623,0,0.722401,1719
CHEMBL38486,1,0.7222994,1720
CHEMBL27391,0,0.7222994,1721
CHEMBL28316,0,0.72220135,1722
CHEMBL4434661,0,0.72220135,1723
CHEMBL14356,0,0.72220135,1724
CHEMBL39024,0,0.72220135,1725
CHEMBL37029,0,0.72220135,1726
CHEMBL33844,0,0.72220135,1727
CHEMBL1201295,0,0.72220135,1728
CHEMBL4560025,0,0.72220135,1729
CHEMBL40114,0,0.72220135,1730
CHEMBL40933,0,0.72220135,1731
CHEMBL27452,0,0.722009,1732
CHEMBL21713,0,0.72164315,1733
CHEMBL33553,0,0.72164315,1734
CHEMBL38313,0,0.72164315,1735
CHEMBL42379,0,0.7205226,1736
CHEMBL1163504,0,0.72048473,1737
CHEMBL4435110,0,0.72048473,1738
CHEMBL9616,0,0.72048473,1739
CHEMBL16316,0,0.72048473,1740
CHEMBL20617,0,0.72048473,1741
CHEMBL3310002,0,0.72048473,1742
CHEMBL23442,0,0.72048473,1743
CHEMBL36443,0,0.72048473,1744
CHEMBL22666,0,0.72048473,1745
CHEMBL8921,0,0.72048473,1746
CHEMBL13001,0,0.72048473,1747
CHEMBL4434824,0,0.72048473,1748
CHEMBL12491,0,0.72048473,1749
CHEMBL4436270,0,0.72048473,1750
CHEMBL4436392,0,0.72048473,1751
CHEMBL40579,0,0.72048473,1752
CHEMBL14224,0,0.72048473,1753
CHEMBL18037,0,0.72045493,1754
CHEMBL19349,0,0.7203613,1755
CHEMBL8212,0,0.7193358,1756
CHEMBL4435506,0,0.7193358,1757
CHEMBL20112,0,0.7193358,1758
CHEMBL36287,0,0.7193358,1759
CHEMBL29933,0,0.71922565,1760
CHEMBL38534,0,0.71922565,1761
CHEMBL21614,0,0.71885645,1762
CHEMBL30218,0,0.71885645,1763
CHEMBL36367,0,0.71885645,1764
CHEMBL4435193,0,0.71885645,1765
CHEMBL31944,0,0.71885645,1766
CHEMBL36955,0,0.71885645,1767
CHEMBL20048,0,0.71885395,1768
CHEMBL36441,0,0.7175675,1769
CHEMBL35378,0,0.71737087,1770
CHEMBL37637,0,0.717309,1771
CHEMBL25597,0,0.7172169,1772
CHEMBL19540,0,0.716933,1773
CHEMBL12085,0,0.71682185,1774
CHEMBL29064,0,0.7166795,1775
CHEMBL4435695,0,0.7166795,1776
CHEMBL36696,0,0.7166795,1777
CHEMBL35260,0,0.7166795,1778
CHEMBL9934,0,0.7166795,1779
CHEMBL28497,0,0.7166795,1780
CHEMBL43772,0,0.7166795,1781
CHEMBL36747,0,0.7166795,1782
CHEMBL39854,0,0.7166795,1783
CHEMBL3310343,0,0.7166795,1784
CHEMBL28673,0,0.7166795,1785
CHEMBL33679,0,0.7166795,1786
CHEMBL38696,0,0.7166795,1787
CHEMBL4436341,0,0.7166795,1788
CHEMBL40578,0,0.7166795,1789
CHEMBL4435399,0,0.716665,1790
CHEMBL17024,0,0.716665,1791
CHEMBL3309772,0,0.716665,1792
CHEMBL38023,0,0.716665,1793
CHEMBL39430,0,0.7161003,1794
CHEMBL10810,0,0.7161003,1795
CHEMBL3310245,0,0.716074,1796
CHEMBL4560011,0,0.716024,1797
CHEMBL7460,0,0.7152357,1798
CHEMBL38962,0,0.7149122,1799
CHEMBL39475,0,0.7146976,1800
CHEMBL18553,0,0.7146976,1801
CHEMBL6891,0,0.7146976,1802
CHEMBL18923,0,0.7146976,1803
CHEMBL29705,0,0.7146976,1804
CHEMBL17518,0,0.7146976,1805
CHEMBL34109,0,0.7146976,1806
CHEMBL15820,0,0.7146976,1807
CHEMBL36049,0,0.71456975,1808
CHEMBL4543326,0,0.7141271,1809
CHEMBL15122,0,0.714021,1810
CHEMBL41120,0,0.714021,1811
CHEMBL848,0,0.7139338,1812
CHEMBL25082,0,0.7139338,1813
CHEMBL29778,0,0.71388245,1814
CHEMBL21501,0,0.7137903,1815
CHEMBL492,0,0.71307814,1816
CHEMBL6445,0,0.7127978,1817
CHEMBL3310331,0,0.71240747,1818
CHEMBL12213,0,0.7123217,1819
CHEMBL11849,0,0.71227324,1820
CHEMBL8169,0,0.71227324,1821
CHEMBL22702,0,0.71225065,1822
CHEMBL10834,0,0.71225065,1823
CHEMBL26741,0,0.71174985,1824
CHEMBL37997,0,0.7116574,1825
CHEMBL23297,0,0.7116574,1826
CHEMBL31031,0,0.7116574,1827
CHEMBL11581,0,0.7114135,1828
CHEMBL29610,0,0.7102945,1829
CHEMBL4559965,0,0.7102945,1830
CHEMBL7465,0,0.7102945,1831
CHEMBL27529,0,0.7102133,1832
CHEMBL15802,0,0.7101624,1833
CHEMBL8645,0,0.7100697,1834
CHEMBL23909,0,0.70996183,1835
CHEMBL11053,0,0.70981324,1836
CHEMBL17085,0,0.70981324,1837
CHEMBL21543,0,0.70981324,1838
CHEMBL590751,0,0.70981324,1839
CHEMBL14437,0,0.70981324,1840
CHEMBL24030,0,0.70981324,1841
CHEMBL14502,0,0.70981324,1842
CHEMBL40195,0,0.70981324,1843
CHEMBL38130,0,0.70981324,1844
CHEMBL12257,0,0.70981324,1845
CHEMBL6268,0,0.70981324,1846
CHEMBL12714,0,0.70981324,1847
CHEMBL3310101,0,0.70981324,1848
CHEMBL36162,0,0.7096895,1849
CHEMBL36866,0,0.7096895,1850
CHEMBL4435497,0,0.7096895,1851
CHEMBL19731,0,0.7096895,1852
CHEMBL17625,0,0.7096895,1853
CHEMBL4434833,0,0.7096895,1854
CHEMBL14177,0,0.7096895,1855
CHEMBL37224,0,0.7096895,1856
CHEMBL16378,0,0.7096895,1857
CHEMBL40797,0,0.7096895,1858
CHEMBL25456,0,0.7096895,1859
CHEMBL21555,0,0.7096895,1860
CHEMBL37662,0,0.7096895,1861
CHEMBL3311427,0,0.7096895,1862
CHEMBL3310172,0,0.7096895,1863
CHEMBL17439,0,0.7096895,1864
CHEMBL4435454,0,0.70953244,1865
CHEMBL26591,0,0.70953244,1866
CHEMBL20126,0,0.70953244,1867
CHEMBL33418,0,0.7093671,1868
CHEMBL1213309,0,0.7091544,1869
CHEMBL30836,0,0.7085515,1870
CHEMBL9304,0,0.70852125,1871
CHEMBL4436353,0,0.708439,1872
CHEMBL41302,0,0.708439,1873
CHEMBL3309977,0,0.708439,1874
CHEMBL36585,0,0.7082246,1875
CHEMBL18124,0,0.7082246,1876
CHEMBL14698,0,0.7076879,1877
CHEMBL29653,0,0.7076879,1878
CHEMBL30130,0,0.7076879,1879
CHEMBL21781,0,0.7074379,1880
CHEMBL4543241,0,0.70717436,1881
CHEMBL38747,0,0.7070999,1882
CHEMBL16875,0,0.7070999,1883
CHEMBL552652,0,0.7070999,1884
CHEMBL41636,0,0.7070999,1885
CHEMBL29529,0,0.7070999,1886
CHEMBL39375,0,0.7070999,1887
CHEMBL3311448,0,0.7070999,1888
CHEMBL42096,0,0.7070999,1889
CHEMBL16468,0,0.7070999,1890
CHEMBL18289,0,0.7070999,1891
CHEMBL4436277,0,0.7068773,1892
CHEMBL27298,0,0.706862,1893
CHEMBL35201,0,0.7067515,1894
CHEMBL26324,0,0.7067515,1895
CHEMBL18747,0,0.7067515,1896
CHEMBL25102,0,0.7067515,1897
CHEMBL36199,0,0.7067515,1898
CHEMBL23381,0,0.7067515,1899
CHEMBL8110,0,0.7067515,1900
CHEMBL6639,0,0.70673263,1901
CHEMBL4435637,0,0.70672274,1902
CHEMBL41186,0,0.7065449,1903
CHEMBL75,0,0.7065449,1904
CHEMBL405225,0,0.7065449,1905
CHEMBL21115,0,0.7065449,1906
CHEMBL19470,0,0.7064713,1907
CHEMBL27131,0,0.7063779,1908
CHEMBL34463,0,0.7062365,1909
CHEMBL3309778,0,0.7058482,1910
CHEMBL18045,0,0.7058482,1911
CHEMBL18727,0,0.7058482,1912
CHEMBL4436308,0,0.7058482,1913
CHEMBL20645,0,0.7058482,1914
CHEMBL29510,0,0.7058482,1915
CHEMBL25084,0,0.7056792,1916
CHEMBL17480,0,0.7056792,1917
CHEMBL16400,0,0.7051755,1918
CHEMBL21620,0,0.7050153,1919
CHEMBL15192,0,0.7047406,1920
CHEMBL3310084,0,0.7047406,1921
CHEMBL4434664,0,0.7043821,1922
CHEMBL29158,0,0.7043761,1923
CHEMBL35080,0,0.7039314,1924
CHEMBL42679,0,0.7039314,1925
CHEMBL28797,0,0.7039314,1926
CHEMBL6913,1,0.7035841,1927
CHEMBL32947,0,0.70356274,1928
CHEMBL4435626,0,0.70356274,1929
CHEMBL4435511,0,0.70356274,1930
CHEMBL34706,0,0.70356274,1931
CHEMBL35040,0,0.70356274,1932
CHEMBL16,0,0.70349264,1933
CHEMBL4436524,0,0.70349264,1934
CHEMBL26804,0,0.70308614,1935
CHEMBL42775,0,0.70302844,1936
CHEMBL603154,0,0.7029507,1937
CHEMBL14675,0,0.7027241,1938
CHEMBL27771,0,0.7027241,1939
CHEMBL39107,0,0.7027241,1940
CHEMBL28159,0,0.7027241,1941
CHEMBL10272,0,0.7027241,1942
CHEMBL27475,0,0.70249206,1943
CHEMBL32635,0,0.7024319,1944
CHEMBL11398,0,0.7024132,1945
CHEMBL10118,0,0.70220494,1946
CHEMBL23454,0,0.7022049,1947
CHEMBL3309549,0,0.7021921,1948
CHEMBL9649,0,0.70205426,1949
CHEMBL26199,0,0.70205426,1950
CHEMBL27929,0,0.70182526,1951
CHEMBL20847,0,0.7015574,1952
CHEMBL3309620,0,0.7015034,1953
CHEMBL40054,0,0.7015034,1954
CHEMBL41278,0,0.7013504,1955
CHEMBL23377,0,0.7013504,1956
CHEMBL3309802,0,0.7013504,1957
CHEMBL29676,0,0.7012427,1958
CHEMBL38904,0,0.7012427,1959
CHEMBL21921,0,0.7012427,1960
CHEMBL14595,0,0.7012391,1961
CHEMBL35663,0,0.7011361,1962
CHEMBL17346,0,0.7011361,1963
CHEMBL3310770,0,0.7009762,1964
CHEMBL26050,0,0.7009762,1965
CHEMBL17996,0,0.7009762,1966
CHEMBL32908,0,0.7009762,1967
CHEMBL33330,0,0.700907,1968
CHEMBL17331,0,0.7008385,1969
CHEMBL35492,0,0.7008385,1970
CHEMBL36420,0,0.70083296,1971
CHEMBL21950,0,0.7008142,1972
CHEMBL38351,0,0.7005688,1973
CHEMBL35231,0,0.7005688,1974
CHEMBL39123,0,0.7005688,1975
CHEMBL21809,0,0.7005688,1976
CHEMBL31644,0,0.7005688,1977
CHEMBL12072,0,0.7005688,1978
CHEMBL33142,0,0.70049703,1979
CHEMBL21121,0,0.70049703,1980
CHEMBL10317,0,0.70044684,1981
CHEMBL24615,0,0.70044684,1982
CHEMBL9647,0,0.70044684,1983
CHEMBL29389,0,0.70044684,1984
CHEMBL21656,0,0.70044684,1985
CHEMBL42856,0,0.70042497,1986
CHEMBL10312,0,0.70042497,1987
CHEMBL4553580,0,0.70018446,1988
CHEMBL11965,0,0.7001613,1989
CHEMBL10654,0,0.70014703,1990
CHEMBL9232,0,0.70014703,1991
CHEMBL34257,0,0.7001222,1992
CHEMBL34919,0,0.7001222,1993
CHEMBL29285,0,0.7001222,1994
CHEMBL4543376,0,0.7001222,1995
CHEMBL39220,0,0.7001222,1996
CHEMBL20921,0,0.7001222,1997
CHEMBL26473,0,0.7001222,1998
CHEMBL37598,0,0.7001222,1999
CHEMBL33918,0,0.7001222,2000
CHEMBL22517,0,0.7001222,2001
CHEMBL4436184,0,0.7001222,2002
CHEMBL36543,0,0.7001222,2003
CHEMBL534280,0,0.7001222,2004
CHEMBL3310021,0,0.7001222,2005
CHEMBL40016,0,0.7001222,2006
CHEMBL12359,0,0.7001222,2007
CHEMBL7587,0,0.7001222,2008
CHEMBL12710,0,0.7001222,2009
CHEMBL35086,0,0.7001222,2010
CHEMBL22022,0,0.7001222,2011
CHEMBL28457,0,0.7001222,2012
CHEMBL26352,0,0.7001222,2013
CHEMBL21573,0,0.7001222,2014
CHEMBL9922,0,0.7001222,2015
CHEMBL37499,0,0.7001222,2016
CHEMBL20237,0,0.7001222,2017
CHEMBL21382,0,0.7001222,2018
CHEMBL4435641,0,0.7001222,2019
CHEMBL35941,0,0.7001222,2020
CHEMBL22438,0,0.7001222,2021
CHEMBL16752,0,0.7001222,2022
CHEMBL7113,0,0.7001222,2023
CHEMBL35312,0,0.7001222,2024
CHEMBL9571,0,0.7001222,2025
CHEMBL38042,0,0.7001222,2026
CHEMBL31648,0,0.7001222,2027
CHEMBL27685,0,0.7001222,2028
CHEMBL17127,0,0.7001222,2029
CHEMBL4559951,0,0.7001222,2030
CHEMBL32881,0,0.7001222,2031
CHEMBL22109,0,0.7001222,2032
CHEMBL40435,0,0.7001222,2033
CHEMBL8282,0,0.7001222,2034
CHEMBL30246,0,0.69944245,2035
CHEMBL33190,0,0.69908655,2036
CHEMBL8841,0,0.69908655,2037
CHEMBL25386,0,0.69908655,2038
CHEMBL16762,0,0.69908655,2039
CHEMBL22629,0,0.69908655,2040
CHEMBL7575,0,0.69908655,2041
CHEMBL41313,0,0.69908655,2042
CHEMBL40010,0,0.69908655,2043
CHEMBL19039,0,0.69908655,2044
CHEMBL11220,0,0.69908655,2045
CHEMBL18868,0,0.69908655,2046
CHEMBL3309614,0,0.69908655,2047
CHEMBL11467,0,0.69908655,2048
CHEMBL39586,0,0.69908655,2049
CHEMBL8576,0,0.69908655,2050
CHEMBL33271,0,0.69908655,2051
CHEMBL28345,0,0.69908655,2052
CHEMBL33313,0,0.69908655,2053
CHEMBL34187,0,0.69908655,2054
CHEMBL26677,0,0.69908655,2055
CHEMBL26444,0,0.69908655,2056
CHEMBL9000,0,0.69908655,2057
CHEMBL3310378,0,0.69908655,2058
CHEMBL1163385,0,0.69908655,2059
CHEMBL28753,0,0.69908655,2060
CHEMBL19351,0,0.69908655,2061
CHEMBL21203,0,0.69908655,2062
CHEMBL40828,0,0.69908655,2063
CHEMBL10943,0,0.69908655,2064
CHEMBL10420,0,0.69908655,2065
CHEMBL3310235,0,0.69908655,2066
CHEMBL37429,0,0.69908655,2067
CHEMBL4436146,0,0.69908655,2068
CHEMBL40331,0,0.69908655,2069
CHEMBL18775,0,0.69908655,2070
CHEMBL1783422,0,0.69908655,2071
CHEMBL37090,0,0.69908655,2072
CHEMBL23200,0,0.69908655,2073
CHEMBL41908,0,0.69908655,2074
CHEMBL500207,0,0.69908655,2075
CHEMBL22267,0,0.69908655,2076
CHEMBL36154,0,0.69908655,2077
CHEMBL20669,0,0.69908655,2078
CHEMBL26122,0,0.69908655,2079
CHEMBL14290,0,0.69908655,2080
CHEMBL22206,0,0.69908655,2081
CHEMBL34636,0,0.69908655,2082
CHEMBL28009,0,0.6990221,2083
CHEMBL36992,0,0.69856143,2084
CHEMBL26856,0,0.6984793,2085
CHEMBL7870,0,0.6984793,2086
CHEMBL38334,0,0.6984793,2087
CHEMBL23744,0,0.6984793,2088
CHEMBL32118,0,0.6984793,2089
CHEMBL13695,0,0.6984793,2090
CHEMBL24270,0,0.6984793,2091
CHEMBL16287,0,0.6983102,2092
CHEMBL17810,0,0.69805676,2093
CHEMBL4543280,0,0.6978918,2094
CHEMBL11383,0,0.69759524,2095
CHEMBL27616,0,0.69759524,2096
CHEMBL38623,0,0.69736725,2097
CHEMBL12943,1,0.69736356,2098
CHEMBL39723,0,0.69721085,2099
CHEMBL28452,0,0.69721085,2100
CHEMBL17952,0,0.69721085,2101
CHEMBL14160,0,0.69703156,2102
CHEMBL27930,0,0.69703156,2103
CHEMBL32256,0,0.69703156,2104
CHEMBL17985,0,0.69703156,2105
CHEMBL35208,0,0.69703156,2106
CHEMBL7481,0,0.69703156,2107
CHEMBL27814,0,0.69703156,2108
CHEMBL11626,0,0.69703156,2109
CHEMBL15001,0,0.69703156,2110
CHEMBL33465,0,0.69703156,2111
CHEMBL35938,0,0.69703156,2112
CHEMBL36052,0,0.69703156,2113
CHEMBL34106,0,0.69703156,2114
CHEMBL20160,0,0.69696665,2115
CHEMBL29819,0,0.69687986,2116
CHEMBL42042,0,0.69682825,2117
CHEMBL11606,0,0.69682825,2118
CHEMBL4543552,0,0.69682825,2119
CHEMBL15808,0,0.69682825,2120
CHEMBL4543504,0,0.69682825,2121
CHEMBL9287,0,0.69682825,2122
CHEMBL30831,0,0.69665474,2123
CHEMBL4543179,0,0.69655365,2124
CHEMBL4435178,0,0.6963355,2125
CHEMBL17196,0,0.69625294,2126
CHEMBL21190,0,0.69625294,2127
CHEMBL31192,0,0.69625294,2128
CHEMBL10973,0,0.69625294,2129
CHEMBL27507,0,0.69625294,2130
CHEMBL17543,0,0.69625294,2131
CHEMBL13683,0,0.69625294,2132
CHEMBL1076408,0,0.69617116,2133
CHEMBL23925,0,0.69617116,2134
CHEMBL4435674,0,0.69617116,2135
CHEMBL4435337,0,0.69617116,2136
CHEMBL26060,0,0.69617116,2137
CHEMBL584384,0,0.69617116,2138
CHEMBL14091,0,0.69617116,2139
CHEMBL39030,0,0.69617116,2140
CHEMBL7964,0,0.69617116,2141
CHEMBL24108,0,0.69617116,2142
CHEMBL39042,0,0.69617116,2143
CHEMBL32888,0,0.69617116,2144
CHEMBL14139,0,0.69617116,2145
CHEMBL17774,0,0.69617116,2146
CHEMBL3309540,0,0.69617116,2147
CHEMBL4435360,0,0.69617116,2148
CHEMBL4435298,0,0.69617116,2149
CHEMBL4435299,0,0.69617116,2150
CHEMBL569690,0,0.69617116,2151
CHEMBL3309415,0,0.69617116,2152
CHEMBL3309429,0,0.69617116,2153
CHEMBL38349,0,0.69617116,2154
CHEMBL4435703,0,0.69617116,2155
CHEMBL4435529,0,0.69617116,2156
CHEMBL4435530,0,0.69617116,2157
CHEMBL14364,0,0.69617116,2158
CHEMBL14375,0,0.69617116,2159
CHEMBL23810,0,0.69617116,2160
CHEMBL4435632,0,0.69617116,2161
CHEMBL10692,0,0.69617116,2162
CHEMBL23693,0,0.69617116,2163
CHEMBL28757,0,0.69617116,2164
CHEMBL39404,0,0.69617116,2165
CHEMBL13989,0,0.69617116,2166
CHEMBL10170,0,0.69617116,2167
CHEMBL265900,0,0.69617116,2168
CHEMBL11639,0,0.69617116,2169
CHEMBL11640,0,0.69617116,2170
CHEMBL29606,0,0.69617116,2171
CHEMBL42259,0,0.69617116,2172
CHEMBL12654,0,0.69617116,2173
CHEMBL42156,0,0.69617116,2174
CHEMBL11689,0,0.69617116,2175
CHEMBL15743,0,0.69617116,2176
CHEMBL35478,0,0.69617116,2177
CHEMBL33947,0,0.69617116,2178
CHEMBL3309727,0,0.69617116,2179
CHEMBL8488,0,0.69617116,2180
CHEMBL8524,0,0.69617116,2181
CHEMBL21390,0,0.69617116,2182
CHEMBL39527,0,0.69617116,2183
CHEMBL21431,0,0.69617116,2184
CHEMBL39421,0,0.69617116,2185
CHEMBL4435321,0,0.69617116,2186
CHEMBL20599,0,0.69617116,2187
CHEMBL20612,0,0.69617116,2188
CHEMBL17573,0,0.69617116,2189
CHEMBL8413,0,0.69617116,2190
CHEMBL541483,0,0.69617116,2191
CHEMBL4435253,0,0.69617116,2192
CHEMBL19466,0,0.69617116,2193
CHEMBL591912,0,0.69617116,2194
CHEMBL592623,0,0.69617116,2195
CHEMBL595793,0,0.69617116,2196
CHEMBL21651,0,0.69617116,2197
CHEMBL20253,0,0.69617116,2198
CHEMBL42091,0,0.69617116,2199
CHEMBL18832,0,0.69617116,2200
CHEMBL30300,0,0.69617116,2201
CHEMBL25730,0,0.69617116,2202
CHEMBL22663,0,0.69617116,2203
CHEMBL27212,0,0.69617116,2204
CHEMBL16493,0,0.69617116,2205
CHEMBL15695,0,0.69617116,2206
CHEMBL35506,0,0.69617116,2207
CHEMBL35538,0,0.69617116,2208
CHEMBL32361,0,0.69617116,2209
CHEMBL39725,0,0.69617116,2210
CHEMBL39757,0,0.69617116,2211
CHEMBL10853,0,0.69617116,2212
CHEMBL32439,0,0.69617116,2213
CHEMBL7757,0,0.69617116,2214
CHEMBL37987,0,0.69617116,2215
CHEMBL37939,0,0.69617116,2216
CHEMBL37881,0,0.69617116,2217
CHEMBL4435874,0,0.69617116,2218
CHEMBL4435818,0,0.69617116,2219
CHEMBL14593,0,0.69617116,2220
CHEMBL17345,0,0.69617116,2221
CHEMBL4435147,0,0.69617116,2222
CHEMBL19392,0,0.69617116,2223
CHEMBL19404,0,0.69617116,2224
CHEMBL7639,0,0.69617116,2225
CHEMBL32265,0,0.69617116,2226
CHEMBL39831,0,0.69617116,2227
CHEMBL28149,0,0.69617116,2228
CHEMBL17410,0,0.69617116,2229
CHEMBL37801,0,0.69617116,2230
CHEMBL23537,0,0.69617116,2231
CHEMBL10875,0,0.69617116,2232
CHEMBL40038,0,0.69617116,2233
CHEMBL18153,0,0.69617116,2234
CHEMBL39883,0,0.69617116,2235
CHEMBL1199171,0,0.69617116,2236
CHEMBL37629,0,0.69617116,2237
CHEMBL37557,0,0.69617116,2238
CHEMBL37563,0,0.69617116,2239
CHEMBL539185,0,0.69617116,2240
CHEMBL40126,0,0.69617116,2241
CHEMBL40130,0,0.69617116,2242
CHEMBL40148,0,0.69617116,2243
CHEMBL40170,0,0.69617116,2244
CHEMBL531989,0,0.69617116,2245
CHEMBL1161178,0,0.69617116,2246
CHEMBL23397,0,0.69617116,2247
CHEMBL217730,0,0.69617116,2248
CHEMBL3310200,0,0.69617116,2249
CHEMBL3310202,0,0.69617116,2250
CHEMBL3310205,0,0.69617116,2251
CHEMBL12761,0,0.69617116,2252
CHEMBL30405,0,0.69617116,2253
CHEMBL30414,0,0.69617116,2254
CHEMBL18777,0,0.69617116,2255
CHEMBL30459,0,0.69617116,2256
CHEMBL6841,0,0.69617116,2257
CHEMBL9866,0,0.69617116,2258
CHEMBL33702,0,0.69617116,2259
CHEMBL33750,0,0.69617116,2260
CHEMBL24635,0,0.69617116,2261
CHEMBL24638,0,0.69617116,2262
CHEMBL31984,0,0.69617116,2263
CHEMBL24539,0,0.69617116,2264
CHEMBL24573,0,0.69617116,2265
CHEMBL610484,0,0.69617116,2266
CHEMBL611662,0,0.69617116,2267
CHEMBL4435025,0,0.69617116,2268
CHEMBL37504,0,0.69617116,2269
CHEMBL3310211,0,0.69617116,2270
CHEMBL24600,0,0.69617116,2271
CHEMBL37069,0,0.69617116,2272
CHEMBL27796,0,0.69617116,2273
CHEMBL12411,0,0.69617116,2274
CHEMBL10115,0,0.69617116,2275
CHEMBL403325,0,0.69617116,2276
CHEMBL4434987,0,0.69617116,2277
CHEMBL4435004,0,0.69617116,2278
CHEMBL34435,0,0.69617116,2279
CHEMBL11931,0,0.69617116,2280
CHEMBL30973,0,0.69617116,2281
CHEMBL3310255,0,0.69617116,2282
CHEMBL25706,0,0.69617116,2283
CHEMBL6880,0,0.69617116,2284
CHEMBL41830,0,0.69617116,2285
CHEMBL7118,0,0.69617116,2286
CHEMBL34079,0,0.69617116,2287
CHEMBL9608,0,0.69617116,2288
CHEMBL4559926,0,0.69617116,2289
CHEMBL4543354,0,0.69617116,2290
CHEMBL1171716,0,0.69617116,2291
CHEMBL29336,0,0.69617116,2292
CHEMBL43778,0,0.69617116,2293
CHEMBL13526,0,0.69617116,2294
CHEMBL40465,0,0.69617116,2295
CHEMBL10906,0,0.69617116,2296
CHEMBL20771,0,0.69617116,2297
CHEMBL10094,0,0.69617116,2298
CHEMBL4436211,0,0.69617116,2299
CHEMBL3310401,0,0.69617116,2300
CHEMBL500548,0,0.69617116,2301
CHEMBL13223,0,0.69617116,2302
CHEMBL23278,0,0.69617116,2303
CHEMBL20096,0,0.69617116,2304
CHEMBL37139,0,0.69617116,2305
CHEMBL7334,0,0.69617116,2306
CHEMBL7338,0,0.69617116,2307
CHEMBL33109,0,0.69617116,2308
CHEMBL36769,0,0.69617116,2309
CHEMBL36379,0,0.69617116,2310
CHEMBL22788,0,0.69617116,2311
CHEMBL3310772,0,0.69617116,2312
CHEMBL25175,0,0.69617116,2313
CHEMBL4434656,0,0.69617116,2314
CHEMBL4434703,0,0.69617116,2315
CHEMBL35995,0,0.69617116,2316
CHEMBL12718,1,0.69617116,2317
CHEMBL29938,0,0.69617116,2318
CHEMBL4543249,0,0.69617116,2319
CHEMBL27385,0,0.69617116,2320
CHEMBL16648,0,0.69617116,2321
CHEMBL20306,0,0.69617116,2322
CHEMBL26929,0,0.69617116,2323
CHEMBL4543180,0,0.69617116,2324
CHEMBL4543195,0,0.69617116,2325
CHEMBL33258,0,0.69617116,2326
CHEMBL10358,0,0.69617116,2327
CHEMBL10369,0,0.69617116,2328
CHEMBL4436453,0,0.69617116,2329
CHEMBL29162,0,0.69617116,2330
CHEMBL24951,0,0.69617116,2331
CHEMBL10138,0,0.69617116,2332
CHEMBL40961,0,0.69617116,2333
CHEMBL31388,0,0.69617116,2334
CHEMBL40850,0,0.69617116,2335
CHEMBL409,0,0.69617116,2336
CHEMBL27705,0,0.69617116,2337
CHEMBL16869,0,0.69617116,2338
CHEMBL10385,0,0.69617116,2339
CHEMBL35198,0,0.69617116,2340
CHEMBL4434865,0,0.69617116,2341
CHEMBL4434724,0,0.69617116,2342
CHEMBL18450,0,0.69617116,2343
CHEMBL18459,0,0.69617116,2344
CHEMBL31311,0,0.69617116,2345
CHEMBL41150,0,0.69617116,2346
CHEMBL723,1,0.69617116,2347
CHEMBL25005,0,0.69617116,2348
CHEMBL4436405,0,0.69617116,2349
CHEMBL4436419,0,0.69617116,2350
CHEMBL20009,0,0.69617116,2351
CHEMBL36640,0,0.69617116,2352
CHEMBL16860,0,0.69617116,2353
CHEMBL4434659,0,0.69617116,2354
CHEMBL11352,0,0.69617116,2355
CHEMBL35114,0,0.69617116,2356
CHEMBL22468,0,0.69617116,2357
CHEMBL4560027,0,0.69617116,2358
CHEMBL4560050,0,0.69617116,2359
CHEMBL22030,0,0.69617116,2360
CHEMBL36466,0,0.69617116,2361
CHEMBL36490,0,0.69617116,2362
CHEMBL33119,0,0.69617116,2363
CHEMBL19626,0,0.69617116,2364
CHEMBL36558,0,0.69617116,2365
CHEMBL36568,1,0.69617116,2366
CHEMBL3311424,0,0.69617116,2367
CHEMBL36502,0,0.69617116,2368
CHEMBL36247,0,0.69617116,2369
CHEMBL36188,0,0.69617116,2370
CHEMBL22752,0,0.69617116,2371
CHEMBL26521,0,0.69617116,2372
CHEMBL27357,0,0.69617116,2373
CHEMBL19220,0,0.69617116,2374
CHEMBL19227,0,0.69617116,2375
CHEMBL25108,0,0.69617116,2376
CHEMBL15920,0,0.69617116,2377
CHEMBL8256,0,0.69617116,2378
CHEMBL4553158,0,0.69617116,2379
CHEMBL38632,0,0.69617116,2380
CHEMBL14288,0,0.69617116,2381
CHEMBL38561,0,0.69617116,2382
CHEMBL4435461,0,0.69617116,2383
CHEMBL4435467,0,0.69617116,2384
CHEMBL14175,0,0.69617116,2385
CHEMBL38937,0,0.69617116,2386
CHEMBL14211,0,0.69617116,2387
CHEMBL8036,0,0.69617116,2388
CHEMBL38773,0,0.69617116,2389
CHEMBL38496,0,0.69617116,2390
CHEMBL9924,0,0.69617116,2391
CHEMBL6590,0,0.69617116,2392
CHEMBL12768,0,0.69617116,2393
CHEMBL38532,0,0.69617116,2394
CHEMBL3309374,0,0.69617116,2395
CHEMBL25591,0,0.69617116,2396
CHEMBL12898,0,0.69617116,2397
CHEMBL42361,0,0.69617116,2398
CHEMBL20935,0,0.69617116,2399
CHEMBL12674,1,0.69617116,2400
CHEMBL12094,0,0.69617116,2401
CHEMBL12105,0,0.69617116,2402
CHEMBL34204,0,0.69617116,2403
CHEMBL1163386,0,0.69617116,2404
CHEMBL35374,0,0.69617116,2405
CHEMBL35284,0,0.69617116,2406
CHEMBL35359,0,0.69617116,2407
CHEMBL4553616,0,0.69617116,2408
CHEMBL37318,0,0.6958446,2409
CHEMBL4435763,0,0.6958446,2410
CHEMBL499087,0,0.6958148,2411
CHEMBL4436284,0,0.6958148,2412
CHEMBL596,0,0.6958148,2413
CHEMBL7875,0,0.6958148,2414
CHEMBL36040,0,0.69556,2415
CHEMBL9798,0,0.69556,2416
CHEMBL14539,0,0.69556,2417
CHEMBL9629,0,0.69556,2418
CHEMBL18053,0,0.69548035,2419
CHEMBL4553618,0,0.6954577,2420
CHEMBL39566,0,0.69534713,2421
CHEMBL35711,0,0.69531184,2422
CHEMBL8045,0,0.69531184,2423
CHEMBL39464,0,0.69531184,2424
CHEMBL3310055,0,0.69506663,2425
CHEMBL23149,0,0.69500107,2426
CHEMBL15257,0,0.69469595,2427
CHEMBL4435424,0,0.6941516,2428
CHEMBL7636,0,0.6941516,2429
CHEMBL8368,0,0.69403434,2430
CHEMBL19104,0,0.6940305,2431
CHEMBL25867,0,0.69396,2432
CHEMBL13608,0,0.69363904,2433
CHEMBL8818,0,0.6936079,2434
CHEMBL39302,0,0.69285077,2435
CHEMBL15210,0,0.69273394,2436
CHEMBL4435777,0,0.69273394,2437
CHEMBL12633,1,0.69273394,2438
CHEMBL4553560,0,0.6926755,2439
CHEMBL592,0,0.6926686,2440
CHEMBL37583,0,0.6926686,2441
CHEMBL41710,0,0.69263846,2442
CHEMBL32257,0,0.69263846,2443
CHEMBL14472,0,0.6926206,2444
CHEMBL31625,0,0.6920621,2445
CHEMBL23345,0,0.6919223,2446
CHEMBL20592,0,0.6919223,2447
CHEMBL36830,0,0.6919223,2448
CHEMBL540951,0,0.6918275,2449
CHEMBL30734,0,0.6918275,2450
CHEMBL36366,0,0.6918275,2451
CHEMBL23952,0,0.69168067,2452
CHEMBL36392,0,0.69168,2453
CHEMBL14940,0,0.69156295,2454
CHEMBL35945,0,0.69112915,2455
CHEMBL9847,0,0.6910835,2456
CHEMBL25896,0,0.6910835,2457
CHEMBL31715,0,0.6910835,2458
CHEMBL4543424,0,0.6910835,2459
CHEMBL33656,0,0.6908544,2460
CHEMBL30032,0,0.6907589,2461
CHEMBL9714,0,0.6907477,2462
CHEMBL4553631,0,0.6906073,2463
CHEMBL29036,0,0.6903537,2464
CHEMBL35554,0,0.6903537,2465
CHEMBL3310210,0,0.6903537,2466
CHEMBL29657,0,0.6903537,2467
CHEMBL2146580,0,0.6903537,2468
CHEMBL26233,0,0.6903537,2469
CHEMBL8216,0,0.6903537,2470
CHEMBL33062,0,0.6903537,2471
CHEMBL21512,0,0.6903537,2472
CHEMBL23927,0,0.6903537,2473
CHEMBL31765,0,0.6903537,2474
CHEMBL3310924,0,0.6903537,2475
CHEMBL3311430,0,0.6903537,2476
CHEMBL34641,0,0.6903537,2477
CHEMBL19619,0,0.6903537,2478
CHEMBL4434792,0,0.6903537,2479
CHEMBL6897,0,0.6903537,2480
CHEMBL4436070,0,0.6903537,2481
CHEMBL3310206,0,0.6903537,2482
CHEMBL19837,0,0.6903537,2483
CHEMBL15683,0,0.6903537,2484
CHEMBL263193,0,0.6903537,2485
CHEMBL28055,0,0.6903537,2486
CHEMBL3310212,0,0.6903537,2487
CHEMBL33765,0,0.69021916,2488
CHEMBL21290,0,0.69021916,2489
CHEMBL9869,0,0.69021916,2490
CHEMBL20529,0,0.69012725,2491
CHEMBL41712,0,0.68998426,2492
CHEMBL1163396,0,0.6898291,2493
CHEMBL14556,0,0.68945366,2494
CHEMBL37082,0,0.6894453,2495
CHEMBL12963,0,0.6894453,2496
CHEMBL35701,0,0.6894453,2497
CHEMBL26883,0,0.6894453,2498
CHEMBL6900,0,0.68911654,2499
CHEMBL15649,0,0.6887849,2500
CHEMBL4543174,0,0.6887358,2501
CHEMBL40729,0,0.6883132,2502
CHEMBL41580,0,0.6882755,2503
CHEMBL34691,0,0.6882755,2504
CHEMBL29098,0,0.6882755,2505
CHEMBL9220,0,0.6882755,2506
CHEMBL37962,0,0.6882755,2507
CHEMBL25933,0,0.6882755,2508
CHEMBL12022,0,0.6882755,2509
CHEMBL262267,0,0.6882755,2510
CHEMBL35466,0,0.6882755,2511
CHEMBL32899,0,0.6882755,2512
CHEMBL7703,0,0.6880418,2513
CHEMBL31061,0,0.6878909,2514
CHEMBL25396,0,0.6878909,2515
CHEMBL20199,0,0.6877602,2516
CHEMBL27166,0,0.6877093,2517
CHEMBL39966,0,0.6877091,2518
CHEMBL30937,0,0.6875667,2519
CHEMBL11136,0,0.68754834,2520
CHEMBL20993,0,0.68754834,2521
CHEMBL12581,0,0.68754834,2522
CHEMBL36720,0,0.68716174,2523
CHEMBL1187868,0,0.6870567,2524
CHEMBL30845,0,0.6870567,2525
CHEMBL30402,0,0.6870567,2526
CHEMBL31300,0,0.6868171,2527
CHEMBL14653,0,0.6865318,2528
CHEMBL6839,0,0.6865318,2529
CHEMBL33974,0,0.6865318,2530
CHEMBL40096,0,0.6865318,2531
CHEMBL37293,0,0.6863554,2532
CHEMBL4434878,0,0.6863294,2533
CHEMBL7289,0,0.68609023,2534
CHEMBL31027,0,0.68609023,2535
CHEMBL14793,0,0.68609023,2536
CHEMBL41332,0,0.6858558,2537
CHEMBL28947,0,0.6858558,2538
CHEMBL21213,0,0.6858558,2539
CHEMBL37633,0,0.6858558,2540
CHEMBL36478,0,0.6858558,2541
CHEMBL4435236,0,0.6858558,2542
CHEMBL27275,0,0.6858558,2543
CHEMBL36103,0,0.6858076,2544
CHEMBL42159,0,0.6854107,2545
CHEMBL9436,0,0.68533874,2546
CHEMBL15422,0,0.6849806,2547
CHEMBL31409,0,0.68490696,2548
CHEMBL41882,0,0.6846004,2549
CHEMBL23288,0,0.6846004,2550
CHEMBL3309581,0,0.6846004,2551
CHEMBL37070,0,0.6846004,2552
CHEMBL36430,0,0.6846004,2553
CHEMBL39406,0,0.6846004,2554
CHEMBL34608,0,0.6846004,2555
CHEMBL8323,0,0.6846004,2556
CHEMBL10061,0,0.6846004,2557
CHEMBL24461,0,0.6846004,2558
CHEMBL11380,0,0.68448234,2559
CHEMBL22724,0,0.684308,2560
CHEMBL40835,0,0.68416375,2561
CHEMBL17387,0,0.68416375,2562
CHEMBL4434859,0,0.6840559,2563
CHEMBL7731,0,0.6838515,2564
CHEMBL26993,0,0.6838515,2565
CHEMBL17650,0,0.6838515,2566
CHEMBL14828,0,0.6838515,2567
CHEMBL38944,0,0.6838515,2568
CHEMBL14430,0,0.6838515,2569
CHEMBL9359,0,0.6838515,2570
CHEMBL12485,0,0.6838515,2571
CHEMBL15482,0,0.6838515,2572
CHEMBL15238,0,0.6838515,2573
CHEMBL37440,0,0.6838515,2574
CHEMBL8963,0,0.6838515,2575
CHEMBL3310238,0,0.6838515,2576
CHEMBL15507,0,0.6838515,2577
CHEMBL32583,0,0.6838515,2578
CHEMBL39447,0,0.6838515,2579
CHEMBL41020,0,0.6837654,2580
CHEMBL4435273,0,0.6837654,2581
CHEMBL28093,0,0.6837654,2582
CHEMBL33406,0,0.6837654,2583
CHEMBL22442,0,0.68363154,2584
CHEMBL37841,0,0.6835087,2585
CHEMBL20710,0,0.6835087,2586
CHEMBL17761,0,0.6835087,2587
CHEMBL26135,0,0.6833833,2588
CHEMBL35074,0,0.6833833,2589
CHEMBL25630,0,0.6832808,2590
CHEMBL29069,0,0.68315977,2591
CHEMBL13345,0,0.6830015,2592
CHEMBL1744108,0,0.6830015,2593
CHEMBL4553654,0,0.6830015,2594
CHEMBL20201,0,0.6830015,2595
CHEMBL3310198,0,0.6830015,2596
CHEMBL4436249,0,0.6830015,2597
CHEMBL31220,0,0.6830015,2598
CHEMBL38315,0,0.6830015,2599
CHEMBL35257,0,0.6830015,2600
CHEMBL14279,0,0.6830015,2601
CHEMBL27826,0,0.6830015,2602
CHEMBL39798,0,0.6830015,2603
CHEMBL19307,0,0.6830015,2604
CHEMBL11338,0,0.6825522,2605
CHEMBL35148,0,0.6825522,2606
CHEMBL37223,0,0.6825522,2607
CHEMBL26975,0,0.6822008,2608
CHEMBL42014,0,0.68209696,2609
CHEMBL33537,0,0.6820931,2610
CHEMBL32220,0,0.6820931,2611
CHEMBL33697,0,0.6820931,2612
CHEMBL17930,0,0.6820931,2613
CHEMBL11513,0,0.682084,2614
CHEMBL31915,0,0.682084,2615
CHEMBL36868,0,0.682084,2616
CHEMBL39721,0,0.682084,2617
CHEMBL15930,0,0.6819957,2618
CHEMBL12032,0,0.6818562,2619
CHEMBL583947,0,0.6818562,2620
CHEMBL17781,0,0.6818562,2621
CHEMBL4435058,0,0.6818562,2622
CHEMBL20448,0,0.6818562,2623
CHEMBL16809,0,0.6818562,2624
CHEMBL18548,0,0.6817962,2625
CHEMBL31797,0,0.6817962,2626
CHEMBL38470,0,0.6817962,2627
CHEMBL33762,0,0.6817962,2628
CHEMBL3310234,0,0.6817962,2629
CHEMBL31370,0,0.6817962,2630
CHEMBL33172,0,0.68168765,2631
CHEMBL17370,0,0.68168765,2632
CHEMBL12751,0,0.68168765,2633
CHEMBL26106,0,0.68168765,2634
CHEMBL4435028,0,0.68168765,2635
CHEMBL41834,0,0.68168765,2636
CHEMBL4436221,0,0.68168765,2637
CHEMBL28236,0,0.68168765,2638
CHEMBL21842,0,0.68168765,2639
CHEMBL28644,0,0.68168765,2640
CHEMBL40589,0,0.68168765,2641
CHEMBL31389,0,0.68168765,2642
CHEMBL16539,0,0.68168765,2643
CHEMBL41533,0,0.68168765,2644
CHEMBL3310302,0,0.68168765,2645
CHEMBL31319,0,0.68168765,2646
CHEMBL3310170,0,0.68168765,2647
CHEMBL4116111,0,0.68168765,2648
CHEMBL12677,0,0.68168765,2649
CHEMBL4559997,0,0.68168765,2650
CHEMBL26320,0,0.68157774,2651
CHEMBL19036,0,0.68157774,2652
CHEMBL23390,0,0.68157774,2653
CHEMBL36590,0,0.6815035,2654
CHEMBL26293,0,0.6814438,2655
CHEMBL9558,0,0.68144196,2656
CHEMBL1093624,0,0.68142974,2657
CHEMBL9508,0,0.6814131,2658
CHEMBL23778,0,0.6814131,2659
CHEMBL32334,0,0.68112403,2660
CHEMBL26013,0,0.68112403,2661
CHEMBL14376,0,0.68112403,2662
CHEMBL3310898,0,0.68095577,2663
CHEMBL473,0,0.6807862,2664
CHEMBL1091391,0,0.6807862,2665
CHEMBL25439,0,0.6807367,2666
CHEMBL579880,0,0.6807367,2667
CHEMBL3310359,0,0.6807062,2668
CHEMBL13325,0,0.68068635,2669
CHEMBL38246,0,0.6806138,2670
CHEMBL37067,0,0.6806138,2671
CHEMBL30774,0,0.6806138,2672
CHEMBL21356,0,0.6806138,2673
CHEMBL8797,0,0.6806138,2674
CHEMBL39296,0,0.6806138,2675
CHEMBL40711,0,0.6806138,2676
CHEMBL41552,0,0.68023336,2677
CHEMBL23659,0,0.6795756,2678
CHEMBL19929,0,0.6795469,2679
CHEMBL31750,0,0.67943484,2680
CHEMBL32120,0,0.6793849,2681
CHEMBL38151,0,0.6791808,2682
CHEMBL31432,0,0.6791542,2683
CHEMBL37709,0,0.67890066,2684
CHEMBL34067,0,0.67890066,2685
CHEMBL38858,0,0.6785844,2686
CHEMBL26068,0,0.67845416,2687
CHEMBL4543233,0,0.67845416,2688
CHEMBL13460,0,0.67845416,2689
CHEMBL3310768,0,0.67845416,2690
CHEMBL4435325,0,0.67845416,2691
CHEMBL15062,0,0.67845416,2692
CHEMBL28436,0,0.67845416,2693
CHEMBL10218,0,0.67845416,2694
CHEMBL21049,0,0.67845416,2695
CHEMBL22314,0,0.67845416,2696
CHEMBL4435149,0,0.67845416,2697
CHEMBL35897,0,0.67845416,2698
CHEMBL3309628,0,0.67845416,2699
CHEMBL19029,0,0.67845416,2700
CHEMBL40516,0,0.6783878,2701
CHEMBL11407,0,0.6782789,2702
CHEMBL6940,0,0.6779867,2703
CHEMBL24565,0,0.6779763,2704
CHEMBL22020,0,0.67750424,2705
CHEMBL14592,0,0.6774514,2706
CHEMBL18509,0,0.67720246,2707
CHEMBL3310341,0,0.67720246,2708
CHEMBL268086,0,0.67720246,2709
CHEMBL39624,0,0.67720246,2710
CHEMBL20875,0,0.6768015,2711
CHEMBL9921,0,0.6768015,2712
CHEMBL41689,0,0.6768015,2713
CHEMBL471,1,0.67659867,2714
CHEMBL33240,0,0.67659867,2715
CHEMBL20295,0,0.67659867,2716
CHEMBL29199,0,0.6764335,2717
CHEMBL17894,0,0.67619973,2718
CHEMBL21572,0,0.6761351,2719
CHEMBL40151,0,0.6760773,2720
CHEMBL33840,0,0.675711,2721
CHEMBL6222,0,0.675711,2722
CHEMBL20254,0,0.67528737,2723
CHEMBL40011,0,0.67528737,2724
CHEMBL32059,0,0.67528737,2725
CHEMBL10132,0,0.67528737,2726
CHEMBL23092,0,0.67528737,2727
CHEMBL7750,0,0.67528737,2728
CHEMBL547407,0,0.6750847,2729
CHEMBL38572,0,0.6749944,2730
CHEMBL3309852,0,0.6741155,2731
CHEMBL4436479,0,0.6740638,2732
CHEMBL37823,0,0.6739756,2733
CHEMBL18994,0,0.67367303,2734
CHEMBL14832,0,0.67367303,2735
CHEMBL4436510,0,0.67366993,2736
CHEMBL6699,0,0.67366993,2737
CHEMBL3309621,0,0.67366993,2738
CHEMBL4543285,0,0.67347383,2739
CHEMBL1096286,0,0.67347383,2740
CHEMBL25846,0,0.6733501,2741
CHEMBL41371,0,0.67325294,2742
CHEMBL41592,0,0.67325294,2743
CHEMBL27404,0,0.67310745,2744
CHEMBL3310262,0,0.67306995,2745
CHEMBL17669,0,0.6728582,2746
CHEMBL37098,0,0.6727743,2747
CHEMBL41400,0,0.6727743,2748
CHEMBL14729,0,0.6727743,2749
CHEMBL14065,0,0.6727743,2750
CHEMBL13198,0,0.6727743,2751
CHEMBL32057,0,0.6723643,2752
CHEMBL10194,0,0.671862,2753
CHEMBL22071,0,0.671862,2754
CHEMBL38214,0,0.671862,2755
CHEMBL25401,0,0.671862,2756
CHEMBL41868,0,0.671862,2757
CHEMBL10724,0,0.671862,2758
CHEMBL26853,0,0.671862,2759
CHEMBL4553151,0,0.671862,2760
CHEMBL4543412,0,0.671862,2761
CHEMBL8820,0,0.6714921,2762
CHEMBL25182,0,0.6714921,2763
CHEMBL11973,0,0.6714921,2764
CHEMBL15954,0,0.6714921,2765
CHEMBL16491,0,0.6714921,2766
CHEMBL28280,0,0.67144006,2767
CHEMBL20499,0,0.67144006,2768
CHEMBL37152,0,0.67112225,2769
CHEMBL3311040,0,0.67095727,2770
CHEMBL16844,0,0.66978294,2771
CHEMBL37820,0,0.66906697,2772
CHEMBL1222867,0,0.66906697,2773
CHEMBL39262,0,0.6689717,2774
CHEMBL39923,0,0.6689717,2775
CHEMBL11309,0,0.6689717,2776
CHEMBL24674,0,0.6689717,2777
CHEMBL27646,0,0.6689717,2778
CHEMBL36019,0,0.6689717,2779
CHEMBL22822,0,0.6689717,2780
CHEMBL18845,0,0.6689717,2781
CHEMBL23733,0,0.6689717,2782
CHEMBL33227,0,0.6689005,2783
CHEMBL16712,0,0.6689005,2784
CHEMBL19147,0,0.66822267,2785
CHEMBL38462,0,0.66807336,2786
CHEMBL34715,0,0.66807336,2787
CHEMBL26278,0,0.66807336,2788
CHEMBL37875,0,0.66807336,2789
CHEMBL26407,0,0.66807336,2790
CHEMBL38902,0,0.66807336,2791
CHEMBL36808,0,0.66807336,2792
CHEMBL22620,0,0.66803193,2793
CHEMBL26336,0,0.66803193,2794
CHEMBL36002,0,0.66803193,2795
CHEMBL8733,0,0.6679522,2796
CHEMBL22395,0,0.66791993,2797
CHEMBL34292,0,0.6678591,2798
CHEMBL42620,0,0.66779315,2799
CHEMBL3309434,0,0.667778,2800
CHEMBL17928,0,0.66771317,2801
CHEMBL12409,0,0.6676457,2802
CHEMBL38570,0,0.6676457,2803
CHEMBL6418,0,0.6676457,2804
CHEMBL6665,0,0.6676457,2805
CHEMBL27416,0,0.6676457,2806
CHEMBL10359,0,0.6676457,2807
CHEMBL25862,0,0.6676457,2808
CHEMBL30043,0,0.6676457,2809
CHEMBL11735,0,0.6676457,2810
CHEMBL8004,0,0.6676457,2811
CHEMBL3309688,0,0.6676457,2812
CHEMBL29961,0,0.6676457,2813
CHEMBL33954,0,0.6676457,2814
CHEMBL524317,0,0.6676457,2815
CHEMBL41456,0,0.6676457,2816
CHEMBL8416,0,0.6676457,2817
CHEMBL18887,0,0.6676457,2818
CHEMBL4436327,0,0.6676457,2819
CHEMBL40203,0,0.6676457,2820
CHEMBL570602,0,0.6676457,2821
CHEMBL35390,0,0.6676457,2822
CHEMBL25283,0,0.6676457,2823
CHEMBL12513,0,0.66750747,2824
CHEMBL25128,0,0.66750747,2825
CHEMBL39139,0,0.66750747,2826
CHEMBL20192,0,0.66750747,2827
CHEMBL18520,0,0.66750747,2828
CHEMBL17553,0,0.6673531,2829
CHEMBL30469,0,0.6670629,2830
CHEMBL41232,0,0.66705793,2831
CHEMBL1163480,0,0.6668724,2832
CHEMBL10349,0,0.666521,2833
CHEMBL1160771,0,0.6665116,2834
CHEMBL42231,0,0.66636926,2835
CHEMBL26392,0,0.6658909,2836
CHEMBL38915,0,0.6656913,2837
CHEMBL34592,0,0.66543764,2838
CHEMBL607364,0,0.66531,2839
CHEMBL13694,0,0.66486317,2840
CHEMBL30125,0,0.6646132,2841
CHEMBL27399,0,0.6645282,2842
CHEMBL31940,0,0.6645282,2843
CHEMBL9515,0,0.6645282,2844
CHEMBL40695,0,0.6645282,2845
CHEMBL29242,0,0.6645282,2846
CHEMBL4435375,0,0.6645282,2847
CHEMBL6233,0,0.6645282,2848
CHEMBL19829,0,0.6645282,2849
CHEMBL1163365,0,0.6645282,2850
CHEMBL16022,0,0.6645282,2851
CHEMBL31037,0,0.6645282,2852
CHEMBL36792,0,0.6645282,2853
CHEMBL24815,0,0.6645282,2854
CHEMBL12448,0,0.6645282,2855
CHEMBL10438,0,0.6642549,2856
CHEMBL42841,0,0.66409063,2857
CHEMBL20826,0,0.66407555,2858
CHEMBL29542,0,0.66407555,2859
CHEMBL32338,0,0.66407555,2860
CHEMBL29733,0,0.66407555,2861
CHEMBL21127,0,0.66407555,2862
CHEMBL11656,0,0.66407555,2863
CHEMBL29563,0,0.66407555,2864
CHEMBL3309686,0,0.66405725,2865
CHEMBL39238,0,0.66405725,2866
CHEMBL39587,0,0.66383815,2867
CHEMBL27394,0,0.6637504,2868
CHEMBL4543403,0,0.6637504,2869
CHEMBL1164952,0,0.6637504,2870
CHEMBL36318,0,0.6637504,2871
CHEMBL28245,0,0.6637504,2872
CHEMBL8387,0,0.6637504,2873
CHEMBL41910,0,0.6637504,2874
CHEMBL26225,0,0.6637504,2875
CHEMBL32069,0,0.6637504,2876
CHEMBL33602,0,0.6637504,2877
CHEMBL9337,0,0.6637504,2878
CHEMBL22102,0,0.6637504,2879
CHEMBL25860,0,0.6637504,2880
CHEMBL7620,0,0.6637504,2881
CHEMBL41426,0,0.6637504,2882
CHEMBL9369,0,0.6637504,2883
CHEMBL4436469,0,0.6637504,2884
CHEMBL35131,0,0.6637504,2885
CHEMBL3309974,0,0.6637504,2886
CHEMBL41189,1,0.6637504,2887
CHEMBL17576,0,0.663112,2888
CHEMBL24630,0,0.6631112,2889
CHEMBL4543232,0,0.6629981,2890
CHEMBL39311,0,0.6629981,2891
CHEMBL41598,0,0.6629981,2892
CHEMBL26252,0,0.6629981,2893
CHEMBL22367,0,0.6629981,2894
CHEMBL3310355,0,0.6628522,2895
CHEMBL28505,0,0.66284776,2896
CHEMBL28114,0,0.6627163,2897
CHEMBL33922,0,0.6627163,2898
CHEMBL35387,0,0.6627163,2899
CHEMBL28808,0,0.6627163,2900
CHEMBL15498,0,0.6626633,2901
CHEMBL28161,0,0.662606,2902
CHEMBL600052,0,0.66257596,2903
CHEMBL7560,0,0.66257596,2904
CHEMBL17722,0,0.66257596,2905
CHEMBL21086,0,0.66257596,2906
CHEMBL38304,0,0.66257596,2907
CHEMBL18725,0,0.6624962,2908
CHEMBL35437,0,0.6624962,2909
CHEMBL8129,0,0.6616576,2910
CHEMBL9138,0,0.6616576,2911
CHEMBL30556,0,0.6614004,2912
CHEMBL38365,0,0.6611849,2913
CHEMBL33009,0,0.6611849,2914
CHEMBL17006,0,0.6611849,2915
CHEMBL18649,0,0.6611849,2916
CHEMBL41074,0,0.6611849,2917
CHEMBL20995,0,0.6611849,2918
CHEMBL38482,0,0.6611849,2919
CHEMBL34920,0,0.6611849,2920
CHEMBL14120,0,0.6611849,2921
CHEMBL37088,0,0.6611849,2922
CHEMBL35886,0,0.6611849,2923
CHEMBL3310456,0,0.6605107,2924
CHEMBL34053,0,0.6603398,2925
CHEMBL9491,0,0.6603398,2926
CHEMBL25450,0,0.659724,2927
CHEMBL3309898,0,0.65956205,2928
CHEMBL19001,0,0.65956205,2929
CHEMBL33613,0,0.65956205,2930
CHEMBL4435862,0,0.65956205,2931
CHEMBL9538,0,0.6592555,2932
CHEMBL4435293,0,0.6589342,2933
CHEMBL18789,0,0.6588574,2934
CHEMBL14647,0,0.65852726,2935
CHEMBL18428,0,0.6585128,2936
CHEMBL38133,0,0.6585128,2937
CHEMBL42420,0,0.6585128,2938
CHEMBL37720,0,0.6585128,2939
CHEMBL24755,0,0.6582224,2940
CHEMBL40904,0,0.65819126,2941
CHEMBL10507,0,0.6579114,2942
CHEMBL39516,0,0.6579114,2943
CHEMBL4543289,0,0.6579114,2944
CHEMBL35600,0,0.6579114,2945
CHEMBL24587,0,0.6571973,2946
CHEMBL14639,0,0.6571973,2947
CHEMBL20106,0,0.6571973,2948
CHEMBL4434688,0,0.6571973,2949
CHEMBL6340,0,0.6571973,2950
CHEMBL29499,0,0.6571973,2951
CHEMBL13171,0,0.6571973,2952
CHEMBL6291,0,0.6571973,2953
CHEMBL6666,0,0.65708035,2954
CHEMBL35666,0,0.6565494,2955
CHEMBL43597,0,0.6565494,2956
CHEMBL3309590,0,0.65618205,2957
CHEMBL4435131,0,0.6561444,2958
CHEMBL34635,0,0.65610665,2959
CHEMBL16511,0,0.65610665,2960
CHEMBL7395,0,0.6560394,2961
CHEMBL11995,0,0.65586597,2962
CHEMBL35963,0,0.65586597,2963
CHEMBL1224265,0,0.65586597,2964
CHEMBL3311159,0,0.65586597,2965
CHEMBL35909,0,0.6557155,2966
CHEMBL21722,0,0.6557155,2967
CHEMBL37183,0,0.6557155,2968
CHEMBL4436313,0,0.6554239,2969
CHEMBL28251,0,0.6553391,2970
CHEMBL14874,0,0.6553391,2971
CHEMBL38193,0,0.6553391,2972
CHEMBL4553537,0,0.6553391,2973
CHEMBL32365,0,0.6553391,2974
CHEMBL19043,0,0.6553391,2975
CHEMBL8250,0,0.6553371,2976
CHEMBL10569,0,0.6553371,2977
CHEMBL7814,0,0.6553371,2978
CHEMBL37196,0,0.6553371,2979
CHEMBL11256,0,0.6549077,2980
CHEMBL18138,0,0.6549077,2981
CHEMBL3310309,0,0.6548939,2982
CHEMBL38882,0,0.65405893,2983
CHEMBL18179,0,0.6538842,2984
CHEMBL31897,0,0.6538842,2985
CHEMBL17197,0,0.65387154,2986
CHEMBL23776,0,0.65358394,2987
CHEMBL28729,0,0.65358394,2988
CHEMBL22576,0,0.6535375,2989
CHEMBL34306,0,0.65338314,2990
CHEMBL3311222,0,0.6530812,2991
CHEMBL23246,0,0.6530812,2992
CHEMBL33769,0,0.6529664,2993
CHEMBL7711,0,0.6529664,2994
CHEMBL19506,0,0.6528758,2995
CHEMBL34959,0,0.6528758,2996
CHEMBL17395,0,0.6528758,2997
CHEMBL13713,0,0.6528758,2998
CHEMBL18456,0,0.6528758,2999
CHEMBL1205646,0,0.6528758,3000
CHEMBL33173,0,0.6528758,3001
CHEMBL34184,0,0.6528758,3002
CHEMBL7035,0,0.6528758,3003
CHEMBL21686,0,0.6528758,3004
CHEMBL31351,0,0.652687,3005
CHEMBL25734,0,0.652687,3006
CHEMBL3309930,0,0.652687,3007
CHEMBL28561,0,0.652687,3008
CHEMBL14287,0,0.65237445,3009
CHEMBL39968,0,0.65237445,3010
CHEMBL39881,0,0.65237445,3011
CHEMBL7585,0,0.65237445,3012
CHEMBL10309,0,0.65237445,3013
CHEMBL25579,0,0.6523155,3014
CHEMBL4435085,0,0.6522354,3015
CHEMBL11779,0,0.6522354,3016
CHEMBL17099,0,0.6521605,3017
CHEMBL4436424,0,0.652091,3018
CHEMBL7229,0,0.6518962,3019
CHEMBL32453,0,0.6518962,3020
CHEMBL38951,0,0.6518962,3021
CHEMBL35016,0,0.6518962,3022
CHEMBL7474,0,0.6518962,3023
CHEMBL16947,0,0.6518962,3024
CHEMBL11541,0,0.6518962,3025
CHEMBL3309853,0,0.6514706,3026
CHEMBL3309663,0,0.6514706,3027
CHEMBL3310233,0,0.6514706,3028
CHEMBL37038,0,0.6513652,3029
CHEMBL35183,0,0.6513489,3030
CHEMBL17390,0,0.6513489,3031
CHEMBL9460,0,0.6512225,3032
CHEMBL42626,0,0.6512225,3033
CHEMBL7492,0,0.65120167,3034
CHEMBL4434693,0,0.65120167,3035
CHEMBL22193,0,0.65120167,3036
CHEMBL32708,0,0.65120167,3037
CHEMBL37579,0,0.65120167,3038
CHEMBL27515,0,0.65120167,3039
CHEMBL3311320,0,0.65120167,3040
CHEMBL33370,0,0.65120167,3041
CHEMBL23996,0,0.6511055,3042
CHEMBL22759,0,0.6510844,3043
CHEMBL22681,0,0.65097904,3044
CHEMBL39730,0,0.65080094,3045
CHEMBL14625,0,0.65080094,3046
CHEMBL16621,0,0.65080094,3047
CHEMBL23630,0,0.65080094,3048
CHEMBL36814,0,0.65080094,3049
CHEMBL15003,0,0.65080094,3050
CHEMBL26232,0,0.65080094,3051
CHEMBL10681,0,0.65080094,3052
CHEMBL27029,0,0.65080094,3053
CHEMBL37432,0,0.65080094,3054
CHEMBL27398,0,0.65080094,3055
CHEMBL23489,0,0.6506799,3056
CHEMBL7881,0,0.6506799,3057
CHEMBL7959,0,0.6506799,3058
CHEMBL20502,0,0.6506799,3059
CHEMBL33342,0,0.6506799,3060
CHEMBL7583,0,0.6506799,3061
CHEMBL28794,0,0.6506799,3062
CHEMBL16779,0,0.6506799,3063
CHEMBL11774,0,0.6506799,3064
CHEMBL4435484,0,0.6506799,3065
CHEMBL17426,0,0.65053594,3066
CHEMBL21021,0,0.6505267,3067
CHEMBL10108,0,0.6505267,3068
CHEMBL32593,0,0.6505267,3069
CHEMBL7297,0,0.65044963,3070
CHEMBL29953,0,0.6504281,3071
CHEMBL4435803,0,0.65039325,3072
CHEMBL19077,0,0.6503558,3073
CHEMBL21544,0,0.65032417,3074
CHEMBL32784,0,0.6501772,3075
CHEMBL9560,0,0.6501024,3076
CHEMBL22901,0,0.6501024,3077
CHEMBL3311313,0,0.6501024,3078
CHEMBL18709,0,0.6501024,3079
CHEMBL34692,0,0.6501024,3080
CHEMBL3311548,0,0.6501024,3081
CHEMBL6612,0,0.6500081,3082
CHEMBL6689,0,0.6500081,3083
CHEMBL4435099,0,0.6500081,3084
CHEMBL20341,0,0.6500081,3085
CHEMBL21368,0,0.6500081,3086
CHEMBL541537,0,0.6500081,3087
CHEMBL10653,0,0.6500081,3088
CHEMBL23038,0,0.6500081,3089
CHEMBL38784,0,0.6500081,3090
CHEMBL39745,0,0.6500081,3091
CHEMBL35744,0,0.6500081,3092
CHEMBL24236,0,0.6500081,3093
CHEMBL18089,0,0.6500081,3094
CHEMBL15882,0,0.6499923,3095
CHEMBL507307,0,0.6498869,3096
CHEMBL29348,0,0.6498869,3097
CHEMBL6864,0,0.6498869,3098
CHEMBL26221,0,0.6498869,3099
CHEMBL32594,0,0.64988,3100
CHEMBL623,0,0.64926714,3101
CHEMBL40810,0,0.64926124,3102
CHEMBL14389,0,0.6492377,3103
CHEMBL4435387,0,0.6492377,3104
CHEMBL28577,0,0.6492377,3105
CHEMBL19359,0,0.6492377,3106
CHEMBL11186,0,0.6488339,3107
CHEMBL16368,0,0.6488339,3108
CHEMBL18974,0,0.6488339,3109
CHEMBL36492,0,0.648625,3110
CHEMBL4436274,0,0.648625,3111
CHEMBL21434,0,0.64859986,3112
CHEMBL21497,0,0.64857,3113
CHEMBL1163163,0,0.64850813,3114
CHEMBL21071,0,0.6483857,3115
CHEMBL29433,0,0.6483857,3116
CHEMBL13850,0,0.6483554,3117
CHEMBL4553134,0,0.6483554,3118
CHEMBL4560035,0,0.6483554,3119
CHEMBL17680,0,0.6483554,3120
CHEMBL4435885,0,0.6481647,3121
CHEMBL3309527,0,0.64805126,3122
CHEMBL17568,0,0.647955,3123
CHEMBL4435136,0,0.647955,3124
CHEMBL15986,0,0.647955,3125
CHEMBL17408,0,0.64782786,3126
CHEMBL27890,0,0.64776194,3127
CHEMBL25152,0,0.6476966,3128
CHEMBL3309611,0,0.64764476,3129
CHEMBL28039,0,0.6476407,3130
CHEMBL38104,0,0.6476407,3131
CHEMBL29273,0,0.6476407,3132
CHEMBL4435526,0,0.6476407,3133
CHEMBL36551,0,0.64758265,3134
CHEMBL36303,0,0.64757156,3135
CHEMBL11271,0,0.64757156,3136
CHEMBL19395,0,0.64757156,3137
CHEMBL26137,0,0.64757156,3138
CHEMBL3310257,0,0.64757156,3139
CHEMBL11307,0,0.64757156,3140
CHEMBL8575,0,0.64757156,3141
CHEMBL3310964,0,0.64757156,3142
CHEMBL31122,0,0.64757156,3143
CHEMBL39015,0,0.64757156,3144
CHEMBL4435459,0,0.64744896,3145
CHEMBL31660,0,0.64739144,3146
CHEMBL19768,0,0.64739144,3147
CHEMBL17224,0,0.64739144,3148
CHEMBL12749,0,0.64739144,3149
CHEMBL37468,0,0.64739144,3150
CHEMBL4115984,0,0.64739144,3151
CHEMBL37751,0,0.64739144,3152
CHEMBL4434665,0,0.64739144,3153
CHEMBL16983,0,0.64739144,3154
CHEMBL19139,0,0.64739144,3155
CHEMBL39952,0,0.64739144,3156
CHEMBL23824,0,0.64739144,3157
CHEMBL16913,0,0.6472255,3158
CHEMBL568776,0,0.6472255,3159
CHEMBL24975,0,0.6472255,3160
CHEMBL31645,0,0.6469555,3161
CHEMBL22696,0,0.646833,3162
CHEMBL14077,0,0.646621,3163
CHEMBL33892,0,0.646621,3164
CHEMBL9476,0,0.646255,3165
CHEMBL13384,0,0.64625156,3166
CHEMBL33283,0,0.6461105,3167
CHEMBL16580,0,0.6460765,3168
CHEMBL10471,0,0.64601386,3169
CHEMBL26366,0,0.64601386,3170
CHEMBL38775,0,0.64601386,3171
CHEMBL30305,0,0.64601386,3172
CHEMBL35579,0,0.64601386,3173
CHEMBL35865,0,0.64601386,3174
CHEMBL35981,0,0.64596903,3175
CHEMBL6981,0,0.64590836,3176
CHEMBL17366,0,0.64563847,3177
CHEMBL500021,0,0.64563847,3178
CHEMBL41140,0,0.64563847,3179
CHEMBL15875,0,0.6456095,3180
CHEMBL39653,0,0.645492,3181
CHEMBL4435619,0,0.645492,3182
CHEMBL32524,0,0.645492,3183
CHEMBL14255,0,0.645492,3184
CHEMBL26562,0,0.64532876,3185
CHEMBL3309321,0,0.64532876,3186
CHEMBL37792,0,0.64532876,3187
CHEMBL10331,0,0.64532876,3188
CHEMBL1163212,0,0.64532876,3189
CHEMBL42761,0,0.64521605,3190
CHEMBL34247,0,0.64521605,3191
CHEMBL10053,0,0.64521605,3192
CHEMBL33008,0,0.64521605,3193
CHEMBL25142,0,0.6447439,3194
CHEMBL23349,0,0.6442708,3195
CHEMBL14170,0,0.6442666,3196
CHEMBL39857,0,0.6440553,3197
CHEMBL37937,0,0.6440553,3198
CHEMBL36701,0,0.6440553,3199
CHEMBL1163363,0,0.6440553,3200
CHEMBL14769,0,0.6440553,3201
CHEMBL7467,0,0.6440553,3202
CHEMBL19848,0,0.6440553,3203
CHEMBL31278,0,0.6440553,3204
CHEMBL23878,0,0.6440553,3205
CHEMBL12163,0,0.6440553,3206
CHEMBL9318,0,0.6439383,3207
CHEMBL20920,0,0.6439383,3208
CHEMBL579595,0,0.6439383,3209
CHEMBL14300,0,0.64380187,3210
CHEMBL20090,0,0.6435198,3211
CHEMBL37324,0,0.6435198,3212
CHEMBL33166,0,0.6435198,3213
CHEMBL26189,0,0.64344364,3214
CHEMBL4435917,0,0.64344364,3215
CHEMBL7939,0,0.64344364,3216
CHEMBL9944,0,0.64344364,3217
CHEMBL10152,0,0.64344364,3218
CHEMBL20602,0,0.64344364,3219
CHEMBL23749,0,0.64344364,3220
CHEMBL18030,0,0.64344364,3221
CHEMBL13855,0,0.64344364,3222
CHEMBL39282,0,0.64344364,3223
CHEMBL34284,0,0.64344364,3224
CHEMBL8453,0,0.64344364,3225
CHEMBL13826,0,0.64344364,3226
CHEMBL42618,0,0.64344364,3227
CHEMBL8536,0,0.64344364,3228
CHEMBL7274,0,0.64344364,3229
CHEMBL11911,0,0.64344364,3230
CHEMBL1090597,0,0.64344364,3231
CHEMBL27310,0,0.64344364,3232
CHEMBL13018,0,0.64344364,3233
CHEMBL4436523,0,0.64344364,3234
CHEMBL16988,0,0.64344364,3235
CHEMBL14342,0,0.64344364,3236
CHEMBL41390,0,0.64344364,3237
CHEMBL13309,0,0.64344364,3238
CHEMBL17445,0,0.64344364,3239
CHEMBL18853,0,0.64344364,3240
CHEMBL30324,0,0.64344364,3241
CHEMBL3310220,0,0.64344364,3242
CHEMBL17736,0,0.64344364,3243
CHEMBL21150,0,0.64344364,3244
CHEMBL21170,0,0.64344364,3245
CHEMBL25976,0,0.64344364,3246
CHEMBL19816,0,0.64344364,3247
CHEMBL34934,0,0.64344364,3248
CHEMBL30901,0,0.64344364,3249
CHEMBL3309978,0,0.64344364,3250
CHEMBL37819,0,0.64344364,3251
CHEMBL3309979,0,0.64344364,3252
CHEMBL37802,0,0.64344364,3253
CHEMBL16929,0,0.64344364,3254
CHEMBL10066,0,0.64344364,3255
CHEMBL4436491,0,0.64344364,3256
CHEMBL42706,0,0.64344364,3257
CHEMBL4435286,0,0.64344364,3258
CHEMBL4435268,0,0.64344364,3259
CHEMBL12408,0,0.6433511,3260
CHEMBL37535,0,0.6428463,3261
CHEMBL14681,0,0.642773,3262
CHEMBL28847,0,0.6426699,3263
CHEMBL30073,0,0.6426699,3264
CHEMBL16832,0,0.6422043,3265
CHEMBL9755,0,0.6422043,3266
CHEMBL4435851,0,0.6422043,3267
CHEMBL3309535,0,0.6422043,3268
CHEMBL6983,0,0.6420734,3269
CHEMBL28553,0,0.6419572,3270
CHEMBL38362,0,0.6417891,3271
CHEMBL17168,0,0.6417543,3272
CHEMBL16410,0,0.641464,3273
CHEMBL4436589,0,0.6411344,3274
CHEMBL20194,0,0.6408627,3275
CHEMBL31290,0,0.64067763,3276
CHEMBL19599,0,0.64067763,3277
CHEMBL22247,0,0.64067763,3278
CHEMBL31038,0,0.64067763,3279
CHEMBL10109,0,0.6406736,3280
CHEMBL22083,0,0.6406736,3281
CHEMBL43186,0,0.6406736,3282
CHEMBL22937,0,0.64036006,3283
CHEMBL38677,0,0.64019614,3284
CHEMBL13036,0,0.64002,3285
CHEMBL17723,0,0.64002,3286
CHEMBL13037,0,0.64002,3287
CHEMBL32209,0,0.6398636,3288
CHEMBL12256,0,0.6398636,3289
CHEMBL583154,0,0.63963187,3290
CHEMBL11107,0,0.639563,3291
CHEMBL3309775,0,0.639563,3292
CHEMBL38634,0,0.63955647,3293
CHEMBL42514,0,0.63955176,3294
CHEMBL3311042,0,0.6387838,3295
CHEMBL4559958,0,0.6387738,3296
CHEMBL40373,0,0.6383242,3297
CHEMBL18669,0,0.6383242,3298
CHEMBL39621,0,0.6380873,3299
CHEMBL36952,0,0.6379649,3300
CHEMBL38880,0,0.6379649,3301
CHEMBL484581,0,0.63787085,3302
CHEMBL39289,0,0.63775235,3303
CHEMBL29066,0,0.637498,3304
CHEMBL35536,0,0.637498,3305
CHEMBL12498,1,0.637498,3306
CHEMBL37886,0,0.637498,3307
CHEMBL4559978,0,0.637498,3308
CHEMBL3310176,0,0.637498,3309
CHEMBL34816,0,0.637498,3310
CHEMBL19550,0,0.637498,3311
CHEMBL3311470,0,0.637498,3312
CHEMBL4543272,0,0.637498,3313
CHEMBL1187616,0,0.637498,3314
CHEMBL38216,0,0.637498,3315
CHEMBL17813,0,0.637498,3316
CHEMBL35758,0,0.637498,3317
CHEMBL41225,0,0.637498,3318
CHEMBL13624,0,0.637498,3319
CHEMBL19320,0,0.6374272,3320
CHEMBL10055,0,0.63678235,3321
CHEMBL19769,0,0.6366904,3322
CHEMBL264055,0,0.63664883,3323
CHEMBL21463,0,0.6362043,3324
CHEMBL24061,0,0.6362043,3325
CHEMBL608190,0,0.63616693,3326
CHEMBL4435057,0,0.63616693,3327
CHEMBL24229,0,0.63616693,3328
CHEMBL11890,0,0.63616693,3329
CHEMBL29076,0,0.63589996,3330
CHEMBL20469,0,0.63589996,3331
CHEMBL3311106,0,0.63589996,3332
CHEMBL36313,0,0.63589996,3333
CHEMBL26539,0,0.63589996,3334
CHEMBL25118,0,0.63589996,3335
CHEMBL9323,0,0.63589996,3336
CHEMBL25327,0,0.63589996,3337
CHEMBL3310305,0,0.63589996,3338
CHEMBL3309815,0,0.63589996,3339
CHEMBL15115,0,0.63589996,3340
CHEMBL26564,0,0.63589996,3341
CHEMBL14086,0,0.63589996,3342
CHEMBL35771,0,0.63589996,3343
CHEMBL4553675,0,0.63589996,3344
CHEMBL28312,0,0.63589996,3345
CHEMBL4435747,0,0.63589996,3346
CHEMBL25704,0,0.63589996,3347
CHEMBL9856,0,0.63589996,3348
CHEMBL21591,0,0.63589996,3349
CHEMBL12430,0,0.63589996,3350
CHEMBL21091,0,0.63589996,3351
CHEMBL18703,0,0.63589996,3352
CHEMBL33085,0,0.6358968,3353
CHEMBL13333,0,0.6357416,3354
CHEMBL28593,0,0.6357416,3355
CHEMBL33554,0,0.6357416,3356
CHEMBL15470,0,0.6357416,3357
CHEMBL9781,0,0.6357416,3358
CHEMBL27790,0,0.6357416,3359
CHEMBL23672,0,0.63571167,3360
CHEMBL10772,0,0.63571167,3361
CHEMBL4435155,0,0.63567936,3362
CHEMBL23850,0,0.6356314,3363
CHEMBL10448,0,0.6352284,3364
CHEMBL15281,0,0.6352284,3365
CHEMBL20505,0,0.63519746,3366
CHEMBL559228,0,0.63490754,3367
CHEMBL35030,0,0.6345854,3368
CHEMBL24981,0,0.6345854,3369
CHEMBL4116138,0,0.6345854,3370
CHEMBL18754,0,0.6343054,3371
CHEMBL14345,0,0.6341776,3372
CHEMBL7443,0,0.63416713,3373
CHEMBL34498,0,0.6341541,3374
CHEMBL41100,0,0.634065,3375
CHEMBL18529,0,0.634065,3376
CHEMBL15941,0,0.634065,3377
CHEMBL20301,0,0.634065,3378
CHEMBL37219,0,0.63403434,3379
CHEMBL37509,0,0.6339553,3380
CHEMBL29986,0,0.6339553,3381
CHEMBL21613,0,0.6339553,3382
CHEMBL3309909,0,0.6334574,3383
CHEMBL22838,0,0.6334574,3384
CHEMBL24483,0,0.6334287,3385
CHEMBL9524,0,0.6331667,3386
CHEMBL9884,0,0.6331481,3387
CHEMBL3309785,0,0.63312757,3388
CHEMBL28158,0,0.6323024,3389
CHEMBL13681,0,0.6323024,3390
CHEMBL39933,0,0.6323024,3391
CHEMBL17986,0,0.6323024,3392
CHEMBL24007,0,0.6323024,3393
CHEMBL22757,0,0.6323024,3394
CHEMBL3311044,0,0.6323024,3395
CHEMBL22848,0,0.6323024,3396
CHEMBL3310377,0,0.6323024,3397
CHEMBL18164,0,0.6323024,3398
CHEMBL39370,0,0.6323024,3399
CHEMBL26742,0,0.6323024,3400
CHEMBL24303,0,0.6323024,3401
CHEMBL3310381,0,0.6323024,3402
CHEMBL3310380,0,0.6323024,3403
CHEMBL25237,0,0.63201106,3404
CHEMBL17493,0,0.6316816,3405
CHEMBL10953,0,0.6316816,3406
CHEMBL10673,0,0.6316816,3407
CHEMBL28474,0,0.6316816,3408
CHEMBL19913,0,0.6316483,3409
CHEMBL18295,0,0.6316483,3410
CHEMBL4435300,0,0.6314916,3411
CHEMBL38418,0,0.63138443,3412
CHEMBL36977,0,0.6311657,3413
CHEMBL712,0,0.63103473,3414
CHEMBL4543356,0,0.6306099,3415
CHEMBL16303,0,0.6306099,3416
CHEMBL20685,0,0.630581,3417
CHEMBL7803,0,0.6305208,3418
CHEMBL3310767,0,0.6305208,3419
CHEMBL12961,0,0.6305208,3420
CHEMBL30358,0,0.6305208,3421
CHEMBL7358,0,0.63024133,3422
CHEMBL14514,0,0.63024133,3423
CHEMBL7389,0,0.63024133,3424
CHEMBL12340,0,0.63024133,3425
CHEMBL16035,0,0.63024133,3426
CHEMBL16464,0,0.63024133,3427
CHEMBL19658,0,0.63024133,3428
CHEMBL31131,0,0.63024133,3429
CHEMBL7114,0,0.63024133,3430
CHEMBL35085,0,0.63024133,3431
CHEMBL17832,0,0.63024133,3432
CHEMBL19275,0,0.63024133,3433
CHEMBL23201,0,0.63024133,3434
CHEMBL6975,0,0.63024133,3435
CHEMBL22439,0,0.63024133,3436
CHEMBL12427,0,0.63024133,3437
CHEMBL25412,0,0.63024133,3438
CHEMBL4435320,0,0.63014984,3439
CHEMBL16458,0,0.6295567,3440
CHEMBL26518,0,0.6295567,3441
CHEMBL14784,0,0.6295567,3442
CHEMBL17314,0,0.62944555,3443
CHEMBL26018,0,0.62944555,3444
CHEMBL1163490,0,0.62944555,3445
CHEMBL17699,0,0.62944555,3446
CHEMBL3309486,0,0.62901884,3447
CHEMBL36041,0,0.62849116,3448
CHEMBL491,0,0.62849116,3449
CHEMBL25895,0,0.62849116,3450
CHEMBL20722,0,0.62849116,3451
CHEMBL1187952,0,0.62849116,3452
CHEMBL22492,0,0.62849116,3453
CHEMBL37577,0,0.62849116,3454
CHEMBL4435986,0,0.62849116,3455
CHEMBL23453,0,0.62849116,3456
CHEMBL10978,0,0.62849116,3457
CHEMBL37673,0,0.62849116,3458
CHEMBL32730,0,0.62849116,3459
CHEMBL11203,0,0.62849116,3460
CHEMBL42377,0,0.62849116,3461
CHEMBL38873,0,0.62849116,3462
CHEMBL31887,0,0.62849116,3463
CHEMBL40631,0,0.62849116,3464
CHEMBL24155,0,0.62849116,3465
CHEMBL20854,0,0.62849116,3466
CHEMBL3310953,0,0.62849116,3467
CHEMBL30694,0,0.62826943,3468
CHEMBL21118,0,0.62826943,3469
CHEMBL1189963,0,0.62826943,3470
CHEMBL29422,0,0.62826943,3471
CHEMBL35481,0,0.62826943,3472
CHEMBL34140,0,0.62826943,3473
CHEMBL40741,0,0.62826943,3474
CHEMBL20763,0,0.62826943,3475
CHEMBL1187588,0,0.62826943,3476
CHEMBL37001,0,0.62800425,3477
CHEMBL35136,0,0.62787646,3478
CHEMBL28097,0,0.6278285,3479
CHEMBL27956,0,0.6278285,3480
CHEMBL36796,0,0.62758356,3481
CHEMBL18905,0,0.62758356,3482
CHEMBL3311219,0,0.6275296,3483
CHEMBL31977,0,0.6273317,3484
CHEMBL31174,0,0.6273317,3485
CHEMBL21638,0,0.6273317,3486
CHEMBL20446,0,0.6273317,3487
CHEMBL14905,0,0.6273149,3488
CHEMBL4559976,0,0.627196,3489
CHEMBL24985,0,0.6270812,3490
CHEMBL9503,0,0.6270812,3491
CHEMBL38981,0,0.6270812,3492
CHEMBL10396,0,0.62695736,3493
CHEMBL17522,0,0.62695736,3494
CHEMBL27902,0,0.62695736,3495
CHEMBL9585,0,0.62695736,3496
CHEMBL10387,0,0.62690353,3497
CHEMBL35511,0,0.6268859,3498
CHEMBL36476,0,0.62660444,3499
CHEMBL26836,0,0.6265161,3500
CHEMBL27752,0,0.6265161,3501
CHEMBL28995,0,0.6265161,3502
CHEMBL23162,0,0.6265161,3503
CHEMBL9004,0,0.62637514,3504
CHEMBL18361,0,0.62630755,3505
CHEMBL17116,0,0.62630755,3506
CHEMBL37225,0,0.62630755,3507
CHEMBL35791,0,0.62630755,3508
CHEMBL3309767,0,0.62630755,3509
CHEMBL33891,0,0.62630755,3510
CHEMBL16681,0,0.62630755,3511
CHEMBL37110,0,0.62608945,3512
CHEMBL10702,0,0.62608945,3513
CHEMBL24295,0,0.62574506,3514
CHEMBL11983,0,0.6254581,3515
CHEMBL17302,0,0.6254581,3516
CHEMBL4436108,0,0.6254581,3517
CHEMBL11045,0,0.6252956,3518
CHEMBL4435045,0,0.6248421,3519
CHEMBL40269,0,0.6248421,3520
CHEMBL4543306,0,0.62432176,3521
CHEMBL22125,0,0.6242844,3522
CHEMBL38620,0,0.62423503,3523
CHEMBL26514,0,0.6239467,3524
CHEMBL3310303,0,0.62388027,3525
CHEMBL25945,0,0.62388027,3526
CHEMBL6328,0,0.62388027,3527
CHEMBL20538,0,0.62388027,3528
CHEMBL23416,0,0.62388027,3529
CHEMBL23234,0,0.62388027,3530
CHEMBL3310203,0,0.62388027,3531
CHEMBL6496,0,0.62388027,3532
CHEMBL24435,0,0.62388027,3533
CHEMBL11691,0,0.62388027,3534
CHEMBL42349,0,0.62388027,3535
CHEMBL4435535,0,0.62388027,3536
CHEMBL28143,0,0.62388027,3537
CHEMBL6795,0,0.62388027,3538
CHEMBL10187,0,0.62388027,3539
CHEMBL31883,0,0.62388027,3540
CHEMBL35942,0,0.62388027,3541
CHEMBL32468,0,0.62388027,3542
CHEMBL8542,0,0.62388027,3543
CHEMBL9109,0,0.62388027,3544
CHEMBL36989,0,0.62388027,3545
CHEMBL15985,0,0.62388027,3546
CHEMBL39179,0,0.62388027,3547
CHEMBL38215,0,0.62388027,3548
CHEMBL16718,0,0.62388027,3549
CHEMBL38321,0,0.62388027,3550
CHEMBL15147,0,0.6236191,3551
CHEMBL30216,0,0.6236191,3552
CHEMBL3309526,0,0.6236191,3553
CHEMBL31804,0,0.6236191,3554
CHEMBL3310781,0,0.6236191,3555
CHEMBL4543475,0,0.6236191,3556
CHEMBL35777,0,0.6236191,3557
CHEMBL16314,0,0.6236191,3558
CHEMBL28997,0,0.6236191,3559
CHEMBL20291,0,0.6236191,3560
CHEMBL40984,0,0.6236191,3561
CHEMBL38123,0,0.6236191,3562
CHEMBL35721,0,0.6236191,3563
CHEMBL28138,0,0.6236191,3564
CHEMBL39641,0,0.6236191,3565
CHEMBL27728,0,0.6236191,3566
CHEMBL23399,0,0.6236191,3567
CHEMBL13197,0,0.6236191,3568
CHEMBL30092,0,0.6236191,3569
CHEMBL28598,0,0.6236191,3570
CHEMBL41310,0,0.6236191,3571
CHEMBL4116100,0,0.6236191,3572
CHEMBL4303151,0,0.6236191,3573
CHEMBL23251,0,0.62349623,3574
CHEMBL34352,0,0.6234567,3575
CHEMBL4435176,0,0.6234074,3576
CHEMBL38260,0,0.62337023,3577
CHEMBL4543365,0,0.6232771,3578
CHEMBL11187,0,0.6230431,3579
CHEMBL3310450,0,0.6227204,3580
CHEMBL32830,0,0.6227204,3581
CHEMBL21688,0,0.6227204,3582
CHEMBL23238,0,0.6227204,3583
CHEMBL13102,1,0.6227204,3584
CHEMBL12188,1,0.6227204,3585
CHEMBL581928,0,0.6227204,3586
CHEMBL37234,0,0.62271154,3587
CHEMBL37991,0,0.6226631,3588
CHEMBL12686,1,0.6226631,3589
CHEMBL38713,0,0.6226631,3590
CHEMBL21786,0,0.6226631,3591
CHEMBL8861,0,0.6226631,3592
CHEMBL22120,0,0.6226631,3593
CHEMBL8344,0,0.6226631,3594
CHEMBL13381,0,0.6226631,3595
CHEMBL24459,0,0.62252474,3596
CHEMBL1163380,0,0.62252474,3597
CHEMBL38930,0,0.62252474,3598
CHEMBL19537,0,0.62252474,3599
CHEMBL32916,0,0.62252474,3600
CHEMBL40002,0,0.62252474,3601
CHEMBL4435620,0,0.62252474,3602
CHEMBL33706,0,0.62252474,3603
CHEMBL25680,0,0.62252474,3604
CHEMBL10248,0,0.62252474,3605
CHEMBL10432,0,0.62252474,3606
CHEMBL9481,0,0.6225203,3607
CHEMBL4434834,0,0.6225203,3608
CHEMBL39172,0,0.6225203,3609
CHEMBL4434944,0,0.6225203,3610
CHEMBL13458,0,0.6225203,3611
CHEMBL36751,0,0.6225203,3612
CHEMBL7567,0,0.6225203,3613
CHEMBL35191,0,0.6225203,3614
CHEMBL35309,0,0.6225203,3615
CHEMBL33332,0,0.6225203,3616
CHEMBL539611,0,0.6223737,3617
CHEMBL20908,0,0.62215316,3618
CHEMBL41939,0,0.62215316,3619
CHEMBL18589,0,0.6216987,3620
CHEMBL16421,0,0.6216459,3621
CHEMBL38328,0,0.6215022,3622
CHEMBL14161,0,0.6215022,3623
CHEMBL40530,0,0.6215022,3624
CHEMBL9420,0,0.6212259,3625
CHEMBL31833,0,0.6208249,3626
CHEMBL6344,0,0.6207066,3627
CHEMBL42357,0,0.62070113,3628
CHEMBL31864,0,0.62070113,3629
CHEMBL37948,0,0.62070113,3630
CHEMBL30013,0,0.62070113,3631
CHEMBL11439,0,0.62070113,3632
CHEMBL18005,0,0.62070113,3633
CHEMBL18473,0,0.62070113,3634
CHEMBL21410,0,0.62070113,3635
CHEMBL20900,0,0.62070113,3636
CHEMBL557764,0,0.62070113,3637
CHEMBL31362,0,0.62070113,3638
CHEMBL25530,0,0.62070113,3639
CHEMBL3310782,0,0.62070113,3640
CHEMBL24200,0,0.62070113,3641
CHEMBL23499,0,0.62070113,3642
CHEMBL7103,0,0.62070113,3643
CHEMBL1163528,0,0.62070113,3644
CHEMBL1087095,0,0.62070113,3645
CHEMBL18500,0,0.62070113,3646
CHEMBL17178,0,0.62070113,3647
CHEMBL18093,0,0.62070113,3648
CHEMBL27630,0,0.62070113,3649
CHEMBL28343,0,0.62070113,3650
CHEMBL33103,0,0.62049913,3651
CHEMBL29617,0,0.62033516,3652
CHEMBL4436499,0,0.6203263,3653
CHEMBL38973,0,0.62020445,3654
CHEMBL12402,0,0.62020445,3655
CHEMBL19647,0,0.6201203,3656
CHEMBL28594,0,0.6199357,3657
CHEMBL3310028,0,0.6194085,3658
CHEMBL10843,0,0.6194085,3659
CHEMBL10708,0,0.6193866,3660
CHEMBL41291,0,0.6193866,3661
CHEMBL11714,0,0.6192872,3662
CHEMBL14262,0,0.6192083,3663
CHEMBL3311240,0,0.6192083,3664
CHEMBL4116157,0,0.6192083,3665
CHEMBL4434782,0,0.6192083,3666
CHEMBL18023,0,0.6192083,3667
CHEMBL35349,0,0.6192083,3668
CHEMBL23532,0,0.6192083,3669
CHEMBL13659,0,0.6192083,3670
CHEMBL4435976,0,0.6192083,3671
CHEMBL14734,0,0.6192083,3672
CHEMBL21839,0,0.6192083,3673
CHEMBL19443,0,0.6192083,3674
CHEMBL4559989,0,0.6192083,3675
CHEMBL32170,0,0.6192083,3676
CHEMBL35303,0,0.6192083,3677
CHEMBL8015,0,0.6192083,3678
CHEMBL32266,0,0.6192083,3679
CHEMBL36512,0,0.6192083,3680
CHEMBL37447,0,0.6192083,3681
CHEMBL9890,0,0.6192083,3682
CHEMBL26839,0,0.6192083,3683
CHEMBL20083,0,0.6192083,3684
CHEMBL4436118,0,0.6192083,3685
CHEMBL27921,0,0.6192083,3686
CHEMBL4435421,0,0.6192083,3687
CHEMBL25107,0,0.6192083,3688
CHEMBL19055,0,0.6192083,3689
CHEMBL35130,0,0.6192083,3690
CHEMBL17944,0,0.6192083,3691
CHEMBL4435442,0,0.6192083,3692
CHEMBL4435408,0,0.6192083,3693
CHEMBL28543,0,0.6192083,3694
CHEMBL267832,0,0.6192083,3695
CHEMBL34858,0,0.6192083,3696
CHEMBL34859,0,0.6192083,3697
CHEMBL6676,0,0.6192083,3698
CHEMBL584773,0,0.6192083,3699
CHEMBL36077,0,0.6192083,3700
CHEMBL36920,0,0.6192083,3701
CHEMBL19790,0,0.6192083,3702
CHEMBL3309284,0,0.6192083,3703
CHEMBL15585,0,0.6192083,3704
CHEMBL3310670,0,0.6192083,3705
CHEMBL37982,0,0.6192083,3706
CHEMBL30364,0,0.6192083,3707
CHEMBL10198,0,0.6192083,3708
CHEMBL13834,0,0.6192083,3709
CHEMBL1163540,0,0.6192083,3710
CHEMBL38317,0,0.6192083,3711
CHEMBL4435668,0,0.6192083,3712
CHEMBL4434882,0,0.6192083,3713
CHEMBL19966,0,0.6192083,3714
CHEMBL25382,0,0.6192083,3715
CHEMBL7377,0,0.6192083,3716
CHEMBL35258,0,0.6192083,3717
CHEMBL39644,0,0.6192083,3718
CHEMBL22129,0,0.6192083,3719
CHEMBL3309529,0,0.6192083,3720
CHEMBL554586,0,0.6192083,3721
CHEMBL33413,0,0.6192083,3722
CHEMBL16541,0,0.6192083,3723
CHEMBL3310858,0,0.6192083,3724
CHEMBL34886,0,0.6192083,3725
CHEMBL32508,0,0.6192083,3726
CHEMBL3309873,0,0.61915064,3727
CHEMBL4435296,0,0.6191243,3728
CHEMBL4435905,0,0.61897844,3729
CHEMBL4553128,0,0.6188868,3730
CHEMBL34993,0,0.6186482,3731
CHEMBL20098,0,0.618586,3732
CHEMBL10823,0,0.618586,3733
CHEMBL26095,0,0.6183413,3734
CHEMBL17207,0,0.6182819,3735
CHEMBL27715,0,0.6182819,3736
CHEMBL19095,0,0.6182479,3737
CHEMBL24403,0,0.6182479,3738
CHEMBL25606,0,0.6182479,3739
CHEMBL21631,0,0.6182479,3740
CHEMBL7067,0,0.6182479,3741
CHEMBL37438,0,0.6182479,3742
CHEMBL3311425,0,0.6182479,3743
CHEMBL34776,0,0.6182479,3744
CHEMBL25799,0,0.6182479,3745
CHEMBL37889,0,0.6182479,3746
CHEMBL23946,0,0.6182479,3747
CHEMBL37064,0,0.6182479,3748
CHEMBL19977,0,0.6182479,3749
CHEMBL21689,0,0.6182479,3750
CHEMBL15597,0,0.6182479,3751
CHEMBL25724,0,0.6182479,3752
CHEMBL11305,0,0.6182479,3753
CHEMBL10008,0,0.6182479,3754
CHEMBL32590,0,0.6182479,3755
CHEMBL9278,0,0.6182479,3756
CHEMBL26896,0,0.6182479,3757
CHEMBL42766,0,0.6182479,3758
CHEMBL38342,0,0.6182479,3759
CHEMBL1163286,0,0.6182479,3760
CHEMBL3310311,0,0.6182479,3761
CHEMBL26464,0,0.6182479,3762
CHEMBL4436176,0,0.6182479,3763
CHEMBL4436213,0,0.6182479,3764
CHEMBL4434790,0,0.6182479,3765
CHEMBL18061,0,0.6182479,3766
CHEMBL33964,0,0.6182479,3767
CHEMBL4435097,0,0.6182479,3768
CHEMBL36986,0,0.6182479,3769
CHEMBL23495,0,0.6182479,3770
CHEMBL37654,0,0.6182479,3771
CHEMBL38663,0,0.6182479,3772
CHEMBL18156,0,0.6182479,3773
CHEMBL6317,0,0.6182479,3774
CHEMBL25940,0,0.6182479,3775
CHEMBL24414,0,0.6182479,3776
CHEMBL24232,0,0.6182479,3777
CHEMBL15982,0,0.6182479,3778
CHEMBL21983,0,0.6182479,3779
CHEMBL43675,0,0.6182479,3780
CHEMBL4116001,0,0.6182479,3781
CHEMBL3309795,0,0.6182479,3782
CHEMBL22575,0,0.6182479,3783
CHEMBL29130,0,0.6182479,3784
CHEMBL38005,0,0.6182479,3785
CHEMBL29000,0,0.6182479,3786
CHEMBL35248,0,0.6182479,3787
CHEMBL4436160,0,0.6182479,3788
CHEMBL43025,0,0.6182479,3789
CHEMBL34263,0,0.6182479,3790
CHEMBL18410,0,0.6182479,3791
CHEMBL38079,0,0.6182479,3792
CHEMBL3309869,0,0.6182479,3793
CHEMBL17868,0,0.6182479,3794
CHEMBL11865,0,0.6182479,3795
CHEMBL35270,0,0.6179989,3796
CHEMBL4435394,0,0.6179989,3797
CHEMBL40119,0,0.61774474,3798
CHEMBL8912,0,0.61774474,3799
CHEMBL4435558,0,0.61774474,3800
CHEMBL10615,0,0.61774474,3801
CHEMBL14861,0,0.6176612,3802
CHEMBL29679,0,0.6176612,3803
CHEMBL440981,0,0.6176251,3804
CHEMBL37493,0,0.6176251,3805
CHEMBL17979,0,0.6176251,3806
CHEMBL16165,0,0.6176251,3807
CHEMBL41606,0,0.6176251,3808
CHEMBL12450,1,0.6176251,3809
CHEMBL21515,0,0.6176251,3810
CHEMBL37431,0,0.6176251,3811
CHEMBL3310218,0,0.6176251,3812
CHEMBL15368,0,0.6176251,3813
CHEMBL7698,0,0.6176251,3814
CHEMBL42611,0,0.6176251,3815
CHEMBL1189522,0,0.6176251,3816
CHEMBL4435498,0,0.6176251,3817
CHEMBL4543291,0,0.6176251,3818
CHEMBL4435082,0,0.6176251,3819
CHEMBL4435481,0,0.6176251,3820
CHEMBL15261,0,0.6176251,3821
CHEMBL21012,0,0.6176251,3822
CHEMBL33728,0,0.6176251,3823
CHEMBL30215,0,0.6176251,3824
CHEMBL11946,0,0.6176251,3825
CHEMBL36361,0,0.6176251,3826
CHEMBL41351,0,0.6176251,3827
CHEMBL4543308,0,0.6176251,3828
CHEMBL7124,0,0.6176251,3829
CHEMBL41402,0,0.6176251,3830
CHEMBL6487,0,0.6176251,3831
CHEMBL15425,0,0.6176251,3832
CHEMBL1182365,0,0.6176251,3833
CHEMBL3309598,0,0.6176251,3834
CHEMBL3309531,0,0.6176251,3835
CHEMBL28287,0,0.6176251,3836
CHEMBL33934,0,0.6176251,3837
CHEMBL3311455,0,0.6176251,3838
CHEMBL42933,0,0.6176251,3839
CHEMBL32164,0,0.6176251,3840
CHEMBL39953,0,0.6176251,3841
CHEMBL30957,0,0.6176251,3842
CHEMBL7106,0,0.6176251,3843
CHEMBL18873,0,0.6176251,3844
CHEMBL12054,0,0.6176251,3845
CHEMBL9886,0,0.6176251,3846
CHEMBL37753,0,0.6176251,3847
CHEMBL38582,0,0.6176251,3848
CHEMBL4116116,0,0.6176251,3849
CHEMBL14719,0,0.6176251,3850
CHEMBL36919,0,0.6176251,3851
CHEMBL3310714,0,0.6176251,3852
CHEMBL16643,0,0.6176251,3853
CHEMBL28425,0,0.6176251,3854
CHEMBL4434747,0,0.6176251,3855
CHEMBL29221,0,0.6176251,3856
CHEMBL38684,0,0.6176251,3857
CHEMBL3309883,0,0.6176251,3858
CHEMBL19343,0,0.6176251,3859
CHEMBL36695,0,0.6176251,3860
CHEMBL3309770,0,0.6176251,3861
CHEMBL1203132,0,0.6176251,3862
CHEMBL14589,0,0.6176251,3863
CHEMBL21199,0,0.6176251,3864
CHEMBL1782793,0,0.6176251,3865
CHEMBL4436365,0,0.6176251,3866
CHEMBL27650,0,0.6176251,3867
CHEMBL9928,0,0.6176251,3868
CHEMBL17675,0,0.6176251,3869
CHEMBL31396,0,0.6176251,3870
CHEMBL43749,0,0.6176251,3871
CHEMBL10327,0,0.6176251,3872
CHEMBL34750,0,0.6176251,3873
CHEMBL22319,0,0.61744833,3874
CHEMBL13689,0,0.61744833,3875
CHEMBL9183,0,0.61744833,3876
CHEMBL31459,0,0.61740166,3877
CHEMBL39591,0,0.61740166,3878
CHEMBL34741,0,0.61740166,3879
CHEMBL18432,0,0.61740166,3880
CHEMBL4436266,0,0.61740166,3881
CHEMBL36234,0,0.61740166,3882
CHEMBL4436194,0,0.61740166,3883
CHEMBL14760,0,0.61740166,3884
CHEMBL21411,0,0.61740166,3885
CHEMBL3309830,0,0.61740166,3886
CHEMBL40955,0,0.61740166,3887
CHEMBL10935,0,0.61740166,3888
CHEMBL22123,0,0.61740166,3889
CHEMBL3309442,0,0.61740166,3890
CHEMBL39203,0,0.61740166,3891
CHEMBL22535,0,0.61740166,3892
CHEMBL20473,0,0.61740166,3893
CHEMBL23270,0,0.61740166,3894
CHEMBL11821,0,0.61740166,3895
CHEMBL10095,0,0.61740166,3896
CHEMBL11939,0,0.61740166,3897
CHEMBL37239,0,0.61740166,3898
CHEMBL17139,0,0.61740166,3899
CHEMBL42105,0,0.61740166,3900
CHEMBL1163132,0,0.61740166,3901
CHEMBL12946,0,0.61740166,3902
CHEMBL4543347,0,0.61740166,3903
CHEMBL1160322,0,0.61740166,3904
CHEMBL30323,0,0.61740166,3905
CHEMBL19523,0,0.61740166,3906
CHEMBL14510,0,0.61740166,3907
CHEMBL41212,0,0.61740166,3908
CHEMBL36889,0,0.61740166,3909
CHEMBL21393,0,0.61740166,3910
CHEMBL35243,0,0.61740166,3911
CHEMBL32364,0,0.61740166,3912
CHEMBL3309326,0,0.61740166,3913
CHEMBL26477,0,0.61724895,3914
CHEMBL3309835,0,0.61724895,3915
CHEMBL28204,0,0.61724895,3916
CHEMBL534251,0,0.61724895,3917
CHEMBL35247,0,0.6170349,3918
CHEMBL19945,0,0.6170349,3919
CHEMBL26420,0,0.6170349,3920
CHEMBL14348,0,0.6169429,3921
CHEMBL9610,0,0.6169429,3922
CHEMBL36325,0,0.6169429,3923
CHEMBL9642,0,0.61651206,3924
CHEMBL21051,0,0.61651206,3925
CHEMBL4436000,0,0.61651206,3926
CHEMBL37871,0,0.61651206,3927
CHEMBL26889,0,0.61651206,3928
CHEMBL14538,0,0.61651206,3929
CHEMBL37416,0,0.61651206,3930
CHEMBL36060,1,0.61614853,3931
CHEMBL14156,0,0.61614853,3932
CHEMBL16845,0,0.61614853,3933
CHEMBL38597,0,0.61614853,3934
CHEMBL8910,0,0.61614853,3935
CHEMBL3310789,0,0.61614853,3936
CHEMBL4435775,0,0.61614853,3937
CHEMBL37586,0,0.61614853,3938
CHEMBL12527,0,0.61614853,3939
CHEMBL37396,0,0.61614853,3940
CHEMBL40542,0,0.61614853,3941
CHEMBL16815,0,0.61614853,3942
CHEMBL30064,0,0.6159009,3943
CHEMBL23325,0,0.61586905,3944
CHEMBL41649,0,0.6156499,3945
CHEMBL501618,0,0.6155959,3946
CHEMBL3311351,0,0.6155959,3947
CHEMBL1075896,0,0.6154648,3948
CHEMBL12701,0,0.6154261,3949
CHEMBL9930,0,0.6153235,3950
CHEMBL21103,0,0.6153235,3951
CHEMBL22128,0,0.6153235,3952
CHEMBL558162,0,0.6153235,3953
CHEMBL40161,0,0.6153235,3954
CHEMBL34693,0,0.6153235,3955
CHEMBL38966,0,0.6153235,3956
CHEMBL14495,0,0.6153235,3957
CHEMBL8482,0,0.6153235,3958
CHEMBL41621,0,0.61525446,3959
CHEMBL39297,0,0.6151859,3960
CHEMBL29219,0,0.6150059,3961
CHEMBL472,0,0.6148453,3962
CHEMBL7572,0,0.6148453,3963
CHEMBL34057,0,0.6148453,3964
CHEMBL18337,0,0.6148453,3965
CHEMBL17679,0,0.6148453,3966
CHEMBL16564,0,0.6148453,3967
CHEMBL6362,0,0.61448365,3968
CHEMBL34887,0,0.61448365,3969
CHEMBL37672,0,0.61448365,3970
CHEMBL20287,0,0.6143325,3971
CHEMBL10039,0,0.6143325,3972
CHEMBL21305,0,0.6143325,3973
CHEMBL39776,0,0.61379987,3974
CHEMBL8020,0,0.613769,3975
CHEMBL1097634,0,0.613769,3976
CHEMBL31184,0,0.613769,3977
CHEMBL24026,0,0.6137515,3978
CHEMBL32592,0,0.6137515,3979
CHEMBL3310678,0,0.6136707,3980
CHEMBL153812,0,0.6133139,3981
CHEMBL21369,0,0.61323935,3982
CHEMBL42396,0,0.613179,3983
CHEMBL17220,0,0.613179,3984
CHEMBL4543468,0,0.6130926,3985
CHEMBL32401,0,0.6130926,3986
CHEMBL33161,0,0.6130926,3987
CHEMBL17365,0,0.6128519,3988
CHEMBL4543384,0,0.61279964,3989
CHEMBL12909,0,0.61217445,3990
CHEMBL22172,0,0.61185163,3991
CHEMBL29621,0,0.61183125,3992
CHEMBL9840,0,0.6116771,3993
CHEMBL3310261,0,0.6116771,3994
CHEMBL20205,0,0.6115827,3995
CHEMBL7016,0,0.6115827,3996
CHEMBL33708,0,0.6115827,3997
CHEMBL25501,0,0.61152744,3998
CHEMBL23753,0,0.6115208,3999
CHEMBL7398,0,0.6115208,4000
CHEMBL540662,0,0.6115208,4001
CHEMBL3310357,0,0.6115208,4002
CHEMBL14393,0,0.6115208,4003
CHEMBL13982,0,0.61135525,4004
CHEMBL8802,0,0.6113219,4005
CHEMBL40445,0,0.6113219,4006
CHEMBL7807,0,0.6113219,4007
CHEMBL3311465,0,0.6113219,4008
CHEMBL34397,0,0.6113219,4009
CHEMBL28622,0,0.6113219,4010
CHEMBL10678,0,0.61126053,4011
CHEMBL21561,0,0.6111979,4012
CHEMBL10311,0,0.61116,4013
CHEMBL4435189,0,0.61116,4014
CHEMBL16324,0,0.61116,4015
CHEMBL39176,0,0.61105424,4016
CHEMBL41823,0,0.610953,4017
CHEMBL29031,0,0.610953,4018
CHEMBL18247,0,0.6106675,4019
CHEMBL7357,0,0.6106675,4020
CHEMBL28828,0,0.6106675,4021
CHEMBL40734,0,0.6106675,4022
CHEMBL35410,0,0.6106675,4023
CHEMBL14790,0,0.61048204,4024
CHEMBL34811,0,0.61048204,4025
CHEMBL33715,0,0.61048204,4026
CHEMBL12134,0,0.61044407,4027
CHEMBL33693,0,0.61044407,4028
CHEMBL31282,0,0.61044407,4029
CHEMBL39746,0,0.61044407,4030
CHEMBL30155,0,0.61024266,4031
CHEMBL3309638,0,0.6102252,4032
CHEMBL15300,0,0.6102252,4033
CHEMBL32957,0,0.6102252,4034
CHEMBL26714,0,0.6102252,4035
CHEMBL24154,0,0.6102252,4036
CHEMBL35282,0,0.6100401,4037
CHEMBL30763,0,0.6099171,4038
CHEMBL8783,0,0.6099171,4039
CHEMBL34938,0,0.6099171,4040
CHEMBL19113,0,0.60990375,4041
CHEMBL36579,0,0.60980767,4042
CHEMBL6991,0,0.60980767,4043
CHEMBL4436337,0,0.60980767,4044
CHEMBL10868,0,0.6096955,4045
CHEMBL32343,0,0.6095014,4046
CHEMBL36809,0,0.60938895,4047
CHEMBL19491,0,0.6092975,4048
CHEMBL31898,0,0.6092975,4049
CHEMBL6551,0,0.6092975,4050
CHEMBL9876,0,0.6092975,4051
CHEMBL33431,0,0.6092975,4052
CHEMBL13505,0,0.6092975,4053
CHEMBL27196,0,0.6092975,4054
CHEMBL36045,0,0.6092975,4055
CHEMBL36386,0,0.6092975,4056
CHEMBL30198,0,0.6092975,4057
CHEMBL15246,0,0.6092975,4058
CHEMBL28891,0,0.6092975,4059
CHEMBL592890,0,0.6092975,4060
CHEMBL18440,0,0.6092975,4061
CHEMBL8692,0,0.6092975,4062
CHEMBL7779,0,0.6092975,4063
CHEMBL22691,0,0.6092975,4064
CHEMBL9015,0,0.6092975,4065
CHEMBL18903,0,0.6092975,4066
CHEMBL8617,0,0.6092975,4067
CHEMBL10895,0,0.6092975,4068
CHEMBL572517,0,0.6092975,4069
CHEMBL23647,0,0.6092975,4070
CHEMBL22075,0,0.6092975,4071
CHEMBL3309769,0,0.6092975,4072
CHEMBL4434810,0,0.6092975,4073
CHEMBL4435368,0,0.6092975,4074
CHEMBL31357,0,0.6092975,4075
CHEMBL15375,0,0.6092975,4076
CHEMBL4434745,0,0.6092975,4077
CHEMBL13637,0,0.6092975,4078
CHEMBL15805,0,0.6092975,4079
CHEMBL4435206,0,0.6092975,4080
CHEMBL36024,0,0.6092975,4081
CHEMBL4543218,0,0.6092975,4082
CHEMBL38481,0,0.6092975,4083
CHEMBL9796,0,0.6092975,4084
CHEMBL10668,0,0.60918784,4085
CHEMBL16223,0,0.60916823,4086
CHEMBL11340,0,0.60913247,4087
CHEMBL37131,0,0.60913247,4088
CHEMBL37319,0,0.60913247,4089
CHEMBL25493,0,0.60913247,4090
CHEMBL32965,0,0.6089669,4091
CHEMBL17258,0,0.6088352,4092
CHEMBL18042,0,0.60862184,4093
CHEMBL11940,0,0.6084621,4094
CHEMBL40993,0,0.6084621,4095
CHEMBL4435214,0,0.6084621,4096
CHEMBL25615,0,0.6084621,4097
CHEMBL30123,0,0.6084621,4098
CHEMBL30008,0,0.6084621,4099
CHEMBL19416,0,0.60845184,4100
CHEMBL32148,0,0.60845184,4101
CHEMBL17973,0,0.6084011,4102
CHEMBL12130,0,0.6084011,4103
CHEMBL24269,0,0.6084011,4104
CHEMBL37826,0,0.6084011,4105
CHEMBL12702,0,0.6084011,4106
CHEMBL29211,0,0.6084011,4107
CHEMBL30023,0,0.6084011,4108
CHEMBL24809,0,0.6084011,4109
CHEMBL30054,0,0.6084011,4110
CHEMBL33299,0,0.6084011,4111
CHEMBL13222,0,0.6083359,4112
CHEMBL38477,0,0.6081083,4113
CHEMBL20825,0,0.6080775,4114
CHEMBL4543342,0,0.6078838,4115
CHEMBL10521,0,0.6076924,4116
CHEMBL34629,0,0.6076315,4117
CHEMBL6993,0,0.6076315,4118
CHEMBL32056,0,0.6076315,4119
CHEMBL1090248,0,0.6076315,4120
CHEMBL33273,0,0.6076315,4121
CHEMBL25535,0,0.6076315,4122
CHEMBL31335,0,0.6076315,4123
CHEMBL4559925,0,0.6076315,4124
CHEMBL33259,0,0.6076315,4125
CHEMBL19692,0,0.6076315,4126
CHEMBL11455,0,0.6076315,4127
CHEMBL12608,0,0.6076315,4128
CHEMBL12577,0,0.6076315,4129
CHEMBL34000,0,0.6076315,4130
CHEMBL39941,0,0.607272,4131
CHEMBL8251,0,0.6069621,4132
CHEMBL3309443,0,0.6069621,4133
CHEMBL3309996,0,0.6069621,4134
CHEMBL21282,0,0.6069621,4135
CHEMBL9656,0,0.6067061,4136
CHEMBL21057,0,0.6067061,4137
CHEMBL1163503,0,0.6066966,4138
CHEMBL22271,0,0.606581,4139
CHEMBL29141,1,0.60637236,4140
CHEMBL767,0,0.60637236,4141
CHEMBL11484,0,0.60637236,4142
CHEMBL41262,0,0.60637236,4143
CHEMBL24516,0,0.60592926,4144
CHEMBL1185408,0,0.60592926,4145
CHEMBL39951,0,0.60592926,4146
CHEMBL43655,0,0.60592926,4147
CHEMBL4543265,0,0.60592926,4148
CHEMBL29927,0,0.60592926,4149
CHEMBL31904,0,0.60592926,4150
CHEMBL43751,0,0.6059266,4151
CHEMBL4116115,0,0.6059266,4152
CHEMBL12624,0,0.6058689,4153
CHEMBL20004,0,0.6058689,4154
CHEMBL25091,0,0.6058689,4155
CHEMBL46,0,0.6058689,4156
CHEMBL9126,0,0.6058689,4157
CHEMBL21629,0,0.6058689,4158
CHEMBL23492,0,0.6058689,4159
CHEMBL35071,0,0.6058689,4160
CHEMBL3310236,0,0.6058689,4161
CHEMBL41848,0,0.6058689,4162
CHEMBL27322,0,0.6058274,4163
CHEMBL14158,0,0.60551065,4164
CHEMBL14149,0,0.60551065,4165
CHEMBL17227,0,0.6053893,4166
CHEMBL41536,0,0.60523856,4167
CHEMBL9835,0,0.60523856,4168
CHEMBL3310376,0,0.60513043,4169
CHEMBL10597,0,0.6051149,4170
CHEMBL8593,0,0.6051149,4171
CHEMBL8553,0,0.60489213,4172
CHEMBL23163,0,0.60489213,4173
CHEMBL4435180,0,0.60489213,4174
CHEMBL4436259,0,0.60486573,4175
CHEMBL9531,0,0.6048149,4176
CHEMBL38239,0,0.6048149,4177
CHEMBL33045,0,0.6048149,4178
CHEMBL24508,0,0.6048149,4179
CHEMBL28562,0,0.6048099,4180
CHEMBL34551,0,0.6047285,4181
CHEMBL563918,0,0.6047285,4182
CHEMBL3309528,0,0.604727,4183
CHEMBL34136,0,0.604727,4184
CHEMBL16432,0,0.604727,4185
CHEMBL33650,0,0.604727,4186
CHEMBL26926,0,0.604727,4187
CHEMBL25742,0,0.604727,4188
CHEMBL11947,0,0.604727,4189
CHEMBL20431,0,0.6045965,4190
CHEMBL23822,0,0.60440844,4191
CHEMBL20672,0,0.6040555,4192
CHEMBL18255,0,0.6039325,4193
CHEMBL32121,0,0.6039325,4194
CHEMBL27266,0,0.60379654,4195
CHEMBL21945,0,0.60366076,4196
CHEMBL4434949,0,0.60315406,4197
CHEMBL31273,0,0.6026697,4198
CHEMBL37217,0,0.60251266,4199
CHEMBL4553669,0,0.60251266,4200
CHEMBL4436231,0,0.60251266,4201
CHEMBL22709,0,0.60251266,4202
CHEMBL27280,0,0.60251266,4203
CHEMBL42780,0,0.6023258,4204
CHEMBL9925,0,0.60217255,4205
CHEMBL1076587,0,0.60217255,4206
CHEMBL9586,0,0.6020653,4207
CHEMBL20732,0,0.6020389,4208
CHEMBL26433,0,0.6020389,4209
CHEMBL3309796,0,0.6020389,4210
CHEMBL24072,0,0.6017325,4211
CHEMBL25112,0,0.60126984,4212
CHEMBL22708,0,0.60126984,4213
CHEMBL34760,0,0.60126984,4214
CHEMBL14043,0,0.6010914,4215
CHEMBL42625,0,0.6010914,4216
CHEMBL4435809,0,0.6010914,4217
CHEMBL21959,0,0.60096645,4218
CHEMBL3309615,0,0.60096645,4219
CHEMBL28548,0,0.60096645,4220
CHEMBL39956,0,0.60096645,4221
CHEMBL609468,0,0.60096645,4222
CHEMBL19306,0,0.60096645,4223
CHEMBL32390,0,0.60096645,4224
CHEMBL11757,0,0.6009152,4225
CHEMBL35221,0,0.60076857,4226
CHEMBL20615,0,0.60076857,4227
CHEMBL27172,0,0.6007514,4228
CHEMBL22291,0,0.6005688,4229
CHEMBL1159866,0,0.60054857,4230
CHEMBL41828,0,0.6004015,4231
CHEMBL15996,0,0.6004015,4232
CHEMBL4435646,0,0.6004015,4233
CHEMBL9521,0,0.60025686,4234
CHEMBL15593,0,0.6001508,4235
CHEMBL14800,0,0.6001263,4236
CHEMBL15646,0,0.6001263,4237
CHEMBL38296,0,0.5998947,4238
CHEMBL22677,0,0.5996921,4239
CHEMBL11835,0,0.5996921,4240
CHEMBL11177,0,0.5996921,4241
CHEMBL33031,0,0.5996921,4242
CHEMBL27430,0,0.5996888,4243
CHEMBL31125,0,0.59968567,4244
CHEMBL24043,0,0.5996619,4245
CHEMBL17933,0,0.5996619,4246
CHEMBL28364,0,0.5996577,4247
CHEMBL1076741,0,0.5993908,4248
CHEMBL14163,0,0.5993785,4249
CHEMBL4436149,0,0.5993785,4250
CHEMBL3310063,0,0.5993785,4251
CHEMBL34565,0,0.599153,4252
CHEMBL31952,0,0.5988795,4253
CHEMBL41309,0,0.5988795,4254
CHEMBL25022,0,0.5988795,4255
CHEMBL1213147,0,0.59886754,4256
CHEMBL20525,0,0.59886754,4257
CHEMBL37095,0,0.59886754,4258
CHEMBL24944,0,0.59886754,4259
CHEMBL29038,0,0.59886754,4260
CHEMBL18770,0,0.59886754,4261
CHEMBL11236,0,0.59886754,4262
CHEMBL30260,0,0.59886754,4263
CHEMBL9471,0,0.5987607,4264
CHEMBL41935,0,0.5987607,4265
CHEMBL6301,0,0.5987046,4266
CHEMBL9190,0,0.5985902,4267
CHEMBL4543564,0,0.5985902,4268
CHEMBL24982,0,0.59856546,4269
CHEMBL24039,0,0.59856546,4270
CHEMBL17378,0,0.5984591,4271
CHEMBL17530,0,0.59819937,4272
CHEMBL19590,0,0.59819937,4273
CHEMBL21810,0,0.59819937,4274
CHEMBL32832,0,0.59819937,4275
CHEMBL8382,0,0.59819937,4276
CHEMBL8777,0,0.59816366,4277
CHEMBL40430,0,0.5980969,4278
CHEMBL22641,0,0.59800214,4279
CHEMBL8376,0,0.5979227,4280
CHEMBL19257,0,0.5979227,4281
CHEMBL9583,0,0.5979227,4282
CHEMBL9451,0,0.5979227,4283
CHEMBL18521,0,0.5979227,4284
CHEMBL35635,0,0.5979227,4285
CHEMBL23456,0,0.5979227,4286
CHEMBL9418,0,0.5979227,4287
CHEMBL29963,0,0.5976109,4288
CHEMBL37897,0,0.5976109,4289
CHEMBL24330,0,0.5976109,4290
CHEMBL35943,0,0.5976109,4291
CHEMBL29203,0,0.5976109,4292
CHEMBL38327,0,0.5976109,4293
CHEMBL38988,0,0.5976109,4294
CHEMBL35524,0,0.5976109,4295
CHEMBL20744,0,0.5976109,4296
CHEMBL7351,0,0.5976109,4297
CHEMBL36471,0,0.59724027,4298
CHEMBL25106,0,0.59716165,4299
CHEMBL36637,0,0.5971164,4300
CHEMBL7470,0,0.59692043,4301
CHEMBL18317,0,0.59692043,4302
CHEMBL34672,0,0.59692043,4303
CHEMBL4434898,0,0.59692043,4304
CHEMBL7491,0,0.59654284,4305
CHEMBL4553656,0,0.59592646,4306
CHEMBL4436519,0,0.595889,4307
CHEMBL43026,0,0.59578526,4308
CHEMBL36905,0,0.5957408,4309
CHEMBL42701,0,0.5957408,4310
CHEMBL22717,0,0.5957408,4311
CHEMBL4436587,0,0.59527695,4312
CHEMBL7450,0,0.59472,4313
CHEMBL15036,0,0.5947072,4314
CHEMBL20721,0,0.5946399,4315
CHEMBL36660,0,0.5946399,4316
CHEMBL18437,0,0.5945804,4317
CHEMBL4560037,0,0.5944872,4318
CHEMBL39386,0,0.5944872,4319
CHEMBL36804,0,0.5944872,4320
CHEMBL40469,0,0.5944872,4321
CHEMBL39701,0,0.5944872,4322
CHEMBL39517,0,0.59426534,4323
CHEMBL34200,0,0.59425026,4324
CHEMBL14425,0,0.5938545,4325
CHEMBL499,1,0.5937249,4326
CHEMBL12622,0,0.59362096,4327
CHEMBL29783,0,0.5936121,4328
CHEMBL29322,0,0.59311116,4329
CHEMBL3311285,0,0.59311116,4330
CHEMBL27341,0,0.59311116,4331
CHEMBL28387,0,0.59311116,4332
CHEMBL39037,0,0.59311116,4333
CHEMBL22085,0,0.59311116,4334
CHEMBL3310001,0,0.59311116,4335
CHEMBL1159694,0,0.59311116,4336
CHEMBL4434881,0,0.59311116,4337
CHEMBL40650,0,0.59311116,4338
CHEMBL43665,0,0.59311116,4339
CHEMBL40696,0,0.59311116,4340
CHEMBL3311538,0,0.59309053,4341
CHEMBL12312,0,0.593065,4342
CHEMBL4543269,0,0.593065,4343
CHEMBL4543405,0,0.593065,4344
CHEMBL33213,0,0.593065,4345
CHEMBL4435185,0,0.593065,4346
CHEMBL1163508,0,0.593065,4347
CHEMBL24816,0,0.593065,4348
CHEMBL4435844,0,0.593065,4349
CHEMBL1095192,0,0.593065,4350
CHEMBL22789,0,0.593065,4351
CHEMBL12726,0,0.593065,4352
CHEMBL42406,0,0.593065,4353
CHEMBL19270,0,0.593065,4354
CHEMBL21506,0,0.593065,4355
CHEMBL4434735,0,0.593065,4356
CHEMBL13687,0,0.593065,4357
CHEMBL25034,0,0.593065,4358
CHEMBL16336,0,0.5928098,4359
CHEMBL4435957,0,0.5928098,4360
CHEMBL4435555,0,0.59275043,4361
CHEMBL6636,0,0.59269935,4362
CHEMBL4543200,0,0.59265053,4363
CHEMBL25666,0,0.59213156,4364
CHEMBL19292,0,0.59205574,4365
CHEMBL25385,0,0.59205574,4366
CHEMBL4436503,0,0.59205574,4367
CHEMBL25446,0,0.59205574,4368
CHEMBL8710,0,0.59205574,4369
CHEMBL11427,0,0.59205574,4370
CHEMBL41894,0,0.59205574,4371
CHEMBL12824,0,0.59205574,4372
CHEMBL19346,0,0.59205574,4373
CHEMBL33081,0,0.59205574,4374
CHEMBL36969,0,0.5919037,4375
CHEMBL33438,0,0.5918877,4376
CHEMBL38717,0,0.59183663,4377
CHEMBL38666,0,0.59171337,4378
CHEMBL1163361,0,0.5914622,4379
CHEMBL3310385,0,0.59141475,4380
CHEMBL12124,0,0.59141475,4381
CHEMBL37055,0,0.59141475,4382
CHEMBL39917,0,0.59141475,4383
CHEMBL7643,0,0.5913861,4384
CHEMBL33257,0,0.5913652,4385
CHEMBL6237,0,0.5911788,4386
CHEMBL26056,0,0.59114546,4387
CHEMBL3309272,0,0.59114546,4388
CHEMBL3310306,0,0.59114546,4389
CHEMBL26354,0,0.59087926,4390
CHEMBL41408,0,0.5906078,4391
CHEMBL10356,0,0.5906078,4392
CHEMBL8501,0,0.5900032,4393
CHEMBL3309595,0,0.5900032,4394
CHEMBL3310025,0,0.5900032,4395
CHEMBL18647,0,0.5900032,4396
CHEMBL10793,0,0.5900032,4397
CHEMBL37778,0,0.5900008,4398
CHEMBL31777,0,0.5899901,4399
CHEMBL13419,0,0.58996415,4400
CHEMBL33598,0,0.5899247,4401
CHEMBL38414,0,0.58936435,4402
CHEMBL12789,0,0.58923817,4403
CHEMBL4435821,0,0.58922553,4404
CHEMBL15965,0,0.58922553,4405
CHEMBL10811,0,0.5892024,4406
CHEMBL22699,0,0.5891953,4407
CHEMBL33450,0,0.58913225,4408
CHEMBL19631,0,0.5890797,4409
CHEMBL20926,0,0.5890797,4410
CHEMBL4434945,0,0.5890797,4411
CHEMBL37359,0,0.5890797,4412
CHEMBL12825,0,0.5890797,4413
CHEMBL39317,0,0.5890797,4414
CHEMBL4436205,0,0.5890797,4415
CHEMBL14141,0,0.5890797,4416
CHEMBL6918,0,0.5890797,4417
CHEMBL41626,0,0.5890797,4418
CHEMBL30832,0,0.5890797,4419
CHEMBL21943,0,0.5888542,4420
CHEMBL22831,0,0.58866763,4421
CHEMBL12661,0,0.58855957,4422
CHEMBL4436486,0,0.58855957,4423
CHEMBL39819,0,0.58855957,4424
CHEMBL39184,0,0.58855957,4425
CHEMBL27876,0,0.58855957,4426
CHEMBL29296,0,0.5883939,4427
CHEMBL28041,0,0.5882382,4428
CHEMBL13719,0,0.5882382,4429
CHEMBL21098,0,0.58812934,4430
CHEMBL32026,0,0.58812934,4431
CHEMBL20371,0,0.58812934,4432
CHEMBL11265,0,0.58812934,4433
CHEMBL3309624,0,0.58812934,4434
CHEMBL40731,0,0.58812934,4435
CHEMBL4543520,0,0.58812934,4436
CHEMBL37260,0,0.58812934,4437
CHEMBL21352,0,0.58812934,4438
CHEMBL9311,0,0.58812934,4439
CHEMBL10140,0,0.58812934,4440
CHEMBL33489,0,0.58812934,4441
CHEMBL16741,0,0.58812934,4442
CHEMBL37181,0,0.58812934,4443
CHEMBL4303797,0,0.5880109,4444
CHEMBL39916,0,0.5874844,4445
CHEMBL27691,0,0.5874844,4446
CHEMBL3310946,0,0.5874844,4447
CHEMBL39990,0,0.5874844,4448
CHEMBL37265,0,0.58739823,4449
CHEMBL19168,0,0.5872261,4450
CHEMBL26381,0,0.58700824,4451
CHEMBL4436197,0,0.58700824,4452
CHEMBL38517,0,0.58699375,4453
CHEMBL35187,0,0.5868697,4454
CHEMBL4435030,0,0.5868697,4455
CHEMBL4436254,0,0.5868697,4456
CHEMBL31400,0,0.5868697,4457
CHEMBL38581,0,0.58664644,4458
CHEMBL33208,0,0.58664155,4459
CHEMBL9001,0,0.5865151,4460
CHEMBL6422,0,0.5865151,4461
CHEMBL18130,0,0.5865151,4462
CHEMBL14306,0,0.58644444,4463
CHEMBL19923,0,0.58643264,4464
CHEMBL4434993,0,0.58643264,4465
CHEMBL32570,0,0.58643264,4466
CHEMBL4543435,0,0.58643264,4467
CHEMBL40571,0,0.58643264,4468
CHEMBL40736,0,0.58643264,4469
CHEMBL37932,0,0.58643264,4470
CHEMBL37150,0,0.58643264,4471
CHEMBL28653,0,0.58643264,4472
CHEMBL12717,0,0.58643264,4473
CHEMBL6560,0,0.58643264,4474
CHEMBL9916,0,0.58643264,4475
CHEMBL3310252,0,0.58642524,4476
CHEMBL17605,0,0.58642524,4477
CHEMBL7227,0,0.5863786,4478
CHEMBL1097664,0,0.5863786,4479
CHEMBL43740,0,0.5863786,4480
CHEMBL6348,0,0.5863786,4481
CHEMBL1077878,0,0.5863786,4482
CHEMBL8120,0,0.5863786,4483
CHEMBL12658,0,0.5863786,4484
CHEMBL3311535,0,0.5863786,4485
CHEMBL8273,0,0.5863786,4486
CHEMBL19862,0,0.5863786,4487
CHEMBL22080,0,0.5863786,4488
CHEMBL12136,0,0.5863786,4489
CHEMBL4436562,0,0.5863786,4490
CHEMBL6572,0,0.5863786,4491
CHEMBL3311429,0,0.5863601,4492
CHEMBL13137,0,0.58630645,4493
CHEMBL577685,0,0.58620036,4494
CHEMBL42696,0,0.58581483,4495
CHEMBL11824,0,0.5858041,4496
CHEMBL4543374,0,0.5858041,4497
CHEMBL12492,0,0.58577013,4498
CHEMBL25270,0,0.58577013,4499
CHEMBL7146,0,0.58577013,4500
CHEMBL34393,0,0.5855974,4501
CHEMBL28924,0,0.58524257,4502
CHEMBL25254,0,0.58523774,4503
CHEMBL28355,0,0.58515567,4504
CHEMBL18140,0,0.58515567,4505
CHEMBL6432,0,0.5849434,4506
CHEMBL23414,0,0.5849116,4507
CHEMBL16058,0,0.5848194,4508
CHEMBL3347277,0,0.5848194,4509
CHEMBL31599,0,0.5848194,4510
CHEMBL41943,0,0.5848194,4511
CHEMBL23686,0,0.5848194,4512
CHEMBL4435848,0,0.5848194,4513
CHEMBL4560023,0,0.5848194,4514
CHEMBL6243,0,0.5848194,4515
CHEMBL39958,0,0.5848194,4516
CHEMBL39713,0,0.5848194,4517
CHEMBL4435352,0,0.5848194,4518
CHEMBL9086,0,0.5846953,4519
CHEMBL32865,0,0.5846953,4520
CHEMBL596211,0,0.5846953,4521
CHEMBL40340,0,0.5846953,4522
CHEMBL3309556,0,0.5846953,4523
CHEMBL35580,0,0.5846953,4524
CHEMBL18281,0,0.5846864,4525
CHEMBL22790,0,0.5845914,4526
CHEMBL4559991,0,0.5845353,4527
CHEMBL11263,0,0.5845353,4528
CHEMBL35598,0,0.5845353,4529
CHEMBL3310106,0,0.5845353,4530
CHEMBL20651,0,0.5845353,4531
CHEMBL23263,0,0.5845353,4532
CHEMBL32817,0,0.5844867,4533
CHEMBL11532,0,0.58446836,4534
CHEMBL37810,0,0.5841396,4535
CHEMBL14631,0,0.58409464,4536
CHEMBL26569,0,0.58409464,4537
CHEMBL19325,0,0.58409464,4538
CHEMBL36158,0,0.58401084,4539
CHEMBL18956,0,0.58400387,4540
CHEMBL19072,0,0.58400387,4541
CHEMBL4436322,0,0.58400387,4542
CHEMBL19594,0,0.58400387,4543
CHEMBL38478,0,0.58393,4544
CHEMBL4553542,0,0.58385795,4545
CHEMBL4560029,0,0.58381814,4546
CHEMBL606771,0,0.583251,4547
CHEMBL3311515,0,0.58306766,4548
CHEMBL36211,0,0.58306766,4549
CHEMBL27504,0,0.58306766,4550
CHEMBL12719,1,0.58306766,4551
CHEMBL22041,0,0.58306766,4552
CHEMBL10337,0,0.58306766,4553
CHEMBL34822,0,0.58306766,4554
CHEMBL22354,0,0.58306766,4555
CHEMBL34687,0,0.58306766,4556
CHEMBL34720,0,0.58306766,4557
CHEMBL20996,0,0.58306766,4558
CHEMBL43738,0,0.58306766,4559
CHEMBL6899,0,0.58306766,4560
CHEMBL13006,0,0.58306766,4561
CHEMBL9861,0,0.58306766,4562
CHEMBL10127,0,0.58306766,4563
CHEMBL18731,0,0.58306766,4564
CHEMBL6898,0,0.58306766,4565
CHEMBL21789,0,0.58306766,4566
CHEMBL10565,0,0.58306766,4567
CHEMBL27879,0,0.58306766,4568
CHEMBL37369,0,0.58306766,4569
CHEMBL3310259,0,0.58306766,4570
CHEMBL23338,0,0.58306766,4571
CHEMBL30603,0,0.58306766,4572
CHEMBL506649,0,0.58306766,4573
CHEMBL4543561,0,0.58306766,4574
CHEMBL19193,0,0.58306766,4575
CHEMBL29237,0,0.58306766,4576
CHEMBL30850,0,0.58306766,4577
CHEMBL25779,0,0.58306766,4578
CHEMBL41418,0,0.58306766,4579
CHEMBL30290,0,0.58306766,4580
CHEMBL3311533,0,0.58306766,4581
CHEMBL30269,0,0.58306766,4582
CHEMBL35982,0,0.58306766,4583
CHEMBL22073,0,0.58306766,4584
CHEMBL10290,0,0.58306766,4585
CHEMBL4436206,0,0.58306766,4586
CHEMBL17146,0,0.58306766,4587
CHEMBL19065,0,0.58306766,4588
CHEMBL22413,0,0.58306766,4589
CHEMBL31196,0,0.58306766,4590
CHEMBL1099227,0,0.58306766,4591
CHEMBL10156,0,0.58306766,4592
CHEMBL18532,0,0.58306766,4593
CHEMBL37540,0,0.58306766,4594
CHEMBL1161220,0,0.58306766,4595
CHEMBL19843,0,0.58306766,4596
CHEMBL28110,0,0.58306766,4597
CHEMBL11602,0,0.58306766,4598
CHEMBL26314,0,0.58306766,4599
CHEMBL4543575,0,0.58306766,4600
CHEMBL35188,0,0.58306766,4601
CHEMBL26355,0,0.58306766,4602
CHEMBL8598,0,0.58306766,4603
CHEMBL3309848,0,0.58306766,4604
CHEMBL31227,0,0.58306766,4605
CHEMBL11362,0,0.58306766,4606
CHEMBL25849,0,0.58306766,4607
CHEMBL16338,0,0.58306766,4608
CHEMBL24811,0,0.58306766,4609
CHEMBL33338,0,0.58306766,4610
CHEMBL544338,0,0.58306766,4611
CHEMBL38457,0,0.58306766,4612
CHEMBL21598,0,0.58306766,4613
CHEMBL19651,0,0.58306766,4614
CHEMBL20159,0,0.58306766,4615
CHEMBL8400,0,0.58306766,4616
CHEMBL38203,0,0.58306766,4617
CHEMBL16307,0,0.58306766,4618
CHEMBL21669,0,0.58306766,4619
CHEMBL4435915,0,0.58306766,4620
CHEMBL3309674,0,0.58306766,4621
CHEMBL4436314,0,0.58306766,4622
CHEMBL14561,0,0.58306766,4623
CHEMBL38155,0,0.58306766,4624
CHEMBL3311005,0,0.58306766,4625
CHEMBL1186290,0,0.58306766,4626
CHEMBL22013,0,0.58306766,4627
CHEMBL22854,0,0.58306766,4628
CHEMBL27671,0,0.58306766,4629
CHEMBL22841,0,0.58306766,4630
CHEMBL11767,0,0.58306766,4631
CHEMBL21271,0,0.58306766,4632
CHEMBL24708,0,0.58306766,4633
CHEMBL38723,0,0.58306766,4634
CHEMBL8148,0,0.58306766,4635
CHEMBL38631,0,0.58306766,4636
CHEMBL3311170,0,0.58306766,4637
CHEMBL33028,0,0.58306766,4638
CHEMBL1075636,0,0.58306766,4639
CHEMBL15657,0,0.58306766,4640
CHEMBL17671,0,0.58306766,4641
CHEMBL19637,0,0.58306766,4642
CHEMBL8106,0,0.58306766,4643
CHEMBL8042,0,0.58306766,4644
CHEMBL28390,0,0.58306766,4645
CHEMBL32964,0,0.58306766,4646
CHEMBL12169,0,0.58306766,4647
CHEMBL20689,0,0.58306766,4648
CHEMBL38859,0,0.58306766,4649
CHEMBL21648,0,0.58306766,4650
CHEMBL4434801,0,0.58306766,4651
CHEMBL17442,0,0.58306766,4652
CHEMBL4435895,1,0.58306766,4653
CHEMBL33791,0,0.58306766,4654
CHEMBL16485,0,0.58306766,4655
CHEMBL10215,0,0.58306766,4656
CHEMBL8128,0,0.58306766,4657
CHEMBL26470,0,0.58306766,4658
CHEMBL19961,0,0.58306766,4659
CHEMBL27777,0,0.58306766,4660
CHEMBL15070,0,0.58306766,4661
CHEMBL16943,0,0.58306766,4662
CHEMBL7459,0,0.58306766,4663
CHEMBL31713,0,0.58306766,4664
CHEMBL24709,0,0.58306766,4665
CHEMBL40567,0,0.58306766,4666
CHEMBL4434883,0,0.58306766,4667
CHEMBL23152,0,0.58306766,4668
CHEMBL19940,0,0.58306766,4669
CHEMBL24608,0,0.58306766,4670
CHEMBL7537,0,0.58306766,4671
CHEMBL13673,0,0.58306766,4672
CHEMBL35365,0,0.58306766,4673
CHEMBL40028,0,0.58306766,4674
CHEMBL24474,0,0.58306766,4675
CHEMBL21457,0,0.58306766,4676
CHEMBL7850,0,0.58306766,4677
CHEMBL17880,0,0.58306766,4678
CHEMBL32809,0,0.58306766,4679
CHEMBL4435333,0,0.58306766,4680
CHEMBL39050,0,0.58306766,4681
CHEMBL19397,0,0.58306766,4682
CHEMBL39847,0,0.58306766,4683
CHEMBL4543509,0,0.58306766,4684
CHEMBL3310779,0,0.58306766,4685
CHEMBL20444,0,0.58306766,4686
CHEMBL13796,0,0.58306766,4687
CHEMBL7692,0,0.58306766,4688
CHEMBL26560,0,0.58306766,4689
CHEMBL7725,0,0.58306766,4690
CHEMBL7806,0,0.58306766,4691
CHEMBL12253,0,0.58306766,4692
CHEMBL32348,0,0.58306766,4693
CHEMBL12241,0,0.58306766,4694
CHEMBL39489,0,0.58306766,4695
CHEMBL4543393,0,0.58306766,4696
CHEMBL20206,0,0.58306766,4697
CHEMBL22150,0,0.58306766,4698
CHEMBL13969,0,0.58306766,4699
CHEMBL39354,0,0.58306766,4700
CHEMBL7683,0,0.58306766,4701
CHEMBL444924,0,0.58306766,4702
CHEMBL34462,0,0.58306766,4703
CHEMBL42414,0,0.58306766,4704
CHEMBL6787,0,0.58306766,4705
CHEMBL42368,0,0.58306766,4706
CHEMBL6479,0,0.58306766,4707
CHEMBL6804,0,0.58306766,4708
CHEMBL27614,0,0.58306766,4709
CHEMBL27558,0,0.58306766,4710
CHEMBL29707,0,0.58306766,4711
CHEMBL29895,0,0.58306766,4712
CHEMBL42867,0,0.58306766,4713
CHEMBL11182,0,0.58306766,4714
CHEMBL25581,0,0.58306766,4715
CHEMBL6381,0,0.58306766,4716
CHEMBL446,0,0.58306766,4717
CHEMBL24143,0,0.5830193,4718
CHEMBL20940,0,0.58285314,4719
CHEMBL29217,0,0.58281386,4720
CHEMBL501699,0,0.5826947,4721
CHEMBL12299,0,0.5825577,4722
CHEMBL39258,0,0.5825577,4723
CHEMBL12101,0,0.5825577,4724
CHEMBL9626,0,0.5825577,4725
CHEMBL9572,0,0.5823173,4726
CHEMBL39800,0,0.58230007,4727
CHEMBL40599,0,0.58230007,4728
CHEMBL17613,0,0.58230007,4729
CHEMBL29715,0,0.58230007,4730
CHEMBL36290,0,0.5822197,4731
CHEMBL27411,0,0.5822197,4732
CHEMBL29862,0,0.5822197,4733
CHEMBL6633,0,0.5822197,4734
CHEMBL34494,0,0.5822197,4735
CHEMBL584341,0,0.5822197,4736
CHEMBL28926,0,0.5822197,4737
CHEMBL22238,0,0.5822197,4738
CHEMBL13892,0,0.5822197,4739
CHEMBL7716,0,0.5822197,4740
CHEMBL24345,0,0.5822197,4741
CHEMBL13824,0,0.5822197,4742
CHEMBL39869,0,0.5822197,4743
CHEMBL39392,0,0.5822197,4744
CHEMBL6755,0,0.5822197,4745
CHEMBL6793,0,0.5822197,4746
CHEMBL6774,0,0.5822197,4747
CHEMBL17922,0,0.5822197,4748
CHEMBL11215,0,0.5822197,4749
CHEMBL42876,0,0.5822197,4750
CHEMBL29650,0,0.5822197,4751
CHEMBL10363,0,0.5822197,4752
CHEMBL23264,0,0.5822197,4753
CHEMBL19918,0,0.5822197,4754
CHEMBL28722,0,0.5822197,4755
CHEMBL7965,0,0.5822197,4756
CHEMBL4435373,0,0.5822197,4757
CHEMBL17864,0,0.5822197,4758
CHEMBL19490,0,0.5822197,4759
CHEMBL10166,0,0.5822197,4760
CHEMBL31866,0,0.5822197,4761
CHEMBL10884,0,0.5822197,4762
CHEMBL29015,0,0.5822197,4763
CHEMBL33972,0,0.5822197,4764
CHEMBL31991,0,0.5822197,4765
CHEMBL7907,0,0.5822197,4766
CHEMBL14016,0,0.5822197,4767
CHEMBL3310973,0,0.5822197,4768
CHEMBL23082,0,0.5822197,4769
CHEMBL17000,0,0.5822197,4770
CHEMBL17044,0,0.5822197,4771
CHEMBL4434921,0,0.5822197,4772
CHEMBL7487,0,0.5822197,4773
CHEMBL1163279,0,0.5822197,4774
CHEMBL16646,0,0.5822197,4775
CHEMBL16476,0,0.5822197,4776
CHEMBL23187,0,0.5822197,4777
CHEMBL8121,0,0.5822197,4778
CHEMBL8171,0,0.5822197,4779
CHEMBL27,1,0.5822197,4780
CHEMBL19356,0,0.5822197,4781
CHEMBL40118,0,0.5822197,4782
CHEMBL7910,0,0.5822197,4783
CHEMBL17431,0,0.5822197,4784
CHEMBL37893,0,0.5822197,4785
CHEMBL12019,0,0.5822197,4786
CHEMBL21680,0,0.5822197,4787
CHEMBL33583,0,0.5822197,4788
CHEMBL17670,0,0.5822197,4789
CHEMBL33634,0,0.5822197,4790
CHEMBL38558,0,0.5822197,4791
CHEMBL20175,0,0.5822197,4792
CHEMBL3309433,0,0.5822197,4793
CHEMBL22857,0,0.5822197,4794
CHEMBL40701,0,0.5822197,4795
CHEMBL31641,0,0.5822197,4796
CHEMBL7386,0,0.5822197,4797
CHEMBL10354,0,0.5822197,4798
CHEMBL38743,0,0.5822197,4799
CHEMBL26961,0,0.5822197,4800
CHEMBL16563,0,0.5822197,4801
CHEMBL11373,0,0.5822197,4802
CHEMBL8730,0,0.5822197,4803
CHEMBL19298,0,0.5822197,4804
CHEMBL37522,0,0.5822197,4805
CHEMBL13250,0,0.5822197,4806
CHEMBL10587,0,0.5822197,4807
CHEMBL41034,0,0.5822197,4808
CHEMBL31312,0,0.5822197,4809
CHEMBL25087,0,0.5822197,4810
CHEMBL4116101,0,0.5822197,4811
CHEMBL8059,0,0.5822197,4812
CHEMBL8107,0,0.5822197,4813
CHEMBL26988,0,0.5822197,4814
CHEMBL7544,0,0.5822197,4815
CHEMBL10073,0,0.5822197,4816
CHEMBL444024,0,0.5822197,4817
CHEMBL1163215,0,0.5822197,4818
CHEMBL506162,0,0.5822197,4819
CHEMBL3310157,0,0.5822197,4820
CHEMBL6369,0,0.5822197,4821
CHEMBL6370,0,0.5822197,4822
CHEMBL3347298,0,0.5822197,4823
CHEMBL30500,0,0.5822197,4824
CHEMBL13026,0,0.5822197,4825
CHEMBL25298,0,0.5822197,4826
CHEMBL3310104,0,0.5822197,4827
CHEMBL37682,0,0.5822197,4828
CHEMBL8679,0,0.5822197,4829
CHEMBL31223,0,0.5822197,4830
CHEMBL31316,0,0.5822197,4831
CHEMBL7059,0,0.5822197,4832
CHEMBL7072,0,0.5822197,4833
CHEMBL13110,0,0.5822197,4834
CHEMBL41441,0,0.5822197,4835
CHEMBL30985,0,0.5822197,4836
CHEMBL31028,0,0.5822197,4837
CHEMBL18630,0,0.5822197,4838
CHEMBL30788,0,0.5822197,4839
CHEMBL37291,0,0.5822197,4840
CHEMBL37367,0,0.5822197,4841
CHEMBL14876,0,0.5822197,4842
CHEMBL25694,0,0.5822197,4843
CHEMBL27901,0,0.5822197,4844
CHEMBL11726,0,0.5822197,4845
CHEMBL14712,0,0.5822197,4846
CHEMBL34251,0,0.5822197,4847
CHEMBL36455,0,0.5822197,4848
CHEMBL37200,0,0.5822197,4849
CHEMBL21869,0,0.5822197,4850
CHEMBL33458,0,0.5822197,4851
CHEMBL42098,0,0.5822197,4852
CHEMBL19137,0,0.5822197,4853
CHEMBL36263,0,0.5822197,4854
CHEMBL6444,0,0.5822197,4855
CHEMBL6854,0,0.5822197,4856
CHEMBL4543340,0,0.5822197,4857
CHEMBL13034,1,0.5822197,4858
CHEMBL35360,0,0.5821886,4859
CHEMBL19457,0,0.58208275,4860
CHEMBL17672,0,0.58208275,4861
CHEMBL16301,0,0.5818952,4862
CHEMBL25048,0,0.5816885,4863
CHEMBL10551,0,0.5815511,4864
CHEMBL22581,0,0.5815511,4865
CHEMBL18238,0,0.58106935,4866
CHEMBL42511,0,0.5807045,4867
CHEMBL36259,0,0.5807045,4868
CHEMBL36601,0,0.5805562,4869
CHEMBL20607,0,0.5805562,4870
CHEMBL9296,0,0.5805413,4871
CHEMBL38911,0,0.5805413,4872
CHEMBL22747,0,0.5805413,4873
CHEMBL42017,0,0.5804305,4874
CHEMBL15141,0,0.5800768,4875
CHEMBL3310004,0,0.5800768,4876
CHEMBL3310000,0,0.5800768,4877
CHEMBL9771,0,0.57960236,4878
CHEMBL9999,0,0.57947874,4879
CHEMBL22158,0,0.57939786,4880
CHEMBL1189598,0,0.57939786,4881
CHEMBL31998,0,0.57939786,4882
CHEMBL4436525,0,0.57939786,4883
CHEMBL19700,0,0.57939786,4884
CHEMBL27626,0,0.57939786,4885
CHEMBL40093,0,0.57939786,4886
CHEMBL21987,0,0.57939786,4887
CHEMBL9615,0,0.57939786,4888
CHEMBL19507,0,0.57939786,4889
CHEMBL18867,0,0.5793903,4890
CHEMBL16431,0,0.5792479,4891
CHEMBL39405,0,0.5792472,4892
CHEMBL32247,0,0.579148,4893
CHEMBL18108,0,0.57899094,4894
CHEMBL17685,0,0.578859,4895
CHEMBL33308,0,0.5787822,4896
CHEMBL4434818,0,0.57847357,4897
CHEMBL21749,0,0.57831013,4898
CHEMBL37386,0,0.57800186,4899
CHEMBL16061,0,0.57800186,4900
CHEMBL40755,0,0.57800186,4901
CHEMBL33150,0,0.57800186,4902
CHEMBL30491,0,0.57800186,4903
CHEMBL17483,0,0.57800186,4904
CHEMBL34226,0,0.57800186,4905
CHEMBL17326,0,0.57800186,4906
CHEMBL30979,0,0.57800186,4907
CHEMBL7497,0,0.57800186,4908
CHEMBL38150,0,0.5779371,4909
CHEMBL3310473,0,0.5779371,4910
CHEMBL41207,0,0.5779371,4911
CHEMBL32354,0,0.5779371,4912
CHEMBL4543523,0,0.5779203,4913
CHEMBL30342,0,0.5774862,4914
CHEMBL15312,0,0.5773684,4915
CHEMBL4436129,0,0.57735234,4916
CHEMBL4436175,0,0.57735234,4917
CHEMBL16023,0,0.5772069,4918
CHEMBL33345,0,0.5771596,4919
CHEMBL9516,0,0.57695556,4920
CHEMBL34601,0,0.5768367,4921
CHEMBL4435999,0,0.5768367,4922
CHEMBL41862,0,0.5767846,4923
CHEMBL10960,0,0.57663494,4924
CHEMBL38116,0,0.57663494,4925
CHEMBL548124,0,0.5764985,4926
CHEMBL18991,0,0.5764985,4927
CHEMBL32176,0,0.5764985,4928
CHEMBL32790,0,0.5764985,4929
CHEMBL28201,0,0.5764985,4930
CHEMBL39136,0,0.5764985,4931
CHEMBL18925,0,0.5764985,4932
CHEMBL21626,0,0.5764985,4933
CHEMBL39615,0,0.5764985,4934
CHEMBL9479,0,0.5764985,4935
CHEMBL40477,0,0.5764985,4936
CHEMBL1163155,0,0.5764985,4937
CHEMBL8618,0,0.5764985,4938
CHEMBL3310773,0,0.5764985,4939
CHEMBL12236,0,0.5764985,4940
CHEMBL25570,0,0.5764985,4941
CHEMBL28855,0,0.5764985,4942
CHEMBL11139,0,0.5764985,4943
CHEMBL3310354,0,0.5764985,4944
CHEMBL19401,0,0.5764985,4945
CHEMBL29573,0,0.57648796,4946
CHEMBL35665,0,0.5764663,4947
CHEMBL15717,0,0.5764663,4948
CHEMBL3309451,0,0.5764663,4949
CHEMBL41635,0,0.5764663,4950
CHEMBL24051,0,0.5764663,4951
CHEMBL14148,0,0.5764663,4952
CHEMBL32444,0,0.5764663,4953
CHEMBL9561,0,0.576448,4954
CHEMBL28528,0,0.576448,4955
CHEMBL17787,0,0.57635266,4956
CHEMBL38862,0,0.57635266,4957
CHEMBL27325,0,0.57635266,4958
CHEMBL16810,0,0.5763233,4959
CHEMBL14931,0,0.5762859,4960
CHEMBL36639,0,0.57626927,4961
CHEMBL14761,0,0.5761456,4962
CHEMBL16820,0,0.5761065,4963
CHEMBL4435685,0,0.5761065,4964
CHEMBL34164,0,0.5760053,4965
CHEMBL13638,0,0.5757112,4966
CHEMBL24646,0,0.5757112,4967
CHEMBL15387,0,0.5756839,4968
CHEMBL8310,0,0.5756702,4969
CHEMBL593201,0,0.57561433,4970
CHEMBL25647,0,0.57538205,4971
CHEMBL36592,0,0.57538205,4972
CHEMBL30645,0,0.57538205,4973
CHEMBL18430,0,0.57538205,4974
CHEMBL3310434,0,0.57538205,4975
CHEMBL39642,0,0.5751479,4976
CHEMBL4543482,0,0.57491976,4977
CHEMBL4436034,0,0.5746604,4978
CHEMBL19433,0,0.57429874,4979
CHEMBL592978,0,0.57418174,4980
CHEMBL12662,0,0.573837,4981
CHEMBL3310393,0,0.5732207,4982
CHEMBL19105,0,0.5732207,4983
CHEMBL3311399,0,0.5732207,4984
CHEMBL38580,0,0.5732207,4985
CHEMBL19181,0,0.5727801,4986
CHEMBL17198,0,0.5727801,4987
CHEMBL38263,0,0.57273996,4988
CHEMBL25654,0,0.57273996,4989
CHEMBL4436552,0,0.57273996,4990
CHEMBL39389,0,0.57248265,4991
CHEMBL36586,0,0.57240534,4992
CHEMBL20661,0,0.57240534,4993
CHEMBL41179,0,0.5722321,4994
CHEMBL28560,0,0.57218593,4995
CHEMBL40562,0,0.57215756,4996
CHEMBL18085,0,0.57215756,4997
CHEMBL22558,0,0.57215756,4998
CHEMBL17287,0,0.57215756,4999
CHEMBL40492,0,0.57215756,5000
CHEMBL35268,0,0.57215756,5001
CHEMBL4436484,0,0.57215756,5002
CHEMBL17773,0,0.57215756,5003
CHEMBL42865,0,0.57215756,5004
CHEMBL3310150,0,0.57215756,5005
CHEMBL18352,0,0.5718281,5006
CHEMBL34467,0,0.5718127,5007
CHEMBL1170828,0,0.5712791,5008
CHEMBL4435003,0,0.5712078,5009
CHEMBL18485,0,0.5712078,5010
CHEMBL15245,1,0.5712078,5011
CHEMBL20634,0,0.5712078,5012
CHEMBL39109,0,0.5712078,5013
CHEMBL31129,0,0.5712078,5014
CHEMBL17885,0,0.5712078,5015
CHEMBL32762,0,0.5710484,5016
CHEMBL32089,0,0.5710484,5017
CHEMBL39259,0,0.5710484,5018
CHEMBL4435055,0,0.5710484,5019
CHEMBL1161611,0,0.5710484,5020
CHEMBL3310037,0,0.5710484,5021
CHEMBL23559,0,0.5710484,5022
CHEMBL26977,0,0.5710484,5023
CHEMBL6671,0,0.5710484,5024
CHEMBL1084482,0,0.5710484,5025
CHEMBL25264,0,0.5710484,5026
CHEMBL21802,0,0.5710484,5027
CHEMBL37170,0,0.5710484,5028
CHEMBL17203,0,0.5710484,5029
CHEMBL17325,0,0.5710484,5030
CHEMBL7221,0,0.5710484,5031
CHEMBL10180,0,0.5710484,5032
CHEMBL28935,0,0.5710484,5033
CHEMBL3310171,0,0.5710484,5034
CHEMBL39638,0,0.5709186,5035
CHEMBL25545,0,0.5709186,5036
CHEMBL4436379,0,0.57089734,5037
CHEMBL18136,0,0.57089734,5038
CHEMBL37061,0,0.5704011,5039
CHEMBL22344,0,0.5704011,5040
CHEMBL17200,0,0.5704011,5041
CHEMBL603059,0,0.5704011,5042
CHEMBL10010,0,0.57039595,5043
CHEMBL43424,0,0.57020277,5044
CHEMBL31407,0,0.57020277,5045
CHEMBL35217,0,0.5702011,5046
CHEMBL41344,0,0.5701632,5047
CHEMBL9788,0,0.5700514,5048
CHEMBL42183,0,0.5699207,5049
CHEMBL33363,0,0.56957984,5050
CHEMBL4436323,0,0.56957984,5051
CHEMBL39435,0,0.56957984,5052
CHEMBL28950,0,0.56957984,5053
CHEMBL14424,0,0.56957984,5054
CHEMBL154192,0,0.56957984,5055
CHEMBL38190,0,0.5694489,5056
CHEMBL40005,0,0.5694489,5057
CHEMBL19642,0,0.5694489,5058
CHEMBL14029,0,0.5692955,5059
CHEMBL33264,0,0.569086,5060
CHEMBL23022,0,0.5686609,5061
CHEMBL25870,0,0.5685416,5062
CHEMBL3309525,0,0.5685307,5063
CHEMBL525428,0,0.5685015,5064
CHEMBL16529,0,0.5682882,5065
CHEMBL11332,0,0.5680302,5066
CHEMBL32633,0,0.5680302,5067
CHEMBL16312,0,0.5680302,5068
CHEMBL30098,0,0.56798744,5069
CHEMBL40897,0,0.56798744,5070
CHEMBL19574,0,0.56798744,5071
CHEMBL15670,0,0.56789035,5072
CHEMBL4553156,0,0.5678033,5073
CHEMBL553669,0,0.5678033,5074
CHEMBL261102,0,0.56763405,5075
CHEMBL13078,0,0.56755435,5076
CHEMBL31922,0,0.56755435,5077
CHEMBL35073,0,0.56748563,5078
CHEMBL264472,0,0.56748563,5079
CHEMBL39157,0,0.56748563,5080
CHEMBL4553597,0,0.56748563,5081
CHEMBL25056,0,0.56748563,5082
CHEMBL9625,0,0.56722635,5083
CHEMBL3309418,0,0.56722635,5084
CHEMBL28546,0,0.56722635,5085
CHEMBL15992,0,0.56722635,5086
CHEMBL4543524,0,0.56722635,5087
CHEMBL19653,0,0.56722635,5088
CHEMBL39316,0,0.56722635,5089
CHEMBL4436137,0,0.56722635,5090
CHEMBL32149,0,0.56722635,5091
CHEMBL19674,0,0.56722635,5092
CHEMBL24257,0,0.56722635,5093
CHEMBL8717,0,0.56722635,5094
CHEMBL30493,0,0.56722635,5095
CHEMBL18888,0,0.56722635,5096
CHEMBL30554,0,0.56722635,5097
CHEMBL42353,0,0.56722635,5098
CHEMBL29943,0,0.56722635,5099
CHEMBL4435367,0,0.56722635,5100
CHEMBL40663,0,0.56722635,5101
CHEMBL31643,0,0.56722635,5102
CHEMBL27043,0,0.56722635,5103
CHEMBL38407,0,0.56722635,5104
CHEMBL20250,0,0.56722635,5105
CHEMBL14057,0,0.56722635,5106
CHEMBL4436584,0,0.56722635,5107
CHEMBL38733,0,0.56722635,5108
CHEMBL4543348,0,0.56722635,5109
CHEMBL4543329,0,0.56722635,5110
CHEMBL1798027,0,0.56722635,5111
CHEMBL16260,0,0.56722635,5112
CHEMBL32304,0,0.56722635,5113
CHEMBL11961,0,0.56722635,5114
CHEMBL15469,0,0.56722635,5115
CHEMBL16560,0,0.56722635,5116
CHEMBL19789,0,0.56722635,5117
CHEMBL35076,0,0.56722635,5118
CHEMBL40123,0,0.56722635,5119
CHEMBL14849,0,0.56722635,5120
CHEMBL26796,0,0.56722635,5121
CHEMBL14517,0,0.56722635,5122
CHEMBL9139,0,0.56722635,5123
CHEMBL26950,0,0.56722635,5124
CHEMBL15773,0,0.56722635,5125
CHEMBL26962,0,0.56722635,5126
CHEMBL7145,0,0.56722635,5127
CHEMBL601082,0,0.56722635,5128
CHEMBL23286,0,0.56722635,5129
CHEMBL11433,0,0.56722635,5130
CHEMBL9639,0,0.56722635,5131
CHEMBL22658,0,0.56722635,5132
CHEMBL9652,0,0.56722635,5133
CHEMBL31487,0,0.56722635,5134
CHEMBL26158,0,0.56722635,5135
CHEMBL21905,0,0.56722635,5136
CHEMBL37690,0,0.56722635,5137
CHEMBL37714,0,0.56722635,5138
CHEMBL540153,0,0.56722635,5139
CHEMBL37655,0,0.56722635,5140
CHEMBL14799,0,0.56722635,5141
CHEMBL16024,0,0.56722635,5142
CHEMBL3309672,0,0.56722635,5143
CHEMBL26597,0,0.56722635,5144
CHEMBL26598,0,0.56722635,5145
CHEMBL3309670,0,0.56722635,5146
CHEMBL37960,0,0.56722635,5147
CHEMBL3309799,0,0.56722635,5148
CHEMBL38072,0,0.56722635,5149
CHEMBL17463,0,0.56722635,5150
CHEMBL3309868,0,0.56722635,5151
CHEMBL37989,0,0.56722635,5152
CHEMBL14665,0,0.56722635,5153
CHEMBL9124,0,0.56722635,5154
CHEMBL11586,0,0.56722635,5155
CHEMBL26250,0,0.56722635,5156
CHEMBL540183,0,0.56722635,5157
CHEMBL3310275,0,0.56722635,5158
CHEMBL29492,0,0.56722635,5159
CHEMBL4434997,0,0.56722635,5160
CHEMBL13406,0,0.56722635,5161
CHEMBL16183,0,0.56722635,5162
CHEMBL29277,0,0.56722635,5163
CHEMBL29291,0,0.56722635,5164
CHEMBL19237,0,0.56722635,5165
CHEMBL13368,0,0.56722635,5166
CHEMBL31083,0,0.56722635,5167
CHEMBL11397,0,0.56722635,5168
CHEMBL37211,0,0.56722635,5169
CHEMBL11154,0,0.56722635,5170
CHEMBL3311062,0,0.56722635,5171
CHEMBL24740,0,0.56722635,5172
CHEMBL24778,1,0.56722635,5173
CHEMBL15184,0,0.56722635,5174
CHEMBL7788,0,0.56722635,5175
CHEMBL12657,0,0.56722635,5176
CHEMBL13203,0,0.56722635,5177
CHEMBL42942,0,0.56722635,5178
CHEMBL3311185,0,0.56722635,5179
CHEMBL24885,0,0.56722635,5180
CHEMBL8817,0,0.56722635,5181
CHEMBL35741,0,0.56722635,5182
CHEMBL21445,0,0.56722635,5183
CHEMBL7686,0,0.56722635,5184
CHEMBL1088145,0,0.56722635,5185
CHEMBL7733,0,0.56722635,5186
CHEMBL34762,0,0.56722635,5187
CHEMBL10044,0,0.56722635,5188
CHEMBL9845,0,0.56722635,5189
CHEMBL4560039,0,0.5670764,5190
CHEMBL23282,0,0.5670471,5191
CHEMBL30149,0,0.5669452,5192
CHEMBL26166,0,0.5669452,5193
CHEMBL10934,0,0.5669452,5194
CHEMBL7275,0,0.5669209,5195
CHEMBL41791,0,0.5669209,5196
CHEMBL30623,0,0.5668398,5197
CHEMBL265830,0,0.56679994,5198
CHEMBL3309416,0,0.56679994,5199
CHEMBL18552,0,0.56679994,5200
CHEMBL15280,0,0.56679994,5201
CHEMBL22011,0,0.56679994,5202
CHEMBL35094,0,0.56679994,5203
CHEMBL16130,0,0.56679994,5204
CHEMBL19112,0,0.5667608,5205
CHEMBL23383,0,0.5666282,5206
CHEMBL22174,0,0.5665509,5207
CHEMBL31257,0,0.5665509,5208
CHEMBL21488,0,0.5665509,5209
CHEMBL3310221,0,0.5665509,5210
CHEMBL564096,0,0.5665509,5211
CHEMBL25632,0,0.5665509,5212
CHEMBL21877,0,0.56550384,5213
CHEMBL18672,0,0.56549317,5214
CHEMBL4435217,0,0.5654619,5215
CHEMBL33311,0,0.5654619,5216
CHEMBL16116,0,0.5654619,5217
CHEMBL9614,0,0.5654619,5218
CHEMBL10590,0,0.5654619,5219
CHEMBL20530,0,0.5654619,5220
CHEMBL15185,0,0.56532663,5221
CHEMBL27697,0,0.56521094,5222
CHEMBL4435784,0,0.56514204,5223
CHEMBL20325,0,0.5651335,5224
CHEMBL23007,0,0.5651335,5225
CHEMBL33399,0,0.56502485,5226
CHEMBL28955,0,0.5650074,5227
CHEMBL4559953,0,0.5648411,5228
CHEMBL8363,0,0.5647398,5229
CHEMBL17733,0,0.5647398,5230
CHEMBL20408,0,0.56465465,5231
CHEMBL25681,0,0.56414133,5232
CHEMBL25290,0,0.56410533,5233
CHEMBL3311011,0,0.56380147,5234
CHEMBL4560019,0,0.56380147,5235
CHEMBL14031,0,0.5637313,5236
CHEMBL33725,0,0.56336087,5237
CHEMBL12451,0,0.56283563,5238
CHEMBL28195,0,0.56283563,5239
CHEMBL21865,0,0.56283563,5240
CHEMBL24308,0,0.56283563,5241
CHEMBL20273,0,0.56283563,5242
CHEMBL501544,0,0.56283563,5243
CHEMBL15961,0,0.56269735,5244
CHEMBL29290,0,0.56265795,5245
CHEMBL17334,0,0.56265795,5246
CHEMBL11534,0,0.56265795,5247
CHEMBL7149,0,0.56265795,5248
CHEMBL33160,0,0.5622041,5249
CHEMBL17257,0,0.56194115,5250
CHEMBL21168,0,0.56194115,5251
CHEMBL37936,0,0.56194115,5252
CHEMBL33960,0,0.56194115,5253
CHEMBL27157,0,0.56194115,5254
CHEMBL41619,0,0.56194115,5255
CHEMBL41445,0,0.56194115,5256
CHEMBL4435220,0,0.56194115,5257
CHEMBL43101,0,0.56194115,5258
CHEMBL4543240,0,0.56194115,5259
CHEMBL35115,0,0.56194115,5260
CHEMBL18616,0,0.561825,5261
CHEMBL24087,0,0.5617234,5262
CHEMBL34412,0,0.5617234,5263
CHEMBL34436,0,0.5617234,5264
CHEMBL40778,0,0.56147635,5265
CHEMBL6635,0,0.56147635,5266
CHEMBL800,0,0.56147635,5267
CHEMBL4543407,0,0.5612627,5268
CHEMBL38565,0,0.5611755,5269
CHEMBL22992,0,0.56109107,5270
CHEMBL27981,0,0.56109107,5271
CHEMBL21462,0,0.56109107,5272
CHEMBL12799,0,0.561062,5273
CHEMBL28026,0,0.5610556,5274
CHEMBL36053,0,0.56100553,5275
CHEMBL10300,0,0.56051785,5276
CHEMBL20102,0,0.5604507,5277
CHEMBL27136,0,0.56034416,5278
CHEMBL37757,0,0.5601401,5279
CHEMBL3310290,0,0.55984825,5280
CHEMBL24932,0,0.55984825,5281
CHEMBL22583,0,0.55979055,5282
CHEMBL42273,0,0.55979055,5283
CHEMBL23705,0,0.55979055,5284
CHEMBL31571,0,0.55979055,5285
CHEMBL37092,0,0.55979055,5286
CHEMBL3310580,0,0.55979055,5287
CHEMBL32931,0,0.55979055,5288
CHEMBL31609,0,0.55979055,5289
CHEMBL38357,0,0.55979055,5290
CHEMBL8494,0,0.55979055,5291
CHEMBL19863,0,0.55979055,5292
CHEMBL20585,0,0.55979055,5293
CHEMBL9362,0,0.55979055,5294
CHEMBL19185,0,0.55979055,5295
CHEMBL33457,0,0.55979055,5296
CHEMBL4436015,0,0.55979055,5297
CHEMBL22474,0,0.55979055,5298
CHEMBL7800,0,0.55979055,5299
CHEMBL443992,0,0.55979055,5300
CHEMBL31814,0,0.55979055,5301
CHEMBL4543227,0,0.55979055,5302
CHEMBL26942,0,0.55979055,5303
CHEMBL7126,0,0.55979055,5304
CHEMBL20836,0,0.55979055,5305
CHEMBL14633,0,0.55979055,5306
CHEMBL19020,0,0.55979055,5307
CHEMBL4116121,0,0.55979055,5308
CHEMBL11520,0,0.55979055,5309
CHEMBL19344,0,0.55979055,5310
CHEMBL38128,0,0.55979055,5311
CHEMBL18999,0,0.55979055,5312
CHEMBL32601,0,0.55979055,5313
CHEMBL20649,0,0.55979055,5314
CHEMBL21811,0,0.55979055,5315
CHEMBL12436,0,0.55979055,5316
CHEMBL22909,0,0.55979055,5317
CHEMBL10824,0,0.55979055,5318
CHEMBL4553633,0,0.55979055,5319
CHEMBL37458,0,0.55979055,5320
CHEMBL37477,0,0.55979055,5321
CHEMBL7097,0,0.55979055,5322
CHEMBL22904,0,0.55979055,5323
CHEMBL18613,0,0.55979055,5324
CHEMBL3310855,0,0.55979055,5325
CHEMBL16311,0,0.55979055,5326
CHEMBL12737,0,0.55979055,5327
CHEMBL38576,0,0.55979055,5328
CHEMBL3310900,0,0.55979055,5329
CHEMBL28308,0,0.55979055,5330
CHEMBL24912,0,0.55979055,5331
CHEMBL34508,0,0.55979055,5332
CHEMBL29260,0,0.55979055,5333
CHEMBL4434655,0,0.55979055,5334
CHEMBL27620,0,0.55965817,5335
CHEMBL4436246,0,0.55964005,5336
CHEMBL3310339,0,0.55956227,5337
CHEMBL20812,0,0.5594232,5338
CHEMBL20300,0,0.55940485,5339
CHEMBL23715,0,0.5593984,5340
CHEMBL14076,0,0.5592842,5341
CHEMBL33175,0,0.5591192,5342
CHEMBL12819,0,0.5590373,5343
CHEMBL41449,0,0.55880123,5344
CHEMBL36632,0,0.55878055,5345
CHEMBL3310861,0,0.5587747,5346
CHEMBL7432,0,0.55871576,5347
CHEMBL7963,0,0.5586502,5348
CHEMBL37599,0,0.5585494,5349
CHEMBL36197,0,0.5585494,5350
CHEMBL14048,0,0.5585494,5351
CHEMBL25978,0,0.5584072,5352
CHEMBL7771,0,0.5584072,5353
CHEMBL30801,0,0.5584072,5354
CHEMBL10254,0,0.5582749,5355
CHEMBL34068,0,0.55820954,5356
CHEMBL4436389,0,0.55820954,5357
CHEMBL35754,0,0.5581846,5358
CHEMBL21685,0,0.5581144,5359
CHEMBL578823,0,0.5581144,5360
CHEMBL32283,0,0.5580781,5361
CHEMBL4303803,0,0.55777043,5362
CHEMBL34901,0,0.55777043,5363
CHEMBL36423,0,0.55769044,5364
CHEMBL3311256,0,0.5576648,5365
CHEMBL36893,0,0.5576648,5366
CHEMBL32092,0,0.5576648,5367
CHEMBL12595,0,0.5573749,5368
CHEMBL30359,0,0.5573749,5369
CHEMBL27627,0,0.5573749,5370
CHEMBL30389,0,0.5573494,5371
CHEMBL33958,0,0.5573112,5372
CHEMBL38347,0,0.55726886,5373
CHEMBL36083,0,0.5563362,5374
CHEMBL17135,0,0.5562972,5375
CHEMBL4435245,0,0.5561136,5376
CHEMBL18570,0,0.5561136,5377
CHEMBL3310180,0,0.5561136,5378
CHEMBL27113,0,0.5561136,5379
CHEMBL29037,0,0.5561136,5380
CHEMBL4436096,0,0.5561136,5381
CHEMBL4435953,0,0.5561136,5382
CHEMBL3311286,0,0.5561136,5383
CHEMBL16453,0,0.5561136,5384
CHEMBL35932,0,0.55609125,5385
CHEMBL8170,0,0.55591565,5386
CHEMBL20423,0,0.55549806,5387
CHEMBL4435960,0,0.5553496,5388
CHEMBL41599,0,0.5553496,5389
CHEMBL20484,0,0.5552599,5390
CHEMBL7107,0,0.5550884,5391
CHEMBL40466,0,0.5546976,5392
CHEMBL10912,0,0.5546976,5393
CHEMBL37822,0,0.5546976,5394
CHEMBL38440,0,0.55445534,5395
CHEMBL34099,0,0.5544099,5396
CHEMBL3309607,0,0.5544099,5397
CHEMBL28868,0,0.5544099,5398
CHEMBL11314,0,0.55422705,5399
CHEMBL23882,0,0.5542235,5400
CHEMBL7867,0,0.5540992,5401
CHEMBL24747,0,0.55399656,5402
CHEMBL29410,0,0.5538698,5403
CHEMBL30479,0,0.5538557,5404
CHEMBL26290,0,0.5536449,5405
CHEMBL20322,0,0.55363405,5406
CHEMBL10555,0,0.55363405,5407
CHEMBL29223,0,0.5535379,5408
CHEMBL583126,0,0.5534947,5409
CHEMBL10488,0,0.5534947,5410
CHEMBL4434904,0,0.5533201,5411
CHEMBL40365,0,0.5533201,5412
CHEMBL36309,0,0.5533201,5413
CHEMBL3310919,0,0.5533201,5414
CHEMBL37278,0,0.5533201,5415
CHEMBL27440,0,0.5533201,5416
CHEMBL22779,0,0.5533201,5417
CHEMBL40383,0,0.5533201,5418
CHEMBL13975,0,0.55296624,5419
CHEMBL27420,0,0.5529501,5420
CHEMBL17169,0,0.5529501,5421
CHEMBL612215,0,0.5529501,5422
CHEMBL20784,0,0.5529501,5423
CHEMBL12983,0,0.5529501,5424
CHEMBL12538,0,0.5529501,5425
CHEMBL31739,0,0.5529501,5426
CHEMBL26557,0,0.5529501,5427
CHEMBL9443,0,0.5529501,5428
CHEMBL35951,0,0.5529501,5429
CHEMBL36010,0,0.5529501,5430
CHEMBL30610,0,0.5529501,5431
CHEMBL30591,0,0.5529501,5432
CHEMBL15833,0,0.5529501,5433
CHEMBL19254,0,0.5529501,5434
CHEMBL4434715,0,0.5529501,5435
CHEMBL7320,0,0.5529501,5436
CHEMBL31139,0,0.5529501,5437
CHEMBL3310853,0,0.5529501,5438
CHEMBL24765,0,0.5529501,5439
CHEMBL18490,0,0.5529501,5440
CHEMBL539453,0,0.5529501,5441
CHEMBL24750,0,0.5529501,5442
CHEMBL37972,0,0.5529501,5443
CHEMBL28200,0,0.5529501,5444
CHEMBL11886,0,0.5529501,5445
CHEMBL1204451,0,0.5529501,5446
CHEMBL39904,0,0.5529501,5447
CHEMBL4543323,0,0.5529501,5448
CHEMBL10529,0,0.5529501,5449
CHEMBL40301,0,0.5529501,5450
CHEMBL35451,0,0.5529501,5451
CHEMBL22607,0,0.5529501,5452
CHEMBL7268,0,0.5529501,5453
CHEMBL3310871,0,0.5529501,5454
CHEMBL34111,0,0.5529501,5455
CHEMBL15865,0,0.5529501,5456
CHEMBL35162,0,0.5529501,5457
CHEMBL541435,0,0.5529501,5458
CHEMBL16890,0,0.5529501,5459
CHEMBL36722,0,0.5529501,5460
CHEMBL19781,0,0.5529501,5461
CHEMBL9514,0,0.5529501,5462
CHEMBL22755,0,0.5529501,5463
CHEMBL3310902,0,0.5529501,5464
CHEMBL32318,0,0.5529501,5465
CHEMBL39772,0,0.5529501,5466
CHEMBL16573,0,0.5529501,5467
CHEMBL3311180,0,0.5529501,5468
CHEMBL4553639,0,0.5529501,5469
CHEMBL20367,0,0.5529501,5470
CHEMBL14482,0,0.5529501,5471
CHEMBL7308,0,0.5529501,5472
CHEMBL21876,0,0.5529501,5473
CHEMBL33145,0,0.5529501,5474
CHEMBL37970,0,0.5529501,5475
CHEMBL31676,0,0.5529501,5476
CHEMBL37669,0,0.5529501,5477
CHEMBL28260,0,0.5529501,5478
CHEMBL28274,0,0.5529501,5479
CHEMBL4436506,0,0.5529501,5480
CHEMBL41880,0,0.5529501,5481
CHEMBL6595,0,0.5529501,5482
CHEMBL32896,0,0.5529501,5483
CHEMBL22693,0,0.5529501,5484
CHEMBL32963,0,0.5529501,5485
CHEMBL23734,0,0.5529501,5486
CHEMBL33360,0,0.5529501,5487
CHEMBL23844,0,0.5529501,5488
CHEMBL15397,0,0.5529501,5489
CHEMBL1163443,0,0.5529501,5490
CHEMBL33975,0,0.5529501,5491
CHEMBL3309333,0,0.5529501,5492
CHEMBL14313,0,0.5529501,5493
CHEMBL14308,0,0.5529501,5494
CHEMBL36880,0,0.5529501,5495
CHEMBL41118,0,0.5529501,5496
CHEMBL37695,0,0.5529501,5497
CHEMBL28952,0,0.5529501,5498
CHEMBL15651,0,0.5529501,5499
CHEMBL3309347,0,0.5529501,5500
CHEMBL28688,0,0.5529501,5501
CHEMBL22686,0,0.5529501,5502
CHEMBL3310841,0,0.5529501,5503
CHEMBL41088,0,0.5529501,5504
CHEMBL4434832,0,0.5529501,5505
CHEMBL38276,0,0.5529501,5506
CHEMBL24787,0,0.5529501,5507
CHEMBL31313,0,0.5529501,5508
CHEMBL1163139,0,0.5529501,5509
CHEMBL126,0,0.5529501,5510
CHEMBL3311261,0,0.5529501,5511
CHEMBL19187,0,0.5529501,5512
CHEMBL39549,0,0.5529501,5513
CHEMBL10342,0,0.5529501,5514
CHEMBL9547,0,0.5529501,5515
CHEMBL39454,0,0.5529501,5516
CHEMBL9550,0,0.5529501,5517
CHEMBL37453,0,0.5529501,5518
CHEMBL35685,0,0.5529501,5519
CHEMBL31661,0,0.5529501,5520
CHEMBL25145,0,0.5529501,5521
CHEMBL11054,0,0.5529501,5522
CHEMBL11058,0,0.5529501,5523
CHEMBL18447,0,0.5529501,5524
CHEMBL30710,0,0.5529501,5525
CHEMBL7926,0,0.5529501,5526
CHEMBL10800,0,0.5529501,5527
CHEMBL36353,0,0.5529501,5528
CHEMBL19021,0,0.5529501,5529
CHEMBL9761,0,0.5529501,5530
CHEMBL20419,0,0.5529501,5531
CHEMBL15124,0,0.5529501,5532
CHEMBL25215,0,0.5529501,5533
CHEMBL6951,0,0.5529501,5534
CHEMBL3310668,0,0.5529501,5535
CHEMBL3310671,0,0.5529501,5536
CHEMBL39334,0,0.5529501,5537
CHEMBL13990,0,0.5529501,5538
CHEMBL12365,0,0.5529501,5539
CHEMBL25277,0,0.5529501,5540
CHEMBL6874,0,0.5529501,5541
CHEMBL17056,0,0.5529501,5542
CHEMBL20655,0,0.5529501,5543
CHEMBL37621,0,0.5529501,5544
CHEMBL21900,0,0.5529501,5545
CHEMBL573208,0,0.5529501,5546
CHEMBL21920,0,0.5529501,5547
CHEMBL41401,0,0.5529501,5548
CHEMBL13236,0,0.5529501,5549
CHEMBL24282,0,0.5529501,5550
CHEMBL4115946,0,0.5529501,5551
CHEMBL7063,0,0.5529501,5552
CHEMBL8916,0,0.5529501,5553
CHEMBL32013,0,0.5529501,5554
CHEMBL4435525,0,0.5529501,5555
CHEMBL25441,0,0.5529501,5556
CHEMBL20985,0,0.5529501,5557
CHEMBL17089,0,0.5529501,5558
CHEMBL19955,0,0.5529501,5559
CHEMBL40842,0,0.5529501,5560
CHEMBL15527,0,0.5529501,5561
CHEMBL30566,0,0.5529501,5562
CHEMBL41775,0,0.5529501,5563
CHEMBL36901,0,0.5529501,5564
CHEMBL18996,0,0.5529501,5565
CHEMBL19045,0,0.5529501,5566
CHEMBL29817,0,0.5529501,5567
CHEMBL28002,0,0.5529501,5568
CHEMBL18418,0,0.5529501,5569
CHEMBL31440,0,0.5529501,5570
CHEMBL25350,0,0.5529501,5571
CHEMBL1766475,0,0.5529501,5572
CHEMBL3309431,0,0.5529501,5573
CHEMBL28446,0,0.5529501,5574
CHEMBL40284,0,0.5529501,5575
CHEMBL6749,0,0.5529501,5576
CHEMBL9638,0,0.5529501,5577
CHEMBL22672,0,0.5529501,5578
CHEMBL20439,0,0.5529501,5579
CHEMBL580660,0,0.5529501,5580
CHEMBL17065,0,0.5529501,5581
CHEMBL25300,0,0.5529501,5582
CHEMBL40883,0,0.5529501,5583
CHEMBL19375,0,0.5529501,5584
CHEMBL32800,1,0.5529501,5585
CHEMBL35970,0,0.5529501,5586
CHEMBL30661,0,0.5529501,5587
CHEMBL15868,0,0.5529501,5588
CHEMBL14559,0,0.5529501,5589
CHEMBL4435826,0,0.5529501,5590
CHEMBL34794,0,0.5529501,5591
CHEMBL23303,0,0.5529501,5592
CHEMBL32450,0,0.5529501,5593
CHEMBL9016,0,0.5529501,5594
CHEMBL13238,1,0.5529501,5595
CHEMBL23459,0,0.5529501,5596
CHEMBL16026,0,0.5529501,5597
CHEMBL40775,0,0.5529501,5598
CHEMBL11635,0,0.5529501,5599
CHEMBL15700,0,0.5529501,5600
CHEMBL39509,0,0.5529501,5601
CHEMBL39484,0,0.5529501,5602
CHEMBL32502,0,0.5529501,5603
CHEMBL35561,0,0.5529501,5604
CHEMBL32518,0,0.5529501,5605
CHEMBL37388,0,0.5529501,5606
CHEMBL3310260,0,0.5529501,5607
CHEMBL39474,0,0.5529501,5608
CHEMBL41972,0,0.5529501,5609
CHEMBL22374,0,0.5529501,5610
CHEMBL9744,0,0.5529501,5611
CHEMBL18848,0,0.5529501,5612
CHEMBL42126,0,0.5529501,5613
CHEMBL22454,0,0.5529501,5614
CHEMBL10158,0,0.5529501,5615
CHEMBL28607,0,0.5529501,5616
CHEMBL17783,0,0.55274135,5617
CHEMBL20597,0,0.5525726,5618
CHEMBL27725,0,0.5525726,5619
CHEMBL31776,0,0.5521375,5620
CHEMBL22430,0,0.5521375,5621
CHEMBL8347,0,0.55193716,5622
CHEMBL14373,0,0.5518279,5623
CHEMBL14361,0,0.5518279,5624
CHEMBL40522,0,0.5518279,5625
CHEMBL34348,0,0.5518279,5626
CHEMBL38348,0,0.5518279,5627
CHEMBL14855,0,0.5518279,5628
CHEMBL32673,0,0.5518279,5629
CHEMBL15153,0,0.5518279,5630
CHEMBL12229,0,0.5518279,5631
CHEMBL4436172,0,0.5518279,5632
CHEMBL4543508,0,0.5518279,5633
CHEMBL37638,0,0.5518279,5634
CHEMBL14789,0,0.5518279,5635
CHEMBL14739,0,0.5518279,5636
CHEMBL8746,0,0.5518279,5637
CHEMBL501858,0,0.5518279,5638
CHEMBL34239,0,0.5518279,5639
CHEMBL3311432,0,0.5518279,5640
CHEMBL39200,0,0.5518279,5641
CHEMBL22151,0,0.5518279,5642
CHEMBL43677,0,0.5518279,5643
CHEMBL38221,0,0.5518279,5644
CHEMBL12692,0,0.5518279,5645
CHEMBL15955,0,0.5518279,5646
CHEMBL4435434,0,0.5518279,5647
CHEMBL43656,0,0.5518279,5648
CHEMBL19849,0,0.5518279,5649
CHEMBL3309851,0,0.5518279,5650
CHEMBL39750,0,0.5518279,5651
CHEMBL19080,0,0.5518279,5652
CHEMBL42688,0,0.5518279,5653
CHEMBL29937,0,0.5518279,5654
CHEMBL39716,0,0.5518279,5655
CHEMBL27663,0,0.5518279,5656
CHEMBL6281,0,0.5518279,5657
CHEMBL4436478,0,0.5518279,5658
CHEMBL18273,0,0.5518279,5659
CHEMBL9844,0,0.5518279,5660
CHEMBL4436248,0,0.5517482,5661
CHEMBL31350,0,0.5517482,5662
CHEMBL42449,0,0.55170375,5663
CHEMBL14704,0,0.5515284,5664
CHEMBL30356,0,0.55132896,5665
CHEMBL34102,0,0.55132896,5666
CHEMBL14000,0,0.55130535,5667
CHEMBL4553132,0,0.55130535,5668
CHEMBL8538,0,0.55112994,5669
CHEMBL23817,0,0.55102223,5670
CHEMBL34612,0,0.5509095,5671
CHEMBL10918,0,0.5509095,5672
CHEMBL21948,0,0.5509095,5673
CHEMBL18785,0,0.55085933,5674
CHEMBL78310,0,0.5507544,5675
CHEMBL21841,0,0.5506338,5676
CHEMBL20807,0,0.5505458,5677
CHEMBL35713,0,0.55053204,5678
CHEMBL11430,0,0.55053204,5679
CHEMBL20598,0,0.55035794,5680
CHEMBL21927,0,0.5500176,5681
CHEMBL32904,0,0.5500176,5682
CHEMBL4435980,0,0.5500176,5683
CHEMBL40120,0,0.5499614,5684
CHEMBL27272,0,0.54984385,5685
CHEMBL17383,0,0.54979634,5686
CHEMBL10885,0,0.54979634,5687
CHEMBL3310209,0,0.54979634,5688
CHEMBL34862,0,0.54979634,5689
CHEMBL14814,0,0.54979634,5690
CHEMBL4435317,0,0.5497959,5691
CHEMBL40278,0,0.5496915,5692
CHEMBL38047,0,0.5496915,5693
CHEMBL8745,0,0.5496915,5694
CHEMBL12573,0,0.54966736,5695
CHEMBL19111,0,0.5494306,5696
CHEMBL29916,0,0.5494179,5697
CHEMBL37010,0,0.5492862,5698
CHEMBL6848,0,0.5492862,5699
CHEMBL41237,0,0.5492862,5700
CHEMBL23660,0,0.5491868,5701
CHEMBL34043,0,0.5489255,5702
CHEMBL593658,0,0.5477414,5703
CHEMBL25918,0,0.5477414,5704
CHEMBL32961,0,0.5477414,5705
CHEMBL29077,0,0.5477414,5706
CHEMBL33023,0,0.5477414,5707
CHEMBL503204,0,0.5477414,5708
CHEMBL29134,0,0.5477414,5709
CHEMBL39226,0,0.5476625,5710
CHEMBL22971,0,0.5476625,5711
CHEMBL1201843,0,0.5476625,5712
CHEMBL19814,0,0.5476625,5713
CHEMBL19183,0,0.5476625,5714
CHEMBL9127,0,0.5476625,5715
CHEMBL4303142,0,0.5476625,5716
CHEMBL13215,0,0.54727304,5717
CHEMBL32052,0,0.5472222,5718
CHEMBL17786,0,0.5472222,5719
CHEMBL24854,0,0.5470383,5720
CHEMBL17386,0,0.5470383,5721
CHEMBL425,0,0.5470383,5722
CHEMBL11607,0,0.5470383,5723
CHEMBL3310386,0,0.5470383,5724
CHEMBL4436159,0,0.5470383,5725
CHEMBL28565,0,0.5470383,5726
CHEMBL8827,0,0.5470383,5727
CHEMBL11273,0,0.5470383,5728
CHEMBL33419,0,0.5470383,5729
CHEMBL14620,0,0.54690987,5730
CHEMBL4436209,0,0.5468706,5731
CHEMBL3311161,0,0.5468706,5732
CHEMBL18673,0,0.5468706,5733
CHEMBL21270,0,0.5466937,5734
CHEMBL22563,0,0.54656905,5735
CHEMBL32514,0,0.5465134,5736
CHEMBL26934,0,0.5461288,5737
CHEMBL4543245,0,0.5461288,5738
CHEMBL27073,0,0.5460522,5739
CHEMBL38320,0,0.5460522,5740
CHEMBL3311046,0,0.5459968,5741
CHEMBL3309555,0,0.5459968,5742
CHEMBL4436056,0,0.5455694,5743
CHEMBL28726,0,0.5454504,5744
CHEMBL6928,0,0.54528904,5745
CHEMBL24097,0,0.54528904,5746
CHEMBL28573,0,0.5447184,5747
CHEMBL22764,0,0.54461294,5748
CHEMBL40518,0,0.5442924,5749
CHEMBL9703,0,0.54420525,5750
CHEMBL4436273,0,0.5441988,5751
CHEMBL7602,0,0.5440473,5752
CHEMBL4436333,0,0.5440473,5753
CHEMBL27036,0,0.5435452,5754
CHEMBL10871,0,0.5434246,5755
CHEMBL30009,0,0.5434225,5756
CHEMBL15610,0,0.54336214,5757
CHEMBL32097,0,0.54336214,5758
CHEMBL23569,0,0.54336214,5759
CHEMBL21880,0,0.54336214,5760
CHEMBL35589,0,0.54336214,5761
CHEMBL21673,0,0.54336214,5762
CHEMBL32470,0,0.54336214,5763
CHEMBL21844,0,0.54336214,5764
CHEMBL40175,0,0.54336214,5765
CHEMBL20884,0,0.54336214,5766
CHEMBL4434880,0,0.54336214,5767
CHEMBL33701,0,0.54336214,5768
CHEMBL10554,0,0.54336214,5769
CHEMBL42150,0,0.54336214,5770
CHEMBL41974,0,0.54336214,5771
CHEMBL41497,0,0.54336214,5772
CHEMBL33579,0,0.54333586,5773
CHEMBL12076,0,0.543004,5774
CHEMBL41427,0,0.5428379,5775
CHEMBL35555,0,0.5428379,5776
CHEMBL24360,0,0.5426923,5777
CHEMBL40221,0,0.5425358,5778
CHEMBL35369,0,0.54224795,5779
CHEMBL18232,0,0.5419815,5780
CHEMBL21395,0,0.5419558,5781
CHEMBL3309660,0,0.5414067,5782
CHEMBL34644,0,0.54133326,5783
CHEMBL39167,0,0.54133326,5784
CHEMBL6906,0,0.54133326,5785
CHEMBL3310197,0,0.54133326,5786
CHEMBL3309980,0,0.54133326,5787
CHEMBL30618,0,0.54130054,5788
CHEMBL16446,0,0.54130054,5789
CHEMBL576264,0,0.54130054,5790
CHEMBL3309325,0,0.54130054,5791
CHEMBL34309,0,0.54130054,5792
CHEMBL18966,0,0.54130054,5793
CHEMBL19884,0,0.54130054,5794
CHEMBL33237,0,0.54130054,5795
CHEMBL4553704,0,0.54130054,5796
CHEMBL34552,0,0.54130054,5797
CHEMBL4436319,0,0.54130054,5798
CHEMBL39801,0,0.54130054,5799
CHEMBL4434915,0,0.54130054,5800
CHEMBL13017,0,0.54130054,5801
CHEMBL9564,0,0.54130054,5802
CHEMBL1202102,0,0.5412001,5803
CHEMBL37344,0,0.5410922,5804
CHEMBL25875,0,0.5410922,5805
CHEMBL38121,0,0.5410922,5806
CHEMBL10413,0,0.5408464,5807
CHEMBL4434714,0,0.5404962,5808
CHEMBL33874,0,0.54033315,5809
CHEMBL24657,0,0.54018575,5810
CHEMBL42507,0,0.54014343,5811
CHEMBL35195,0,0.5400706,5812
CHEMBL4435918,0,0.5400706,5813
CHEMBL3309577,0,0.53999,5814
CHEMBL13740,0,0.5399604,5815
CHEMBL21078,0,0.5398784,5816
CHEMBL38235,0,0.5398784,5817
CHEMBL20311,0,0.5398784,5818
CHEMBL14415,0,0.5398784,5819
CHEMBL20266,0,0.5398784,5820
CHEMBL4435376,0,0.5398784,5821
CHEMBL18861,0,0.5398784,5822
CHEMBL17809,0,0.5398784,5823
CHEMBL10411,0,0.5398784,5824
CHEMBL36192,0,0.5398784,5825
CHEMBL4435700,0,0.5398784,5826
CHEMBL14246,0,0.5398784,5827
CHEMBL3309907,0,0.5398784,5828
CHEMBL42597,0,0.5398784,5829
CHEMBL39035,0,0.5398784,5830
CHEMBL15456,0,0.5398784,5831
CHEMBL19453,0,0.5398784,5832
CHEMBL10841,0,0.53984666,5833
CHEMBL30548,0,0.53984666,5834
CHEMBL38389,0,0.53984666,5835
CHEMBL32452,0,0.53984666,5836
CHEMBL37979,0,0.53976965,5837
CHEMBL4435779,0,0.53976965,5838
CHEMBL20918,0,0.539675,5839
CHEMBL3309391,0,0.539675,5840
CHEMBL4435494,0,0.5395928,5841
CHEMBL30966,0,0.5394994,5842
CHEMBL35479,0,0.5394994,5843
CHEMBL34003,0,0.5394994,5844
CHEMBL41078,0,0.5394994,5845
CHEMBL6435,0,0.5394994,5846
CHEMBL6230,0,0.5394994,5847
CHEMBL34152,0,0.53935593,5848
CHEMBL23093,0,0.53923035,5849
CHEMBL21635,0,0.5392221,5850
CHEMBL39937,0,0.5392221,5851
CHEMBL23648,0,0.5392221,5852
CHEMBL21630,0,0.5392221,5853
CHEMBL39355,0,0.5392221,5854
CHEMBL18575,0,0.5392221,5855
CHEMBL21317,0,0.5392221,5856
CHEMBL4434784,0,0.5392221,5857
CHEMBL4543392,0,0.5392221,5858
CHEMBL36739,0,0.5392221,5859
CHEMBL4559940,0,0.5392221,5860
CHEMBL10410,0,0.5392221,5861
CHEMBL4436317,0,0.5392221,5862
CHEMBL24689,0,0.5390492,5863
CHEMBL26069,0,0.53902054,5864
CHEMBL27261,0,0.53902054,5865
CHEMBL33675,0,0.53902054,5866
CHEMBL10434,0,0.53902054,5867
CHEMBL27314,0,0.53902054,5868
CHEMBL9200,0,0.53902054,5869
CHEMBL38249,0,0.53902054,5870
CHEMBL8184,0,0.53898937,5871
CHEMBL505943,0,0.53898937,5872
CHEMBL19908,0,0.5385768,5873
CHEMBL1163287,0,0.5383895,5874
CHEMBL41484,0,0.5383895,5875
CHEMBL10955,0,0.5383895,5876
CHEMBL33496,0,0.5383895,5877
CHEMBL10614,0,0.5383895,5878
CHEMBL41415,0,0.5383895,5879
CHEMBL29151,0,0.5383895,5880
CHEMBL3310925,0,0.5383846,5881
CHEMBL12334,0,0.5383846,5882
CHEMBL4543236,0,0.5383421,5883
CHEMBL7563,0,0.5382612,5884
CHEMBL41947,0,0.53812104,5885
CHEMBL22076,0,0.53780204,5886
CHEMBL13929,0,0.53780204,5887
CHEMBL12759,0,0.53780204,5888
CHEMBL15543,0,0.53779656,5889
CHEMBL39588,0,0.5376666,5890
CHEMBL13463,0,0.53740335,5891
CHEMBL20437,0,0.5373563,5892
CHEMBL26485,0,0.5373563,5893
CHEMBL27193,0,0.53730583,5894
CHEMBL40834,0,0.53730583,5895
CHEMBL30451,0,0.5370683,5896
CHEMBL7368,0,0.5370683,5897
CHEMBL14330,0,0.5370683,5898
CHEMBL4434847,0,0.5370683,5899
CHEMBL24661,0,0.5369732,5900
CHEMBL33746,0,0.53690475,5901
CHEMBL3310056,0,0.53681445,5902
CHEMBL22396,0,0.53677183,5903
CHEMBL4436442,0,0.5367555,5904
CHEMBL14950,0,0.5367237,5905
CHEMBL40940,0,0.5366136,5906
CHEMBL3309444,0,0.5365329,5907
CHEMBL1088980,0,0.5362868,5908
CHEMBL34002,0,0.5362245,5909
CHEMBL3311087,0,0.5362245,5910
CHEMBL8703,0,0.5361763,5911
CHEMBL22853,0,0.5360181,5912
CHEMBL37483,0,0.5360181,5913
CHEMBL9308,0,0.5360181,5914
CHEMBL17495,0,0.5360181,5915
CHEMBL36631,0,0.5359862,5916
CHEMBL16559,0,0.53587574,5917
CHEMBL41296,0,0.53587574,5918
CHEMBL13241,0,0.53568536,5919
CHEMBL18946,0,0.53568536,5920
CHEMBL485,0,0.53566444,5921
CHEMBL34967,0,0.5355639,5922
CHEMBL38243,0,0.5355639,5923
CHEMBL15444,0,0.5355639,5924
CHEMBL18811,0,0.5353631,5925
CHEMBL17279,0,0.5353631,5926
CHEMBL33957,0,0.5353631,5927
CHEMBL1163383,0,0.5353631,5928
CHEMBL18898,0,0.5353631,5929
CHEMBL27159,0,0.5353631,5930
CHEMBL19269,0,0.5353631,5931
CHEMBL29493,0,0.5353631,5932
CHEMBL17791,0,0.5353231,5933
CHEMBL35255,0,0.5353231,5934
CHEMBL37713,0,0.5350136,5935
CHEMBL27222,0,0.5346966,5936
CHEMBL30642,0,0.5343139,5937
CHEMBL7647,0,0.5343139,5938
CHEMBL12916,0,0.5343139,5939
CHEMBL31860,0,0.534218,5940
CHEMBL4559960,0,0.534218,5941
CHEMBL22542,0,0.5341114,5942
CHEMBL4436183,0,0.53408164,5943
CHEMBL17642,0,0.53408164,5944
CHEMBL29027,0,0.53408164,5945
CHEMBL30311,0,0.53408164,5946
CHEMBL28916,0,0.53408164,5947
CHEMBL21504,0,0.53408164,5948
CHEMBL39143,0,0.53408164,5949
CHEMBL15414,0,0.53408164,5950
CHEMBL15560,0,0.53408164,5951
CHEMBL4436046,0,0.53408164,5952
CHEMBL34290,0,0.53408164,5953
CHEMBL10511,0,0.53408164,5954
CHEMBL38075,0,0.53408164,5955
CHEMBL39575,0,0.53408164,5956
CHEMBL33943,0,0.53406215,5957
CHEMBL3309939,0,0.53406215,5958
CHEMBL38868,0,0.53376776,5959
CHEMBL27482,0,0.5337424,5960
CHEMBL41185,0,0.533233,5961
CHEMBL3310382,0,0.53310347,5962
CHEMBL31152,0,0.5330685,5963
CHEMBL35350,0,0.5330685,5964
CHEMBL15640,0,0.5330685,5965
CHEMBL39149,0,0.5330685,5966
CHEMBL27218,0,0.5330685,5967
CHEMBL4434760,0,0.5330685,5968
CHEMBL27256,0,0.5330685,5969
CHEMBL20532,0,0.5330685,5970
CHEMBL591228,0,0.5330685,5971
CHEMBL36829,0,0.5330146,5972
CHEMBL4553638,0,0.53280425,5973
CHEMBL39822,0,0.53280425,5974
CHEMBL1163486,0,0.53280425,5975
CHEMBL4553163,0,0.53280425,5976
CHEMBL4553546,0,0.53280425,5977
CHEMBL18563,0,0.53280425,5978
CHEMBL21756,0,0.53280425,5979
CHEMBL19143,0,0.53280425,5980
CHEMBL39186,0,0.53280425,5981
CHEMBL9974,0,0.53280425,5982
CHEMBL4435813,0,0.53280425,5983
CHEMBL26890,0,0.53280425,5984
CHEMBL9770,0,0.53280425,5985
CHEMBL6884,0,0.53280425,5986
CHEMBL34369,0,0.53280425,5987
CHEMBL3310264,0,0.53280425,5988
CHEMBL16903,0,0.53280425,5989
CHEMBL11161,0,0.53280425,5990
CHEMBL14628,0,0.53252697,5991
CHEMBL10530,0,0.5325027,5992
CHEMBL3309924,0,0.5325027,5993
CHEMBL38082,0,0.5325027,5994
CHEMBL38538,0,0.532432,5995
CHEMBL9203,0,0.5324056,5996
CHEMBL20514,0,0.5324056,5997
CHEMBL196395,0,0.5324056,5998
CHEMBL3309698,0,0.5324056,5999
CHEMBL4553589,0,0.5324056,6000
CHEMBL4434762,0,0.5324056,6001
CHEMBL12259,0,0.5324056,6002
CHEMBL29065,0,0.5324056,6003
CHEMBL24433,0,0.5324056,6004
CHEMBL37086,0,0.5320901,6005
CHEMBL3311426,0,0.5320901,6006
CHEMBL30972,0,0.5320901,6007
CHEMBL27759,0,0.5320901,6008
CHEMBL29845,0,0.5320901,6009
CHEMBL24947,0,0.5320901,6010
CHEMBL16188,0,0.5320901,6011
CHEMBL15286,0,0.5320901,6012
CHEMBL23597,0,0.5320901,6013
CHEMBL12890,0,0.5320901,6014
CHEMBL35999,0,0.5320901,6015
CHEMBL27401,0,0.5320901,6016
CHEMBL35939,0,0.5320901,6017
CHEMBL1085285,0,0.5320901,6018
CHEMBL35775,0,0.5320901,6019
CHEMBL24542,0,0.5320901,6020
CHEMBL34889,0,0.5320901,6021
CHEMBL27883,0,0.5320901,6022
CHEMBL31895,0,0.5320901,6023
CHEMBL19728,0,0.5320901,6024
CHEMBL3310123,0,0.5320901,6025
CHEMBL37827,0,0.5320901,6026
CHEMBL39577,0,0.5320901,6027
CHEMBL39818,0,0.5320901,6028
CHEMBL9898,0,0.5320901,6029
CHEMBL10372,0,0.5320901,6030
CHEMBL38050,0,0.5320901,6031
CHEMBL26681,0,0.5320901,6032
CHEMBL38085,0,0.5320901,6033
CHEMBL15736,0,0.5320901,6034
CHEMBL17533,0,0.5320901,6035
CHEMBL21846,0,0.5320901,6036
CHEMBL27907,0,0.5320901,6037
CHEMBL40429,0,0.5320901,6038
CHEMBL17914,0,0.5320901,6039
CHEMBL4436100,0,0.5320901,6040
CHEMBL13488,0,0.5320901,6041
CHEMBL33939,0,0.5320901,6042
CHEMBL23382,0,0.5320901,6043
CHEMBL33772,0,0.5320901,6044
CHEMBL29326,0,0.5320901,6045
CHEMBL7075,0,0.5320901,6046
CHEMBL34939,0,0.5320901,6047
CHEMBL27835,0,0.5320901,6048
CHEMBL6715,0,0.5320901,6049
CHEMBL20168,0,0.5320901,6050
CHEMBL28402,0,0.5320901,6051
CHEMBL17232,0,0.5320901,6052
CHEMBL4435644,0,0.5320901,6053
CHEMBL10564,0,0.5320901,6054
CHEMBL18375,0,0.5320901,6055
CHEMBL4436185,0,0.5320901,6056
CHEMBL10216,0,0.5320901,6057
CHEMBL24921,0,0.5320901,6058
CHEMBL7427,0,0.5320901,6059
CHEMBL19202,0,0.5320901,6060
CHEMBL26686,0,0.5320356,6061
CHEMBL4543448,0,0.53200084,6062
CHEMBL28284,0,0.53200084,6063
CHEMBL6499,0,0.53194714,6064
CHEMBL16598,0,0.53194547,6065
CHEMBL10159,0,0.53181815,6066
CHEMBL4436295,0,0.5317947,6067
CHEMBL10739,0,0.53167063,6068
CHEMBL22117,0,0.5316482,6069
CHEMBL40266,0,0.53164184,6070
CHEMBL4435167,0,0.53153527,6071
CHEMBL22561,0,0.5313786,6072
CHEMBL25564,0,0.5313786,6073
CHEMBL37050,0,0.5313786,6074
CHEMBL263329,0,0.5313786,6075
CHEMBL4435380,0,0.5313786,6076
CHEMBL34173,0,0.5313786,6077
CHEMBL35749,0,0.5313786,6078
CHEMBL4436210,0,0.5313786,6079
CHEMBL25335,0,0.5313786,6080
CHEMBL12026,0,0.53133994,6081
CHEMBL20966,0,0.5309987,6082
CHEMBL28928,0,0.5309987,6083
CHEMBL17156,0,0.5309987,6084
CHEMBL4116152,0,0.5309987,6085
CHEMBL19798,0,0.5309987,6086
CHEMBL34236,0,0.5309987,6087
CHEMBL13705,0,0.5309987,6088
CHEMBL11578,0,0.5309987,6089
CHEMBL3310766,0,0.5309987,6090
CHEMBL4434773,0,0.5309987,6091
CHEMBL24161,0,0.53097993,6092
CHEMBL22294,0,0.5307207,6093
CHEMBL18676,0,0.5307207,6094
CHEMBL28471,0,0.53068626,6095
CHEMBL4435891,0,0.53067255,6096
CHEMBL4116106,0,0.530485,6097
CHEMBL39636,0,0.5304331,6098
CHEMBL19865,0,0.5304331,6099
CHEMBL25949,0,0.5304331,6100
CHEMBL6272,0,0.5304331,6101
CHEMBL17342,0,0.5304331,6102
CHEMBL40143,0,0.5304331,6103
CHEMBL26030,0,0.5304331,6104
CHEMBL20426,0,0.5304331,6105
CHEMBL27850,0,0.5304331,6106
CHEMBL40343,0,0.5304331,6107
CHEMBL31441,0,0.5304331,6108
CHEMBL25509,0,0.5304331,6109
CHEMBL35742,0,0.5304331,6110
CHEMBL21151,0,0.5304331,6111
CHEMBL24428,0,0.5304331,6112
CHEMBL7419,0,0.5304331,6113
CHEMBL30879,0,0.5304331,6114
CHEMBL11879,0,0.5304331,6115
CHEMBL36434,0,0.5304331,6116
CHEMBL12663,0,0.5304331,6117
CHEMBL10409,0,0.5304331,6118
CHEMBL8208,0,0.5304331,6119
CHEMBL4543192,0,0.5304331,6120
CHEMBL17818,0,0.5304331,6121
CHEMBL35586,0,0.53034174,6122
CHEMBL19027,0,0.53034174,6123
CHEMBL593625,0,0.5302634,6124
CHEMBL17350,0,0.5302634,6125
CHEMBL33014,0,0.5302634,6126
CHEMBL32094,0,0.5302634,6127
CHEMBL22763,0,0.5302634,6128
CHEMBL4436005,0,0.5302634,6129
CHEMBL34138,0,0.53025264,6130
CHEMBL42871,0,0.53018063,6131
CHEMBL27330,0,0.53016114,6132
CHEMBL3310362,0,0.53016114,6133
CHEMBL3310769,0,0.53016114,6134
CHEMBL14310,0,0.53016114,6135
CHEMBL35877,0,0.53016114,6136
CHEMBL38299,0,0.53016114,6137
CHEMBL26642,0,0.53016114,6138
CHEMBL41398,0,0.53016114,6139
CHEMBL26821,0,0.53016114,6140
CHEMBL31237,0,0.5301519,6141
CHEMBL28418,0,0.5301519,6142
CHEMBL4553705,0,0.5301519,6143
CHEMBL21061,0,0.5301519,6144
CHEMBL4543278,0,0.5301519,6145
CHEMBL4435975,0,0.5300808,6146
CHEMBL1163505,0,0.5300808,6147
CHEMBL4435561,0,0.5300808,6148
CHEMBL23312,0,0.5300808,6149
CHEMBL34100,0,0.53004885,6150
CHEMBL38378,0,0.53004885,6151
CHEMBL7525,0,0.53004885,6152
CHEMBL32517,0,0.53004885,6153
CHEMBL4436420,0,0.53004885,6154
CHEMBL20065,0,0.53004885,6155
CHEMBL16612,0,0.53004885,6156
CHEMBL29660,0,0.53004885,6157
CHEMBL16783,0,0.53004885,6158
CHEMBL4435453,0,0.53004885,6159
CHEMBL32134,0,0.53004885,6160
CHEMBL18688,0,0.53004885,6161
CHEMBL38870,0,0.53004885,6162
CHEMBL38970,0,0.53004885,6163
CHEMBL7934,0,0.53004885,6164
CHEMBL6214,0,0.53004885,6165
CHEMBL23743,0,0.53004885,6166
CHEMBL34645,0,0.53004885,6167
CHEMBL41021,0,0.53004885,6168
CHEMBL36549,0,0.53004885,6169
CHEMBL37059,0,0.53004885,6170
CHEMBL6694,0,0.53004885,6171
CHEMBL22905,0,0.53004885,6172
CHEMBL18426,0,0.53004885,6173
CHEMBL4435977,0,0.53004885,6174
CHEMBL36481,0,0.53004885,6175
CHEMBL444233,0,0.5300312,6176
CHEMBL21274,0,0.5297886,6177
CHEMBL16856,0,0.52975756,6178
CHEMBL31576,0,0.5297295,6179
CHEMBL4436526,0,0.5296846,6180
CHEMBL26901,0,0.529544,6181
CHEMBL25063,0,0.5290432,6182
CHEMBL4435400,0,0.5290432,6183
CHEMBL21401,0,0.5290432,6184
CHEMBL21643,0,0.5290424,6185
CHEMBL10710,0,0.52848417,6186
CHEMBL19681,0,0.5284126,6187
CHEMBL30651,0,0.5284126,6188
CHEMBL14316,0,0.5284126,6189
CHEMBL12564,0,0.5284126,6190
CHEMBL291033,0,0.5284126,6191
CHEMBL4436086,0,0.5284126,6192
CHEMBL36223,0,0.5284126,6193
CHEMBL22278,0,0.5284126,6194
CHEMBL32750,0,0.5284126,6195
CHEMBL3311450,0,0.5284126,6196
CHEMBL34072,0,0.5284126,6197
CHEMBL14304,0,0.5284126,6198
CHEMBL11857,0,0.52824724,6199
CHEMBL27763,0,0.52824724,6200
CHEMBL11592,0,0.52824724,6201
CHEMBL42845,0,0.52824724,6202
CHEMBL35876,0,0.52824724,6203
CHEMBL37126,0,0.52824724,6204
CHEMBL38008,0,0.52824724,6205
CHEMBL19808,0,0.52824724,6206
CHEMBL17455,0,0.52824724,6207
CHEMBL19524,0,0.52824724,6208
CHEMBL16242,0,0.52824724,6209
CHEMBL7356,0,0.52824724,6210
CHEMBL39526,0,0.52824724,6211
CHEMBL23607,0,0.52824724,6212
CHEMBL3310344,0,0.5281986,6213
CHEMBL33761,0,0.5281986,6214
CHEMBL4435949,0,0.5281986,6215
CHEMBL15855,0,0.5281986,6216
CHEMBL19135,0,0.5281382,6217
CHEMBL7428,0,0.528065,6218
CHEMBL28180,0,0.528065,6219
CHEMBL18954,0,0.52804255,6220
CHEMBL22760,0,0.52803534,6221
CHEMBL14562,0,0.5278114,6222
CHEMBL39344,0,0.5275108,6223
CHEMBL39218,0,0.5275108,6224
CHEMBL37154,0,0.5272691,6225
CHEMBL23713,0,0.52723014,6226
CHEMBL9651,0,0.52692086,6227
CHEMBL3309599,0,0.5268604,6228
CHEMBL24960,0,0.52673846,6229
CHEMBL8978,0,0.5260437,6230
CHEMBL8002,0,0.52593404,6231
CHEMBL13794,0,0.52593404,6232
CHEMBL10557,0,0.52593404,6233
CHEMBL13754,0,0.52587515,6234
CHEMBL16202,0,0.52558345,6235
CHEMBL6363,0,0.52558005,6236
CHEMBL16059,0,0.52558005,6237
CHEMBL541947,0,0.52558005,6238
CHEMBL35453,0,0.52558005,6239
CHEMBL27338,0,0.52558005,6240
CHEMBL6240,0,0.52558005,6241
CHEMBL3310495,0,0.52558005,6242
CHEMBL12707,0,0.52558005,6243
CHEMBL27053,0,0.52558005,6244
CHEMBL8804,0,0.52558005,6245
CHEMBL4436004,0,0.52558005,6246
CHEMBL28102,0,0.52558005,6247
CHEMBL18829,0,0.52558005,6248
CHEMBL35884,0,0.52558005,6249
CHEMBL3311266,0,0.52558005,6250
CHEMBL34724,0,0.52558005,6251
CHEMBL32063,0,0.5251925,6252
CHEMBL34127,0,0.5251925,6253
CHEMBL39726,0,0.5251629,6254
CHEMBL21140,0,0.5251211,6255
CHEMBL34521,0,0.5250842,6256
CHEMBL20047,0,0.52491677,6257
CHEMBL12617,0,0.52491677,6258
CHEMBL41428,0,0.52491677,6259
CHEMBL27446,0,0.5249033,6260
CHEMBL39835,0,0.5248617,6261
CHEMBL3311038,0,0.5246078,6262
CHEMBL4434893,0,0.52458465,6263
CHEMBL1163372,0,0.5243481,6264
CHEMBL18376,0,0.5243481,6265
CHEMBL19609,0,0.52434653,6266
CHEMBL40355,0,0.52434653,6267
CHEMBL21557,0,0.52423996,6268
CHEMBL21490,0,0.5241756,6269
CHEMBL28534,0,0.52404344,6270
CHEMBL36681,0,0.52404344,6271
CHEMBL25367,0,0.52404344,6272
CHEMBL10202,0,0.52370715,6273
CHEMBL28365,0,0.5236781,6274
CHEMBL27340,0,0.52365965,6275
CHEMBL33422,0,0.52365965,6276
CHEMBL1089317,0,0.52365965,6277
CHEMBL25713,0,0.52341676,6278
CHEMBL3310364,0,0.52337885,6279
CHEMBL4435446,0,0.52337885,6280
CHEMBL29972,0,0.52336663,6281
CHEMBL9195,0,0.52336663,6282
CHEMBL22927,0,0.5233354,6283
CHEMBL39480,0,0.52316797,6284
CHEMBL27549,0,0.52316797,6285
CHEMBL35345,0,0.52316797,6286
CHEMBL7462,0,0.52316797,6287
CHEMBL10185,0,0.52316797,6288
CHEMBL28255,0,0.52316797,6289
CHEMBL34792,0,0.52316797,6290
CHEMBL4435870,0,0.52316797,6291
CHEMBL4435379,0,0.52316797,6292
CHEMBL40533,0,0.52316797,6293
CHEMBL19012,0,0.52316797,6294
CHEMBL32132,0,0.52316797,6295
CHEMBL40031,0,0.52316797,6296
CHEMBL25260,0,0.52316797,6297
CHEMBL27254,0,0.52316797,6298
CHEMBL6275,0,0.52316797,6299
CHEMBL25366,0,0.52316797,6300
CHEMBL13149,0,0.52316797,6301
CHEMBL4116117,0,0.52316797,6302
CHEMBL31023,0,0.52316797,6303
CHEMBL30885,0,0.52316797,6304
CHEMBL3309800,0,0.52316797,6305
CHEMBL24955,0,0.52316797,6306
CHEMBL10998,0,0.52316797,6307
CHEMBL23363,0,0.52316797,6308
CHEMBL24913,0,0.52316797,6309
CHEMBL25209,0,0.52316797,6310
CHEMBL4434966,0,0.52316797,6311
CHEMBL19615,0,0.522983,6312
CHEMBL265732,0,0.522983,6313
CHEMBL37439,0,0.522983,6314
CHEMBL16623,0,0.52252775,6315
CHEMBL3309864,0,0.5224108,6316
CHEMBL27083,0,0.5223897,6317
CHEMBL38708,0,0.5223897,6318
CHEMBL8648,0,0.5219246,6319
CHEMBL22761,0,0.5219246,6320
CHEMBL541695,0,0.5219246,6321
CHEMBL16959,0,0.5219246,6322
CHEMBL11034,0,0.5219246,6323
CHEMBL22477,0,0.52191335,6324
CHEMBL4436080,0,0.52191335,6325
CHEMBL4116000,0,0.52191335,6326
CHEMBL19644,0,0.52191335,6327
CHEMBL22781,0,0.52191335,6328
CHEMBL36323,0,0.52191335,6329
CHEMBL22226,0,0.52191335,6330
CHEMBL16406,0,0.52191335,6331
CHEMBL38503,0,0.52191335,6332
CHEMBL3310215,0,0.52191335,6333
CHEMBL6371,0,0.52191335,6334
CHEMBL41311,0,0.5218661,6335
CHEMBL4435436,0,0.52173257,6336
CHEMBL25736,0,0.5217285,6337
CHEMBL37162,0,0.5214881,6338
CHEMBL16046,0,0.5211615,6339
CHEMBL19558,0,0.5211615,6340
CHEMBL11917,0,0.5211615,6341
CHEMBL20265,0,0.5211615,6342
CHEMBL32986,0,0.52108824,6343
CHEMBL11401,0,0.520977,6344
CHEMBL32649,0,0.5208784,6345
CHEMBL20749,0,0.5208784,6346
CHEMBL18979,0,0.5208784,6347
CHEMBL7327,0,0.52074665,6348
CHEMBL23603,0,0.52074665,6349
CHEMBL38288,0,0.52074665,6350
CHEMBL9783,0,0.52074665,6351
CHEMBL32025,0,0.52074665,6352
CHEMBL7283,0,0.52074665,6353
CHEMBL22016,0,0.52074665,6354
CHEMBL24361,0,0.52074665,6355
CHEMBL15144,0,0.52074665,6356
CHEMBL17413,0,0.5204102,6357
CHEMBL14816,0,0.5203418,6358
CHEMBL30837,0,0.5202821,6359
CHEMBL7656,0,0.51998395,6360
CHEMBL3310292,0,0.51989454,6361
CHEMBL3310121,0,0.519883,6362
CHEMBL17715,0,0.519883,6363
CHEMBL39300,0,0.519883,6364
CHEMBL21724,0,0.519883,6365
CHEMBL4116093,0,0.5197474,6366
CHEMBL20428,0,0.5196819,6367
CHEMBL21031,0,0.5196819,6368
CHEMBL1229162,0,0.51951605,6369
CHEMBL9888,0,0.51951605,6370
CHEMBL1171068,0,0.51951605,6371
CHEMBL12510,0,0.51951605,6372
CHEMBL4435669,0,0.51951605,6373
CHEMBL17943,0,0.51951605,6374
CHEMBL8412,0,0.51951605,6375
CHEMBL3311400,0,0.519425,6376
CHEMBL6836,0,0.519425,6377
CHEMBL41917,0,0.519425,6378
CHEMBL12109,0,0.51871717,6379
CHEMBL26877,0,0.51871717,6380
CHEMBL21764,0,0.51871717,6381
CHEMBL32320,0,0.51871717,6382
CHEMBL22870,0,0.51871717,6383
CHEMBL6342,0,0.51840025,6384
CHEMBL32920,0,0.518311,6385
CHEMBL27469,0,0.518311,6386
CHEMBL35967,0,0.518311,6387
CHEMBL26077,0,0.518311,6388
CHEMBL28397,0,0.518311,6389
CHEMBL32037,0,0.518311,6390
CHEMBL14809,0,0.518311,6391
CHEMBL35934,0,0.518311,6392
CHEMBL19970,0,0.518311,6393
CHEMBL38960,0,0.518311,6394
CHEMBL17780,0,0.518311,6395
CHEMBL30633,0,0.518311,6396
CHEMBL41509,0,0.518311,6397
CHEMBL41671,0,0.518311,6398
CHEMBL34836,0,0.518311,6399
CHEMBL32746,0,0.518311,6400
CHEMBL4436280,0,0.518311,6401
CHEMBL32714,0,0.518311,6402
CHEMBL33773,0,0.518311,6403
CHEMBL260909,0,0.518311,6404
CHEMBL42760,0,0.518311,6405
CHEMBL34581,0,0.518311,6406
CHEMBL30787,0,0.518311,6407
CHEMBL4436152,0,0.518311,6408
CHEMBL24350,0,0.518311,6409
CHEMBL33606,0,0.518311,6410
CHEMBL20165,0,0.518311,6411
CHEMBL4543401,0,0.518311,6412
CHEMBL34893,0,0.518311,6413
CHEMBL43768,0,0.518311,6414
CHEMBL11553,0,0.518311,6415
CHEMBL35516,0,0.518311,6416
CHEMBL20271,0,0.518311,6417
CHEMBL29539,0,0.518311,6418
CHEMBL15318,0,0.518311,6419
CHEMBL9710,0,0.518311,6420
CHEMBL28263,0,0.518311,6421
CHEMBL570855,0,0.518311,6422
CHEMBL20279,0,0.518311,6423
CHEMBL4543472,0,0.518311,6424
CHEMBL38275,0,0.518311,6425
CHEMBL40538,0,0.518311,6426
CHEMBL39665,0,0.518311,6427
CHEMBL6990,0,0.518311,6428
CHEMBL15163,0,0.518311,6429
CHEMBL29131,0,0.518311,6430
CHEMBL7053,0,0.518311,6431
CHEMBL6998,0,0.518311,6432
CHEMBL33682,0,0.518311,6433
CHEMBL35636,0,0.518311,6434
CHEMBL3310860,0,0.518311,6435
CHEMBL15172,0,0.518311,6436
CHEMBL36771,0,0.518311,6437
CHEMBL3309583,0,0.518311,6438
CHEMBL32106,0,0.518311,6439
CHEMBL28199,0,0.518311,6440
CHEMBL29304,0,0.518311,6441
CHEMBL9423,0,0.518311,6442
CHEMBL24899,0,0.518311,6443
CHEMBL7463,0,0.518311,6444
CHEMBL9945,0,0.518311,6445
CHEMBL22295,0,0.518311,6446
CHEMBL18846,0,0.518311,6447
CHEMBL23681,0,0.518311,6448
CHEMBL6498,0,0.518311,6449
CHEMBL31574,0,0.518311,6450
CHEMBL494682,0,0.518311,6451
CHEMBL37099,0,0.518311,6452
CHEMBL15046,0,0.518311,6453
CHEMBL35067,0,0.518311,6454
CHEMBL32153,0,0.518311,6455
CHEMBL31426,0,0.518311,6456
CHEMBL20441,0,0.518311,6457
CHEMBL38056,0,0.518311,6458
CHEMBL38067,0,0.518311,6459
CHEMBL4435978,0,0.518311,6460
CHEMBL11221,0,0.518311,6461
CHEMBL37236,0,0.518311,6462
CHEMBL37226,0,0.518311,6463
CHEMBL28626,0,0.518311,6464
CHEMBL28611,0,0.518311,6465
CHEMBL22612,0,0.518311,6466
CHEMBL37227,0,0.518311,6467
CHEMBL22518,0,0.51829547,6468
CHEMBL9831,0,0.5181508,6469
CHEMBL28438,0,0.51802045,6470
CHEMBL13303,0,0.51785517,6471
CHEMBL9049,0,0.51772624,6472
CHEMBL18301,0,0.5176515,6473
CHEMBL26641,0,0.51759905,6474
CHEMBL19794,0,0.51759905,6475
CHEMBL19933,0,0.51758367,6476
CHEMBL25966,0,0.51758367,6477
CHEMBL17048,0,0.51758367,6478
CHEMBL36565,0,0.51758367,6479
CHEMBL18550,0,0.51752967,6480
CHEMBL16172,0,0.51752967,6481
CHEMBL24518,0,0.5175229,6482
CHEMBL32415,0,0.5175229,6483
CHEMBL27023,0,0.5175229,6484
CHEMBL21207,0,0.51751167,6485
CHEMBL3309863,0,0.51751167,6486
CHEMBL4436112,0,0.5170524,6487
CHEMBL8316,0,0.5170524,6488
CHEMBL19007,0,0.5170524,6489
CHEMBL21313,0,0.5170524,6490
CHEMBL19589,0,0.5170524,6491
CHEMBL36630,0,0.5170524,6492
CHEMBL12884,0,0.5170524,6493
CHEMBL23594,0,0.5170524,6494
CHEMBL32258,0,0.5170524,6495
CHEMBL14934,0,0.5170524,6496
CHEMBL7553,0,0.5170524,6497
CHEMBL1095336,0,0.5170524,6498
CHEMBL4434901,0,0.5170524,6499
CHEMBL9601,0,0.5170524,6500
CHEMBL23652,0,0.5170524,6501
CHEMBL37947,0,0.5170524,6502
CHEMBL4436347,0,0.5170408,6503
CHEMBL31788,0,0.5170408,6504
CHEMBL29590,0,0.51693046,6505
CHEMBL3310316,0,0.51672816,6506
CHEMBL41437,0,0.5166285,6507
CHEMBL4435041,0,0.5166285,6508
CHEMBL26357,0,0.5164646,6509
CHEMBL42683,0,0.5164646,6510
CHEMBL9129,0,0.5164646,6511
CHEMBL39940,0,0.5164646,6512
CHEMBL21175,0,0.5164646,6513
CHEMBL16123,0,0.51643026,6514
CHEMBL4436260,0,0.51641023,6515
CHEMBL19188,0,0.5160839,6516
CHEMBL31462,0,0.5160839,6517
CHEMBL11127,0,0.51596904,6518
CHEMBL4115992,0,0.51596904,6519
CHEMBL4543258,0,0.51596904,6520
CHEMBL15027,0,0.51596904,6521
CHEMBL21568,0,0.51596904,6522
CHEMBL37212,0,0.51596904,6523
CHEMBL31795,0,0.51596904,6524
CHEMBL21953,0,0.51596904,6525
CHEMBL3309798,0,0.51571953,6526
CHEMBL8676,0,0.51571953,6527
CHEMBL10792,0,0.5152731,6528
CHEMBL25764,0,0.5152314,6529
CHEMBL35722,0,0.5152314,6530
CHEMBL10291,0,0.51507676,6531
CHEMBL13569,0,0.51483196,6532
CHEMBL15237,0,0.514786,6533
CHEMBL14383,0,0.5147391,6534
CHEMBL28404,0,0.5147391,6535
CHEMBL13322,0,0.5142667,6536
CHEMBL4560012,0,0.5138578,6537
CHEMBL4435006,0,0.5138578,6538
CHEMBL31107,0,0.5138578,6539
CHEMBL35376,0,0.5138578,6540
CHEMBL34271,0,0.5137931,6541
CHEMBL35813,0,0.5134776,6542
CHEMBL35225,0,0.51346797,6543
CHEMBL32469,0,0.51346797,6544
CHEMBL29642,0,0.51346797,6545
CHEMBL12755,0,0.51325035,6546
CHEMBL19954,0,0.5131715,6547
CHEMBL16690,0,0.5131715,6548
CHEMBL12803,0,0.5131715,6549
CHEMBL4436067,0,0.51272213,6550
CHEMBL6403,0,0.51272213,6551
CHEMBL38639,0,0.51272213,6552
CHEMBL9931,0,0.5124575,6553
CHEMBL29995,0,0.51235193,6554
CHEMBL33322,0,0.51234037,6555
CHEMBL43651,0,0.51212484,6556
CHEMBL12488,0,0.51207286,6557
CHEMBL43828,0,0.51201636,6558
CHEMBL32036,0,0.51201636,6559
CHEMBL4115945,0,0.51201636,6560
CHEMBL41322,0,0.51201636,6561
CHEMBL14848,0,0.51201636,6562
CHEMBL20662,0,0.51177907,6563
CHEMBL783,0,0.51177907,6564
CHEMBL26452,0,0.51177907,6565
CHEMBL27945,0,0.51170415,6566
CHEMBL35035,0,0.51170415,6567
CHEMBL589473,0,0.51170415,6568
CHEMBL20055,0,0.51170415,6569
CHEMBL39266,0,0.51170415,6570
CHEMBL11850,0,0.51170415,6571
CHEMBL30341,0,0.51170415,6572
CHEMBL23181,0,0.5113481,6573
CHEMBL17327,0,0.5113481,6574
CHEMBL29674,0,0.51127106,6575
CHEMBL35095,0,0.51127106,6576
CHEMBL37418,0,0.51127106,6577
CHEMBL35719,0,0.51127106,6578
CHEMBL36036,0,0.51117283,6579
CHEMBL29633,0,0.51117283,6580
CHEMBL26631,0,0.51117283,6581
CHEMBL37232,0,0.51117283,6582
CHEMBL11068,0,0.51116794,6583
CHEMBL27908,0,0.51085997,6584
CHEMBL29746,0,0.51085997,6585
CHEMBL22135,0,0.51082194,6586
CHEMBL4435524,0,0.51082194,6587
CHEMBL32950,0,0.51082194,6588
CHEMBL12429,0,0.51082194,6589
CHEMBL20795,0,0.51082194,6590
CHEMBL10570,0,0.51079184,6591
CHEMBL9846,0,0.5107496,6592
CHEMBL9189,0,0.5107496,6593
CHEMBL20792,0,0.5107496,6594
CHEMBL37507,0,0.5107496,6595
CHEMBL26142,0,0.5107496,6596
CHEMBL42378,0,0.5107496,6597
CHEMBL35988,0,0.5107496,6598
CHEMBL6933,0,0.5107481,6599
CHEMBL23960,0,0.5107481,6600
CHEMBL24188,0,0.51067144,6601
CHEMBL18283,0,0.51067144,6602
CHEMBL41569,0,0.5106164,6603
CHEMBL15452,0,0.5106164,6604
CHEMBL36106,0,0.5106164,6605
CHEMBL39840,0,0.5106164,6606
CHEMBL32722,0,0.5106164,6607
CHEMBL30729,0,0.5106164,6608
CHEMBL17720,0,0.5106164,6609
CHEMBL16499,0,0.5106164,6610
CHEMBL12247,0,0.5106164,6611
CHEMBL7604,0,0.5106164,6612
CHEMBL21318,0,0.5106164,6613
CHEMBL23290,0,0.5106164,6614
CHEMBL16398,0,0.5106164,6615
CHEMBL16974,0,0.5106164,6616
CHEMBL19276,0,0.5106164,6617
CHEMBL21231,0,0.5106164,6618
CHEMBL11155,0,0.50998855,6619
CHEMBL10003,0,0.509759,6620
CHEMBL9910,0,0.50956416,6621
CHEMBL16445,0,0.5095598,6622
CHEMBL3310797,0,0.5095598,6623
CHEMBL501101,0,0.50954145,6624
CHEMBL7366,0,0.50952744,6625
CHEMBL25323,0,0.50952744,6626
CHEMBL10758,0,0.5095125,6627
CHEMBL37869,0,0.50951153,6628
CHEMBL29837,0,0.5093244,6629
CHEMBL32802,0,0.509015,6630
CHEMBL38197,0,0.509015,6631
CHEMBL34343,0,0.5088808,6632
CHEMBL17009,0,0.5088808,6633
CHEMBL10704,0,0.5088808,6634
CHEMBL39817,0,0.5088808,6635
CHEMBL17297,0,0.5088808,6636
CHEMBL10736,0,0.5088808,6637
CHEMBL18510,0,0.5088808,6638
CHEMBL7224,0,0.508729,6639
CHEMBL36292,0,0.508729,6640
CHEMBL36522,0,0.508729,6641
CHEMBL37828,0,0.5086142,6642
CHEMBL36047,0,0.5086142,6643
CHEMBL8067,0,0.5085296,6644
CHEMBL35075,0,0.5082886,6645
CHEMBL20519,0,0.50826967,6646
CHEMBL30153,0,0.50809056,6647
CHEMBL14509,0,0.50809056,6648
CHEMBL38017,0,0.50809056,6649
CHEMBL3310059,0,0.50809056,6650
CHEMBL41658,0,0.50809056,6651
CHEMBL8561,0,0.50809056,6652
CHEMBL35232,0,0.507963,6653
CHEMBL43021,0,0.507963,6654
CHEMBL28535,0,0.507963,6655
CHEMBL6224,0,0.507963,6656
CHEMBL13764,0,0.507963,6657
CHEMBL14140,0,0.507963,6658
CHEMBL18171,0,0.507963,6659
CHEMBL8568,0,0.507963,6660
CHEMBL16581,0,0.5078168,6661
CHEMBL32060,0,0.5078062,6662
CHEMBL33933,0,0.5078062,6663
CHEMBL25281,0,0.5078062,6664
CHEMBL9951,0,0.5078062,6665
CHEMBL30537,0,0.50757176,6666
CHEMBL18382,0,0.5073126,6667
CHEMBL37727,0,0.50723904,6668
CHEMBL29867,0,0.50723904,6669
CHEMBL42614,0,0.5072241,6670
CHEMBL29286,0,0.50670403,6671
CHEMBL37762,0,0.5063576,6672
CHEMBL19711,0,0.5063576,6673
CHEMBL12741,0,0.5063354,6674
CHEMBL9987,0,0.5061483,6675
CHEMBL30918,0,0.50610733,6676
CHEMBL4435879,0,0.50610733,6677
CHEMBL9563,0,0.50610733,6678
CHEMBL30579,0,0.50610733,6679
CHEMBL17011,0,0.50610733,6680
CHEMBL28460,0,0.50610733,6681
CHEMBL27402,0,0.5059741,6682
CHEMBL12459,0,0.5059741,6683
CHEMBL33556,0,0.5059741,6684
CHEMBL18401,0,0.5059741,6685
CHEMBL15117,0,0.5059741,6686
CHEMBL34631,0,0.5059741,6687
CHEMBL38998,0,0.5059741,6688
CHEMBL37122,0,0.5059741,6689
CHEMBL14806,0,0.5059741,6690
CHEMBL18660,0,0.5059741,6691
CHEMBL21817,0,0.5059741,6692
CHEMBL23272,0,0.5059732,6693
CHEMBL39703,0,0.50578207,6694
CHEMBL39779,0,0.50578207,6695
CHEMBL35617,0,0.50551707,6696
CHEMBL31843,0,0.50551707,6697
CHEMBL10591,0,0.50551707,6698
CHEMBL7230,0,0.50550133,6699
CHEMBL28613,0,0.50550133,6700
CHEMBL18455,0,0.50550133,6701
CHEMBL7194,0,0.50550133,6702
CHEMBL37993,0,0.5053604,6703
CHEMBL3547916,0,0.5052357,6704
CHEMBL13596,0,0.5052357,6705
CHEMBL34325,0,0.5052357,6706
CHEMBL12820,0,0.5052357,6707
CHEMBL28912,0,0.5052357,6708
CHEMBL22208,0,0.5052357,6709
CHEMBL30297,0,0.5052357,6710
CHEMBL31355,0,0.5052195,6711
CHEMBL33024,0,0.5051083,6712
CHEMBL4543419,0,0.5051083,6713
CHEMBL22729,0,0.5051083,6714
CHEMBL7593,0,0.5051083,6715
CHEMBL30314,0,0.5051083,6716
CHEMBL4435374,0,0.5051083,6717
CHEMBL8078,0,0.5051025,6718
CHEMBL17819,0,0.5051025,6719
CHEMBL11538,0,0.5051025,6720
CHEMBL9343,0,0.5051025,6721
CHEMBL3309646,0,0.5050441,6722
CHEMBL25624,0,0.50453794,6723
CHEMBL30884,0,0.5042935,6724
CHEMBL41858,0,0.5042935,6725
CHEMBL1075659,0,0.5042935,6726
CHEMBL38419,0,0.5042935,6727
CHEMBL36842,0,0.5042935,6728
CHEMBL6684,0,0.50427854,6729
CHEMBL16993,0,0.50427854,6730
CHEMBL30598,0,0.50427854,6731
CHEMBL687,0,0.50427854,6732
CHEMBL33183,0,0.5041902,6733
CHEMBL38559,0,0.5041902,6734
CHEMBL14600,0,0.5041902,6735
CHEMBL19543,0,0.5041902,6736
CHEMBL15157,0,0.5041902,6737
CHEMBL1075687,0,0.5041902,6738
CHEMBL36022,0,0.5040913,6739
CHEMBL4553574,0,0.50405705,6740
CHEMBL19820,0,0.50405705,6741
CHEMBL14798,0,0.50405705,6742
CHEMBL18894,0,0.50405705,6743
CHEMBL38405,0,0.50404674,6744
CHEMBL33821,0,0.50404394,6745
CHEMBL33540,0,0.504006,6746
CHEMBL19004,0,0.504006,6747
CHEMBL33253,0,0.504006,6748
CHEMBL17238,0,0.504006,6749
CHEMBL36542,0,0.5032478,6750
CHEMBL30795,0,0.50323766,6751
CHEMBL19425,0,0.50321436,6752
CHEMBL32047,0,0.5031652,6753
CHEMBL6661,0,0.5031242,6754
CHEMBL8506,0,0.5030929,6755
CHEMBL23742,0,0.50295955,6756
CHEMBL12598,0,0.5027483,6757
CHEMBL10914,0,0.5026313,6758
CHEMBL34042,0,0.5026313,6759
CHEMBL12310,0,0.5026313,6760
CHEMBL538928,0,0.5026313,6761
CHEMBL4543471,0,0.5026313,6762
CHEMBL13015,0,0.5026313,6763
CHEMBL1214443,0,0.5023764,6764
CHEMBL4553637,0,0.50232995,6765
CHEMBL37256,0,0.5023062,6766
CHEMBL19695,0,0.5023062,6767
CHEMBL15354,0,0.502039,6768
CHEMBL31413,0,0.5018067,6769
CHEMBL3309887,0,0.50151324,6770
CHEMBL36884,0,0.50151324,6771
CHEMBL10135,0,0.50124687,6772
CHEMBL18964,0,0.50081235,6773
CHEMBL32400,0,0.50081235,6774
CHEMBL25534,0,0.50056833,6775
CHEMBL15574,0,0.50000817,6776
CHEMBL33157,0,0.49992228,6777
CHEMBL4543173,0,0.49978766,6778
CHEMBL10879,0,0.49978766,6779
CHEMBL17919,0,0.49978766,6780
CHEMBL43833,0,0.49978766,6781
CHEMBL502582,0,0.49978766,6782
CHEMBL9501,0,0.49952593,6783
CHEMBL21442,0,0.49951968,6784
CHEMBL31509,0,0.4994284,6785
CHEMBL8370,0,0.49916875,6786
CHEMBL7718,0,0.4990219,6787
CHEMBL4435475,0,0.49894068,6788
CHEMBL14359,0,0.49894068,6789
CHEMBL589753,0,0.4987424,6790
CHEMBL18920,0,0.4987424,6791
CHEMBL30462,0,0.4987195,6792
CHEMBL39384,0,0.4987195,6793
CHEMBL27708,0,0.4987195,6794
CHEMBL35907,0,0.4987195,6795
CHEMBL12567,0,0.4987195,6796
CHEMBL43741,0,0.4987195,6797
CHEMBL7065,0,0.4987195,6798
CHEMBL36782,0,0.4987195,6799
CHEMBL3311308,0,0.4987195,6800
CHEMBL20725,0,0.4987195,6801
CHEMBL34021,0,0.4987195,6802
CHEMBL18614,0,0.4987195,6803
CHEMBL14242,0,0.4987195,6804
CHEMBL32381,0,0.4987195,6805
CHEMBL8242,0,0.4986287,6806
CHEMBL7758,0,0.4986287,6807
CHEMBL1171794,0,0.4986287,6808
CHEMBL4436025,0,0.4986287,6809
CHEMBL41102,0,0.4986287,6810
CHEMBL19163,0,0.4986287,6811
CHEMBL4553670,0,0.4986287,6812
CHEMBL32495,0,0.49853036,6813
CHEMBL4559980,0,0.49845898,6814
CHEMBL12281,0,0.49845898,6815
CHEMBL37472,0,0.4984329,6816
CHEMBL37456,0,0.49835315,6817
CHEMBL38358,0,0.49835315,6818
CHEMBL41165,0,0.49835315,6819
CHEMBL43574,0,0.49835315,6820
CHEMBL26244,0,0.49835315,6821
CHEMBL7267,0,0.49835315,6822
CHEMBL41871,0,0.49835315,6823
CHEMBL10429,0,0.49835315,6824
CHEMBL3309862,0,0.49835315,6825
CHEMBL9206,0,0.49835315,6826
CHEMBL14463,0,0.49822107,6827
CHEMBL10690,0,0.49822107,6828
CHEMBL14317,0,0.49822107,6829
CHEMBL19337,0,0.49822107,6830
CHEMBL35003,0,0.49822107,6831
CHEMBL4435893,0,0.49822107,6832
CHEMBL29096,0,0.49807587,6833
CHEMBL30201,0,0.49807587,6834
CHEMBL41381,0,0.49807587,6835
CHEMBL20974,0,0.49807587,6836
CHEMBL13166,0,0.49807587,6837
CHEMBL19956,0,0.49807587,6838
CHEMBL12889,0,0.49807587,6839
CHEMBL36855,0,0.49776545,6840
CHEMBL38826,0,0.49775127,6841
CHEMBL40939,0,0.49754378,6842
CHEMBL20061,0,0.49704784,6843
CHEMBL38152,0,0.49694338,6844
CHEMBL34222,0,0.4968209,6845
CHEMBL20024,0,0.4965253,6846
CHEMBL32991,0,0.49642426,6847
CHEMBL3310304,0,0.49637744,6848
CHEMBL36871,0,0.4958118,6849
CHEMBL1202974,0,0.49575704,6850
CHEMBL4435111,0,0.49575704,6851
CHEMBL42842,0,0.49554637,6852
CHEMBL20455,0,0.49532816,6853
CHEMBL3310219,0,0.4949989,6854
CHEMBL13809,0,0.49496025,6855
CHEMBL4435590,0,0.49491253,6856
CHEMBL15613,0,0.49473506,6857
CHEMBL38102,0,0.494466,6858
CHEMBL27655,0,0.49406108,6859
CHEMBL12788,0,0.49406108,6860
CHEMBL3309694,0,0.49406108,6861
CHEMBL15285,0,0.49406108,6862
CHEMBL19024,0,0.49406108,6863
CHEMBL15993,0,0.49404946,6864
CHEMBL23177,0,0.49404946,6865
CHEMBL40043,0,0.49393478,6866
CHEMBL36436,0,0.49393478,6867
CHEMBL3310713,0,0.49368286,6868
CHEMBL7251,0,0.49352178,6869
CHEMBL13841,0,0.49352178,6870
CHEMBL573234,0,0.49319616,6871
CHEMBL22333,0,0.49319303,6872
CHEMBL26660,0,0.4930932,6873
CHEMBL32122,0,0.4930932,6874
CHEMBL538195,0,0.4930932,6875
CHEMBL24410,0,0.4930932,6876
CHEMBL37222,0,0.4930932,6877
CHEMBL26020,0,0.4930932,6878
CHEMBL4553149,0,0.49308786,6879
CHEMBL600456,0,0.49304128,6880
CHEMBL39011,0,0.49304128,6881
CHEMBL39985,0,0.49293336,6882
CHEMBL7189,0,0.49293336,6883
CHEMBL10876,0,0.49282217,6884
CHEMBL34243,0,0.49281436,6885
CHEMBL3310431,0,0.49269944,6886
CHEMBL30021,0,0.49269944,6887
CHEMBL36438,0,0.49233565,6888
CHEMBL17690,0,0.4922944,6889
CHEMBL11078,0,0.4922944,6890
CHEMBL29521,0,0.49213198,6891
CHEMBL30002,0,0.49213198,6892
CHEMBL23551,0,0.49213198,6893
CHEMBL9803,0,0.49213198,6894
CHEMBL32386,0,0.49213198,6895
CHEMBL28197,0,0.49193412,6896
CHEMBL22833,0,0.49172002,6897
CHEMBL8770,0,0.4916964,6898
CHEMBL33124,0,0.49168417,6899
CHEMBL28240,0,0.49168417,6900
CHEMBL8854,0,0.49168417,6901
CHEMBL3310384,0,0.4914528,6902
CHEMBL11948,0,0.49119496,6903
CHEMBL28907,0,0.4908078,6904
CHEMBL25477,0,0.49041528,6905
CHEMBL19090,0,0.49041528,6906
CHEMBL4435554,0,0.49041528,6907
CHEMBL22751,0,0.49036446,6908
CHEMBL20196,0,0.49036446,6909
CHEMBL37527,0,0.490266,6910
CHEMBL611935,0,0.48980185,6911
CHEMBL22807,0,0.48980185,6912
CHEMBL7461,0,0.48980185,6913
CHEMBL24288,0,0.48980185,6914
CHEMBL28133,0,0.4896482,6915
CHEMBL13897,0,0.48946536,6916
CHEMBL15126,0,0.4891053,6917
CHEMBL21511,0,0.48902172,6918
CHEMBL9986,0,0.48876002,6919
CHEMBL19582,0,0.48871732,6920
CHEMBL3309562,0,0.4884871,6921
CHEMBL4560009,0,0.48840204,6922
CHEMBL4435816,0,0.48840204,6923
CHEMBL37701,0,0.48840204,6924
CHEMBL39439,0,0.48840204,6925
CHEMBL30270,0,0.48840204,6926
CHEMBL12910,0,0.48840204,6927
CHEMBL42376,0,0.48791862,6928
CHEMBL31775,0,0.48789346,6929
CHEMBL9367,0,0.48789346,6930
CHEMBL3310706,0,0.4878888,6931
CHEMBL39806,0,0.48771533,6932
CHEMBL4543359,0,0.48760906,6933
CHEMBL18398,0,0.48760906,6934
CHEMBL18438,0,0.48760906,6935
CHEMBL10386,0,0.48760906,6936
CHEMBL11048,0,0.48760906,6937
CHEMBL1214894,0,0.48760906,6938
CHEMBL1214724,0,0.48760906,6939
CHEMBL8149,0,0.48760906,6940
CHEMBL27654,0,0.48760906,6941
CHEMBL8549,0,0.48760906,6942
CHEMBL19106,0,0.48760906,6943
CHEMBL23828,0,0.48760906,6944
CHEMBL30772,0,0.48760906,6945
CHEMBL3311350,0,0.48760906,6946
CHEMBL21864,0,0.48760906,6947
CHEMBL16477,0,0.48760906,6948
CHEMBL18728,0,0.48760906,6949
CHEMBL36596,0,0.48760906,6950
CHEMBL27032,0,0.48760906,6951
CHEMBL23021,0,0.48760906,6952
CHEMBL16851,0,0.48743328,6953
CHEMBL18098,0,0.48743328,6954
CHEMBL37543,0,0.48729682,6955
CHEMBL40937,0,0.48729682,6956
CHEMBL10894,0,0.4872636,6957
CHEMBL7734,0,0.4872636,6958
CHEMBL24042,0,0.4872636,6959
CHEMBL41816,0,0.48712012,6960
CHEMBL33090,0,0.48707786,6961
CHEMBL20030,0,0.48668218,6962
CHEMBL9713,0,0.48668218,6963
CHEMBL3309928,0,0.48668218,6964
CHEMBL32688,0,0.48668218,6965
CHEMBL3309701,0,0.48668218,6966
CHEMBL541754,0,0.48668218,6967
CHEMBL20590,0,0.48668218,6968
CHEMBL7215,0,0.48668218,6969
CHEMBL30237,0,0.48668218,6970
CHEMBL36844,0,0.48668218,6971
CHEMBL28988,0,0.48668218,6972
CHEMBL30345,0,0.48668218,6973
CHEMBL3310679,0,0.48668218,6974
CHEMBL32987,0,0.48668218,6975
CHEMBL3310680,0,0.48668218,6976
CHEMBL31147,0,0.48668218,6977
CHEMBL41320,0,0.48668218,6978
CHEMBL7548,0,0.48668218,6979
CHEMBL17062,0,0.48668218,6980
CHEMBL25416,0,0.48668218,6981
CHEMBL18554,0,0.48668218,6982
CHEMBL36203,0,0.48668218,6983
CHEMBL43777,0,0.48668218,6984
CHEMBL7263,0,0.4866359,6985
CHEMBL33448,0,0.4866359,6986
CHEMBL16569,0,0.4866359,6987
CHEMBL31778,0,0.4866359,6988
CHEMBL3310165,0,0.4866359,6989
CHEMBL6989,0,0.4866359,6990
CHEMBL27447,0,0.4866359,6991
CHEMBL15756,0,0.4866359,6992
CHEMBL31585,0,0.4866359,6993
CHEMBL18009,0,0.4866359,6994
CHEMBL35740,0,0.4866359,6995
CHEMBL1075834,0,0.4866359,6996
CHEMBL1163455,0,0.4866359,6997
CHEMBL36736,0,0.4866359,6998
CHEMBL1163454,0,0.4866359,6999
CHEMBL8772,0,0.4866359,7000
CHEMBL27605,0,0.48661324,7001
CHEMBL3310775,0,0.4865506,7002
CHEMBL38294,0,0.4865506,7003
CHEMBL36155,0,0.48646396,7004
CHEMBL19824,0,0.48619398,7005
CHEMBL23049,0,0.48619398,7006
CHEMBL21492,0,0.48619318,7007
CHEMBL9960,0,0.4859275,7008
CHEMBL40821,0,0.4859275,7009
CHEMBL4543443,0,0.4858216,7010
CHEMBL4435551,0,0.48581108,7011
CHEMBL7893,0,0.48581108,7012
CHEMBL21843,0,0.48581108,7013
CHEMBL4543231,0,0.48581108,7014
CHEMBL26201,0,0.48581108,7015
CHEMBL6320,0,0.48581108,7016
CHEMBL3310975,0,0.48581108,7017
CHEMBL18470,0,0.48581108,7018
CHEMBL4435040,0,0.48581108,7019
CHEMBL19469,0,0.48581108,7020
CHEMBL6484,0,0.48581108,7021
CHEMBL29362,0,0.48581108,7022
CHEMBL30407,0,0.48581108,7023
CHEMBL19324,0,0.48581108,7024
CHEMBL22796,0,0.48578644,7025
CHEMBL28351,0,0.48575982,7026
CHEMBL13052,0,0.48575982,7027
CHEMBL3310023,0,0.4856794,7028
CHEMBL30245,0,0.4855854,7029
CHEMBL28221,0,0.48548236,7030
CHEMBL18922,0,0.4854168,7031
CHEMBL15364,0,0.48516738,7032
CHEMBL17608,0,0.48516738,7033
CHEMBL27833,0,0.48514527,7034
CHEMBL25205,0,0.48514527,7035
CHEMBL27235,0,0.48506784,7036
CHEMBL28774,0,0.4849895,7037
CHEMBL35363,0,0.48490724,7038
CHEMBL10527,0,0.48466164,7039
CHEMBL37539,0,0.48466164,7040
CHEMBL34884,0,0.48466164,7041
CHEMBL35209,0,0.48446363,7042
CHEMBL25047,0,0.48446363,7043
CHEMBL30911,0,0.48446363,7044
CHEMBL506172,0,0.48446363,7045
CHEMBL29445,0,0.48446363,7046
CHEMBL23159,0,0.48446363,7047
CHEMBL23370,0,0.48432368,7048
CHEMBL22974,0,0.48432368,7049
CHEMBL36398,0,0.48432368,7050
CHEMBL3310181,0,0.48432368,7051
CHEMBL1165348,0,0.48424774,7052
CHEMBL526346,0,0.48424774,7053
CHEMBL18557,0,0.48424774,7054
CHEMBL28148,0,0.48424774,7055
CHEMBL34956,0,0.48424774,7056
CHEMBL23331,0,0.48424774,7057
CHEMBL12273,0,0.48404145,7058
CHEMBL3309330,0,0.48380268,7059
CHEMBL41474,0,0.48380268,7060
CHEMBL20659,0,0.48378626,7061
CHEMBL15584,0,0.48362795,7062
CHEMBL22412,0,0.48348725,7063
CHEMBL18524,0,0.4830621,7064
CHEMBL14733,0,0.4830621,7065
CHEMBL4435098,0,0.48293528,7066
CHEMBL22657,0,0.48209006,7067
CHEMBL22469,0,0.48191246,7068
CHEMBL9014,0,0.48191246,7069
CHEMBL4560000,0,0.48191246,7070
CHEMBL34586,0,0.48191246,7071
CHEMBL17552,0,0.48191246,7072
CHEMBL28314,0,0.4819024,7073
CHEMBL16428,0,0.48186043,7074
CHEMBL11906,0,0.48164862,7075
CHEMBL8546,0,0.48158622,7076
CHEMBL36242,0,0.48139748,7077
CHEMBL3310256,0,0.48139748,7078
CHEMBL24676,0,0.48135486,7079
CHEMBL11385,0,0.48126385,7080
CHEMBL4435699,0,0.48126385,7081
CHEMBL37689,0,0.48126385,7082
CHEMBL7973,0,0.48126385,7083
CHEMBL7827,0,0.48126385,7084
CHEMBL4435724,0,0.48126385,7085
CHEMBL577321,0,0.48126385,7086
CHEMBL17861,0,0.48126385,7087
CHEMBL11112,0,0.48126385,7088
CHEMBL31230,0,0.48126385,7089
CHEMBL30504,0,0.48126385,7090
CHEMBL4435945,0,0.48126385,7091
CHEMBL13281,0,0.48126385,7092
CHEMBL35006,0,0.48126385,7093
CHEMBL14144,0,0.48126385,7094
CHEMBL29404,0,0.48126385,7095
CHEMBL3311477,0,0.48126385,7096
CHEMBL18746,0,0.48126385,7097
CHEMBL40911,0,0.48069707,7098
CHEMBL7291,0,0.48043278,7099
CHEMBL3310985,0,0.48023728,7100
CHEMBL19772,0,0.48023728,7101
CHEMBL26066,0,0.48023728,7102
CHEMBL25437,0,0.48012814,7103
CHEMBL29442,0,0.4800737,7104
CHEMBL37153,0,0.48005578,7105
CHEMBL34427,0,0.48005578,7106
CHEMBL22951,0,0.47991174,7107
CHEMBL574932,0,0.47991174,7108
CHEMBL17840,0,0.47966567,7109
CHEMBL15201,0,0.47961697,7110
CHEMBL21067,0,0.47930422,7111
CHEMBL30211,0,0.47925296,7112
CHEMBL12766,0,0.47925296,7113
CHEMBL10147,0,0.47918573,7114
CHEMBL9044,0,0.47918573,7115
CHEMBL35684,0,0.47918573,7116
CHEMBL15794,0,0.4791635,7117
CHEMBL36938,0,0.47901344,7118
CHEMBL8947,0,0.47883058,7119
CHEMBL12844,0,0.47863266,7120
CHEMBL38224,0,0.47863266,7121
CHEMBL37117,0,0.47863266,7122
CHEMBL41799,0,0.4784491,7123
CHEMBL3309693,0,0.4783464,7124
CHEMBL1187879,0,0.4783464,7125
CHEMBL25402,0,0.47807935,7126
CHEMBL4435764,0,0.47807935,7127
CHEMBL10902,0,0.4779738,7128
CHEMBL4434939,0,0.4779738,7129
CHEMBL20656,0,0.4779738,7130
CHEMBL28006,0,0.4779738,7131
CHEMBL34421,0,0.4779738,7132
CHEMBL16808,0,0.47763017,7133
CHEMBL36108,0,0.47742176,7134
CHEMBL6922,0,0.4773844,7135
CHEMBL7962,0,0.47730866,7136
CHEMBL35477,0,0.47730866,7137
CHEMBL29444,0,0.47658506,7138
CHEMBL8172,0,0.47658506,7139
CHEMBL32559,0,0.47658506,7140
CHEMBL29647,0,0.47658506,7141
CHEMBL23560,0,0.47658506,7142
CHEMBL36157,0,0.47658506,7143
CHEMBL8145,0,0.47658506,7144
CHEMBL37570,0,0.47658506,7145
CHEMBL8564,0,0.47658506,7146
CHEMBL39479,0,0.47658506,7147
CHEMBL30347,0,0.47658506,7148
CHEMBL28101,0,0.47658506,7149
CHEMBL25246,0,0.47658506,7150
CHEMBL27991,0,0.47658506,7151
CHEMBL3310373,0,0.47658506,7152
CHEMBL25540,0,0.47658506,7153
CHEMBL16884,0,0.47658506,7154
CHEMBL21351,0,0.47658506,7155
CHEMBL37307,0,0.47658506,7156
CHEMBL20799,0,0.47658506,7157
CHEMBL37375,0,0.47658506,7158
CHEMBL25889,0,0.47658506,7159
CHEMBL41954,0,0.47658506,7160
CHEMBL18784,0,0.47658506,7161
CHEMBL20524,0,0.47658473,7162
CHEMBL39988,0,0.4764904,7163
CHEMBL15506,0,0.47646022,7164
CHEMBL23323,0,0.47646022,7165
CHEMBL38002,0,0.47646022,7166
CHEMBL11322,0,0.47646022,7167
CHEMBL16792,0,0.47646022,7168
CHEMBL14387,0,0.4764339,7169
CHEMBL21297,0,0.4764339,7170
CHEMBL30461,0,0.4764339,7171
CHEMBL19876,0,0.4764339,7172
CHEMBL7102,0,0.47641096,7173
CHEMBL4434925,0,0.47641096,7174
CHEMBL34673,0,0.47637686,7175
CHEMBL9871,0,0.47621882,7176
CHEMBL43730,0,0.4760609,7177
CHEMBL4553155,0,0.47593957,7178
CHEMBL40970,0,0.47591823,7179
CHEMBL21384,0,0.47591823,7180
CHEMBL3310820,0,0.4758617,7181
CHEMBL1092453,0,0.4758617,7182
CHEMBL6809,0,0.4758617,7183
CHEMBL20245,0,0.4758617,7184
CHEMBL21444,0,0.4758617,7185
CHEMBL13679,0,0.4758617,7186
CHEMBL35214,0,0.4758617,7187
CHEMBL35645,0,0.47579405,7188
CHEMBL4434830,0,0.47579405,7189
CHEMBL31217,0,0.47579405,7190
CHEMBL6842,0,0.47577694,7191
CHEMBL13062,0,0.47577694,7192
CHEMBL21962,0,0.47577694,7193
CHEMBL26850,0,0.4753095,7194
CHEMBL6557,0,0.47528872,7195
CHEMBL25702,0,0.47508273,7196
CHEMBL34923,0,0.47508273,7197
CHEMBL23979,0,0.47508273,7198
CHEMBL11968,0,0.47508273,7199
CHEMBL1086439,0,0.47508273,7200
CHEMBL24245,0,0.47492468,7201
CHEMBL9998,0,0.47492468,7202
CHEMBL9253,0,0.47492468,7203
CHEMBL31026,0,0.4748694,7204
CHEMBL28275,0,0.4748694,7205
CHEMBL26104,0,0.4748694,7206
CHEMBL34249,0,0.47486082,7207
CHEMBL11958,0,0.47467577,7208
CHEMBL24296,0,0.474523,7209
CHEMBL3309606,0,0.47414467,7210
CHEMBL3309524,0,0.47414467,7211
CHEMBL41693,0,0.47414467,7212
CHEMBL23967,0,0.4740858,7213
CHEMBL19091,0,0.4738093,7214
CHEMBL4553710,0,0.4738093,7215
CHEMBL8378,0,0.47363558,7216
CHEMBL10466,0,0.47363558,7217
CHEMBL40464,0,0.47304168,7218
CHEMBL31912,0,0.47272062,7219
CHEMBL22230,0,0.47262853,7220
CHEMBL17002,0,0.47246492,7221
CHEMBL36517,0,0.47246492,7222
CHEMBL34559,0,0.47246492,7223
CHEMBL17167,0,0.47246492,7224
CHEMBL9469,0,0.4722254,7225
CHEMBL18099,0,0.4721278,7226
CHEMBL10436,0,0.4721278,7227
CHEMBL31799,0,0.4718981,7228
CHEMBL26343,0,0.4718981,7229
CHEMBL15541,0,0.4718981,7230
CHEMBL38728,0,0.4718981,7231
CHEMBL28267,0,0.47153264,7232
CHEMBL35213,0,0.47153264,7233
CHEMBL23738,0,0.47153264,7234
CHEMBL4553686,0,0.47153264,7235
CHEMBL20756,0,0.47153264,7236
CHEMBL40303,0,0.47153264,7237
CHEMBL10001,0,0.47148636,7238
CHEMBL9534,0,0.47148636,7239
CHEMBL12480,0,0.47148636,7240
CHEMBL21746,0,0.47148636,7241
CHEMBL17341,0,0.47148636,7242
CHEMBL36035,0,0.47148636,7243
CHEMBL29208,0,0.47148636,7244
CHEMBL3309995,0,0.47148636,7245
CHEMBL34757,0,0.4713844,7246
CHEMBL41838,0,0.4713844,7247
CHEMBL10809,0,0.4713844,7248
CHEMBL28270,0,0.4713844,7249
CHEMBL26134,0,0.4713844,7250
CHEMBL36544,0,0.4713844,7251
CHEMBL12700,0,0.47129697,7252
CHEMBL6254,0,0.4710945,7253
CHEMBL11149,0,0.4710945,7254
CHEMBL12084,0,0.4710945,7255
CHEMBL33564,0,0.47091317,7256
CHEMBL41220,0,0.47091317,7257
CHEMBL24283,0,0.47073114,7258
CHEMBL39807,0,0.47073114,7259
CHEMBL22924,0,0.47072798,7260
CHEMBL4434922,0,0.47054923,7261
CHEMBL20023,0,0.47000822,7262
CHEMBL18950,0,0.47000822,7263
CHEMBL3309866,0,0.46957856,7264
CHEMBL9172,0,0.46948028,7265
CHEMBL29116,0,0.46948028,7266
CHEMBL14269,0,0.46934348,7267
CHEMBL15037,0,0.46933803,7268
CHEMBL31908,0,0.46886283,7269
CHEMBL16085,0,0.46882895,7270
CHEMBL26365,0,0.46882895,7271
CHEMBL20975,0,0.4687844,7272
CHEMBL13986,0,0.46857622,7273
CHEMBL13783,0,0.46857622,7274
CHEMBL37726,0,0.46849388,7275
CHEMBL41557,0,0.46846008,7276
CHEMBL8878,0,0.46827546,7277
CHEMBL29856,0,0.4682071,7278
CHEMBL24649,0,0.46805254,7279
CHEMBL23695,0,0.46794727,7280
CHEMBL31825,0,0.46794727,7281
CHEMBL25379,0,0.4679172,7282
CHEMBL36979,0,0.4679172,7283
CHEMBL31477,0,0.4679172,7284
CHEMBL11486,0,0.4679172,7285
CHEMBL24777,0,0.4679172,7286
CHEMBL17974,0,0.4679172,7287
CHEMBL39314,0,0.4679172,7288
CHEMBL33112,0,0.46782377,7289
CHEMBL32665,0,0.46782377,7290
CHEMBL42152,0,0.46754488,7291
CHEMBL32210,0,0.46719912,7292
CHEMBL18650,0,0.467195,7293
CHEMBL10616,0,0.46712914,7294
CHEMBL6256,0,0.46690637,7295
CHEMBL24796,0,0.46690637,7296
CHEMBL12804,0,0.46690637,7297
CHEMBL8967,0,0.46690637,7298
CHEMBL16353,0,0.46690637,7299
CHEMBL28976,0,0.4667745,7300
CHEMBL1229036,0,0.4667745,7301
CHEMBL4543576,0,0.46668357,7302
CHEMBL41588,0,0.46668357,7303
CHEMBL24209,0,0.46668357,7304
CHEMBL21204,0,0.46666658,7305
CHEMBL18967,0,0.46666658,7306
CHEMBL38322,0,0.46663666,7307
CHEMBL34731,0,0.46663666,7308
CHEMBL32609,0,0.46663666,7309
CHEMBL4436020,0,0.46659395,7310
CHEMBL25673,0,0.46647817,7311
CHEMBL40071,0,0.4664337,7312
CHEMBL20396,0,0.46635827,7313
CHEMBL23157,0,0.46633047,7314
CHEMBL17641,0,0.46626827,7315
CHEMBL22515,0,0.46626827,7316
CHEMBL19527,0,0.46614963,7317
CHEMBL9587,0,0.46606666,7318
CHEMBL4436544,0,0.46606666,7319
CHEMBL15510,0,0.46595114,7320
CHEMBL23369,0,0.46567935,7321
CHEMBL14581,0,0.46563768,7322
CHEMBL25640,0,0.46559715,7323
CHEMBL20876,0,0.46559715,7324
CHEMBL25105,0,0.46559715,7325
CHEMBL10984,0,0.46559715,7326
CHEMBL30346,0,0.46559715,7327
CHEMBL22362,0,0.46559715,7328
CHEMBL31405,0,0.46559715,7329
CHEMBL10060,0,0.46559715,7330
CHEMBL10058,0,0.46559715,7331
CHEMBL10099,0,0.46559715,7332
CHEMBL16980,0,0.46559715,7333
CHEMBL3310849,0,0.46559715,7334
CHEMBL28854,0,0.46559715,7335
CHEMBL25789,0,0.46559715,7336
CHEMBL37292,0,0.46559715,7337
CHEMBL17170,0,0.46559715,7338
CHEMBL40591,0,0.46559715,7339
CHEMBL40722,0,0.46559715,7340
CHEMBL24632,0,0.46559715,7341
CHEMBL7488,0,0.46559715,7342
CHEMBL41024,0,0.46559715,7343
CHEMBL31203,0,0.46559715,7344
CHEMBL4434722,0,0.46559715,7345
CHEMBL18482,0,0.46559715,7346
CHEMBL3311186,0,0.46559715,7347
CHEMBL25428,0,0.46559715,7348
CHEMBL37357,0,0.46559715,7349
CHEMBL7687,0,0.46559715,7350
CHEMBL16791,0,0.46559715,7351
CHEMBL36495,0,0.46559715,7352
CHEMBL3311364,0,0.46559715,7353
CHEMBL3311358,0,0.46559715,7354
CHEMBL21375,0,0.46559715,7355
CHEMBL16807,0,0.46559715,7356
CHEMBL6542,0,0.46559715,7357
CHEMBL652,0,0.46559715,7358
CHEMBL25578,0,0.46559715,7359
CHEMBL37180,0,0.46559715,7360
CHEMBL37074,0,0.46559715,7361
CHEMBL37142,0,0.46559715,7362
CHEMBL4435163,0,0.46559715,7363
CHEMBL37500,0,0.46559715,7364
CHEMBL19534,0,0.46559715,7365
CHEMBL24294,0,0.46559715,7366
CHEMBL15388,0,0.46559715,7367
CHEMBL1082532,0,0.46559715,7368
CHEMBL41376,0,0.46559715,7369
CHEMBL37547,0,0.46559715,7370
CHEMBL11432,0,0.46559715,7371
CHEMBL7552,0,0.46559715,7372
CHEMBL24555,0,0.46559715,7373
CHEMBL31141,0,0.46559715,7374
CHEMBL29262,0,0.46559715,7375
CHEMBL36505,0,0.46559715,7376
CHEMBL36498,0,0.46559715,7377
CHEMBL26082,0,0.46559715,7378
CHEMBL20695,0,0.46559715,7379
CHEMBL21227,0,0.46559715,7380
CHEMBL19289,0,0.46559715,7381
CHEMBL7422,0,0.46559715,7382
CHEMBL10927,0,0.46559715,7383
CHEMBL17081,0,0.46559715,7384
CHEMBL21025,0,0.46559715,7385
CHEMBL29327,0,0.46559715,7386
CHEMBL41251,0,0.46559715,7387
CHEMBL36516,0,0.46559715,7388
CHEMBL20779,0,0.46559715,7389
CHEMBL20705,0,0.46559715,7390
CHEMBL26031,0,0.46559715,7391
CHEMBL15243,0,0.46559715,7392
CHEMBL24690,0,0.46559715,7393
CHEMBL36649,0,0.46559715,7394
CHEMBL24185,0,0.46559715,7395
CHEMBL33211,0,0.46559715,7396
CHEMBL36319,0,0.46559715,7397
CHEMBL43584,0,0.46559715,7398
CHEMBL7927,0,0.46559715,7399
CHEMBL24151,0,0.46559715,7400
CHEMBL15448,0,0.46559715,7401
CHEMBL26065,0,0.46559715,7402
CHEMBL37419,0,0.46559715,7403
CHEMBL37389,0,0.46559715,7404
CHEMBL17251,0,0.46559715,7405
CHEMBL4435404,0,0.46559715,7406
CHEMBL13580,0,0.46559715,7407
CHEMBL3310008,0,0.46559715,7408
CHEMBL36251,0,0.46559715,7409
CHEMBL33296,0,0.46559715,7410
CHEMBL33290,0,0.46559715,7411
CHEMBL12673,0,0.46559715,7412
CHEMBL37687,0,0.46559715,7413
CHEMBL37686,0,0.46559715,7414
CHEMBL20654,0,0.46559715,7415
CHEMBL37971,0,0.46559715,7416
CHEMBL539921,0,0.46559715,7417
CHEMBL18228,0,0.46559715,7418
CHEMBL40877,0,0.46559715,7419
CHEMBL4435022,0,0.46559715,7420
CHEMBL12301,0,0.46559715,7421
CHEMBL25454,0,0.46559715,7422
CHEMBL15499,0,0.46559715,7423
CHEMBL18619,0,0.46559715,7424
CHEMBL33328,0,0.46559715,7425
CHEMBL15474,0,0.46559715,7426
CHEMBL10740,0,0.46559715,7427
CHEMBL501251,0,0.46559715,7428
CHEMBL26408,0,0.46559715,7429
CHEMBL28395,0,0.46559715,7430
CHEMBL36107,0,0.46559715,7431
CHEMBL10716,0,0.46559715,7432
CHEMBL21644,0,0.46559715,7433
CHEMBL583305,0,0.46559715,7434
CHEMBL14765,0,0.46559715,7435
CHEMBL4435439,0,0.46559715,7436
CHEMBL40208,0,0.46559715,7437
CHEMBL37902,0,0.46559715,7438
CHEMBL17430,0,0.46559715,7439
CHEMBL15550,0,0.46559715,7440
CHEMBL16601,0,0.46559715,7441
CHEMBL10686,0,0.46559715,7442
CHEMBL23643,0,0.46559715,7443
CHEMBL21692,0,0.46559715,7444
CHEMBL33560,0,0.46559715,7445
CHEMBL42873,0,0.46559715,7446
CHEMBL13173,0,0.46559715,7447
CHEMBL8589,0,0.46559715,7448
CHEMBL26513,0,0.46559715,7449
CHEMBL28442,0,0.46559715,7450
CHEMBL23855,0,0.46559715,7451
CHEMBL8260,0,0.46559715,7452
CHEMBL3309803,0,0.46559715,7453
CHEMBL480,0,0.46559715,7454
CHEMBL26596,0,0.46559715,7455
CHEMBL26586,0,0.46559715,7456
CHEMBL26578,0,0.46559715,7457
CHEMBL7442,0,0.46559715,7458
CHEMBL16955,0,0.46559715,7459
CHEMBL3310859,0,0.46559715,7460
CHEMBL4116085,0,0.46559715,7461
CHEMBL41143,0,0.46559715,7462
CHEMBL10184,0,0.46559715,7463
CHEMBL15101,0,0.46559715,7464
CHEMBL18026,0,0.46559715,7465
CHEMBL33463,0,0.46559715,7466
CHEMBL30797,0,0.46559715,7467
CHEMBL16642,0,0.46559715,7468
CHEMBL12362,0,0.46559715,7469
CHEMBL12358,0,0.46559715,7470
CHEMBL15069,0,0.46559715,7471
CHEMBL25252,0,0.46559715,7472
CHEMBL25015,0,0.46559715,7473
CHEMBL22096,0,0.46559715,7474
CHEMBL34972,0,0.46559715,7475
CHEMBL36943,0,0.46559715,7476
CHEMBL42170,0,0.46559715,7477
CHEMBL42166,0,0.46559715,7478
CHEMBL34957,0,0.46559715,7479
CHEMBL34864,0,0.46559715,7480
CHEMBL14579,0,0.46559715,7481
CHEMBL13146,0,0.46559715,7482
CHEMBL4560049,0,0.46559715,7483
CHEMBL38012,0,0.46559715,7484
CHEMBL36970,0,0.46559715,7485
CHEMBL11114,0,0.46559715,7486
CHEMBL15205,0,0.46559715,7487
CHEMBL36790,0,0.46559715,7488
CHEMBL42765,0,0.46559715,7489
CHEMBL19050,0,0.46559715,7490
CHEMBL42850,0,0.46559715,7491
CHEMBL35729,0,0.46559715,7492
CHEMBL38110,0,0.46559715,7493
CHEMBL26550,0,0.46559715,7494
CHEMBL1163373,0,0.46559715,7495
CHEMBL31579,0,0.46559715,7496
CHEMBL39313,0,0.46559715,7497
CHEMBL28767,0,0.46559715,7498
CHEMBL18799,0,0.46559715,7499
CHEMBL4435515,0,0.46559715,7500
CHEMBL38223,0,0.46559715,7501
CHEMBL38211,0,0.46559715,7502
CHEMBL38270,0,0.46559715,7503
CHEMBL32070,0,0.46559715,7504
CHEMBL19714,0,0.46559715,7505
CHEMBL3309597,0,0.46559715,7506
CHEMBL17763,0,0.46559715,7507
CHEMBL28339,0,0.46559715,7508
CHEMBL40004,0,0.46559715,7509
CHEMBL32296,0,0.46559715,7510
CHEMBL3309634,0,0.46559715,7511
CHEMBL3309612,0,0.46559715,7512
CHEMBL26613,0,0.46559715,7513
CHEMBL1163525,0,0.46559715,7514
CHEMBL4553141,0,0.46559715,7515
CHEMBL26881,0,0.46559715,7516
CHEMBL28248,0,0.46559715,7517
CHEMBL4553536,0,0.46559715,7518
CHEMBL26832,0,0.46559715,7519
CHEMBL23425,0,0.46559715,7520
CHEMBL23392,0,0.46559715,7521
CHEMBL35697,0,0.46559715,7522
CHEMBL15660,0,0.46559715,7523
CHEMBL16527,0,0.46559715,7524
CHEMBL17838,0,0.46559715,7525
CHEMBL20037,0,0.46559715,7526
CHEMBL4436463,0,0.46559715,7527
CHEMBL9513,0,0.46559715,7528
CHEMBL11645,0,0.46559715,7529
CHEMBL11636,0,0.46559715,7530
CHEMBL20286,0,0.46559715,7531
CHEMBL9540,0,0.46559715,7532
CHEMBL22482,0,0.46559715,7533
CHEMBL26918,0,0.46559715,7534
CHEMBL20321,0,0.46559715,7535
CHEMBL15689,0,0.46559715,7536
CHEMBL35572,0,0.46559715,7537
CHEMBL35569,0,0.46559715,7538
CHEMBL34765,0,0.46559715,7539
CHEMBL35415,0,0.46559715,7540
CHEMBL18715,0,0.46559715,7541
CHEMBL18705,0,0.46559715,7542
CHEMBL20318,0,0.46559715,7543
CHEMBL34709,0,0.46559715,7544
CHEMBL22998,0,0.46559715,7545
CHEMBL21964,0,0.46559715,7546
CHEMBL21887,0,0.46559715,7547
CHEMBL33938,0,0.46559715,7548
CHEMBL15742,0,0.46559715,7549
CHEMBL27629,0,0.46559715,7550
CHEMBL21924,0,0.46559715,7551
CHEMBL30001,0,0.46559715,7552
CHEMBL18723,0,0.46559715,7553
CHEMBL39028,0,0.46559715,7554
CHEMBL27021,0,0.46559715,7555
CHEMBL38277,0,0.46559715,7556
CHEMBL27188,0,0.46559715,7557
CHEMBL32244,0,0.46559715,7558
CHEMBL39803,0,0.46559715,7559
CHEMBL39788,0,0.46559715,7560
CHEMBL18931,0,0.46559715,7561
CHEMBL15813,0,0.46559715,7562
CHEMBL39021,0,0.46559715,7563
CHEMBL34074,0,0.46559715,7564
CHEMBL10427,0,0.46559715,7565
CHEMBL3309273,0,0.46559715,7566
CHEMBL3309348,0,0.46559715,7567
CHEMBL4543420,0,0.46559715,7568
CHEMBL27038,0,0.46559715,7569
CHEMBL3309376,0,0.46559715,7570
CHEMBL32291,0,0.46559715,7571
CHEMBL13863,0,0.46559715,7572
CHEMBL39652,0,0.46559715,7573
CHEMBL39651,0,0.46559715,7574
CHEMBL9303,0,0.46559715,7575
CHEMBL34132,0,0.46559715,7576
CHEMBL35236,0,0.46559715,7577
CHEMBL9341,0,0.46559715,7578
CHEMBL30138,0,0.46559715,7579
CHEMBL18763,0,0.46559715,7580
CHEMBL34175,0,0.46559715,7581
CHEMBL9438,0,0.46559715,7582
CHEMBL33039,0,0.46559715,7583
CHEMBL4543361,0,0.46559715,7584
CHEMBL17806,0,0.46559715,7585
CHEMBL32921,0,0.46559715,7586
CHEMBL28007,0,0.46559715,7587
CHEMBL4436037,0,0.46559715,7588
CHEMBL22802,0,0.46559715,7589
CHEMBL22800,0,0.46559715,7590
CHEMBL22599,0,0.46559715,7591
CHEMBL30240,0,0.46559715,7592
CHEMBL41928,0,0.46559715,7593
CHEMBL41927,0,0.46559715,7594
CHEMBL27370,0,0.46559715,7595
CHEMBL4543296,0,0.46559715,7596
CHEMBL38771,0,0.46559715,7597
CHEMBL30271,0,0.46559715,7598
CHEMBL20982,0,0.46559715,7599
CHEMBL22218,0,0.46559715,7600
CHEMBL9857,0,0.46559715,7601
CHEMBL6821,0,0.46559715,7602
CHEMBL39357,0,0.46559715,7603
CHEMBL32763,0,0.46559715,7604
CHEMBL20007,0,0.46559715,7605
CHEMBL39511,0,0.46559715,7606
CHEMBL32780,0,0.46559715,7607
CHEMBL39257,0,0.46559715,7608
CHEMBL11000,0,0.46559715,7609
CHEMBL4434906,0,0.46559715,7610
CHEMBL19339,0,0.46559715,7611
CHEMBL39292,0,0.46559715,7612
CHEMBL37235,0,0.46559715,7613
CHEMBL7011,0,0.46559715,7614
CHEMBL21081,0,0.46559715,7615
CHEMBL25153,0,0.46559715,7616
CHEMBL11033,0,0.46559715,7617
CHEMBL9786,0,0.46559715,7618
CHEMBL4436444,0,0.46559715,7619
CHEMBL38995,0,0.46559715,7620
CHEMBL32670,0,0.46559715,7621
CHEMBL40843,0,0.46559715,7622
CHEMBL22597,0,0.46559715,7623
CHEMBL39100,0,0.46559715,7624
CHEMBL150,0,0.46559715,7625
CHEMBL7156,0,0.46559715,7626
CHEMBL32362,0,0.46559715,7627
CHEMBL22637,0,0.46559715,7628
CHEMBL36862,0,0.4655773,7629
CHEMBL576512,0,0.4654935,7630
CHEMBL21895,0,0.4654935,7631
CHEMBL20475,0,0.4654658,7632
CHEMBL41643,0,0.4654658,7633
CHEMBL20639,0,0.4654658,7634
CHEMBL25612,0,0.46540156,7635
CHEMBL548334,0,0.46531728,7636
CHEMBL37803,0,0.46531728,7637
CHEMBL25026,0,0.46531728,7638
CHEMBL19388,0,0.46531728,7639
CHEMBL26512,0,0.46531728,7640
CHEMBL22632,0,0.46531728,7641
CHEMBL34793,0,0.46531728,7642
CHEMBL34431,0,0.46531728,7643
CHEMBL10261,0,0.46531728,7644
CHEMBL12810,0,0.46531728,7645
CHEMBL42506,0,0.46531728,7646
CHEMBL21853,0,0.46531728,7647
CHEMBL19101,0,0.46531728,7648
CHEMBL19082,0,0.46531728,7649
CHEMBL14549,0,0.46531728,7650
CHEMBL7946,0,0.46531728,7651
CHEMBL33633,0,0.46531728,7652
CHEMBL4543423,0,0.46531728,7653
CHEMBL34001,0,0.46531728,7654
CHEMBL8578,0,0.46512285,7655
CHEMBL15322,0,0.4650223,7656
CHEMBL20930,0,0.46500257,7657
CHEMBL28815,0,0.46500257,7658
CHEMBL8164,0,0.46490523,7659
CHEMBL32336,0,0.4645361,7660
CHEMBL14137,0,0.46453515,7661
CHEMBL31816,0,0.46447614,7662
CHEMBL13408,0,0.46447614,7663
CHEMBL24651,0,0.46447614,7664
CHEMBL3309903,0,0.46447614,7665
CHEMBL3309904,0,0.46447614,7666
CHEMBL1086694,0,0.46447614,7667
CHEMBL8223,0,0.46447614,7668
CHEMBL29479,0,0.46447614,7669
CHEMBL31051,0,0.46447614,7670
CHEMBL8580,0,0.46447614,7671
CHEMBL16243,0,0.46447614,7672
CHEMBL13876,0,0.46447614,7673
CHEMBL30621,0,0.46447614,7674
CHEMBL22828,0,0.46447614,7675
CHEMBL13032,0,0.4644605,7676
CHEMBL8122,0,0.46438232,7677
CHEMBL14693,0,0.46434388,7678
CHEMBL37024,0,0.46434388,7679
CHEMBL31293,0,0.46434388,7680
CHEMBL33838,0,0.46434388,7681
CHEMBL33158,0,0.46434388,7682
CHEMBL25526,0,0.46425197,7683
CHEMBL14650,0,0.46421087,7684
CHEMBL31059,0,0.46421087,7685
CHEMBL7002,0,0.46419454,7686
CHEMBL1163173,0,0.46419454,7687
CHEMBL29196,0,0.4641296,7688
CHEMBL12753,0,0.4641296,7689
CHEMBL22485,0,0.4641296,7690
CHEMBL28508,0,0.4641296,7691
CHEMBL18670,0,0.4641296,7692
CHEMBL37161,0,0.4641296,7693
CHEMBL40733,0,0.4641296,7694
CHEMBL8136,0,0.4640875,7695
CHEMBL38279,0,0.4640875,7696
CHEMBL16660,0,0.4640875,7697
CHEMBL12264,0,0.46405783,7698
CHEMBL4436403,0,0.46405783,7699
CHEMBL16767,0,0.46405783,7700
CHEMBL30255,0,0.46405783,7701
CHEMBL26239,0,0.46405783,7702
CHEMBL32880,0,0.46405783,7703
CHEMBL3310784,0,0.46405783,7704
CHEMBL3311397,0,0.46405783,7705
CHEMBL3310314,0,0.46405783,7706
CHEMBL29477,0,0.46405783,7707
CHEMBL25749,0,0.46405783,7708
CHEMBL18074,0,0.46405783,7709
CHEMBL16436,0,0.46405783,7710
CHEMBL33625,0,0.4640234,7711
CHEMBL35022,0,0.46398032,7712
CHEMBL6620,0,0.46398032,7713
CHEMBL27776,0,0.46398032,7714
CHEMBL27027,0,0.46355602,7715
CHEMBL29712,0,0.46355602,7716
CHEMBL16456,0,0.46355602,7717
CHEMBL9936,0,0.4635345,7718
CHEMBL586649,0,0.46342418,7719
CHEMBL22084,0,0.46342418,7720
CHEMBL6845,0,0.46317968,7721
CHEMBL24038,0,0.46317968,7722
CHEMBL4435944,0,0.46295634,7723
CHEMBL7023,0,0.4628413,7724
CHEMBL39608,0,0.46282834,7725
CHEMBL7198,0,0.46252006,7726
CHEMBL7860,0,0.46240798,7727
CHEMBL24420,0,0.46240798,7728
CHEMBL37186,0,0.46239576,7729
CHEMBL8333,0,0.46238035,7730
CHEMBL38,0,0.46236852,7731
CHEMBL4435584,0,0.46218583,7732
CHEMBL25577,0,0.46218583,7733
CHEMBL42007,0,0.46218583,7734
CHEMBL29218,0,0.46218583,7735
CHEMBL34344,0,0.46200988,7736
CHEMBL9345,0,0.46177843,7737
CHEMBL3309937,0,0.4617149,7738
CHEMBL36087,0,0.46163744,7739
CHEMBL19402,0,0.46156237,7740
CHEMBL28556,0,0.46149543,7741
CHEMBL31697,0,0.46137676,7742
CHEMBL8647,0,0.46046096,7743
CHEMBL41267,0,0.46020725,7744
CHEMBL15240,0,0.4600777,7745
CHEMBL23887,0,0.4600777,7746
CHEMBL17288,0,0.4600777,7747
CHEMBL13903,0,0.4600777,7748
CHEMBL25434,0,0.459999,7749
CHEMBL41498,0,0.45998073,7750
CHEMBL22872,0,0.45998073,7751
CHEMBL6797,0,0.4598113,7752
CHEMBL17935,0,0.4598113,7753
CHEMBL21162,0,0.45969775,7754
CHEMBL3310191,0,0.45969775,7755
CHEMBL38528,0,0.45965898,7756
CHEMBL32115,0,0.45965898,7757
CHEMBL1204470,0,0.45965898,7758
CHEMBL31520,0,0.45965898,7759
CHEMBL36359,0,0.45965898,7760
CHEMBL40099,0,0.45965898,7761
CHEMBL22146,0,0.45909855,7762
CHEMBL28126,0,0.45909855,7763
CHEMBL28386,0,0.45895898,7764
CHEMBL36446,0,0.4585429,7765
CHEMBL13688,0,0.4585429,7766
CHEMBL31042,0,0.4585429,7767
CHEMBL18536,0,0.4585429,7768
CHEMBL7599,0,0.4585429,7769
CHEMBL3310823,0,0.4585429,7770
CHEMBL27356,0,0.4585429,7771
CHEMBL25436,0,0.4585429,7772
CHEMBL20813,0,0.4585429,7773
CHEMBL16954,0,0.4585429,7774
CHEMBL30611,0,0.4585429,7775
CHEMBL33367,0,0.4585429,7776
CHEMBL6805,0,0.4585429,7777
CHEMBL18402,0,0.4583517,7778
CHEMBL18752,0,0.45816714,7779
CHEMBL22067,0,0.4580823,7780
CHEMBL38145,0,0.4580823,7781
CHEMBL34918,0,0.4580823,7782
CHEMBL21389,0,0.4580823,7783
CHEMBL14547,0,0.4580823,7784
CHEMBL1163487,0,0.45802766,7785
CHEMBL11341,0,0.45802766,7786
CHEMBL4435100,0,0.4579837,7787
CHEMBL16740,0,0.4579837,7788
CHEMBL43512,0,0.45795345,7789
CHEMBL4436585,0,0.4579136,7790
CHEMBL9219,0,0.45782673,7791
CHEMBL25707,0,0.45779738,7792
CHEMBL21791,0,0.45759246,7793
CHEMBL27642,0,0.45757705,7794
CHEMBL32810,0,0.45736828,7795
CHEMBL14928,0,0.4572035,7796
CHEMBL31674,0,0.456974,7797
CHEMBL36249,0,0.45689428,7798
CHEMBL32396,0,0.45682594,7799
CHEMBL30441,0,0.45682594,7800
CHEMBL28564,0,0.45682594,7801
CHEMBL19426,0,0.45682594,7802
CHEMBL6220,0,0.45682594,7803
CHEMBL4543582,0,0.45682594,7804
CHEMBL1091719,0,0.45682594,7805
CHEMBL4434973,0,0.45682594,7806
CHEMBL4435958,0,0.45682594,7807
CHEMBL19583,0,0.45682594,7808
CHEMBL10343,0,0.45680618,7809
CHEMBL12986,0,0.4566906,7810
CHEMBL3309931,0,0.4566906,7811
CHEMBL36314,0,0.4566906,7812
CHEMBL4553567,0,0.4566906,7813
CHEMBL39126,0,0.4566906,7814
CHEMBL31564,0,0.4566906,7815
CHEMBL8094,0,0.4566906,7816
CHEMBL16315,0,0.4566906,7817
CHEMBL18808,0,0.4566906,7818
CHEMBL14699,0,0.4566756,7819
CHEMBL3311348,0,0.45666817,7820
CHEMBL4435892,0,0.4565895,7821
CHEMBL22181,0,0.45657605,7822
CHEMBL28338,0,0.45654494,7823
CHEMBL42071,0,0.45644847,7824
CHEMBL33557,0,0.45644847,7825
CHEMBL32597,0,0.45644847,7826
CHEMBL3311462,0,0.45644847,7827
CHEMBL8999,0,0.45644847,7828
CHEMBL36733,0,0.45644847,7829
CHEMBL37965,0,0.45644847,7830
CHEMBL4435582,0,0.45644847,7831
CHEMBL31529,0,0.45644847,7832
CHEMBL6267,0,0.45644847,7833
CHEMBL10886,0,0.45644847,7834
CHEMBL9622,0,0.45644847,7835
CHEMBL41888,0,0.45644847,7836
CHEMBL9442,0,0.45626515,7837
CHEMBL25796,0,0.4560899,7838
CHEMBL4436293,0,0.4560899,7839
CHEMBL4435846,0,0.4560899,7840
CHEMBL19580,0,0.4560899,7841
CHEMBL17752,0,0.45607987,7842
CHEMBL35789,0,0.45594388,7843
CHEMBL39553,0,0.45594388,7844
CHEMBL4436261,0,0.45570615,7845
CHEMBL12197,0,0.45570615,7846
CHEMBL6714,0,0.45570615,7847
CHEMBL6228,0,0.45570615,7848
CHEMBL23570,0,0.45570615,7849
CHEMBL12632,0,0.45570615,7850
CHEMBL4434894,0,0.45570615,7851
CHEMBL41653,0,0.45570615,7852
CHEMBL19068,0,0.45570615,7853
CHEMBL12192,0,0.45560804,7854
CHEMBL500286,0,0.45560804,7855
CHEMBL7161,0,0.45560804,7856
CHEMBL3309452,0,0.4552496,7857
CHEMBL7272,0,0.4552496,7858
CHEMBL9961,0,0.45516747,7859
CHEMBL13745,0,0.45516747,7860
CHEMBL10295,0,0.45516747,7861
CHEMBL10822,0,0.45516747,7862
CHEMBL14718,0,0.45493793,7863
CHEMBL4436434,0,0.45489818,7864
CHEMBL6912,0,0.454645,7865
CHEMBL25455,0,0.454645,7866
CHEMBL3310754,0,0.4544218,7867
CHEMBL40324,0,0.4544218,7868
CHEMBL26001,0,0.4544218,7869
CHEMBL6486,0,0.4544218,7870
CHEMBL18170,0,0.4544218,7871
CHEMBL20378,0,0.4544218,7872
CHEMBL20462,0,0.4544218,7873
CHEMBL12472,0,0.4544218,7874
CHEMBL24075,0,0.4544218,7875
CHEMBL26495,0,0.4544218,7876
CHEMBL26785,0,0.4544218,7877
CHEMBL6565,0,0.4544218,7878
CHEMBL39478,0,0.4544218,7879
CHEMBL24408,0,0.4544218,7880
CHEMBL24338,0,0.4544218,7881
CHEMBL9119,0,0.4544218,7882
CHEMBL23115,0,0.4544218,7883
CHEMBL9033,0,0.4544218,7884
CHEMBL31631,0,0.4544218,7885
CHEMBL4435036,0,0.4544218,7886
CHEMBL6523,0,0.4544218,7887
CHEMBL20336,0,0.45440304,7888
CHEMBL11375,0,0.45433888,7889
CHEMBL1204461,0,0.45408893,7890
CHEMBL19991,0,0.45392168,7891
CHEMBL3309561,0,0.4536731,7892
CHEMBL18856,0,0.45366308,7893
CHEMBL23402,0,0.45366308,7894
CHEMBL34337,0,0.45366308,7895
CHEMBL17294,0,0.45366308,7896
CHEMBL11603,0,0.45366308,7897
CHEMBL37199,0,0.4535949,7898
CHEMBL33674,0,0.4535949,7899
CHEMBL36615,0,0.4535949,7900
CHEMBL4559988,0,0.4535949,7901
CHEMBL15142,0,0.4535949,7902
CHEMBL3309502,0,0.4535949,7903
CHEMBL19753,0,0.4535949,7904
CHEMBL30107,0,0.4535949,7905
CHEMBL1163438,0,0.4535949,7906
CHEMBL441948,0,0.4535949,7907
CHEMBL21657,0,0.45355737,7908
CHEMBL42283,0,0.45355737,7909
CHEMBL24496,0,0.45355737,7910
CHEMBL641,0,0.45355737,7911
CHEMBL21847,0,0.45355737,7912
CHEMBL24963,0,0.45355737,7913
CHEMBL6299,0,0.45355737,7914
CHEMBL33699,0,0.4534449,7915
CHEMBL18955,0,0.4534449,7916
CHEMBL7509,0,0.45332003,7917
CHEMBL3311457,0,0.45332003,7918
CHEMBL12089,0,0.4530945,7919
CHEMBL18319,0,0.4530857,7920
CHEMBL12566,0,0.4530857,7921
CHEMBL23496,0,0.4530857,7922
CHEMBL3309487,0,0.4530857,7923
CHEMBL4435109,0,0.4530857,7924
CHEMBL28876,0,0.4530857,7925
CHEMBL17580,0,0.4530177,7926
CHEMBL27013,0,0.45300695,7927
CHEMBL33865,0,0.45300695,7928
CHEMBL4436281,0,0.45300695,7929
CHEMBL40493,0,0.45295182,7930
CHEMBL3310247,0,0.45271343,7931
CHEMBL34786,0,0.45271343,7932
CHEMBL22916,0,0.45271343,7933
CHEMBL1229050,0,0.45271343,7934
CHEMBL38974,0,0.4524984,7935
CHEMBL32818,0,0.4524918,7936
CHEMBL3310242,0,0.4524918,7937
CHEMBL34217,0,0.4524918,7938
CHEMBL30312,0,0.45249125,7939
CHEMBL20349,0,0.4524701,7940
CHEMBL34936,0,0.4524674,7941
CHEMBL35046,0,0.4524674,7942
CHEMBL3310791,0,0.4524674,7943
CHEMBL15493,0,0.4524674,7944
CHEMBL27477,0,0.4524674,7945
CHEMBL20119,0,0.4524674,7946
CHEMBL28696,0,0.45226434,7947
CHEMBL41996,0,0.45207393,7948
CHEMBL14611,0,0.45207393,7949
CHEMBL18387,0,0.45207393,7950
CHEMBL21430,0,0.45207393,7951
CHEMBL19041,0,0.45207393,7952
CHEMBL42335,0,0.45207393,7953
CHEMBL25098,0,0.45192468,7954
CHEMBL21605,0,0.45192468,7955
CHEMBL4435102,0,0.4518064,7956
CHEMBL4436488,0,0.45161483,7957
CHEMBL4435654,0,0.45161483,7958
CHEMBL15877,0,0.4516012,7959
CHEMBL552980,0,0.4516012,7960
CHEMBL30302,0,0.4513763,7961
CHEMBL1077282,0,0.45107314,7962
CHEMBL4435043,0,0.45078996,7963
CHEMBL28759,0,0.45066598,7964
CHEMBL43726,0,0.4505805,7965
CHEMBL29608,0,0.4501748,7966
CHEMBL31044,0,0.44963914,7967
CHEMBL3309661,0,0.44961196,7968
CHEMBL4553573,0,0.44961196,7969
CHEMBL19675,0,0.44932786,7970
CHEMBL18016,0,0.4493243,7971
CHEMBL24622,0,0.44908586,7972
CHEMBL22861,0,0.44900674,7973
CHEMBL10213,0,0.44890773,7974
CHEMBL36764,0,0.44890773,7975
CHEMBL26770,0,0.44890773,7976
CHEMBL25263,0,0.44880593,7977
CHEMBL10389,0,0.44880593,7978
CHEMBL41336,0,0.44880593,7979
CHEMBL1163366,0,0.44880593,7980
CHEMBL10833,0,0.44880593,7981
CHEMBL4435946,0,0.4487652,7982
CHEMBL16048,0,0.4487123,7983
CHEMBL23241,0,0.4487123,7984
CHEMBL34274,0,0.44850108,7985
CHEMBL539714,0,0.44850108,7986
CHEMBL11521,0,0.4483958,7987
CHEMBL32859,0,0.44820973,7988
CHEMBL537860,0,0.44818813,7989
CHEMBL25484,0,0.4481457,7990
CHEMBL19461,0,0.44804913,7991
CHEMBL15928,0,0.44804913,7992
CHEMBL13297,0,0.4477314,7993
CHEMBL21967,0,0.4476993,7994
CHEMBL12240,0,0.4476993,7995
CHEMBL16092,0,0.44754952,7996
CHEMBL26690,0,0.44753188,7997
CHEMBL42163,0,0.44721988,7998
CHEMBL19755,0,0.44708654,7999
CHEMBL9518,0,0.44688052,8000
CHEMBL8606,0,0.44678003,8001
CHEMBL37233,0,0.44660318,8002
CHEMBL16427,0,0.44660318,8003
CHEMBL25219,0,0.44660318,8004
CHEMBL4435427,0,0.44652176,8005
CHEMBL13636,0,0.44645792,8006
CHEMBL34872,0,0.44645792,8007
CHEMBL825,0,0.44645792,8008
CHEMBL26190,0,0.4463091,8009
CHEMBL8950,0,0.4463091,8010
CHEMBL40108,0,0.44623262,8011
CHEMBL34790,0,0.4458543,8012
CHEMBL3310388,0,0.44582418,8013
CHEMBL36440,0,0.4455973,8014
CHEMBL22164,0,0.4455973,8015
CHEMBL3310383,0,0.4455973,8016
CHEMBL28189,0,0.4455973,8017
CHEMBL23696,0,0.4455973,8018
CHEMBL39402,0,0.4455973,8019
CHEMBL4116124,0,0.44547138,8020
CHEMBL14863,0,0.44547138,8021
CHEMBL4436042,0,0.44547138,8022
CHEMBL37009,0,0.44543347,8023
CHEMBL8408,0,0.44535443,8024
CHEMBL4435503,0,0.44534782,8025
CHEMBL26294,0,0.44534782,8026
CHEMBL34129,0,0.44534782,8027
CHEMBL12603,0,0.44534782,8028
CHEMBL527,0,0.44534782,8029
CHEMBL28057,0,0.44534782,8030
CHEMBL37817,0,0.44534782,8031
CHEMBL14395,0,0.44534782,8032
CHEMBL7325,0,0.44534782,8033
CHEMBL10509,0,0.44534782,8034
CHEMBL611871,0,0.44534782,8035
CHEMBL37443,0,0.44534782,8036
CHEMBL539138,0,0.44534782,8037
CHEMBL12177,0,0.44534782,8038
CHEMBL37046,0,0.44534782,8039
CHEMBL16658,0,0.44534782,8040
CHEMBL42274,0,0.44534782,8041
CHEMBL22785,0,0.44534782,8042
CHEMBL42936,0,0.44534782,8043
CHEMBL14947,0,0.44534782,8044
CHEMBL4436342,0,0.44526947,8045
CHEMBL4436169,0,0.44526947,8046
CHEMBL21581,0,0.44526947,8047
CHEMBL24422,0,0.44526947,8048
CHEMBL34185,0,0.44516292,8049
CHEMBL10087,0,0.44509587,8050
CHEMBL29777,0,0.44503468,8051
CHEMBL27252,0,0.4448369,8052
CHEMBL22348,0,0.4446319,8053
CHEMBL29213,0,0.4446319,8054
CHEMBL28964,0,0.4446319,8055
CHEMBL4434774,0,0.444541,8056
CHEMBL31317,0,0.44427788,8057
CHEMBL23904,0,0.44427788,8058
CHEMBL18286,0,0.4442022,8059
CHEMBL22712,0,0.4441945,8060
CHEMBL29100,0,0.4441945,8061
CHEMBL12970,0,0.4441945,8062
CHEMBL17143,0,0.4441945,8063
CHEMBL14573,0,0.4441945,8064
CHEMBL25983,0,0.4441945,8065
CHEMBL12642,0,0.4441945,8066
CHEMBL4435723,0,0.4441945,8067
CHEMBL29026,0,0.4441945,8068
CHEMBL4434846,0,0.4441945,8069
CHEMBL3310677,0,0.4441945,8070
CHEMBL552187,0,0.444176,8071
CHEMBL17631,0,0.4441616,8072
CHEMBL4543450,0,0.44397992,8073
CHEMBL41200,0,0.44328868,8074
CHEMBL36336,0,0.44326296,8075
CHEMBL11351,0,0.4428167,8076
CHEMBL8943,0,0.4428167,8077
CHEMBL24979,0,0.44279346,8078
CHEMBL22457,0,0.44279346,8079
CHEMBL38034,0,0.44279346,8080
CHEMBL1163133,0,0.44279346,8081
CHEMBL11311,0,0.4425163,8082
CHEMBL4434749,0,0.44218832,8083
CHEMBL4434653,0,0.44197926,8084
CHEMBL33325,0,0.44197926,8085
CHEMBL38341,0,0.44197926,8086
CHEMBL7136,0,0.44186112,8087
CHEMBL17836,0,0.4417893,8088
CHEMBL41912,0,0.4417893,8089
CHEMBL9739,0,0.4417893,8090
CHEMBL14143,0,0.4417486,8091
CHEMBL9582,0,0.44135487,8092
CHEMBL9507,0,0.44135487,8093
CHEMBL3309271,0,0.44135487,8094
CHEMBL27891,0,0.44135487,8095
CHEMBL30059,0,0.44106516,8096
CHEMBL17141,0,0.44106516,8097
CHEMBL3311393,0,0.4410231,8098
CHEMBL21661,0,0.4410231,8099
CHEMBL28448,0,0.44100675,8100
CHEMBL6628,0,0.44100675,8101
CHEMBL7477,0,0.44100675,8102
CHEMBL4434721,0,0.44100675,8103
CHEMBL33281,0,0.44100675,8104
CHEMBL33539,0,0.44100675,8105
CHEMBL28076,0,0.44096896,8106
CHEMBL26363,0,0.44087675,8107
CHEMBL38464,0,0.44051328,8108
CHEMBL9595,0,0.4405056,8109
CHEMBL1163330,0,0.4405056,8110
CHEMBL40924,0,0.4405056,8111
CHEMBL32330,0,0.4405056,8112
CHEMBL42002,0,0.4405056,8113
CHEMBL22698,0,0.4405056,8114
CHEMBL8238,0,0.4405056,8115
CHEMBL15335,0,0.4405056,8116
CHEMBL19983,0,0.44045278,8117
CHEMBL4436344,0,0.44027856,8118
CHEMBL39075,0,0.44027504,8119
CHEMBL17805,0,0.43998587,8120
CHEMBL4435539,0,0.43961376,8121
CHEMBL19195,0,0.43948084,8122
CHEMBL12853,0,0.43925706,8123
CHEMBL20108,0,0.43925706,8124
CHEMBL33165,0,0.43925706,8125
CHEMBL29166,0,0.43925706,8126
CHEMBL31923,0,0.43925706,8127
CHEMBL24881,0,0.43925706,8128
CHEMBL42607,0,0.43925706,8129
CHEMBL11583,0,0.43925706,8130
CHEMBL25168,0,0.43925706,8131
CHEMBL36385,0,0.43925706,8132
CHEMBL13162,0,0.43925706,8133
CHEMBL4436498,0,0.43925706,8134
CHEMBL37555,0,0.43925706,8135
CHEMBL12949,0,0.43925706,8136
CHEMBL24156,0,0.43925706,8137
CHEMBL4560043,0,0.43925706,8138
CHEMBL29418,0,0.43925706,8139
CHEMBL4303796,0,0.43925706,8140
CHEMBL8334,0,0.43925706,8141
CHEMBL21464,0,0.43925706,8142
CHEMBL26682,0,0.43925706,8143
CHEMBL19710,0,0.43925706,8144
CHEMBL36450,0,0.43925706,8145
CHEMBL37271,0,0.43925706,8146
CHEMBL25705,0,0.43925706,8147
CHEMBL4435388,0,0.43925706,8148
CHEMBL4436291,0,0.43925706,8149
CHEMBL659,0,0.43925706,8150
CHEMBL16027,0,0.43925706,8151
CHEMBL10241,0,0.43925706,8152
CHEMBL29330,0,0.43925706,8153
CHEMBL8296,0,0.43925706,8154
CHEMBL7822,0,0.43925706,8155
CHEMBL12842,0,0.43925706,8156
CHEMBL19745,0,0.43925706,8157
CHEMBL155656,0,0.43925706,8158
CHEMBL20124,0,0.43925706,8159
CHEMBL26416,0,0.43925706,8160
CHEMBL509348,0,0.43925706,8161
CHEMBL7504,0,0.43925706,8162
CHEMBL38493,0,0.43925706,8163
CHEMBL1163192,0,0.43925706,8164
CHEMBL19243,0,0.43925706,8165
CHEMBL27221,0,0.43925706,8166
CHEMBL26752,0,0.43925706,8167
CHEMBL34821,0,0.43925706,8168
CHEMBL31445,0,0.43925706,8169
CHEMBL40041,0,0.43925706,8170
CHEMBL6587,0,0.43925706,8171
CHEMBL12932,0,0.43925706,8172
CHEMBL36003,0,0.43925706,8173
CHEMBL16614,0,0.43925706,8174
CHEMBL36111,0,0.43925706,8175
CHEMBL20819,0,0.43925706,8176
CHEMBL23573,0,0.43925706,8177
CHEMBL34996,0,0.43925706,8178
CHEMBL4553592,0,0.43925706,8179
CHEMBL19775,0,0.43925706,8180
CHEMBL6827,0,0.43925706,8181
CHEMBL3310610,0,0.43925706,8182
CHEMBL20719,0,0.43925706,8183
CHEMBL40178,0,0.43925706,8184
CHEMBL37624,0,0.43925706,8185
CHEMBL6999,0,0.43925706,8186
CHEMBL18696,0,0.43925706,8187
CHEMBL18769,0,0.43925706,8188
CHEMBL9883,0,0.43925706,8189
CHEMBL1160429,0,0.43925706,8190
CHEMBL31047,0,0.43925706,8191
CHEMBL22220,0,0.43925706,8192
CHEMBL12668,0,0.43925706,8193
CHEMBL33815,0,0.43924767,8194
CHEMBL9440,0,0.43919405,8195
CHEMBL32375,0,0.43892205,8196
CHEMBL26368,0,0.43891957,8197
CHEMBL3309816,0,0.43887347,8198
CHEMBL4543574,0,0.43845478,8199
CHEMBL17187,0,0.43833894,8200
CHEMBL30680,0,0.43833894,8201
CHEMBL39175,0,0.43826097,8202
CHEMBL38865,0,0.43826097,8203
CHEMBL35226,0,0.43826097,8204
CHEMBL41027,0,0.43826097,8205
CHEMBL16931,0,0.43826097,8206
CHEMBL27095,0,0.43826097,8207
CHEMBL19811,0,0.43826097,8208
CHEMBL37906,0,0.43810844,8209
CHEMBL4543357,0,0.43810844,8210
CHEMBL21346,0,0.43810844,8211
CHEMBL33871,0,0.43810844,8212
CHEMBL37976,0,0.43810844,8213
CHEMBL708,0,0.43810844,8214
CHEMBL10377,0,0.43810844,8215
CHEMBL18918,0,0.43810844,8216
CHEMBL4543421,0,0.43809733,8217
CHEMBL23637,0,0.4379349,8218
CHEMBL33988,0,0.43789375,8219
CHEMBL9164,0,0.43760073,8220
CHEMBL9733,0,0.4375215,8221
CHEMBL32778,0,0.4375014,8222
CHEMBL7749,0,0.4375014,8223
CHEMBL24473,0,0.4375014,8224
CHEMBL21278,0,0.4375014,8225
CHEMBL17031,0,0.43745303,8226
CHEMBL4435479,0,0.43736124,8227
CHEMBL26543,0,0.43680403,8228
CHEMBL38968,0,0.436798,8229
CHEMBL1199671,0,0.43668967,8230
CHEMBL25150,0,0.43668967,8231
CHEMBL3310390,0,0.43641856,8232
CHEMBL35101,0,0.436383,8233
CHEMBL12764,0,0.4363627,8234
CHEMBL16795,0,0.4363123,8235
CHEMBL558744,0,0.4362617,8236
CHEMBL40662,0,0.43622208,8237
CHEMBL42038,0,0.43620384,8238
CHEMBL35364,0,0.43610823,8239
CHEMBL41454,0,0.43610823,8240
CHEMBL36756,0,0.43610823,8241
CHEMBL37992,0,0.43610823,8242
CHEMBL43590,0,0.43610823,8243
CHEMBL6236,0,0.43610823,8244
CHEMBL4559956,0,0.43610823,8245
CHEMBL31100,0,0.43610823,8246
CHEMBL4435696,0,0.43610823,8247
CHEMBL3309697,0,0.43610823,8248
CHEMBL28842,0,0.43610823,8249
CHEMBL25810,0,0.43610823,8250
CHEMBL13186,0,0.43607694,8251
CHEMBL23752,0,0.43607694,8252
CHEMBL32347,0,0.43598795,8253
CHEMBL11198,0,0.4358165,8254
CHEMBL444368,0,0.4356909,8255
CHEMBL25556,0,0.4356263,8256
CHEMBL28780,0,0.43560565,8257
CHEMBL14976,0,0.43560565,8258
CHEMBL26964,0,0.43560565,8259
CHEMBL33796,0,0.43541592,8260
CHEMBL4435105,0,0.43541592,8261
CHEMBL38095,0,0.43541592,8262
CHEMBL15262,0,0.43541592,8263
CHEMBL22668,0,0.43541592,8264
CHEMBL38670,0,0.43541592,8265
CHEMBL28818,0,0.43541592,8266
CHEMBL12811,0,0.43541592,8267
CHEMBL23521,0,0.43538645,8268
CHEMBL10246,0,0.43538645,8269
CHEMBL8747,0,0.43538645,8270
CHEMBL28019,0,0.43528178,8271
CHEMBL24827,0,0.43524793,8272
CHEMBL421,0,0.43524793,8273
CHEMBL4435916,0,0.4352212,8274
CHEMBL43641,0,0.4352212,8275
CHEMBL31102,0,0.4352212,8276
CHEMBL17304,0,0.4350791,8277
CHEMBL1163481,0,0.43500993,8278
CHEMBL15842,0,0.43473968,8279
CHEMBL16987,0,0.43472746,8280
CHEMBL30350,0,0.43468732,8281
CHEMBL27017,0,0.43468732,8282
CHEMBL29597,0,0.43468732,8283
CHEMBL13176,0,0.43468732,8284
CHEMBL11415,0,0.43468732,8285
CHEMBL18174,0,0.43468732,8286
CHEMBL29497,0,0.43468732,8287
CHEMBL41560,0,0.43468732,8288
CHEMBL24029,0,0.43468732,8289
CHEMBL1077381,0,0.43468732,8290
CHEMBL20352,0,0.43468732,8291
CHEMBL29549,0,0.43468732,8292
CHEMBL39771,0,0.43468732,8293
CHEMBL30352,0,0.43468732,8294
CHEMBL16154,0,0.43468732,8295
CHEMBL15590,0,0.43468732,8296
CHEMBL35802,0,0.43468732,8297
CHEMBL12750,0,0.43468732,8298
CHEMBL6258,0,0.43468732,8299
CHEMBL30999,0,0.43468732,8300
CHEMBL42537,0,0.43468732,8301
CHEMBL36724,0,0.43468732,8302
CHEMBL40116,0,0.43468732,8303
CHEMBL31928,0,0.43468732,8304
CHEMBL506642,0,0.43468732,8305
CHEMBL38016,0,0.43468732,8306
CHEMBL21304,0,0.43468732,8307
CHEMBL38571,0,0.43468732,8308
CHEMBL31221,0,0.43468732,8309
CHEMBL12006,0,0.43468732,8310
CHEMBL30733,0,0.43468732,8311
CHEMBL20493,0,0.43468732,8312
CHEMBL4543364,0,0.43468732,8313
CHEMBL16486,0,0.43468732,8314
CHEMBL37197,0,0.43468732,8315
CHEMBL34948,0,0.43468732,8316
CHEMBL20405,0,0.43468732,8317
CHEMBL19699,0,0.43468732,8318
CHEMBL42680,0,0.43468732,8319
CHEMBL16045,0,0.43468732,8320
CHEMBL32290,0,0.43468732,8321
CHEMBL16401,0,0.43468732,8322
CHEMBL42501,0,0.43468732,8323
CHEMBL11475,0,0.43468732,8324
CHEMBL1096337,0,0.43468732,8325
CHEMBL4543204,0,0.43468732,8326
CHEMBL4543243,0,0.43468732,8327
CHEMBL7408,0,0.43468732,8328
CHEMBL41054,0,0.43468732,8329
CHEMBL606,0,0.43468732,8330
CHEMBL13358,0,0.43468732,8331
CHEMBL37549,0,0.43468732,8332
CHEMBL42106,0,0.43468732,8333
CHEMBL27659,0,0.43468732,8334
CHEMBL39016,0,0.43468732,8335
CHEMBL4436550,0,0.43468732,8336
CHEMBL23004,0,0.43468732,8337
CHEMBL15825,0,0.43468732,8338
CHEMBL13348,0,0.43468732,8339
CHEMBL12446,0,0.43468732,8340
CHEMBL12443,0,0.43468732,8341
CHEMBL7057,0,0.43468732,8342
CHEMBL25060,0,0.43468732,8343
CHEMBL30140,0,0.43468732,8344
CHEMBL28481,0,0.43468732,8345
CHEMBL30558,0,0.43468732,8346
CHEMBL22039,0,0.43468732,8347
CHEMBL37796,0,0.43468732,8348
CHEMBL32874,0,0.43468732,8349
CHEMBL32893,0,0.43468732,8350
CHEMBL32860,0,0.43468732,8351
CHEMBL30222,0,0.43468732,8352
CHEMBL31439,0,0.43468732,8353
CHEMBL3310443,0,0.43468732,8354
CHEMBL4435416,0,0.43468732,8355
CHEMBL4435051,0,0.43468732,8356
CHEMBL15075,0,0.43468732,8357
CHEMBL15078,0,0.43468732,8358
CHEMBL13433,0,0.43468732,8359
CHEMBL21035,0,0.43468732,8360
CHEMBL41852,0,0.43468732,8361
CHEMBL3310684,0,0.43468732,8362
CHEMBL30282,0,0.43468732,8363
CHEMBL27811,0,0.43468732,8364
CHEMBL3309692,0,0.43451846,8365
CHEMBL39563,0,0.43451846,8366
CHEMBL31386,0,0.43442944,8367
CHEMBL17076,0,0.43442944,8368
CHEMBL30330,0,0.43442944,8369
CHEMBL9286,0,0.43440226,8370
CHEMBL33795,0,0.43440226,8371
CHEMBL24713,0,0.43438596,8372
CHEMBL4543440,0,0.43438596,8373
CHEMBL15223,0,0.43437612,8374
CHEMBL17396,0,0.43436626,8375
CHEMBL781,0,0.43428695,8376
CHEMBL31760,0,0.43412223,8377
CHEMBL15675,0,0.43393117,8378
CHEMBL20910,0,0.43393117,8379
CHEMBL8683,0,0.43393117,8380
CHEMBL31403,0,0.43393117,8381
CHEMBL31098,0,0.43393117,8382
CHEMBL37019,0,0.43393117,8383
CHEMBL28416,0,0.43393117,8384
CHEMBL39177,0,0.43393117,8385
CHEMBL13180,0,0.43393117,8386
CHEMBL7166,0,0.43393117,8387
CHEMBL17931,0,0.43383062,8388
CHEMBL12835,0,0.43383062,8389
CHEMBL9862,0,0.43383062,8390
CHEMBL40298,0,0.43383062,8391
CHEMBL20729,0,0.43383062,8392
CHEMBL4543183,0,0.43383062,8393
CHEMBL4435890,0,0.43383062,8394
CHEMBL41397,0,0.43383062,8395
CHEMBL20845,0,0.43383062,8396
CHEMBL17609,0,0.43383062,8397
CHEMBL17657,0,0.43383062,8398
CHEMBL14473,0,0.43383062,8399
CHEMBL29596,0,0.43383062,8400
CHEMBL39081,0,0.43383062,8401
CHEMBL15971,0,0.43383062,8402
CHEMBL18605,0,0.43383062,8403
CHEMBL34291,0,0.43383062,8404
CHEMBL23054,0,0.43383062,8405
CHEMBL11474,0,0.43383062,8406
CHEMBL8895,0,0.43383062,8407
CHEMBL540674,0,0.43383062,8408
CHEMBL7135,0,0.43383062,8409
CHEMBL15876,0,0.43383062,8410
CHEMBL28895,0,0.43383062,8411
CHEMBL3309588,0,0.43383062,8412
CHEMBL19694,0,0.43383062,8413
CHEMBL154360,0,0.43383062,8414
CHEMBL19374,0,0.43383062,8415
CHEMBL8754,0,0.43383062,8416
CHEMBL19729,0,0.43383062,8417
CHEMBL15325,0,0.43383062,8418
CHEMBL7715,0,0.43383062,8419
CHEMBL24525,0,0.43383062,8420
CHEMBL36612,0,0.43383062,8421
CHEMBL26309,0,0.43383062,8422
CHEMBL18498,0,0.43383062,8423
CHEMBL9328,0,0.43383062,8424
CHEMBL553,0,0.43383062,8425
CHEMBL12208,0,0.43383062,8426
CHEMBL10711,0,0.43383062,8427
CHEMBL6295,0,0.43383062,8428
CHEMBL36109,0,0.43383062,8429
CHEMBL34665,0,0.43383062,8430
CHEMBL38813,0,0.43383062,8431
CHEMBL3311145,0,0.43383062,8432
CHEMBL37544,0,0.43383062,8433
CHEMBL18313,0,0.43383062,8434
CHEMBL18995,0,0.43383062,8435
CHEMBL32409,0,0.43383062,8436
CHEMBL11245,0,0.43383062,8437
CHEMBL13468,0,0.43383062,8438
CHEMBL21494,0,0.43383062,8439
CHEMBL4553640,0,0.43383062,8440
CHEMBL26834,0,0.43383062,8441
CHEMBL33685,0,0.43383062,8442
CHEMBL13264,0,0.43383062,8443
CHEMBL16298,0,0.43383062,8444
CHEMBL4436474,0,0.433809,8445
CHEMBL34576,0,0.433809,8446
CHEMBL31681,0,0.433809,8447
CHEMBL23891,0,0.43351007,8448
CHEMBL4435312,0,0.43282646,8449
CHEMBL32589,0,0.4328037,8450
CHEMBL42086,0,0.4328037,8451
CHEMBL13235,0,0.4328037,8452
CHEMBL6440,0,0.4328037,8453
CHEMBL10756,0,0.4328037,8454
CHEMBL3310406,0,0.4328037,8455
CHEMBL1095033,0,0.4328037,8456
CHEMBL32412,0,0.4328037,8457
CHEMBL23212,0,0.4328037,8458
CHEMBL38157,0,0.4328037,8459
CHEMBL19189,0,0.4328037,8460
CHEMBL35342,0,0.4328037,8461
CHEMBL41029,0,0.4328037,8462
CHEMBL27886,0,0.4328037,8463
CHEMBL7108,0,0.4328037,8464
CHEMBL31072,0,0.4328037,8465
CHEMBL15879,0,0.4328037,8466
CHEMBL8734,0,0.4328037,8467
CHEMBL21011,0,0.4328037,8468
CHEMBL33677,0,0.4328037,8469
CHEMBL35059,0,0.4328037,8470
CHEMBL26102,0,0.4328037,8471
CHEMBL3309582,0,0.4328037,8472
CHEMBL10773,0,0.4328037,8473
CHEMBL27502,0,0.4328037,8474
CHEMBL15665,0,0.4328037,8475
CHEMBL23299,0,0.4328037,8476
CHEMBL19192,0,0.4328037,8477
CHEMBL41217,0,0.4328037,8478
CHEMBL21823,0,0.4328037,8479
CHEMBL4543409,0,0.4328037,8480
CHEMBL14314,0,0.4328037,8481
CHEMBL19265,0,0.4328037,8482
CHEMBL3311001,0,0.4328037,8483
CHEMBL6826,0,0.4328037,8484
CHEMBL3310990,0,0.4328037,8485
CHEMBL19310,0,0.4328037,8486
CHEMBL4434805,0,0.4328037,8487
CHEMBL31337,0,0.4328037,8488
CHEMBL16429,0,0.4328037,8489
CHEMBL19932,0,0.4328037,8490
CHEMBL17899,0,0.4328037,8491
CHEMBL17886,0,0.4328037,8492
CHEMBL18993,0,0.4328037,8493
CHEMBL8948,0,0.4328037,8494
CHEMBL21899,0,0.4328037,8495
CHEMBL22665,0,0.4328037,8496
CHEMBL35419,0,0.4328037,8497
CHEMBL31591,0,0.43270212,8498
CHEMBL17433,0,0.43249932,8499
CHEMBL14981,0,0.43247876,8500
CHEMBL42318,0,0.4323377,8501
CHEMBL4116114,0,0.4323377,8502
CHEMBL16629,0,0.4322492,8503
CHEMBL32054,0,0.4322492,8504
CHEMBL21392,0,0.4322492,8505
CHEMBL41403,0,0.43224525,8506
CHEMBL20366,0,0.43219975,8507
CHEMBL11098,0,0.432113,8508
CHEMBL42058,0,0.432113,8509
CHEMBL1207940,0,0.43199766,8510
CHEMBL13712,0,0.4318144,8511
CHEMBL28089,0,0.4318144,8512
CHEMBL4543215,0,0.4318144,8513
CHEMBL25351,0,0.43179548,8514
CHEMBL1171953,0,0.43174204,8515
CHEMBL42527,0,0.43174204,8516
CHEMBL3310396,0,0.43174204,8517
CHEMBL10815,0,0.43174204,8518
CHEMBL3309544,0,0.43174204,8519
CHEMBL19003,0,0.43155277,8520
CHEMBL34839,0,0.43155122,8521
CHEMBL4436016,0,0.43155122,8522
CHEMBL30432,0,0.43155122,8523
CHEMBL10573,0,0.43152097,8524
CHEMBL34034,0,0.43150327,8525
CHEMBL23784,0,0.43150327,8526
CHEMBL3309320,0,0.43150327,8527
CHEMBL10667,0,0.43150327,8528
CHEMBL27018,0,0.43150327,8529
CHEMBL39358,0,0.43150327,8530
CHEMBL15559,0,0.43150327,8531
CHEMBL9959,0,0.43150327,8532
CHEMBL9954,0,0.43150327,8533
CHEMBL22327,0,0.43150327,8534
CHEMBL35692,0,0.43150327,8535
CHEMBL31831,0,0.43150327,8536
CHEMBL31654,0,0.43150327,8537
CHEMBL9548,0,0.43150327,8538
CHEMBL3309596,0,0.43150327,8539
CHEMBL40078,0,0.43150327,8540
CHEMBL9671,0,0.43150327,8541
CHEMBL3309618,0,0.43150327,8542
CHEMBL34006,0,0.43150327,8543
CHEMBL40020,0,0.43150327,8544
CHEMBL43016,0,0.43150327,8545
CHEMBL33437,0,0.43150327,8546
CHEMBL42067,0,0.43150327,8547
CHEMBL21871,0,0.43150327,8548
CHEMBL13486,0,0.43150327,8549
CHEMBL35649,0,0.43150327,8550
CHEMBL621,0,0.43150327,8551
CHEMBL25723,0,0.43150327,8552
CHEMBL37358,0,0.43150327,8553
CHEMBL9453,0,0.43150327,8554
CHEMBL35607,0,0.43150327,8555
CHEMBL4434657,0,0.43150327,8556
CHEMBL41388,0,0.43150327,8557
CHEMBL12551,0,0.43150327,8558
CHEMBL28833,0,0.43150327,8559
CHEMBL25931,0,0.43150327,8560
CHEMBL32329,0,0.43150327,8561
CHEMBL4435409,0,0.43150327,8562
CHEMBL33612,0,0.43150327,8563
CHEMBL42078,0,0.43150327,8564
CHEMBL36209,0,0.43150327,8565
CHEMBL28186,0,0.43150327,8566
CHEMBL33977,0,0.43150327,8567
CHEMBL264812,0,0.43150327,8568
CHEMBL4553558,0,0.43150327,8569
CHEMBL24701,0,0.43150327,8570
CHEMBL37062,0,0.43150327,8571
CHEMBL16825,0,0.43150327,8572
CHEMBL17093,0,0.43150327,8573
CHEMBL4435276,0,0.43150327,8574
CHEMBL31379,0,0.43150327,8575
CHEMBL31419,0,0.43150327,8576
CHEMBL36457,0,0.43149397,8577
CHEMBL27914,0,0.43149397,8578
CHEMBL4116141,0,0.43149397,8579
CHEMBL17676,0,0.43149397,8580
CHEMBL37342,0,0.43123105,8581
CHEMBL34563,0,0.43123105,8582
CHEMBL9730,0,0.4310861,8583
CHEMBL28544,0,0.43072256,8584
CHEMBL19547,0,0.43062863,8585
CHEMBL4543264,0,0.43041256,8586
CHEMBL40358,0,0.43035153,8587
CHEMBL19690,0,0.430311,8588
CHEMBL16657,0,0.430311,8589
CHEMBL4436449,0,0.430311,8590
CHEMBL1096822,0,0.430311,8591
CHEMBL17695,0,0.430311,8592
CHEMBL16409,0,0.430311,8593
CHEMBL29799,0,0.430311,8594
CHEMBL12988,0,0.430311,8595
CHEMBL14069,0,0.430311,8596
CHEMBL36822,0,0.430311,8597
CHEMBL6475,0,0.430311,8598
CHEMBL12869,0,0.430311,8599
CHEMBL42526,0,0.430311,8600
CHEMBL37155,0,0.430311,8601
CHEMBL8445,0,0.43025944,8602
CHEMBL42409,0,0.43025944,8603
CHEMBL8558,0,0.43025944,8604
CHEMBL38622,0,0.4301305,8605
CHEMBL36647,0,0.4301305,8606
CHEMBL3309987,0,0.4301305,8607
CHEMBL28717,0,0.4301305,8608
CHEMBL37433,0,0.4301305,8609
CHEMBL39198,0,0.43012998,8610
CHEMBL4543319,0,0.43004733,8611
CHEMBL10560,0,0.43001232,8612
CHEMBL16665,0,0.4299572,8613
CHEMBL29395,0,0.42968422,8614
CHEMBL39601,0,0.42966312,8615
CHEMBL18556,0,0.429596,8616
CHEMBL4434751,0,0.42948368,8617
CHEMBL14747,0,0.42946908,8618
CHEMBL20542,0,0.42946908,8619
CHEMBL8105,0,0.42946908,8620
CHEMBL17926,0,0.42946908,8621
CHEMBL9818,0,0.4293539,8622
CHEMBL23468,0,0.4293539,8623
CHEMBL12806,0,0.4293539,8624
CHEMBL21136,0,0.42934394,8625
CHEMBL38939,0,0.4292647,8626
CHEMBL7433,0,0.42926136,8627
CHEMBL29112,0,0.42912853,8628
CHEMBL29551,0,0.42912292,8629
CHEMBL33351,0,0.42897317,8630
CHEMBL35895,0,0.42897317,8631
CHEMBL39946,0,0.42897317,8632
CHEMBL34120,0,0.42897317,8633
CHEMBL3310906,0,0.42897317,8634
CHEMBL10070,0,0.42897317,8635
CHEMBL11040,0,0.42897317,8636
CHEMBL16877,0,0.42897317,8637
CHEMBL16589,0,0.42897317,8638
CHEMBL11515,0,0.42897317,8639
CHEMBL15227,0,0.4288936,8640
CHEMBL24131,0,0.42888734,8641
CHEMBL11918,0,0.4284743,8642
CHEMBL11749,0,0.4284743,8643
CHEMBL39943,0,0.4284743,8644
CHEMBL22868,0,0.4284743,8645
CHEMBL21336,0,0.4284743,8646
CHEMBL10049,0,0.4284743,8647
CHEMBL19201,0,0.4284743,8648
CHEMBL41573,0,0.4284743,8649
CHEMBL40272,0,0.4284743,8650
CHEMBL4553609,0,0.4284743,8651
CHEMBL12141,0,0.4284743,8652
CHEMBL14923,0,0.4284743,8653
CHEMBL22922,0,0.4284743,8654
CHEMBL8475,0,0.4284743,8655
CHEMBL37658,0,0.4284743,8656
CHEMBL14794,0,0.4284743,8657
CHEMBL4435335,0,0.42836753,8658
CHEMBL22579,0,0.42836753,8659
CHEMBL21596,0,0.42835182,8660
CHEMBL31583,0,0.42835182,8661
CHEMBL21414,0,0.42835182,8662
CHEMBL9490,0,0.428311,8663
CHEMBL15288,0,0.428311,8664
CHEMBL7950,0,0.42830655,8665
CHEMBL38942,0,0.4282001,8666
CHEMBL11787,0,0.42817518,8667
CHEMBL37777,0,0.42817518,8668
CHEMBL33404,0,0.42817518,8669
CHEMBL36268,0,0.4278189,8670
CHEMBL22389,0,0.4278189,8671
CHEMBL11670,0,0.4278189,8672
CHEMBL4434886,0,0.42768925,8673
CHEMBL42031,0,0.4275182,8674
CHEMBL27816,0,0.4275182,8675
CHEMBL40629,0,0.42676443,8676
CHEMBL41897,0,0.4267168,8677
CHEMBL14930,0,0.4267168,8678
CHEMBL39741,0,0.42647427,8679
CHEMBL27187,0,0.42618397,8680
CHEMBL12797,0,0.42614117,8681
CHEMBL10258,0,0.42614117,8682
CHEMBL1163371,0,0.42614117,8683
CHEMBL3309295,0,0.42614117,8684
CHEMBL505806,0,0.42614117,8685
CHEMBL32918,0,0.4259949,8686
CHEMBL14708,0,0.42595366,8687
CHEMBL574027,0,0.42580876,8688
CHEMBL40769,0,0.42580876,8689
CHEMBL4543528,0,0.4258015,8690
CHEMBL4435492,0,0.42577583,8691
CHEMBL17177,0,0.42559615,8692
CHEMBL41194,0,0.42559615,8693
CHEMBL39874,0,0.42549938,8694
CHEMBL26241,0,0.42549938,8695
CHEMBL24949,0,0.42549938,8696
CHEMBL22293,0,0.42549938,8697
CHEMBL38242,0,0.4254363,8698
CHEMBL10808,0,0.42522204,8699
CHEMBL15222,0,0.42515114,8700
CHEMBL40666,0,0.4250228,8701
CHEMBL22087,0,0.4247331,8702
CHEMBL6729,0,0.4244742,8703
CHEMBL24898,0,0.4244742,8704
CHEMBL16816,0,0.4244742,8705
CHEMBL40693,0,0.4244742,8706
CHEMBL23292,0,0.4244742,8707
CHEMBL4435900,0,0.4244742,8708
CHEMBL17469,0,0.4244742,8709
CHEMBL4435852,0,0.4244742,8710
CHEMBL40076,0,0.42440966,8711
CHEMBL8010,0,0.4241531,8712
CHEMBL1163532,0,0.42393437,8713
CHEMBL41385,0,0.42393437,8714
CHEMBL9541,0,0.42393437,8715
CHEMBL4436508,0,0.42393437,8716
CHEMBL16951,0,0.42393437,8717
CHEMBL3310411,0,0.42393437,8718
CHEMBL11560,0,0.42393437,8719
CHEMBL40256,0,0.42393437,8720
CHEMBL14284,0,0.42378923,8721
CHEMBL30368,0,0.42353535,8722
CHEMBL4434982,0,0.42337695,8723
CHEMBL7247,0,0.4232289,8724
CHEMBL573078,0,0.4232141,8725
CHEMBL30800,0,0.4231323,8726
CHEMBL7873,0,0.4231323,8727
CHEMBL37277,0,0.4229917,8728
CHEMBL29859,0,0.4229443,8729
CHEMBL24418,0,0.4229443,8730
CHEMBL40893,0,0.4228436,8731
CHEMBL4543479,0,0.4228436,8732
CHEMBL18798,0,0.4228436,8733
CHEMBL42862,0,0.4228436,8734
CHEMBL19291,0,0.4228436,8735
CHEMBL592393,0,0.42278844,8736
CHEMBL3310317,0,0.4224918,8737
CHEMBL25788,0,0.42244983,8738
CHEMBL8850,0,0.4224049,8739
CHEMBL13158,0,0.4224049,8740
CHEMBL631,1,0.4224049,8741
CHEMBL19707,0,0.4224049,8742
CHEMBL4436360,0,0.4224049,8743
CHEMBL31974,0,0.42225298,8744
CHEMBL9860,0,0.42225298,8745
CHEMBL42020,0,0.42225298,8746
CHEMBL1222790,0,0.42177963,8747
CHEMBL30925,0,0.42177963,8748
CHEMBL25611,0,0.42177963,8749
CHEMBL4436553,0,0.42168027,8750
CHEMBL4543525,0,0.42165896,8751
CHEMBL24244,0,0.42165896,8752
CHEMBL22157,0,0.42165896,8753
CHEMBL30716,0,0.42165896,8754
CHEMBL22113,0,0.42165896,8755
CHEMBL4435909,0,0.42165896,8756
CHEMBL40351,0,0.42162243,8757
CHEMBL36719,0,0.42162243,8758
CHEMBL13747,0,0.42162243,8759
CHEMBL22836,0,0.42162243,8760
CHEMBL16072,0,0.42162243,8761
CHEMBL3311184,0,0.42162243,8762
CHEMBL34030,0,0.42162243,8763
CHEMBL21930,0,0.4215214,8764
CHEMBL12127,0,0.42115283,8765
CHEMBL4434837,0,0.42113853,8766
CHEMBL12744,0,0.4208115,8767
CHEMBL20977,0,0.42071486,8768
CHEMBL539748,0,0.42062575,8769
CHEMBL38141,0,0.42028564,8770
CHEMBL28616,0,0.42028564,8771
CHEMBL38170,0,0.42028564,8772
CHEMBL530730,0,0.42028147,8773
CHEMBL42711,0,0.42028147,8774
CHEMBL23711,0,0.42028147,8775
CHEMBL4434825,0,0.42028147,8776
CHEMBL4434916,0,0.42028147,8777
CHEMBL14272,0,0.42028147,8778
CHEMBL33681,0,0.42028147,8779
CHEMBL34863,0,0.42028147,8780
CHEMBL33357,0,0.42028147,8781
CHEMBL25236,0,0.42028147,8782
CHEMBL4435433,0,0.42028147,8783
CHEMBL4543395,0,0.42028147,8784
CHEMBL32248,0,0.42028147,8785
CHEMBL27794,0,0.42028147,8786
CHEMBL6775,0,0.42028147,8787
CHEMBL17254,0,0.42028147,8788
CHEMBL33734,0,0.42028147,8789
CHEMBL32224,0,0.42028147,8790
CHEMBL29181,0,0.42028147,8791
CHEMBL265763,0,0.42012823,8792
CHEMBL14541,0,0.41991982,8793
CHEMBL10594,0,0.41970322,8794
CHEMBL31620,0,0.41960022,8795
CHEMBL15974,0,0.41960022,8796
CHEMBL19931,0,0.4195436,8797
CHEMBL9728,0,0.41929698,8798
CHEMBL41350,0,0.41927338,8799
CHEMBL21594,0,0.41903308,8800
CHEMBL16233,0,0.41903308,8801
CHEMBL16911,0,0.41903308,8802
CHEMBL7367,0,0.41903308,8803
CHEMBL7317,0,0.41903308,8804
CHEMBL35781,0,0.41903308,8805
CHEMBL23109,0,0.41903308,8806
CHEMBL4553666,0,0.41903308,8807
CHEMBL11509,0,0.41903308,8808
CHEMBL7510,0,0.41903308,8809
CHEMBL37035,0,0.41903308,8810
CHEMBL43691,0,0.41903308,8811
CHEMBL27448,0,0.41903308,8812
CHEMBL36276,0,0.41903308,8813
CHEMBL10024,0,0.41898033,8814
CHEMBL6727,0,0.41897774,8815
CHEMBL32895,0,0.41897774,8816
CHEMBL3310126,0,0.41897774,8817
CHEMBL36539,0,0.4186768,8818
CHEMBL42529,0,0.4186768,8819
CHEMBL36129,0,0.4186768,8820
CHEMBL9290,0,0.41865626,8821
CHEMBL12597,0,0.41865626,8822
CHEMBL42312,0,0.41858974,8823
CHEMBL26656,0,0.41858974,8824
CHEMBL12613,0,0.41814402,8825
CHEMBL19621,0,0.41814402,8826
CHEMBL7195,0,0.41814402,8827
CHEMBL6740,0,0.41814402,8828
CHEMBL36772,0,0.41814402,8829
CHEMBL13646,0,0.41795328,8830
CHEMBL8055,0,0.4178336,8831
CHEMBL29236,0,0.41744006,8832
CHEMBL21465,0,0.41733703,8833
CHEMBL4543367,0,0.41700804,8834
CHEMBL39352,0,0.41700804,8835
CHEMBL2,0,0.4167729,8836
CHEMBL576723,0,0.41623402,8837
CHEMBL31588,0,0.41623402,8838
CHEMBL30205,0,0.41623402,8839
CHEMBL39485,0,0.41623402,8840
CHEMBL32342,0,0.41623402,8841
CHEMBL612143,0,0.41623402,8842
CHEMBL32990,0,0.41623402,8843
CHEMBL1205831,0,0.4161891,8844
CHEMBL9785,0,0.41615996,8845
CHEMBL35646,0,0.41612226,8846
CHEMBL21799,0,0.41612226,8847
CHEMBL14836,0,0.4159638,8848
CHEMBL21054,0,0.41586047,8849
CHEMBL31109,0,0.4158087,8850
CHEMBL18817,0,0.4158087,8851
CHEMBL19418,0,0.4153176,8852
CHEMBL42613,0,0.4153176,8853
CHEMBL3310984,0,0.41529602,8854
CHEMBL38409,0,0.41520625,8855
CHEMBL3309269,0,0.41520625,8856
CHEMBL22249,0,0.41520625,8857
CHEMBL3310342,0,0.41520625,8858
CHEMBL41444,0,0.41520625,8859
CHEMBL28789,0,0.41520625,8860
CHEMBL13067,0,0.41504702,8861
CHEMBL11092,0,0.4150212,8862
CHEMBL16124,0,0.41487384,8863
CHEMBL14955,0,0.41485915,8864
CHEMBL29003,0,0.41485915,8865
CHEMBL32658,0,0.41483453,8866
CHEMBL32067,0,0.41483453,8867
CHEMBL27331,0,0.41483453,8868
CHEMBL40128,0,0.41483453,8869
CHEMBL540227,0,0.41483453,8870
CHEMBL25003,0,0.41483453,8871
CHEMBL31222,0,0.41483453,8872
CHEMBL40605,0,0.41483453,8873
CHEMBL10022,0,0.41483453,8874
CHEMBL29684,0,0.41482806,8875
CHEMBL15264,0,0.41473553,8876
CHEMBL10956,0,0.41473553,8877
CHEMBL1214259,0,0.41473553,8878
CHEMBL4435533,0,0.41473553,8879
CHEMBL6521,0,0.41473553,8880
CHEMBL3309396,0,0.41464096,8881
CHEMBL6942,0,0.41464096,8882
CHEMBL29122,0,0.41464096,8883
CHEMBL18680,0,0.41463014,8884
CHEMBL21043,0,0.41463014,8885
CHEMBL24126,0,0.4145578,8886
CHEMBL14496,0,0.4145578,8887
CHEMBL11163,0,0.4145578,8888
CHEMBL17593,0,0.4145578,8889
CHEMBL4435344,0,0.4145578,8890
CHEMBL4435267,0,0.4145578,8891
CHEMBL34806,0,0.4145578,8892
CHEMBL4559955,0,0.4145578,8893
CHEMBL8942,0,0.4145578,8894
CHEMBL8769,0,0.4145578,8895
CHEMBL35000,0,0.4145578,8896
CHEMBL26089,0,0.4145578,8897
CHEMBL18632,0,0.4145578,8898
CHEMBL21989,0,0.4145578,8899
CHEMBL38897,0,0.4145578,8900
CHEMBL19281,0,0.4145578,8901
CHEMBL42327,0,0.4145578,8902
CHEMBL40908,0,0.4145578,8903
CHEMBL9235,0,0.4145578,8904
CHEMBL29174,0,0.4145578,8905
CHEMBL38031,0,0.4145578,8906
CHEMBL10340,0,0.4145578,8907
CHEMBL21327,0,0.4145578,8908
CHEMBL8952,0,0.4145578,8909
CHEMBL29301,0,0.4145578,8910
CHEMBL16442,0,0.4145578,8911
CHEMBL6492,0,0.4145578,8912
CHEMBL4435520,0,0.4145578,8913
CHEMBL7058,0,0.4145578,8914
CHEMBL41016,0,0.414496,8915
CHEMBL29495,0,0.41430637,8916
CHEMBL31663,0,0.41425675,8917
CHEMBL21904,0,0.41385606,8918
CHEMBL8988,0,0.41385606,8919
CHEMBL12190,0,0.41385606,8920
CHEMBL40927,0,0.41385606,8921
CHEMBL34978,0,0.41338643,8922
CHEMBL4436122,0,0.41337317,8923
CHEMBL31414,0,0.41305465,8924
CHEMBL4436316,0,0.4129016,8925
CHEMBL10596,0,0.4128318,8926
CHEMBL9275,0,0.4128318,8927
CHEMBL8095,0,0.41277686,8928
CHEMBL14915,0,0.41277686,8929
CHEMBL12552,0,0.4127218,8930
CHEMBL37243,0,0.4127218,8931
CHEMBL32687,0,0.41269436,8932
CHEMBL4435598,0,0.4126149,8933
CHEMBL10814,0,0.41256773,8934
CHEMBL32032,0,0.41238165,8935
CHEMBL38234,0,0.41238165,8936
CHEMBL13657,0,0.41203648,8937
CHEMBL12276,0,0.4119804,8938
CHEMBL21166,0,0.4119016,8939
CHEMBL41457,0,0.4119016,8940
CHEMBL14299,0,0.41181156,8941
CHEMBL17772,0,0.41163087,8942
CHEMBL36172,0,0.41163087,8943
CHEMBL23762,0,0.41163087,8944
CHEMBL31783,0,0.41143185,8945
CHEMBL14257,0,0.4113124,8946
CHEMBL27250,0,0.41122377,8947
CHEMBL18503,0,0.41111842,8948
CHEMBL9605,0,0.411062,8949
CHEMBL41214,0,0.411062,8950
CHEMBL24416,0,0.41105792,8951
CHEMBL24920,0,0.4109999,8952
CHEMBL33334,0,0.41093364,8953
CHEMBL7500,0,0.4108503,8954
CHEMBL28145,0,0.41052234,8955
CHEMBL7013,0,0.41052234,8956
CHEMBL4435576,0,0.4105195,8957
CHEMBL17554,0,0.41049564,8958
CHEMBL9664,0,0.41020104,8959
CHEMBL41596,0,0.41010308,8960
CHEMBL18076,0,0.4099926,8961
CHEMBL28191,0,0.4099926,8962
CHEMBL42114,0,0.40996897,8963
CHEMBL4434766,0,0.40996897,8964
CHEMBL32827,0,0.40967482,8965
CHEMBL35015,0,0.40948394,8966
CHEMBL23227,0,0.40943423,8967
CHEMBL23846,0,0.40943423,8968
CHEMBL19230,0,0.40943345,8969
CHEMBL42778,0,0.40924627,8970
CHEMBL17414,0,0.40898946,8971
CHEMBL35601,0,0.40869766,8972
CHEMBL16750,0,0.40865657,8973
CHEMBL40585,0,0.40854114,8974
CHEMBL4436071,0,0.4085167,8975
CHEMBL24281,0,0.4085167,8976
CHEMBL11134,0,0.4085167,8977
CHEMBL11523,0,0.4085167,8978
CHEMBL38196,0,0.4085167,8979
CHEMBL7314,0,0.4085167,8980
CHEMBL16986,0,0.40846363,8981
CHEMBL40210,0,0.40846363,8982
CHEMBL408,0,0.40846363,8983
CHEMBL28605,0,0.40846363,8984
CHEMBL16572,0,0.40846363,8985
CHEMBL4543530,0,0.40846363,8986
CHEMBL37479,0,0.40846363,8987
CHEMBL14453,0,0.40846363,8988
CHEMBL38184,0,0.40846363,8989
CHEMBL42397,0,0.40843874,8990
CHEMBL21997,0,0.40843874,8991
CHEMBL36270,0,0.40827513,8992
CHEMBL20584,0,0.40783817,8993
CHEMBL36330,0,0.40755787,8994
CHEMBL31752,0,0.40755787,8995
CHEMBL19512,0,0.40751255,8996
CHEMBL34654,0,0.40746245,8997
CHEMBL34774,0,0.40746245,8998
CHEMBL9988,0,0.40746245,8999
CHEMBL22393,0,0.40746245,9000
CHEMBL25648,0,0.40746245,9001
CHEMBL18818,0,0.40746245,9002
CHEMBL3309368,0,0.40746245,9003
CHEMBL14403,0,0.40746245,9004
CHEMBL35797,0,0.40746245,9005
CHEMBL10607,0,0.40746245,9006
CHEMBL42178,0,0.40746245,9007
CHEMBL10785,0,0.40746245,9008
CHEMBL14483,0,0.40746245,9009
CHEMBL24160,0,0.40746245,9010
CHEMBL32151,0,0.40746245,9011
CHEMBL24066,0,0.40746245,9012
CHEMBL8132,0,0.40746245,9013
CHEMBL12965,0,0.40746245,9014
CHEMBL3310398,0,0.40746245,9015
CHEMBL4553612,0,0.40746245,9016
CHEMBL3309593,0,0.40746245,9017
CHEMBL29869,0,0.40746245,9018
CHEMBL8935,0,0.40746245,9019
CHEMBL37526,0,0.40746245,9020
CHEMBL3310896,0,0.40746245,9021
CHEMBL42976,0,0.40746245,9022
CHEMBL3310826,0,0.40746245,9023
CHEMBL7231,0,0.40746245,9024
CHEMBL3310987,0,0.40746245,9025
CHEMBL4434877,0,0.40746245,9026
CHEMBL9370,0,0.40746245,9027
CHEMBL20120,0,0.40746245,9028
CHEMBL26938,0,0.40746245,9029
CHEMBL36815,0,0.40746245,9030
CHEMBL16901,0,0.40746245,9031
CHEMBL41729,0,0.40746245,9032
CHEMBL26188,0,0.40746245,9033
CHEMBL34078,0,0.40746245,9034
CHEMBL25127,0,0.40746245,9035
CHEMBL3310635,0,0.40746245,9036
CHEMBL30731,0,0.40746245,9037
CHEMBL4559947,0,0.40746245,9038
CHEMBL35402,0,0.40746245,9039
CHEMBL41723,0,0.40746245,9040
CHEMBL33884,0,0.40746245,9041
CHEMBL12391,0,0.40746245,9042
CHEMBL20411,0,0.40746245,9043
CHEMBL24515,0,0.40746245,9044
CHEMBL19782,0,0.40734985,9045
CHEMBL4435158,0,0.40734985,9046
CHEMBL43422,0,0.40734985,9047
CHEMBL4435871,0,0.40734985,9048
CHEMBL33410,0,0.40734985,9049
CHEMBL34532,0,0.40734985,9050
CHEMBL41480,0,0.40734985,9051
CHEMBL41362,0,0.40734985,9052
CHEMBL3310062,0,0.40734985,9053
CHEMBL29332,0,0.40734985,9054
CHEMBL23320,0,0.40734985,9055
CHEMBL24203,0,0.40734985,9056
CHEMBL8816,0,0.40734985,9057
CHEMBL39443,0,0.40734985,9058
CHEMBL4436331,0,0.40734985,9059
CHEMBL40396,0,0.40734985,9060
CHEMBL11699,0,0.40734985,9061
CHEMBL4553559,0,0.40734985,9062
CHEMBL9640,0,0.40734985,9063
CHEMBL34469,0,0.40734985,9064
CHEMBL13178,0,0.40734985,9065
CHEMBL26899,0,0.40734985,9066
CHEMBL23487,0,0.40734985,9067
CHEMBL42684,0,0.40734985,9068
CHEMBL4543327,0,0.40734985,9069
CHEMBL29979,0,0.40734985,9070
CHEMBL26533,0,0.40734985,9071
CHEMBL35388,0,0.40734985,9072
CHEMBL3310110,0,0.40734985,9073
CHEMBL3310114,0,0.40734985,9074
CHEMBL4436507,0,0.40734985,9075
CHEMBL20059,0,0.40734985,9076
CHEMBL4435072,0,0.40734985,9077
CHEMBL36738,0,0.40734985,9078
CHEMBL3311160,0,0.40734985,9079
CHEMBL31876,0,0.40734985,9080
CHEMBL22968,0,0.40734985,9081
CHEMBL35220,0,0.40734985,9082
CHEMBL21982,0,0.40734985,9083
CHEMBL28190,0,0.40734985,9084
CHEMBL23046,0,0.4071926,9085
CHEMBL19701,0,0.4071926,9086
CHEMBL9950,0,0.407172,9087
CHEMBL32177,0,0.40715057,9088
CHEMBL23821,0,0.40706223,9089
CHEMBL34579,0,0.40700573,9090
CHEMBL154658,0,0.40694323,9091
CHEMBL40127,0,0.40694323,9092
CHEMBL16459,0,0.40694323,9093
CHEMBL6850,0,0.4066304,9094
CHEMBL1214854,0,0.40637827,9095
CHEMBL11732,0,0.406246,9096
CHEMBL24285,0,0.40586486,9097
CHEMBL38186,0,0.40585622,9098
CHEMBL30664,0,0.40585622,9099
CHEMBL1199236,0,0.40585622,9100
CHEMBL41510,0,0.40575272,9101
CHEMBL30301,0,0.4056499,9102
CHEMBL14276,0,0.4056307,9103
CHEMBL42416,0,0.4056011,9104
CHEMBL27732,0,0.40559953,9105
CHEMBL27741,0,0.4052784,9106
CHEMBL30722,0,0.4052784,9107
CHEMBL29054,0,0.4051605,9108
CHEMBL27772,0,0.4049941,9109
CHEMBL35084,0,0.4049941,9110
CHEMBL14924,0,0.4047838,9111
CHEMBL21114,0,0.40462884,9112
CHEMBL11144,0,0.40448308,9113
CHEMBL14452,0,0.404234,9114
CHEMBL14619,0,0.40421164,9115
CHEMBL20664,0,0.4041002,9116
CHEMBL28212,0,0.40404972,9117
CHEMBL21778,0,0.40404972,9118
CHEMBL21285,0,0.40404972,9119
CHEMBL25238,0,0.40404972,9120
CHEMBL41821,0,0.40384382,9121
CHEMBL4543399,0,0.403832,9122
CHEMBL4559932,0,0.40373456,9123
CHEMBL24523,0,0.40373456,9124
CHEMBL28948,0,0.40373456,9125
CHEMBL23461,0,0.40368816,9126
CHEMBL42278,0,0.40368816,9127
CHEMBL18109,0,0.40363666,9128
CHEMBL4553133,0,0.40363666,9129
CHEMBL27766,0,0.40362898,9130
CHEMBL30969,0,0.40361452,9131
CHEMBL4435835,0,0.40326348,9132
CHEMBL32199,0,0.40326348,9133
CHEMBL27961,0,0.40326348,9134
CHEMBL29595,0,0.40326348,9135
CHEMBL32939,0,0.40312803,9136
CHEMBL8572,0,0.40312803,9137
CHEMBL37244,0,0.40271538,9138
CHEMBL30209,0,0.40271538,9139
CHEMBL18927,0,0.40271538,9140
CHEMBL726,0,0.40271538,9141
CHEMBL41681,0,0.40271538,9142
CHEMBL4553545,0,0.40271538,9143
CHEMBL41231,0,0.40271538,9144
CHEMBL25981,0,0.40271538,9145
CHEMBL37634,0,0.4027055,9146
CHEMBL35014,0,0.40239206,9147
CHEMBL37005,0,0.40230364,9148
CHEMBL1163546,0,0.40227574,9149
CHEMBL9230,0,0.40221688,9150
CHEMBL20549,0,0.40221688,9151
CHEMBL35745,0,0.40221688,9152
CHEMBL9791,0,0.40221688,9153
CHEMBL11403,0,0.40221688,9154
CHEMBL34609,0,0.40221688,9155
CHEMBL8206,0,0.40221688,9156
CHEMBL31854,0,0.40221688,9157
CHEMBL25483,0,0.4022148,9158
CHEMBL43664,0,0.4022148,9159
CHEMBL30991,0,0.4022148,9160
CHEMBL36332,0,0.4022148,9161
CHEMBL32914,0,0.4022148,9162
CHEMBL4434781,0,0.4022148,9163
CHEMBL4434779,0,0.4022148,9164
CHEMBL15169,0,0.4022148,9165
CHEMBL4436522,0,0.4022148,9166
CHEMBL10549,0,0.4022148,9167
CHEMBL9698,0,0.4022148,9168
CHEMBL23611,0,0.4022148,9169
CHEMBL22660,0,0.4020988,9170
CHEMBL24306,0,0.40203226,9171
CHEMBL3309302,0,0.40195006,9172
CHEMBL10593,0,0.40191033,9173
CHEMBL1159835,0,0.40166625,9174
CHEMBL15534,0,0.40166625,9175
CHEMBL28844,0,0.40166625,9176
CHEMBL41749,0,0.40166625,9177
CHEMBL28174,0,0.40166625,9178
CHEMBL40782,0,0.40166625,9179
CHEMBL31200,0,0.40166625,9180
CHEMBL17094,0,0.40166625,9181
CHEMBL27987,0,0.40166625,9182
CHEMBL4436561,0,0.40166625,9183
CHEMBL21186,0,0.40166625,9184
CHEMBL24665,0,0.40166625,9185
CHEMBL27483,0,0.40166625,9186
CHEMBL14525,0,0.40166625,9187
CHEMBL7668,0,0.40166625,9188
CHEMBL33022,0,0.40166625,9189
CHEMBL36400,0,0.40166625,9190
CHEMBL103,0,0.40166625,9191
CHEMBL25890,0,0.4014986,9192
CHEMBL4436215,0,0.40137666,9193
CHEMBL35253,0,0.40137666,9194
CHEMBL8130,0,0.40137666,9195
CHEMBL36269,0,0.40137666,9196
CHEMBL16552,0,0.40137666,9197
CHEMBL41463,0,0.40137666,9198
CHEMBL29441,0,0.40137666,9199
CHEMBL21416,0,0.4011955,9200
CHEMBL28361,0,0.40111417,9201
CHEMBL28660,0,0.40079382,9202
CHEMBL37237,0,0.40075788,9203
CHEMBL25025,0,0.40075788,9204
CHEMBL3309923,0,0.40075788,9205
CHEMBL22962,0,0.40075788,9206
CHEMBL4435489,0,0.40075788,9207
CHEMBL19634,0,0.40075788,9208
CHEMBL30615,0,0.40075788,9209
CHEMBL9919,0,0.40075788,9210
CHEMBL4435859,0,0.40075788,9211
CHEMBL22625,0,0.40075788,9212
CHEMBL26868,0,0.40075788,9213
CHEMBL25346,0,0.40075788,9214
CHEMBL33649,0,0.40075788,9215
CHEMBL17020,0,0.40069127,9216
CHEMBL3311068,0,0.40063542,9217
CHEMBL10292,0,0.40063542,9218
CHEMBL16766,0,0.40063542,9219
CHEMBL3310029,0,0.40063542,9220
CHEMBL32825,0,0.40063542,9221
CHEMBL26900,0,0.40063542,9222
CHEMBL38343,0,0.40063542,9223
CHEMBL22611,0,0.40063542,9224
CHEMBL10000,0,0.40063542,9225
CHEMBL24077,0,0.3998189,9226
CHEMBL11207,0,0.399717,9227
CHEMBL16515,0,0.39971238,9228
CHEMBL3309579,0,0.39944148,9229
CHEMBL4543208,0,0.39944148,9230
CHEMBL22431,0,0.39944148,9231
CHEMBL7502,0,0.39944148,9232
CHEMBL263614,0,0.39936924,9233
CHEMBL1093316,0,0.39906895,9234
CHEMBL27355,0,0.39906895,9235
CHEMBL39325,0,0.39888185,9236
CHEMBL4559934,0,0.39888185,9237
CHEMBL3310194,0,0.39875638,9238
CHEMBL7554,0,0.39875638,9239
CHEMBL8849,0,0.398617,9240
CHEMBL19228,0,0.3985739,9241
CHEMBL17452,0,0.39857057,9242
CHEMBL4543518,0,0.39857057,9243
CHEMBL30817,0,0.3984915,9244
CHEMBL34596,0,0.39849085,9245
CHEMBL35310,0,0.3981997,9246
CHEMBL20544,0,0.3981997,9247
CHEMBL32398,0,0.3981997,9248
CHEMBL527864,0,0.3980179,9249
CHEMBL27149,0,0.3980179,9250
CHEMBL4436195,0,0.3980179,9251
CHEMBL3311023,0,0.39789316,9252
CHEMBL578346,0,0.39789099,9253
CHEMBL24737,0,0.39789099,9254
CHEMBL8732,0,0.3978311,9255
CHEMBL25546,0,0.3978311,9256
CHEMBL37360,0,0.3978311,9257
CHEMBL13755,0,0.3978311,9258
CHEMBL35370,0,0.3978311,9259
CHEMBL6812,0,0.3978311,9260
CHEMBL17688,0,0.3978311,9261
CHEMBL11632,0,0.39776668,9262
CHEMBL18569,0,0.39760023,9263
CHEMBL17147,0,0.3975848,9264
CHEMBL18167,0,0.39747003,9265
CHEMBL10074,0,0.39730105,9266
CHEMBL37241,0,0.39730105,9267
CHEMBL15098,0,0.39730105,9268
CHEMBL9398,0,0.39730105,9269
CHEMBL3310460,0,0.39730105,9270
CHEMBL16402,0,0.39730105,9271
CHEMBL39841,0,0.39730105,9272
CHEMBL4543474,0,0.39730105,9273
CHEMBL10995,0,0.39730105,9274
CHEMBL32402,0,0.39730105,9275
CHEMBL10209,0,0.39730105,9276
CHEMBL18349,0,0.39730105,9277
CHEMBL35142,0,0.39730105,9278
CHEMBL7330,0,0.39730105,9279
CHEMBL37748,0,0.39730105,9280
CHEMBL20801,0,0.39730105,9281
CHEMBL22601,0,0.39730105,9282
CHEMBL13760,0,0.39730105,9283
CHEMBL39948,0,0.39730105,9284
CHEMBL31157,0,0.39730105,9285
CHEMBL3310848,0,0.39730105,9286
CHEMBL6893,0,0.39730105,9287
CHEMBL29581,0,0.39730105,9288
CHEMBL29247,0,0.39730105,9289
CHEMBL6935,0,0.39730105,9290
CHEMBL7556,0,0.39730105,9291
CHEMBL4435005,0,0.39730105,9292
CHEMBL77,0,0.39730105,9293
CHEMBL3310980,0,0.39728427,9294
CHEMBL38835,0,0.39728427,9295
CHEMBL22881,0,0.3971984,9296
CHEMBL1163201,0,0.39707965,9297
CHEMBL592870,0,0.39698344,9298
CHEMBL19877,0,0.39698344,9299
CHEMBL23608,0,0.3968176,9300
CHEMBL9882,0,0.3968176,9301
CHEMBL25234,0,0.39673308,9302
CHEMBL11342,0,0.39673308,9303
CHEMBL11408,0,0.39673308,9304
CHEMBL24103,0,0.39673308,9305
CHEMBL33968,0,0.39673308,9306
CHEMBL4436078,0,0.39673308,9307
CHEMBL33180,0,0.39673308,9308
CHEMBL39597,0,0.39673308,9309
CHEMBL20290,0,0.39673308,9310
CHEMBL40949,0,0.39673308,9311
CHEMBL29909,0,0.39673308,9312
CHEMBL8167,0,0.39673308,9313
CHEMBL7271,0,0.39673308,9314
CHEMBL8886,0,0.39673308,9315
CHEMBL32752,0,0.39673308,9316
CHEMBL38132,0,0.39673308,9317
CHEMBL37715,0,0.39673308,9318
CHEMBL34587,0,0.39673308,9319
CHEMBL26206,0,0.39673308,9320
CHEMBL9249,0,0.39673308,9321
CHEMBL24591,0,0.39673308,9322
CHEMBL43817,0,0.39658266,9323
CHEMBL39859,0,0.39655223,9324
CHEMBL9600,0,0.39655223,9325
CHEMBL21650,0,0.39655223,9326
CHEMBL31182,0,0.3964496,9327
CHEMBL6948,0,0.3964496,9328
CHEMBL22441,0,0.3964496,9329
CHEMBL3309323,0,0.3964496,9330
CHEMBL14709,0,0.3964496,9331
CHEMBL24731,0,0.3964496,9332
CHEMBL38428,0,0.39627057,9333
CHEMBL14208,0,0.39627057,9334
CHEMBL36248,0,0.39627057,9335
CHEMBL13752,0,0.39627057,9336
CHEMBL13188,0,0.39627057,9337
CHEMBL38530,0,0.39620626,9338
CHEMBL27395,0,0.39600018,9339
CHEMBL4436346,0,0.39600018,9340
CHEMBL7531,0,0.39600018,9341
CHEMBL21433,0,0.3959166,9342
CHEMBL40463,0,0.39568114,9343
CHEMBL27431,0,0.39557433,9344
CHEMBL3310923,0,0.39557433,9345
CHEMBL14199,0,0.39540672,9346
CHEMBL4553647,0,0.39535782,9347
CHEMBL41369,0,0.39535782,9348
CHEMBL4436091,0,0.39523432,9349
CHEMBL39924,0,0.39523432,9350
CHEMBL8713,0,0.39523432,9351
CHEMBL27365,0,0.39523432,9352
CHEMBL547873,0,0.39523432,9353
CHEMBL9926,0,0.39523432,9354
CHEMBL3309737,0,0.39523432,9355
CHEMBL22891,0,0.3952134,9356
CHEMBL35251,0,0.39510533,9357
CHEMBL31304,0,0.39510533,9358
CHEMBL19951,0,0.39493564,9359
CHEMBL672,0,0.39474317,9360
CHEMBL21461,0,0.39474317,9361
CHEMBL38149,0,0.39474317,9362
CHEMBL21354,0,0.39474317,9363
CHEMBL4553673,0,0.39466763,9364
CHEMBL7407,0,0.39455467,9365
CHEMBL16649,0,0.39434895,9366
CHEMBL10671,0,0.3942119,9367
CHEMBL38671,0,0.3942119,9368
CHEMBL10454,0,0.3942119,9369
CHEMBL36664,0,0.3942119,9370
CHEMBL35537,0,0.39406714,9371
CHEMBL12780,0,0.39406714,9372
CHEMBL40264,0,0.393966,9373
CHEMBL17536,0,0.39395222,9374
CHEMBL25538,0,0.3938497,9375
CHEMBL19464,0,0.39352134,9376
CHEMBL3310901,0,0.39352134,9377
CHEMBL16216,0,0.39352134,9378
CHEMBL22017,0,0.39352134,9379
CHEMBL29087,0,0.39347753,9380
CHEMBL20561,0,0.39347753,9381
CHEMBL24426,0,0.39312294,9382
CHEMBL29405,0,0.39312294,9383
CHEMBL24692,0,0.39312294,9384
CHEMBL4553683,0,0.39312294,9385
CHEMBL34556,0,0.39312294,9386
CHEMBL24957,0,0.39310333,9387
CHEMBL24260,0,0.39299542,9388
CHEMBL4553563,0,0.39299542,9389
CHEMBL10746,0,0.39299542,9390
CHEMBL27894,0,0.39296857,9391
CHEMBL552967,0,0.39293605,9392
CHEMBL21965,0,0.3925763,9393
CHEMBL23719,0,0.39252993,9394
CHEMBL39214,0,0.39252993,9395
CHEMBL13232,0,0.39246297,9396
CHEMBL40582,0,0.39219415,9397
CHEMBL35382,0,0.3921613,9398
CHEMBL4435749,0,0.3918391,9399
CHEMBL43592,0,0.3918391,9400
CHEMBL36818,0,0.39142227,9401
CHEMBL22655,0,0.39142126,9402
CHEMBL4116122,0,0.39127254,9403
CHEMBL37042,0,0.39127254,9404
CHEMBL9470,0,0.3912173,9405
CHEMBL6312,0,0.39115208,9406
CHEMBL33255,0,0.39115208,9407
CHEMBL16771,0,0.39109933,9408
CHEMBL42721,0,0.39106315,9409
CHEMBL26271,0,0.39095873,9410
CHEMBL17017,0,0.39094418,9411
CHEMBL13927,0,0.39093602,9412
CHEMBL31057,0,0.39093602,9413
CHEMBL32011,0,0.39093602,9414
CHEMBL7829,0,0.39093602,9415
CHEMBL12364,0,0.39093602,9416
CHEMBL24118,0,0.39093602,9417
CHEMBL22276,0,0.39093602,9418
CHEMBL17098,0,0.39093602,9419
CHEMBL9280,0,0.39093602,9420
CHEMBL17003,0,0.39069787,9421
CHEMBL28703,0,0.39051527,9422
CHEMBL13258,0,0.39041972,9423
CHEMBL4543209,0,0.39037836,9424
CHEMBL10253,0,0.39037836,9425
CHEMBL34925,0,0.39037836,9426
CHEMBL3310972,0,0.39037836,9427
CHEMBL3309695,0,0.39037836,9428
CHEMBL3309261,0,0.39037836,9429
CHEMBL13085,0,0.39037836,9430
CHEMBL35879,0,0.39037836,9431
CHEMBL29375,0,0.39037836,9432
CHEMBL39656,0,0.39037836,9433
CHEMBL38166,0,0.39037836,9434
CHEMBL10806,0,0.3903403,9435
CHEMBL12997,0,0.3903208,9436
CHEMBL33987,0,0.39021137,9437
CHEMBL25295,0,0.3897984,9438
CHEMBL39646,0,0.3897984,9439
CHEMBL8503,0,0.3897984,9440
CHEMBL34172,0,0.3897608,9441
CHEMBL24502,0,0.38970757,9442
CHEMBL17896,0,0.38967374,9443
CHEMBL4543410,0,0.38967374,9444
CHEMBL17801,0,0.38955417,9445
CHEMBL41285,0,0.38955417,9446
CHEMBL3309794,0,0.38948485,9447
CHEMBL37410,0,0.38948485,9448
CHEMBL42104,0,0.38948485,9449
CHEMBL41188,0,0.38917378,9450
CHEMBL4435804,0,0.38917378,9451
CHEMBL36588,0,0.38917378,9452
CHEMBL15508,0,0.38917378,9453
CHEMBL42962,0,0.38917378,9454
CHEMBL14859,0,0.38899225,9455
CHEMBL9970,0,0.38899225,9456
CHEMBL8029,0,0.3889579,9457
CHEMBL15309,0,0.38883093,9458
CHEMBL19026,0,0.38877118,9459
CHEMBL24791,0,0.38832295,9460
CHEMBL3309422,0,0.38806874,9461
CHEMBL4436307,0,0.38793704,9462
CHEMBL12222,0,0.38784653,9463
CHEMBL22736,0,0.38782984,9464
CHEMBL17766,0,0.38775,9465
CHEMBL37508,0,0.38774619,9466
CHEMBL3311157,0,0.38774619,9467
CHEMBL24262,0,0.38774619,9468
CHEMBL1187398,0,0.38774619,9469
CHEMBL12503,0,0.3877114,9470
CHEMBL41234,0,0.38765064,9471
CHEMBL553153,0,0.3875873,9472
CHEMBL25179,0,0.38738537,9473
CHEMBL21602,0,0.38738537,9474
CHEMBL8615,0,0.38728026,9475
CHEMBL39855,0,0.38718504,9476
CHEMBL33353,0,0.38718504,9477
CHEMBL22754,0,0.38718504,9478
CHEMBL30897,0,0.38714492,9479
CHEMBL33430,0,0.3870752,9480
CHEMBL11011,0,0.38705438,9481
CHEMBL4543510,0,0.38678262,9482
CHEMBL12914,0,0.38678262,9483
CHEMBL7147,0,0.38678262,9484
CHEMBL34137,0,0.38678262,9485
CHEMBL32471,0,0.38678262,9486
CHEMBL27677,0,0.38677603,9487
CHEMBL32793,0,0.38663745,9488
CHEMBL37498,0,0.38660234,9489
CHEMBL41229,0,0.3865043,9490
CHEMBL4435339,0,0.3865043,9491
CHEMBL20113,0,0.3865043,9492
CHEMBL38999,0,0.3865043,9493
CHEMBL21707,0,0.3865043,9494
CHEMBL265564,0,0.3865043,9495
CHEMBL36662,0,0.3863659,9496
CHEMBL34800,0,0.3863099,9497
CHEMBL36317,0,0.3861495,9498
CHEMBL32303,0,0.3861495,9499
CHEMBL41239,0,0.3861495,9500
CHEMBL10536,0,0.38608116,9501
CHEMBL7748,0,0.38608116,9502
CHEMBL10872,0,0.38604435,9503
CHEMBL1086459,0,0.38599074,9504
CHEMBL42119,0,0.38599074,9505
CHEMBL26511,0,0.38599074,9506
CHEMBL7835,0,0.38594675,9507
CHEMBL23870,0,0.38593748,9508
CHEMBL25001,0,0.38593748,9509
CHEMBL42629,0,0.38583788,9510
CHEMBL20129,0,0.38583788,9511
CHEMBL11764,0,0.38583788,9512
CHEMBL6358,0,0.38578802,9513
CHEMBL14732,0,0.38555232,9514
CHEMBL13035,0,0.38552424,9515
CHEMBL18969,0,0.3850586,9516
CHEMBL3309495,0,0.3849119,9517
CHEMBL34897,0,0.3848683,9518
CHEMBL37164,0,0.38486445,9519
CHEMBL22479,0,0.38486445,9520
CHEMBL18001,0,0.38485858,9521
CHEMBL24027,0,0.38485858,9522
CHEMBL39356,0,0.38485858,9523
CHEMBL19196,0,0.38479033,9524
CHEMBL23051,0,0.38435423,9525
CHEMBL12783,0,0.38435423,9526
CHEMBL32595,0,0.3841749,9527
CHEMBL13830,0,0.38410363,9528
CHEMBL31566,0,0.38405204,9529
CHEMBL16850,0,0.38397598,9530
CHEMBL9554,0,0.3839051,9531
CHEMBL17078,0,0.38372627,9532
CHEMBL32925,0,0.38372627,9533
CHEMBL4435038,0,0.38372627,9534
CHEMBL4434863,0,0.38358647,9535
CHEMBL7735,0,0.38358647,9536
CHEMBL3309378,0,0.38356408,9537
CHEMBL3310530,0,0.38351163,9538
CHEMBL41284,0,0.38351163,9539
CHEMBL9504,0,0.38351163,9540
CHEMBL30291,0,0.38351163,9541
CHEMBL30706,0,0.38351163,9542
CHEMBL22843,0,0.38351163,9543
CHEMBL24850,0,0.38351163,9544
CHEMBL40671,0,0.38351163,9545
CHEMBL18711,0,0.38351163,9546
CHEMBL1077248,0,0.38351163,9547
CHEMBL40380,0,0.38351163,9548
CHEMBL19058,0,0.38351163,9549
CHEMBL30719,0,0.38351163,9550
CHEMBL24504,0,0.38351163,9551
CHEMBL26849,0,0.38351163,9552
CHEMBL26623,0,0.38351163,9553
CHEMBL1187750,0,0.38351163,9554
CHEMBL36494,0,0.38351163,9555
CHEMBL8789,0,0.38351163,9556
CHEMBL25901,0,0.38351163,9557
CHEMBL14182,0,0.38351163,9558
CHEMBL12967,0,0.38351163,9559
CHEMBL4435133,0,0.38351163,9560
CHEMBL38871,0,0.38351163,9561
CHEMBL3309872,0,0.38351163,9562
CHEMBL4543255,0,0.38351163,9563
CHEMBL7273,0,0.38351163,9564
CHEMBL14738,0,0.38351163,9565
CHEMBL34951,0,0.38351163,9566
CHEMBL20158,0,0.38351163,9567
CHEMBL9069,0,0.38351163,9568
CHEMBL4435347,0,0.38351163,9569
CHEMBL20827,0,0.38351163,9570
CHEMBL3347290,0,0.38351163,9571
CHEMBL31646,0,0.38351163,9572
CHEMBL10798,0,0.38351163,9573
CHEMBL13000,0,0.38351163,9574
CHEMBL41948,0,0.38351163,9575
CHEMBL20556,0,0.38351163,9576
CHEMBL20043,0,0.38351163,9577
CHEMBL20814,0,0.38351163,9578
CHEMBL4434819,0,0.38334876,9579
CHEMBL17040,0,0.3832615,9580
CHEMBL37525,0,0.3832615,9581
CHEMBL32179,0,0.3832615,9582
CHEMBL10928,0,0.3832615,9583
CHEMBL13788,0,0.38311654,9584
CHEMBL12989,0,0.38311654,9585
CHEMBL35029,0,0.38311654,9586
CHEMBL40391,0,0.38311654,9587
CHEMBL19154,0,0.38311654,9588
CHEMBL9509,0,0.38311654,9589
CHEMBL25272,0,0.38311654,9590
CHEMBL3310356,0,0.38311654,9591
CHEMBL3309558,0,0.38311654,9592
CHEMBL4543498,0,0.38311654,9593
CHEMBL13723,0,0.38311654,9594
CHEMBL37296,0,0.38311654,9595
CHEMBL4436527,0,0.38311654,9596
CHEMBL4434804,0,0.38311654,9597
CHEMBL18690,0,0.3830537,9598
CHEMBL1092134,0,0.38300866,9599
CHEMBL4436321,0,0.3829508,9600
CHEMBL4543333,0,0.3829508,9601
CHEMBL7441,0,0.3829508,9602
CHEMBL17558,0,0.3829508,9603
CHEMBL524910,0,0.3829508,9604
CHEMBL3310030,0,0.3829508,9605
CHEMBL32953,0,0.3829508,9606
CHEMBL36800,0,0.3829508,9607
CHEMBL39197,0,0.3829508,9608
CHEMBL7055,0,0.38291782,9609
CHEMBL9413,0,0.38284078,9610
CHEMBL10414,0,0.38284078,9611
CHEMBL20327,0,0.38284078,9612
CHEMBL3309619,0,0.38283825,9613
CHEMBL1088172,0,0.38279983,9614
CHEMBL21064,0,0.38279983,9615
CHEMBL4434674,0,0.38279983,9616
CHEMBL35341,0,0.38267374,9617
CHEMBL10086,0,0.38256547,9618
CHEMBL8177,0,0.3825564,9619
CHEMBL24745,0,0.3825564,9620
CHEMBL40388,0,0.38248304,9621
CHEMBL26319,0,0.38231447,9622
CHEMBL7371,0,0.38206533,9623
CHEMBL32137,0,0.38202003,9624
CHEMBL3309792,0,0.38176715,9625
CHEMBL3311449,0,0.38176715,9626
CHEMBL1086530,0,0.3817013,9627
CHEMBL7726,0,0.3816495,9628
CHEMBL9952,0,0.3816089,9629
CHEMBL9963,0,0.3816089,9630
CHEMBL6673,0,0.3816089,9631
CHEMBL13366,0,0.3816089,9632
CHEMBL21617,0,0.38139024,9633
CHEMBL28271,0,0.38139024,9634
CHEMBL19258,0,0.38139024,9635
CHEMBL608687,0,0.38139024,9636
CHEMBL39163,0,0.38139024,9637
CHEMBL21538,0,0.38139024,9638
CHEMBL26090,0,0.38139024,9639
CHEMBL37865,0,0.38139024,9640
CHEMBL27688,0,0.38139024,9641
CHEMBL3309617,0,0.38139024,9642
CHEMBL4553642,0,0.38139024,9643
CHEMBL21355,0,0.38139024,9644
CHEMBL1094708,0,0.38139024,9645
CHEMBL10067,0,0.38139024,9646
CHEMBL21518,0,0.3813173,9647
CHEMBL24050,0,0.38086653,9648
CHEMBL20879,0,0.38086653,9649
CHEMBL28234,0,0.38062292,9650
CHEMBL31372,0,0.3806003,9651
CHEMBL42958,0,0.38051194,9652
CHEMBL1209204,0,0.3804414,9653
CHEMBL41887,0,0.3804414,9654
CHEMBL9940,0,0.38032776,9655
CHEMBL31732,0,0.3802062,9656
CHEMBL25807,0,0.38004512,9657
CHEMBL19967,0,0.37990728,9658
CHEMBL11610,0,0.37984362,9659
CHEMBL1163428,0,0.37977025,9660
CHEMBL19456,0,0.3796357,9661
CHEMBL19763,0,0.37954274,9662
CHEMBL30543,0,0.37954274,9663
CHEMBL29287,0,0.37934047,9664
CHEMBL34305,0,0.37934047,9665
CHEMBL28459,0,0.37934047,9666
CHEMBL41469,0,0.37934047,9667
CHEMBL36454,0,0.37934047,9668
CHEMBL38741,0,0.3793284,9669
CHEMBL1163156,0,0.3792603,9670
CHEMBL31639,0,0.3792603,9671
CHEMBL9535,0,0.3791886,9672
CHEMBL4435790,0,0.37910852,9673
CHEMBL24604,0,0.37910852,9674
CHEMBL26657,0,0.37910852,9675
CHEMBL29424,0,0.37904927,9676
CHEMBL24083,0,0.37904927,9677
CHEMBL501136,0,0.37888068,9678
CHEMBL35830,0,0.37888068,9679
CHEMBL30100,0,0.37888068,9680
CHEMBL32720,0,0.37863103,9681
CHEMBL14234,0,0.37863103,9682
CHEMBL260970,0,0.37863103,9683
CHEMBL21333,0,0.37863103,9684
CHEMBL6250,0,0.37863103,9685
CHEMBL25345,0,0.37863103,9686
CHEMBL14544,0,0.37863103,9687
CHEMBL34356,0,0.37862545,9688
CHEMBL20474,0,0.37862545,9689
CHEMBL15302,0,0.37862545,9690
CHEMBL27681,0,0.37862545,9691
CHEMBL6225,0,0.37862545,9692
CHEMBL13866,0,0.37862545,9693
CHEMBL40201,0,0.37862545,9694
CHEMBL29035,0,0.37862545,9695
CHEMBL7802,0,0.37862545,9696
CHEMBL4543214,0,0.37862545,9697
CHEMBL39769,0,0.37862545,9698
CHEMBL28998,0,0.37862545,9699
CHEMBL13054,0,0.37862545,9700
CHEMBL39692,0,0.37862545,9701
CHEMBL28025,0,0.37862545,9702
CHEMBL28422,0,0.37862545,9703
CHEMBL3310041,0,0.37862545,9704
CHEMBL13977,0,0.37862545,9705
CHEMBL28771,0,0.37862545,9706
CHEMBL21193,0,0.37862545,9707
CHEMBL16635,0,0.37858272,9708
CHEMBL16602,0,0.37857366,9709
CHEMBL39301,0,0.37852862,9710
CHEMBL13324,0,0.37783962,9711
CHEMBL42329,0,0.37783962,9712
CHEMBL40483,0,0.3777948,9713
CHEMBL8944,0,0.3777948,9714
CHEMBL43782,0,0.37775958,9715
CHEMBL32555,0,0.37774143,9716
CHEMBL4543360,0,0.3776694,9717
CHEMBL9263,0,0.37748122,9718
CHEMBL39124,0,0.37710375,9719
CHEMBL23877,0,0.37710375,9720
CHEMBL14423,0,0.37710375,9721
CHEMBL31087,0,0.37710375,9722
CHEMBL22110,0,0.37710375,9723
CHEMBL28352,0,0.37710375,9724
CHEMBL12656,0,0.37710375,9725
CHEMBL38199,0,0.37710375,9726
CHEMBL6762,0,0.37710375,9727
CHEMBL41061,0,0.37710375,9728
CHEMBL558352,0,0.37710375,9729
CHEMBL1085658,0,0.37710375,9730
CHEMBL25954,0,0.37710375,9731
CHEMBL27271,0,0.37664092,9732
CHEMBL43682,0,0.37664092,9733
CHEMBL7611,0,0.3765598,9734
CHEMBL35012,0,0.37646517,9735
CHEMBL43659,0,0.37619486,9736
CHEMBL4435430,0,0.37619486,9737
CHEMBL3309322,0,0.37602198,9738
CHEMBL7775,0,0.37602198,9739
CHEMBL21974,0,0.37599257,9740
CHEMBL11718,0,0.37591663,9741
CHEMBL19203,0,0.37591663,9742
CHEMBL1078223,0,0.3758546,9743
CHEMBL20040,0,0.3758546,9744
CHEMBL10990,0,0.37571922,9745
CHEMBL20688,0,0.3757035,9746
CHEMBL23348,0,0.37540776,9747
CHEMBL29955,0,0.3751111,9748
CHEMBL39907,0,0.37507296,9749
CHEMBL29271,0,0.37507296,9750
CHEMBL15600,0,0.37507296,9751
CHEMBL40976,0,0.37507296,9752
CHEMBL31253,0,0.37507296,9753
CHEMBL36086,0,0.37507296,9754
CHEMBL31272,0,0.37507296,9755
CHEMBL8514,0,0.37485328,9756
CHEMBL32960,0,0.37479943,9757
CHEMBL20212,0,0.37479943,9758
CHEMBL24993,0,0.37479943,9759
CHEMBL4434999,0,0.37479943,9760
CHEMBL14707,0,0.37479943,9761
CHEMBL17758,0,0.37479943,9762
CHEMBL33756,0,0.37479943,9763
CHEMBL28398,0,0.37452838,9764
CHEMBL26377,0,0.37452638,9765
CHEMBL12645,0,0.37452346,9766
CHEMBL39536,0,0.37452346,9767
CHEMBL17001,0,0.37446722,9768
CHEMBL35608,0,0.37446722,9769
CHEMBL41490,0,0.37446722,9770
CHEMBL24132,0,0.37446722,9771
CHEMBL4434840,0,0.37446722,9772
CHEMBL11852,0,0.37446722,9773
CHEMBL41806,0,0.37446722,9774
CHEMBL13738,0,0.37446722,9775
CHEMBL9184,0,0.37446722,9776
CHEMBL19158,0,0.37435344,9777
CHEMBL14884,0,0.37425008,9778
CHEMBL23075,0,0.37425008,9779
CHEMBL13896,0,0.37425008,9780
CHEMBL37053,0,0.37425008,9781
CHEMBL17716,0,0.37425008,9782
CHEMBL36803,0,0.37425008,9783
CHEMBL4553717,0,0.37425008,9784
CHEMBL16687,0,0.37413296,9785
CHEMBL21077,0,0.3740039,9786
CHEMBL8283,0,0.3740039,9787
CHEMBL4435794,0,0.3740039,9788
CHEMBL3310231,0,0.37399584,9789
CHEMBL33423,0,0.37394965,9790
CHEMBL1076357,0,0.37387905,9791
CHEMBL27556,0,0.37387905,9792
CHEMBL36397,0,0.37387905,9793
CHEMBL1078741,0,0.37371764,9794
CHEMBL14095,0,0.37371764,9795
CHEMBL4435401,0,0.37360564,9796
CHEMBL27585,0,0.37356564,9797
CHEMBL38983,0,0.37342423,9798
CHEMBL34045,0,0.3733491,9799
CHEMBL23625,0,0.37331942,9800
CHEMBL39348,0,0.3732763,9801
CHEMBL16757,0,0.37283856,9802
CHEMBL36823,0,0.37252438,9803
CHEMBL25729,0,0.37245238,9804
CHEMBL1161839,0,0.37227553,9805
CHEMBL20720,0,0.37225544,9806
CHEMBL28454,0,0.37223622,9807
CHEMBL8068,0,0.37209937,9808
CHEMBL3310444,0,0.37207586,9809
CHEMBL38465,0,0.37207586,9810
CHEMBL18215,0,0.371858,9811
CHEMBL18720,0,0.371858,9812
CHEMBL26953,0,0.371858,9813
CHEMBL30671,0,0.371858,9814
CHEMBL3309578,0,0.371858,9815
CHEMBL40246,0,0.371858,9816
CHEMBL10703,0,0.371858,9817
CHEMBL3311304,0,0.371858,9818
CHEMBL19078,0,0.371858,9819
CHEMBL22820,0,0.371858,9820
CHEMBL18934,0,0.371858,9821
CHEMBL36619,0,0.371858,9822
CHEMBL3310438,0,0.371858,9823
CHEMBL29455,0,0.371858,9824
CHEMBL40165,0,0.371858,9825
CHEMBL17453,0,0.371858,9826
CHEMBL8278,0,0.371858,9827
CHEMBL6404,0,0.371858,9828
CHEMBL40964,0,0.3717265,9829
CHEMBL20289,0,0.3717265,9830
CHEMBL17023,0,0.37123507,9831
CHEMBL37100,0,0.37123507,9832
CHEMBL28244,0,0.37123507,9833
CHEMBL33331,0,0.37123507,9834
CHEMBL15983,0,0.37123507,9835
CHEMBL28897,0,0.37123507,9836
CHEMBL25990,0,0.37098712,9837
CHEMBL24976,0,0.3708918,9838
CHEMBL1094912,0,0.3706198,9839
CHEMBL4435209,0,0.37011123,9840
CHEMBL10682,0,0.36990243,9841
CHEMBL24412,0,0.36990243,9842
CHEMBL39799,0,0.3698735,9843
CHEMBL29929,0,0.3698735,9844
CHEMBL37641,0,0.36970454,9845
CHEMBL579869,0,0.3694316,9846
CHEMBL1076814,0,0.36929786,9847
CHEMBL499520,0,0.36929786,9848
CHEMBL10820,0,0.36929786,9849
CHEMBL3309268,0,0.36929786,9850
CHEMBL24880,0,0.36929786,9851
CHEMBL26298,0,0.36898035,9852
CHEMBL26863,0,0.3689337,9853
CHEMBL38869,0,0.36886966,9854
CHEMBL31369,0,0.36886966,9855
CHEMBL24333,0,0.36886966,9856
CHEMBL15002,0,0.36886966,9857
CHEMBL4435800,0,0.36886966,9858
CHEMBL8697,0,0.36886966,9859
CHEMBL39366,0,0.36886966,9860
CHEMBL43503,0,0.36886966,9861
CHEMBL28934,0,0.36886966,9862
CHEMBL29636,0,0.36886966,9863
CHEMBL29525,0,0.36886966,9864
CHEMBL14548,0,0.36882684,9865
CHEMBL26231,0,0.36879617,9866
CHEMBL27524,0,0.36869842,9867
CHEMBL35337,0,0.36869842,9868
CHEMBL29256,0,0.36869842,9869
CHEMBL37944,0,0.36869842,9870
CHEMBL33038,0,0.36869842,9871
CHEMBL27525,0,0.36869842,9872
CHEMBL4436051,0,0.36869842,9873
CHEMBL1202021,0,0.36869842,9874
CHEMBL21424,0,0.36869842,9875
CHEMBL7520,0,0.36869842,9876
CHEMBL4435730,0,0.36869842,9877
CHEMBL14630,0,0.36869842,9878
CHEMBL33434,0,0.36869842,9879
CHEMBL18973,0,0.36869842,9880
CHEMBL30355,0,0.36869842,9881
CHEMBL10051,0,0.36869842,9882
CHEMBL41236,0,0.36869842,9883
CHEMBL3311078,0,0.36869842,9884
CHEMBL1076555,0,0.36869842,9885
CHEMBL41892,0,0.36869842,9886
CHEMBL3310403,0,0.36869842,9887
CHEMBL1162300,0,0.36869842,9888
CHEMBL22866,0,0.36869842,9889
CHEMBL32442,0,0.36869842,9890
CHEMBL28045,0,0.36869842,9891
CHEMBL4435237,0,0.36869842,9892
CHEMBL37922,0,0.36869842,9893
CHEMBL15831,0,0.36869842,9894
CHEMBL4434815,0,0.36869842,9895
CHEMBL36050,0,0.36869842,9896
CHEMBL31436,0,0.36869842,9897
CHEMBL34188,0,0.36869842,9898
CHEMBL37763,0,0.36869842,9899
CHEMBL40572,0,0.36869842,9900
CHEMBL15558,0,0.36869842,9901
CHEMBL17399,0,0.36869842,9902
CHEMBL35582,0,0.36869842,9903
CHEMBL33570,0,0.36869842,9904
CHEMBL10559,0,0.36869842,9905
CHEMBL10576,0,0.36869842,9906
CHEMBL20800,0,0.36869842,9907
CHEMBL16291,0,0.36869842,9908
CHEMBL34841,0,0.36869842,9909
CHEMBL29697,0,0.36869842,9910
CHEMBL14323,0,0.36869842,9911
CHEMBL35508,0,0.36869842,9912
CHEMBL15817,0,0.36869842,9913
CHEMBL3309432,0,0.36869842,9914
CHEMBL3311357,0,0.36869842,9915
CHEMBL3309430,0,0.36869842,9916
CHEMBL40087,0,0.36869842,9917
CHEMBL32499,0,0.36869842,9918
CHEMBL40058,0,0.36869842,9919
CHEMBL18448,0,0.36869842,9920
CHEMBL37759,0,0.36869842,9921
CHEMBL33239,0,0.36869842,9922
CHEMBL26078,0,0.36869842,9923
CHEMBL19373,0,0.36869842,9924
CHEMBL12454,0,0.36869842,9925
CHEMBL4434857,0,0.36869842,9926
CHEMBL39510,0,0.36869842,9927
CHEMBL563301,0,0.36869842,9928
CHEMBL36217,0,0.36869842,9929
CHEMBL12501,0,0.36869842,9930
CHEMBL28864,0,0.36869842,9931
CHEMBL42968,0,0.36869842,9932
CHEMBL21771,0,0.36869842,9933
CHEMBL553689,0,0.36869842,9934
CHEMBL37725,0,0.36869842,9935
CHEMBL37703,0,0.36869842,9936
CHEMBL1093605,0,0.36869842,9937
CHEMBL3311246,0,0.36869842,9938
CHEMBL36326,0,0.36869842,9939
CHEMBL30678,0,0.36869842,9940
CHEMBL28973,0,0.36869842,9941
CHEMBL31668,0,0.36869842,9942
CHEMBL34288,0,0.36869842,9943
CHEMBL3310962,0,0.36869842,9944
CHEMBL40702,0,0.36869842,9945
CHEMBL30531,0,0.36869842,9946
CHEMBL3309871,0,0.36869842,9947
CHEMBL34104,0,0.36869842,9948
CHEMBL17548,0,0.36869842,9949
CHEMBL22903,0,0.36869842,9950
CHEMBL31810,0,0.36869842,9951
CHEMBL31695,0,0.36869842,9952
CHEMBL31683,0,0.36869842,9953
CHEMBL11751,0,0.36869842,9954
CHEMBL3310819,0,0.36869842,9955
CHEMBL30090,0,0.36869842,9956
CHEMBL21099,0,0.36869842,9957
CHEMBL6824,0,0.36869842,9958
CHEMBL30870,0,0.36868602,9959
CHEMBL4435697,0,0.36861983,9960
CHEMBL9719,0,0.36853537,9961
CHEMBL34547,0,0.36853537,9962
CHEMBL24112,0,0.36853537,9963
CHEMBL34703,0,0.36852944,9964
CHEMBL8467,0,0.36852944,9965
CHEMBL10494,0,0.36852944,9966
CHEMBL27301,0,0.36852944,9967
CHEMBL4435405,0,0.3684386,9968
CHEMBL22122,0,0.36834782,9969
CHEMBL17162,0,0.36817306,9970
CHEMBL18895,0,0.3679709,9971
CHEMBL34659,0,0.3679709,9972
CHEMBL15294,0,0.3679709,9973
CHEMBL30704,0,0.3679709,9974
CHEMBL19944,0,0.3678772,9975
CHEMBL23273,0,0.36787254,9976
CHEMBL36703,0,0.36787254,9977
CHEMBL41485,0,0.36787254,9978
CHEMBL26096,0,0.3678213,9979
CHEMBL13196,0,0.36774468,9980
CHEMBL39538,0,0.36774468,9981
CHEMBL3311158,0,0.36773837,9982
CHEMBL30823,0,0.36773837,9983
CHEMBL3310249,0,0.36758253,9984
CHEMBL4434828,0,0.3671943,9985
CHEMBL7534,0,0.3671943,9986
CHEMBL32228,0,0.36719197,9987
CHEMBL37699,0,0.3671086,9988
CHEMBL32577,0,0.36706337,9989
CHEMBL7836,0,0.36689088,9990
CHEMBL25447,0,0.36689088,9991
CHEMBL4434866,0,0.3667978,9992
CHEMBL22204,0,0.366773,9993
CHEMBL4436144,0,0.366773,9994
CHEMBL22819,0,0.3667632,9995
CHEMBL12151,0,0.3667632,9996
CHEMBL41537,0,0.3667632,9997
CHEMBL25474,0,0.3667632,9998
CHEMBL38595,0,0.3667632,9999
CHEMBL6792,0,0.3667632,10000
CHEMBL30949,0,0.3667632,10001
CHEMBL19856,0,0.3667632,10002
CHEMBL28068,0,0.36668912,10003
CHEMBL16083,0,0.36668912,10004
CHEMBL4435998,0,0.36664262,10005
CHEMBL19677,0,0.3666119,10006
CHEMBL10417,0,0.3666119,10007
CHEMBL20222,0,0.36647034,10008
CHEMBL41849,0,0.36647034,10009
CHEMBL39928,0,0.36644685,10010
CHEMBL25785,0,0.36644685,10011
CHEMBL18270,0,0.36644685,10012
CHEMBL17656,0,0.36644685,10013
CHEMBL41487,0,0.36644685,10014
CHEMBL38488,0,0.36628988,10015
CHEMBL10485,0,0.366261,10016
CHEMBL4435384,0,0.36603805,10017
CHEMBL41459,0,0.36603805,10018
CHEMBL4436448,0,0.36603805,10019
CHEMBL27852,0,0.36602092,10020
CHEMBL22615,0,0.3653754,10021
CHEMBL12933,0,0.365277,10022
CHEMBL17218,0,0.36510634,10023
CHEMBL39848,0,0.36494312,10024
CHEMBL43765,0,0.3647745,10025
CHEMBL29934,0,0.3647745,10026
CHEMBL6946,0,0.36467588,10027
CHEMBL104,0,0.36467588,10028
CHEMBL19062,0,0.36462182,10029
CHEMBL19144,0,0.36462182,10030
CHEMBL20848,0,0.36462182,10031
CHEMBL6248,0,0.36462182,10032
CHEMBL36903,0,0.36462182,10033
CHEMBL9142,0,0.36456865,10034
CHEMBL31498,0,0.36455244,10035
CHEMBL30180,0,0.36455244,10036
CHEMBL14927,0,0.36455244,10037
CHEMBL29807,0,0.36455244,10038
CHEMBL38039,0,0.36455244,10039
CHEMBL26174,0,0.3643345,10040
CHEMBL11026,0,0.36431336,10041
CHEMBL39253,0,0.36429894,10042
CHEMBL36427,0,0.36428323,10043
CHEMBL16585,0,0.36428323,10044
CHEMBL4559944,0,0.36428323,10045
CHEMBL16818,0,0.36428323,10046
CHEMBL18584,0,0.36428323,10047
CHEMBL10863,0,0.36428323,10048
CHEMBL19477,0,0.36428323,10049
CHEMBL16056,0,0.36428323,10050
CHEMBL30173,0,0.36428323,10051
CHEMBL4553649,0,0.36428323,10052
CHEMBL15391,0,0.36421403,10053
CHEMBL40180,0,0.36421403,10054
CHEMBL42935,0,0.36421403,10055
CHEMBL9281,0,0.36421403,10056
CHEMBL36688,0,0.36406174,10057
CHEMBL27109,0,0.36406174,10058
CHEMBL4543371,0,0.36406174,10059
CHEMBL14400,0,0.36406174,10060
CHEMBL31861,0,0.364059,10061
CHEMBL41646,0,0.3640124,10062
CHEMBL38898,0,0.3635924,10063
CHEMBL27445,0,0.36340836,10064
CHEMBL12553,0,0.36340836,10065
CHEMBL35438,0,0.36333993,10066
CHEMBL23803,0,0.36333993,10067
CHEMBL15197,0,0.36333993,10068
CHEMBL39515,0,0.36333993,10069
CHEMBL7828,0,0.36333993,10070
CHEMBL25964,0,0.36333993,10071
CHEMBL4116099,0,0.36333993,10072
CHEMBL28639,0,0.36333993,10073
CHEMBL20438,0,0.36322007,10074
CHEMBL21250,0,0.36322007,10075
CHEMBL20998,0,0.36322007,10076
CHEMBL18559,0,0.36320508,10077
CHEMBL33842,0,0.36318874,10078
CHEMBL10567,0,0.36318168,10079
CHEMBL13341,0,0.3630492,10080
CHEMBL40765,0,0.36275595,10081
CHEMBL15382,0,0.36275595,10082
CHEMBL22568,0,0.3624946,10083
CHEMBL563,0,0.3624946,10084
CHEMBL25258,0,0.36225504,10085
CHEMBL8373,0,0.3621568,10086
CHEMBL37656,0,0.3621568,10087
CHEMBL26170,0,0.3621568,10088
CHEMBL29602,0,0.3621568,10089
CHEMBL6364,0,0.3621568,10090
CHEMBL8740,0,0.3621568,10091
CHEMBL41942,0,0.3621568,10092
CHEMBL37276,0,0.36209023,10093
CHEMBL29007,0,0.36209023,10094
CHEMBL33983,0,0.36208472,10095
CHEMBL27156,0,0.36208472,10096
CHEMBL6308,0,0.36206946,10097
CHEMBL31891,0,0.36183882,10098
CHEMBL443,0,0.36183882,10099
CHEMBL43734,0,0.36183882,10100
CHEMBL815,0,0.36183882,10101
CHEMBL14835,0,0.36183882,10102
CHEMBL37514,0,0.36183882,10103
CHEMBL29358,0,0.36183882,10104
CHEMBL12777,0,0.3616059,10105
CHEMBL741,0,0.36158797,10106
CHEMBL10264,0,0.36158797,10107
CHEMBL24429,0,0.36120787,10108
CHEMBL38748,0,0.3611973,10109
CHEMBL20074,0,0.3611973,10110
CHEMBL24239,0,0.36112553,10111
CHEMBL39252,0,0.36106703,10112
CHEMBL32875,0,0.3609053,10113
CHEMBL11738,0,0.3608946,10114
CHEMBL7747,0,0.36073592,10115
CHEMBL12899,0,0.36073592,10116
CHEMBL3309472,0,0.36053035,10117
CHEMBL4435015,0,0.36053035,10118
CHEMBL34994,0,0.3604703,10119
CHEMBL4553659,0,0.36035,10120
CHEMBL32004,0,0.36035,10121
CHEMBL12025,0,0.36035,10122
CHEMBL8989,0,0.36024848,10123
CHEMBL4436345,0,0.36024442,10124
CHEMBL25313,0,0.36024442,10125
CHEMBL16137,0,0.36018008,10126
CHEMBL41199,0,0.36018008,10127
CHEMBL8735,0,0.36018008,10128
CHEMBL43754,0,0.36018008,10129
CHEMBL22154,0,0.36018008,10130
CHEMBL7650,0,0.36018008,10131
CHEMBL2147660,0,0.36018008,10132
CHEMBL1213767,0,0.36018008,10133
CHEMBL29074,0,0.36018008,10134
CHEMBL10535,0,0.36018008,10135
CHEMBL540902,0,0.36018008,10136
CHEMBL32403,0,0.36018008,10137
CHEMBL7678,0,0.36018008,10138
CHEMBL38705,0,0.36018008,10139
CHEMBL10406,0,0.36018008,10140
CHEMBL4434651,0,0.36018008,10141
CHEMBL39456,0,0.36018008,10142
CHEMBL7713,0,0.36018008,10143
CHEMBL8664,0,0.36018008,10144
CHEMBL36212,0,0.36018008,10145
CHEMBL31336,0,0.36018008,10146
CHEMBL35351,0,0.36018008,10147
CHEMBL9428,0,0.36018008,10148
CHEMBL33897,0,0.36018008,10149
CHEMBL9859,0,0.36018008,10150
CHEMBL21262,0,0.36018008,10151
CHEMBL41864,0,0.36018008,10152
CHEMBL32636,0,0.36018008,10153
CHEMBL9430,0,0.36018008,10154
CHEMBL41555,0,0.36018008,10155
CHEMBL25488,0,0.36018008,10156
CHEMBL20268,0,0.36018008,10157
CHEMBL21295,0,0.36018008,10158
CHEMBL18698,0,0.36018008,10159
CHEMBL18745,0,0.36018008,10160
CHEMBL37347,0,0.36018008,10161
CHEMBL33098,0,0.36018008,10162
CHEMBL41301,0,0.36018008,10163
CHEMBL22306,0,0.36018008,10164
CHEMBL17234,0,0.35976583,10165
CHEMBL642,0,0.35949475,10166
CHEMBL24347,0,0.35939986,10167
CHEMBL17447,0,0.3592656,10168
CHEMBL40511,0,0.3592656,10169
CHEMBL1163228,0,0.35904634,10170
CHEMBL13354,0,0.3589063,10171
CHEMBL9505,0,0.3589063,10172
CHEMBL4435341,0,0.3589063,10173
CHEMBL24595,0,0.3589063,10174
CHEMBL7296,0,0.3589063,10175
CHEMBL17502,0,0.3589063,10176
CHEMBL498905,0,0.3589063,10177
CHEMBL21882,0,0.3589063,10178
CHEMBL13611,0,0.3589063,10179
CHEMBL15171,0,0.35875127,10180
CHEMBL9338,0,0.3587203,10181
CHEMBL19738,0,0.35861745,10182
CHEMBL16722,0,0.35861745,10183
CHEMBL39918,0,0.35861745,10184
CHEMBL14092,0,0.35859773,10185
CHEMBL41304,0,0.35859773,10186
CHEMBL14320,0,0.35859773,10187
CHEMBL12030,0,0.35849488,10188
CHEMBL16151,0,0.35834432,10189
CHEMBL39106,0,0.3582913,10190
CHEMBL6570,0,0.35819888,10191
CHEMBL4553556,0,0.35819888,10192
CHEMBL19703,0,0.35819888,10193
CHEMBL14951,0,0.35810292,10194
CHEMBL10672,0,0.35806912,10195
CHEMBL26048,0,0.35803437,10196
CHEMBL25129,0,0.35777307,10197
CHEMBL31363,0,0.35777307,10198
CHEMBL22623,0,0.35777307,10199
CHEMBL35808,0,0.35777307,10200
CHEMBL10837,0,0.35777307,10201
CHEMBL28511,0,0.35748297,10202
CHEMBL37996,0,0.3573944,10203
CHEMBL31032,0,0.35714093,10204
CHEMBL28296,0,0.35714093,10205
CHEMBL4553555,0,0.35675845,10206
CHEMBL1086063,0,0.35675845,10207
CHEMBL37551,0,0.35675845,10208
CHEMBL4553634,0,0.35673907,10209
CHEMBL13030,0,0.3565945,10210
CHEMBL4553714,0,0.3565945,10211
CHEMBL17707,0,0.3565945,10212
CHEMBL8093,0,0.3565945,10213
CHEMBL501256,0,0.3565945,10214
CHEMBL38894,0,0.3565945,10215
CHEMBL14113,0,0.35640106,10216
CHEMBL3085797,0,0.35628024,10217
CHEMBL30241,0,0.3562802,10218
CHEMBL36061,0,0.3562802,10219
CHEMBL29354,0,0.3562802,10220
CHEMBL29114,0,0.3562802,10221
CHEMBL38088,0,0.3562802,10222
CHEMBL12832,0,0.35587728,10223
CHEMBL15247,0,0.35585904,10224
CHEMBL14773,0,0.35580084,10225
CHEMBL15914,0,0.3557591,10226
CHEMBL41651,0,0.35571098,10227
CHEMBL3310246,0,0.35559642,10228
CHEMBL30096,0,0.35559642,10229
CHEMBL25500,0,0.35559642,10230
CHEMBL15922,0,0.35559642,10231
CHEMBL28716,0,0.35559642,10232
CHEMBL17478,0,0.35559642,10233
CHEMBL3310497,0,0.35559642,10234
CHEMBL11093,0,0.35559642,10235
CHEMBL38120,0,0.35559642,10236
CHEMBL22159,0,0.35542715,10237
CHEMBL37909,0,0.35542715,10238
CHEMBL19259,0,0.35542715,10239
CHEMBL16248,0,0.3552592,10240
CHEMBL11406,0,0.3552592,10241
CHEMBL29190,0,0.35524416,10242
CHEMBL11185,0,0.35524416,10243
CHEMBL23089,0,0.35524416,10244
CHEMBL26153,0,0.35524416,10245
CHEMBL14878,0,0.35524416,10246
CHEMBL597,0,0.35524416,10247
CHEMBL25240,0,0.35524416,10248
CHEMBL32278,0,0.35524416,10249
CHEMBL40480,0,0.35524416,10250
CHEMBL23873,0,0.35524416,10251
CHEMBL16173,0,0.35524416,10252
CHEMBL23339,0,0.35524416,10253
CHEMBL4434838,0,0.35524416,10254
CHEMBL36020,0,0.35524416,10255
CHEMBL37735,0,0.35524416,10256
CHEMBL504374,0,0.35524416,10257
CHEMBL20414,0,0.35524166,10258
CHEMBL10405,0,0.35500196,10259
CHEMBL28458,0,0.35497966,10260
CHEMBL17013,0,0.35497966,10261
CHEMBL6632,0,0.35497966,10262
CHEMBL35730,0,0.35497966,10263
CHEMBL10188,0,0.35497966,10264
CHEMBL31950,0,0.3548192,10265
CHEMBL26259,0,0.3548192,10266
CHEMBL34820,0,0.3548192,10267
CHEMBL22780,0,0.3548192,10268
CHEMBL2326900,0,0.35431138,10269
CHEMBL43513,0,0.35411626,10270
CHEMBL32387,0,0.35396993,10271
CHEMBL25797,0,0.35333928,10272
CHEMBL12295,0,0.35333928,10273
CHEMBL28800,0,0.35333928,10274
CHEMBL29491,0,0.3532621,10275
CHEMBL10942,0,0.3532621,10276
CHEMBL515,0,0.3532621,10277
CHEMBL17185,0,0.3532621,10278
CHEMBL4435101,0,0.35318214,10279
CHEMBL21560,0,0.3531642,10280
CHEMBL22692,0,0.35296088,10281
CHEMBL14856,0,0.35278282,10282
CHEMBL17443,0,0.35278282,10283
CHEMBL41354,0,0.35278282,10284
CHEMBL30488,0,0.35278282,10285
CHEMBL11504,0,0.35278282,10286
CHEMBL10301,0,0.35278282,10287
CHEMBL10988,0,0.35278282,10288
CHEMBL15216,0,0.35278282,10289
CHEMBL32109,0,0.35278282,10290
CHEMBL12679,0,0.35278282,10291
CHEMBL25709,0,0.35278282,10292
CHEMBL10204,0,0.35278282,10293
CHEMBL30408,0,0.35278282,10294
CHEMBL154940,0,0.35278282,10295
CHEMBL12854,0,0.35278282,10296
CHEMBL37622,0,0.35278282,10297
CHEMBL36333,0,0.35278282,10298
CHEMBL27366,0,0.35278282,10299
CHEMBL29468,0,0.35278282,10300
CHEMBL30793,0,0.35278282,10301
CHEMBL10790,0,0.35278282,10302
CHEMBL4435171,0,0.35278282,10303
CHEMBL4435996,0,0.35278282,10304
CHEMBL4436534,0,0.35277885,10305
CHEMBL3310916,0,0.35265425,10306
CHEMBL38369,0,0.3526388,10307
CHEMBL4435306,0,0.3526388,10308
CHEMBL14980,0,0.3525846,10309
CHEMBL25040,0,0.3525846,10310
CHEMBL38080,0,0.35241604,10311
CHEMBL154714,0,0.35228306,10312
CHEMBL13891,0,0.35196006,10313
CHEMBL811,0,0.35193977,10314
CHEMBL9414,0,0.35189837,10315
CHEMBL30472,0,0.35189837,10316
CHEMBL16208,0,0.35189837,10317
CHEMBL34139,0,0.35189837,10318
CHEMBL19960,0,0.35189837,10319
CHEMBL3309324,0,0.35189837,10320
CHEMBL35277,0,0.35189837,10321
CHEMBL8350,0,0.35189837,10322
CHEMBL7825,0,0.35189837,10323
CHEMBL39513,0,0.35189837,10324
CHEMBL19247,0,0.35189837,10325
CHEMBL40023,0,0.35189837,10326
CHEMBL10546,0,0.35177806,10327
CHEMBL24627,0,0.3517416,10328
CHEMBL38326,0,0.3517416,10329
CHEMBL31288,0,0.35162464,10330
CHEMBL8033,0,0.35162464,10331
CHEMBL11051,0,0.3513235,10332
CHEMBL36033,0,0.3511667,10333
CHEMBL28227,0,0.35106042,10334
CHEMBL9968,0,0.35085824,10335
CHEMBL21608,0,0.3504827,10336
CHEMBL16016,0,0.35043132,10337
CHEMBL41396,0,0.35031033,10338
CHEMBL8954,0,0.35031033,10339
CHEMBL23003,0,0.3502214,10340
CHEMBL21773,0,0.3498908,10341
CHEMBL26843,0,0.34974256,10342
CHEMBL17949,0,0.34966433,10343
CHEMBL4434794,0,0.34966433,10344
CHEMBL23943,0,0.34938213,10345
CHEMBL21247,0,0.34929657,10346
CHEMBL32691,0,0.34916717,10347
CHEMBL16799,0,0.3490996,10348
CHEMBL31364,0,0.34882003,10349
CHEMBL23968,0,0.34882003,10350
CHEMBL12826,0,0.34882003,10351
CHEMBL36334,0,0.34882003,10352
CHEMBL26982,0,0.34882003,10353
CHEMBL6311,0,0.34882003,10354
CHEMBL39254,0,0.34882003,10355
CHEMBL3310248,0,0.34882003,10356
CHEMBL41183,0,0.34882003,10357
CHEMBL36567,0,0.34882003,10358
CHEMBL40974,0,0.34882003,10359
CHEMBL31677,0,0.34882003,10360
CHEMBL8682,0,0.34882003,10361
CHEMBL31844,0,0.34882003,10362
CHEMBL33352,0,0.34882003,10363
CHEMBL22315,0,0.34882003,10364
CHEMBL17059,0,0.34882003,10365
CHEMBL32683,0,0.34882003,10366
CHEMBL33018,0,0.34882003,10367
CHEMBL14551,0,0.34882003,10368
CHEMBL29393,0,0.34882003,10369
CHEMBL4435204,0,0.34881085,10370
CHEMBL4116140,0,0.34874913,10371
CHEMBL4436230,0,0.34874913,10372
CHEMBL4435734,0,0.3485799,10373
CHEMBL3309771,0,0.34856075,10374
CHEMBL39216,0,0.34856075,10375
CHEMBL12457,0,0.34856075,10376
CHEMBL24192,0,0.34856075,10377
CHEMBL16975,0,0.34856075,10378
CHEMBL26765,0,0.34856075,10379
CHEMBL4436008,0,0.34856075,10380
CHEMBL40131,0,0.34856075,10381
CHEMBL11750,0,0.34856075,10382
CHEMBL33885,0,0.34856075,10383
CHEMBL3310777,0,0.3484894,10384
CHEMBL21981,0,0.3484419,10385
CHEMBL11125,0,0.3484419,10386
CHEMBL3309365,0,0.3484419,10387
CHEMBL36493,0,0.3484419,10388
CHEMBL16755,0,0.3484419,10389
CHEMBL15576,0,0.3484419,10390
CHEMBL15381,0,0.3484419,10391
CHEMBL26748,0,0.3484419,10392
CHEMBL40737,0,0.3484419,10393
CHEMBL25380,0,0.3484419,10394
CHEMBL14860,0,0.3484419,10395
CHEMBL36034,0,0.3484419,10396
CHEMBL15654,0,0.3484419,10397
CHEMBL21206,0,0.3484419,10398
CHEMBL6876,0,0.3484419,10399
CHEMBL13397,0,0.3484419,10400
CHEMBL35671,0,0.3484419,10401
CHEMBL14948,0,0.3484419,10402
CHEMBL12984,0,0.3484419,10403
CHEMBL15402,0,0.3484419,10404
CHEMBL39557,0,0.3484419,10405
CHEMBL28012,0,0.3484419,10406
CHEMBL43600,0,0.3484419,10407
CHEMBL42719,0,0.3484419,10408
CHEMBL127,0,0.3484419,10409
CHEMBL38393,0,0.3484419,10410
CHEMBL42107,0,0.3484419,10411
CHEMBL28923,0,0.3484419,10412
CHEMBL15139,0,0.34844178,10413
CHEMBL4435810,0,0.34844178,10414
CHEMBL7165,0,0.34844178,10415
CHEMBL4436251,0,0.34844178,10416
CHEMBL30681,0,0.34844178,10417
CHEMBL28776,0,0.34844178,10418
CHEMBL21437,0,0.34832633,10419
CHEMBL2093826,0,0.34806126,10420
CHEMBL12347,0,0.34806126,10421
CHEMBL3310308,0,0.34806126,10422
CHEMBL9635,0,0.34806126,10423
CHEMBL14975,0,0.34806126,10424
CHEMBL25840,0,0.34806126,10425
CHEMBL33516,0,0.34806126,10426
CHEMBL21391,0,0.34797874,10427
CHEMBL3309774,0,0.34797874,10428
CHEMBL30697,0,0.34762585,10429
CHEMBL8038,0,0.3475761,10430
CHEMBL22196,0,0.34743446,10431
CHEMBL26544,0,0.3473714,10432
CHEMBL17173,0,0.3473714,10433
CHEMBL21502,0,0.3473714,10434
CHEMBL4559950,0,0.3473714,10435
CHEMBL23409,0,0.34731656,10436
CHEMBL23899,0,0.34731656,10437
CHEMBL39616,0,0.34731156,10438
CHEMBL4435398,0,0.3471943,10439
CHEMBL40684,0,0.3471943,10440
CHEMBL14583,0,0.34716472,10441
CHEMBL4435197,0,0.3471438,10442
CHEMBL22823,0,0.34686667,10443
CHEMBL35423,0,0.34686667,10444
CHEMBL34228,0,0.34686667,10445
CHEMBL6962,0,0.34686667,10446
CHEMBL37572,0,0.34686667,10447
CHEMBL20234,0,0.34686667,10448
CHEMBL12407,0,0.34686667,10449
CHEMBL26008,0,0.34680548,10450
CHEMBL37506,0,0.34653404,10451
CHEMBL12888,0,0.34648642,10452
CHEMBL3310072,0,0.34625828,10453
CHEMBL572743,0,0.34624743,10454
CHEMBL19657,0,0.34624743,10455
CHEMBL37973,0,0.34624743,10456
CHEMBL34570,0,0.34624743,10457
CHEMBL13379,0,0.34624743,10458
CHEMBL18771,0,0.34621924,10459
CHEMBL36260,0,0.34618294,10460
CHEMBL27175,0,0.34614718,10461
CHEMBL8046,0,0.3461237,10462
CHEMBL31108,0,0.34611472,10463
CHEMBL37565,0,0.34611472,10464
CHEMBL4435265,0,0.34611472,10465
CHEMBL21660,0,0.3460768,10466
CHEMBL39418,0,0.3459852,10467
CHEMBL4435692,0,0.34592706,10468
CHEMBL34649,0,0.34580722,10469
CHEMBL35153,0,0.34573025,10470
CHEMBL9388,0,0.34573025,10471
CHEMBL25811,0,0.34564427,10472
CHEMBL3310673,0,0.3456125,10473
CHEMBL18592,0,0.34559983,10474
CHEMBL33680,0,0.34539306,10475
CHEMBL35513,0,0.34539306,10476
CHEMBL7219,0,0.34539306,10477
CHEMBL30477,0,0.34539306,10478
CHEMBL16127,0,0.34539306,10479
CHEMBL13161,0,0.34539306,10480
CHEMBL4543182,0,0.34539306,10481
CHEMBL4436423,0,0.34539306,10482
CHEMBL43755,0,0.34539306,10483
CHEMBL4436156,0,0.34539306,10484
CHEMBL37582,0,0.34539306,10485
CHEMBL3309631,0,0.34539306,10486
CHEMBL8386,0,0.34539306,10487
CHEMBL35613,0,0.34539306,10488
CHEMBL22897,0,0.34539306,10489
CHEMBL8907,0,0.34539306,10490
CHEMBL11908,0,0.34539306,10491
CHEMBL26526,0,0.34539306,10492
CHEMBL13392,0,0.34539306,10493
CHEMBL32200,0,0.34539306,10494
CHEMBL19138,0,0.34539306,10495
CHEMBL6282,0,0.34539306,10496
CHEMBL7512,0,0.34539306,10497
CHEMBL13672,0,0.34539306,10498
CHEMBL15371,0,0.34539306,10499
CHEMBL10830,0,0.34539306,10500
CHEMBL501701,0,0.34539306,10501
CHEMBL22882,0,0.34539306,10502
CHEMBL28949,0,0.34539306,10503
CHEMBL23702,0,0.34539306,10504
CHEMBL35864,0,0.34539306,10505
CHEMBL39308,0,0.34514928,10506
CHEMBL22408,0,0.34514666,10507
CHEMBL4434853,0,0.34504825,10508
CHEMBL14487,0,0.344877,10509
CHEMBL23994,0,0.344877,10510
CHEMBL4435372,0,0.34481996,10511
CHEMBL38665,0,0.34473902,10512
CHEMBL18930,0,0.34451917,10513
CHEMBL17133,0,0.34444803,10514
CHEMBL4434869,0,0.34431654,10515
CHEMBL12353,0,0.34395352,10516
CHEMBL16320,0,0.34395352,10517
CHEMBL23155,0,0.34395352,10518
CHEMBL4543334,0,0.3439036,10519
CHEMBL9748,0,0.34384054,10520
CHEMBL3310152,0,0.34356183,10521
CHEMBL13170,0,0.34348875,10522
CHEMBL4435707,0,0.34323454,10523
CHEMBL18234,0,0.34315926,10524
CHEMBL41003,0,0.34315926,10525
CHEMBL41647,0,0.34315926,10526
CHEMBL3310228,0,0.34315926,10527
CHEMBL8811,0,0.34315926,10528
CHEMBL26155,0,0.34315926,10529
CHEMBL27785,0,0.34315926,10530
CHEMBL13615,0,0.34315926,10531
CHEMBL4115943,0,0.34315926,10532
CHEMBL24233,0,0.34313813,10533
CHEMBL39448,0,0.34297317,10534
CHEMBL30397,0,0.34269938,10535
CHEMBL3310599,0,0.34269938,10536
CHEMBL4559973,0,0.34269938,10537
CHEMBL4436432,0,0.34269938,10538
CHEMBL14006,0,0.34269938,10539
CHEMBL7415,0,0.34269938,10540
CHEMBL28962,0,0.34269938,10541
CHEMBL34186,0,0.34269938,10542
CHEMBL18822,0,0.34269938,10543
CHEMBL41468,0,0.34269938,10544
CHEMBL37310,0,0.34269938,10545
CHEMBL31593,0,0.34258154,10546
CHEMBL22363,0,0.34234595,10547
CHEMBL38479,0,0.34234595,10548
CHEMBL13340,0,0.34234595,10549
CHEMBL14519,0,0.34234595,10550
CHEMBL7012,0,0.34234595,10551
CHEMBL16439,0,0.34234595,10552
CHEMBL33555,0,0.3422141,10553
CHEMBL33268,0,0.3421333,10554
CHEMBL26209,0,0.3420873,10555
CHEMBL4435795,0,0.3420873,10556
CHEMBL6638,0,0.34208015,10557
CHEMBL13905,0,0.34206367,10558
CHEMBL25600,0,0.34206367,10559
CHEMBL12999,0,0.34206367,10560
CHEMBL26235,0,0.34206367,10561
CHEMBL40588,0,0.34206367,10562
CHEMBL4436310,0,0.34206367,10563
CHEMBL23876,0,0.34190798,10564
CHEMBL40342,0,0.34190798,10565
CHEMBL17429,0,0.34190798,10566
CHEMBL30943,0,0.34190798,10567
CHEMBL23874,0,0.34190798,10568
CHEMBL40122,0,0.34190798,10569
CHEMBL31138,0,0.34190798,10570
CHEMBL3310685,0,0.34190798,10571
CHEMBL6649,0,0.34190798,10572
CHEMBL25204,0,0.34190798,10573
CHEMBL33541,0,0.34190798,10574
CHEMBL33495,0,0.34190798,10575
CHEMBL10816,0,0.34190798,10576
CHEMBL29376,0,0.34190798,10577
CHEMBL3310815,0,0.34190798,10578
CHEMBL34669,0,0.34190798,10579
CHEMBL34683,0,0.34190798,10580
CHEMBL10297,0,0.34190798,10581
CHEMBL11169,0,0.34190798,10582
CHEMBL15648,0,0.34190798,10583
CHEMBL42244,0,0.34190798,10584
CHEMBL3310127,0,0.34190798,10585
CHEMBL14372,0,0.34190798,10586
CHEMBL19770,0,0.34190798,10587
CHEMBL28911,0,0.34190798,10588
CHEMBL37129,0,0.34190798,10589
CHEMBL20595,0,0.34190798,10590
CHEMBL26210,0,0.34190798,10591
CHEMBL15088,0,0.34190798,10592
CHEMBL3311396,0,0.34190798,10593
CHEMBL4435559,0,0.34190798,10594
CHEMBL19922,0,0.34190798,10595
CHEMBL19899,0,0.34190798,10596
CHEMBL35852,0,0.34190798,10597
CHEMBL41323,0,0.34190798,10598
CHEMBL26200,0,0.34190798,10599
CHEMBL37000,0,0.34190798,10600
CHEMBL38780,0,0.34190798,10601
CHEMBL38810,0,0.34190798,10602
CHEMBL7635,0,0.34190798,10603
CHEMBL32345,0,0.34190798,10604
CHEMBL15555,0,0.34190798,10605
CHEMBL38536,0,0.34190798,10606
CHEMBL18656,0,0.34190798,10607
CHEMBL30826,0,0.34190798,10608
CHEMBL24857,0,0.34190798,10609
CHEMBL36963,0,0.34190798,10610
CHEMBL20903,0,0.34190798,10611
CHEMBL36679,0,0.34190798,10612
CHEMBL36666,0,0.34190798,10613
CHEMBL9499,0,0.34190798,10614
CHEMBL27985,0,0.34190798,10615
CHEMBL3311363,0,0.34190798,10616
CHEMBL43577,0,0.34190798,10617
CHEMBL6261,0,0.34190798,10618
CHEMBL30367,0,0.34190798,10619
CHEMBL43570,0,0.34190798,10620
CHEMBL30411,0,0.34190798,10621
CHEMBL18786,0,0.34190798,10622
CHEMBL17361,0,0.34190798,10623
CHEMBL28886,0,0.34190798,10624
CHEMBL16494,0,0.34190798,10625
CHEMBL33804,0,0.34190798,10626
CHEMBL22466,0,0.34190798,10627
CHEMBL32566,0,0.34190798,10628
CHEMBL15008,0,0.34190798,10629
CHEMBL22887,0,0.34190798,10630
CHEMBL29379,0,0.34190798,10631
CHEMBL33497,0,0.34190798,10632
CHEMBL33717,0,0.34190798,10633
CHEMBL33718,0,0.34190798,10634
CHEMBL13886,0,0.34190798,10635
CHEMBL15733,0,0.34190798,10636
CHEMBL10360,0,0.34190798,10637
CHEMBL38694,0,0.34190798,10638
CHEMBL36961,0,0.34190798,10639
CHEMBL22818,0,0.34190798,10640
CHEMBL10977,0,0.34190798,10641
CHEMBL552528,0,0.34190798,10642
CHEMBL24742,0,0.34190798,10643
CHEMBL16584,0,0.34190798,10644
CHEMBL15251,0,0.34190798,10645
CHEMBL23631,0,0.34190798,10646
CHEMBL3310821,0,0.34190798,10647
CHEMBL13335,0,0.34190798,10648
CHEMBL10503,0,0.34190798,10649
CHEMBL17884,0,0.34190798,10650
CHEMBL7515,0,0.34190798,10651
CHEMBL20557,0,0.34190798,10652
CHEMBL7258,0,0.34190798,10653
CHEMBL12385,0,0.34190798,10654
CHEMBL7174,0,0.34190798,10655
CHEMBL24759,0,0.34190798,10656
CHEMBL14075,0,0.34190798,10657
CHEMBL17124,0,0.34190798,10658
CHEMBL36853,0,0.34190798,10659
CHEMBL31054,0,0.34190798,10660
CHEMBL31980,0,0.34190798,10661
CHEMBL28570,0,0.34190798,10662
CHEMBL501589,0,0.34190798,10663
CHEMBL26212,0,0.34190798,10664
CHEMBL32797,0,0.34190798,10665
CHEMBL22878,0,0.34190798,10666
CHEMBL38046,0,0.34190798,10667
CHEMBL4435868,0,0.34190798,10668
CHEMBL16599,0,0.34190798,10669
CHEMBL16346,0,0.34190798,10670
CHEMBL4435931,0,0.34190798,10671
CHEMBL35929,0,0.34190798,10672
CHEMBL41601,0,0.34190798,10673
CHEMBL13152,0,0.34190798,10674
CHEMBL27474,0,0.34190798,10675
CHEMBL27619,0,0.34190798,10676
CHEMBL4435934,0,0.34190798,10677
CHEMBL22560,0,0.34190798,10678
CHEMBL32758,0,0.34190798,10679
CHEMBL23148,0,0.34190798,10680
CHEMBL10487,0,0.34190798,10681
CHEMBL3309270,0,0.34190798,10682
CHEMBL11935,0,0.34190798,10683
CHEMBL10482,0,0.34190798,10684
CHEMBL27417,0,0.34190798,10685
CHEMBL4436066,0,0.34190798,10686
CHEMBL4436104,0,0.34190798,10687
CHEMBL23083,0,0.34190798,10688
CHEMBL9037,0,0.34190798,10689
CHEMBL3310400,0,0.34190798,10690
CHEMBL3310439,0,0.34190798,10691
CHEMBL17008,0,0.34190798,10692
CHEMBL15299,0,0.34190798,10693
CHEMBL25697,0,0.34190798,10694
CHEMBL37926,0,0.34190798,10695
CHEMBL37885,0,0.34190798,10696
CHEMBL34909,0,0.34190798,10697
CHEMBL25743,0,0.34190798,10698
CHEMBL43678,0,0.34190798,10699
CHEMBL34896,0,0.34190798,10700
CHEMBL28610,0,0.34190798,10701
CHEMBL43815,0,0.34190798,10702
CHEMBL18538,0,0.34190798,10703
CHEMBL35017,0,0.34190798,10704
CHEMBL7819,0,0.34190798,10705
CHEMBL42540,0,0.34190798,10706
CHEMBL36409,0,0.34190798,10707
CHEMBL34942,0,0.34190798,10708
CHEMBL11936,0,0.34190798,10709
CHEMBL35899,0,0.34190798,10710
CHEMBL13525,0,0.34190798,10711
CHEMBL32754,0,0.34190798,10712
CHEMBL17405,0,0.34190798,10713
CHEMBL37338,0,0.34190798,10714
CHEMBL3309861,0,0.34190798,10715
CHEMBL20510,0,0.34190798,10716
CHEMBL22224,0,0.34190798,10717
CHEMBL15856,0,0.34190798,10718
CHEMBL3309413,0,0.34190798,10719
CHEMBL10606,0,0.34190798,10720
CHEMBL24113,0,0.34190798,10721
CHEMBL18245,0,0.34190798,10722
CHEMBL20984,0,0.34190798,10723
CHEMBL37834,0,0.34190798,10724
CHEMBL23032,0,0.34190798,10725
CHEMBL3311178,0,0.34190798,10726
CHEMBL36403,0,0.34190798,10727
CHEMBL20204,0,0.34190798,10728
CHEMBL19305,0,0.34190798,10729
CHEMBL11882,0,0.34190798,10730
CHEMBL41249,0,0.34190798,10731
CHEMBL40793,0,0.34190798,10732
CHEMBL31096,0,0.34190798,10733
CHEMBL19175,0,0.34190798,10734
CHEMBL40512,0,0.34190798,10735
CHEMBL34883,0,0.34190798,10736
CHEMBL7127,0,0.34190798,10737
CHEMBL25463,0,0.34190798,10738
CHEMBL21228,0,0.34190798,10739
CHEMBL25507,0,0.34190798,10740
CHEMBL6316,0,0.34190798,10741
CHEMBL25562,0,0.34190798,10742
CHEMBL25561,0,0.34190798,10743
CHEMBL11080,0,0.34190798,10744
CHEMBL41347,0,0.34190798,10745
CHEMBL13185,0,0.34190798,10746
CHEMBL15529,0,0.34190798,10747
CHEMBL14810,0,0.34190798,10748
CHEMBL22995,0,0.34190798,10749
CHEMBL37645,0,0.34190798,10750
CHEMBL607213,0,0.34190798,10751
CHEMBL16653,0,0.34190798,10752
CHEMBL12610,0,0.34190798,10753
CHEMBL25135,0,0.34190798,10754
CHEMBL25141,0,0.34190798,10755
CHEMBL3310787,0,0.34190798,10756
CHEMBL10609,0,0.34190798,10757
CHEMBL33408,0,0.34190798,10758
CHEMBL3311063,0,0.34190798,10759
CHEMBL29741,0,0.34190798,10760
CHEMBL10726,0,0.34190798,10761
CHEMBL18267,0,0.34190798,10762
CHEMBL31734,0,0.34190798,10763
CHEMBL36014,0,0.34190798,10764
CHEMBL24551,0,0.34190798,10765
CHEMBL26874,0,0.34190798,10766
CHEMBL11776,0,0.34190798,10767
CHEMBL7375,0,0.34190798,10768
CHEMBL35049,0,0.34190798,10769
CHEMBL34063,0,0.34190798,10770
CHEMBL35165,0,0.34190798,10771
CHEMBL3310783,0,0.34190798,10772
CHEMBL6984,0,0.34190798,10773
CHEMBL25271,0,0.34190798,10774
CHEMBL11255,0,0.34190798,10775
CHEMBL25328,0,0.34190798,10776
CHEMBL14969,0,0.34184828,10777
CHEMBL10832,0,0.34147805,10778
CHEMBL43591,0,0.34125283,10779
CHEMBL4560005,0,0.34120095,10780
CHEMBL40819,0,0.34120095,10781
CHEMBL39921,0,0.34120095,10782
CHEMBL15315,0,0.34120095,10783
CHEMBL4116166,0,0.34120095,10784
CHEMBL14748,0,0.3411326,10785
CHEMBL3311401,0,0.3410822,10786
CHEMBL20865,0,0.3409673,10787
CHEMBL19879,0,0.34094533,10788
CHEMBL37651,0,0.34094533,10789
CHEMBL20032,0,0.34094533,10790
CHEMBL22710,0,0.34094533,10791
CHEMBL23179,0,0.34094533,10792
CHEMBL43692,0,0.34094533,10793
CHEMBL10305,0,0.34094533,10794
CHEMBL4436142,0,0.34078687,10795
CHEMBL30951,0,0.3405582,10796
CHEMBL30574,0,0.34053648,10797
CHEMBL29772,0,0.34030035,10798
CHEMBL11781,0,0.34030035,10799
CHEMBL16861,0,0.34030035,10800
CHEMBL25948,0,0.34027988,10801
CHEMBL22166,0,0.33991948,10802
CHEMBL7759,0,0.33991948,10803
CHEMBL38500,0,0.33991948,10804
CHEMBL9128,0,0.33991948,10805
CHEMBL35881,0,0.33991948,10806
CHEMBL9002,0,0.3398676,10807
CHEMBL11813,0,0.3398676,10808
CHEMBL29672,0,0.3398676,10809
CHEMBL35362,0,0.3398676,10810
CHEMBL571,0,0.3398676,10811
CHEMBL1084615,0,0.3398676,10812
CHEMBL36665,0,0.3398676,10813
CHEMBL4116103,0,0.3398676,10814
CHEMBL3309938,0,0.3394778,10815
CHEMBL24865,0,0.33926383,10816
CHEMBL40600,0,0.338989,10817
CHEMBL6352,0,0.33878842,10818
CHEMBL8341,0,0.3386057,10819
CHEMBL11912,0,0.33793667,10820
CHEMBL20257,0,0.33782488,10821
CHEMBL25689,0,0.3378129,10822
CHEMBL4435474,0,0.3378129,10823
CHEMBL36672,0,0.3378129,10824
CHEMBL16737,0,0.3378129,10825
CHEMBL12576,0,0.3375776,10826
CHEMBL16848,0,0.3375664,10827
CHEMBL8812,0,0.33753085,10828
CHEMBL10390,0,0.33738133,10829
CHEMBL13632,0,0.3372949,10830
CHEMBL32476,0,0.3371865,10831
CHEMBL43587,0,0.3371865,10832
CHEMBL31813,0,0.3371865,10833
CHEMBL25068,0,0.33694255,10834
CHEMBL16354,0,0.33686206,10835
CHEMBL6409,0,0.33682767,10836
CHEMBL4553630,0,0.33679906,10837
CHEMBL31112,0,0.33679906,10838
CHEMBL29183,0,0.33679906,10839
CHEMBL3310371,0,0.33670837,10840
CHEMBL40966,0,0.33670837,10841
CHEMBL24279,0,0.33670837,10842
CHEMBL4553620,0,0.33666694,10843
CHEMBL28906,0,0.33662358,10844
CHEMBL35564,0,0.33629724,10845
CHEMBL3309375,0,0.33591938,10846
CHEMBL40179,0,0.33584595,10847
CHEMBL29530,0,0.33560556,10848
CHEMBL13604,0,0.33528742,10849
CHEMBL22215,0,0.33528742,10850
CHEMBL262244,0,0.33528742,10851
CHEMBL9806,0,0.33528742,10852
CHEMBL4435016,0,0.33528742,10853
CHEMBL10355,0,0.33528742,10854
CHEMBL6905,0,0.33528742,10855
CHEMBL17500,0,0.33528742,10856
CHEMBL4543559,0,0.33528742,10857
CHEMBL21119,0,0.33522984,10858
CHEMBL19171,0,0.3350017,10859
CHEMBL40558,0,0.3349312,10860
CHEMBL29276,0,0.33478507,10861
CHEMBL40077,0,0.33478507,10862
CHEMBL29978,0,0.33458868,10863
CHEMBL41918,0,0.3345307,10864
CHEMBL38555,0,0.3345307,10865
CHEMBL33915,0,0.33448747,10866
CHEMBL4553624,0,0.3344836,10867
CHEMBL25664,0,0.33446756,10868
CHEMBL15699,0,0.33441415,10869
CHEMBL20621,0,0.33441415,10870
CHEMBL19839,0,0.33441415,10871
CHEMBL9679,0,0.33441415,10872
CHEMBL4560046,0,0.33439106,10873
CHEMBL28791,0,0.33414355,10874
CHEMBL4434930,0,0.33414355,10875
CHEMBL23948,0,0.33414355,10876
CHEMBL31551,0,0.33414355,10877
CHEMBL24307,0,0.33414355,10878
CHEMBL15362,0,0.33414355,10879
CHEMBL13536,0,0.33410776,10880
CHEMBL15853,0,0.33410776,10881
CHEMBL29544,0,0.33410776,10882
CHEMBL17458,0,0.33410776,10883
CHEMBL34979,0,0.3340573,10884
CHEMBL7129,0,0.3340015,10885
CHEMBL31560,0,0.3340015,10886
CHEMBL19262,0,0.33394343,10887
CHEMBL32525,0,0.3338429,10888
CHEMBL28507,0,0.33379745,10889
CHEMBL41831,0,0.3337547,10890
CHEMBL16082,0,0.3337547,10891
CHEMBL3310435,0,0.3337547,10892
CHEMBL1163511,0,0.3335615,10893
CHEMBL3311447,0,0.3335615,10894
CHEMBL16774,0,0.3335615,10895
CHEMBL36501,0,0.3335615,10896
CHEMBL4435666,0,0.3335615,10897
CHEMBL14961,0,0.33353585,10898
CHEMBL3310455,0,0.33353585,10899
CHEMBL24681,0,0.33342677,10900
CHEMBL6462,0,0.3333336,10901
CHEMBL25261,0,0.33325988,10902
CHEMBL28937,0,0.33323064,10903
CHEMBL23388,0,0.33308828,10904
CHEMBL16727,0,0.33291546,10905
CHEMBL22650,0,0.33291546,10906
CHEMBL13187,0,0.33291546,10907
CHEMBL32820,0,0.33291546,10908
CHEMBL4435913,0,0.33291546,10909
CHEMBL11239,0,0.33291546,10910
CHEMBL34266,0,0.33291546,10911
CHEMBL26915,0,0.33291546,10912
CHEMBL18736,0,0.33291546,10913
CHEMBL41538,0,0.33291546,10914
CHEMBL10182,0,0.33291546,10915
CHEMBL37261,0,0.33291546,10916
CHEMBL13416,0,0.33291546,10917
CHEMBL1209059,0,0.33291546,10918
CHEMBL42118,0,0.33291546,10919
CHEMBL40207,0,0.33291546,10920
CHEMBL42229,0,0.33291546,10921
CHEMBL12422,0,0.33291546,10922
CHEMBL583071,0,0.33291546,10923
CHEMBL32286,0,0.33291546,10924
CHEMBL3310131,0,0.33291546,10925
CHEMBL8780,0,0.33291546,10926
CHEMBL30492,0,0.33291546,10927
CHEMBL43832,0,0.33291546,10928
CHEMBL35992,0,0.33291546,10929
CHEMBL40815,0,0.33291546,10930
CHEMBL36594,0,0.33288878,10931
CHEMBL42084,0,0.33264196,10932
CHEMBL20053,0,0.33249578,10933
CHEMBL19851,0,0.3324443,10934
CHEMBL13154,0,0.33225316,10935
CHEMBL20467,0,0.33225316,10936
CHEMBL11900,0,0.33225316,10937
CHEMBL38444,0,0.33225316,10938
CHEMBL19486,0,0.33225316,10939
CHEMBL40003,0,0.33225316,10940
CHEMBL14701,0,0.33225316,10941
CHEMBL22516,0,0.33221996,10942
CHEMBL17175,0,0.33221996,10943
CHEMBL27562,0,0.33221996,10944
CHEMBL14827,0,0.33217132,10945
CHEMBL31563,0,0.33212823,10946
CHEMBL4435769,0,0.3317132,10947
CHEMBL4435452,0,0.3314767,10948
CHEMBL42153,0,0.33142495,10949
CHEMBL18032,0,0.331416,10950
CHEMBL37929,0,0.33106112,10951
CHEMBL34844,0,0.33097365,10952
CHEMBL4435164,0,0.33092037,10953
CHEMBL38324,0,0.33092034,10954
CHEMBL14644,0,0.3306754,10955
CHEMBL34986,0,0.33066836,10956
CHEMBL37327,0,0.33066836,10957
CHEMBL3309363,0,0.33066836,10958
CHEMBL1088978,0,0.33066836,10959
CHEMBL31310,0,0.33066836,10960
CHEMBL13321,0,0.33066836,10961
CHEMBL34599,0,0.33066836,10962
CHEMBL23900,0,0.33066836,10963
CHEMBL18192,0,0.33066836,10964
CHEMBL29399,0,0.33066836,10965
CHEMBL12403,0,0.33066836,10966
CHEMBL15399,0,0.33066836,10967
CHEMBL18611,0,0.3306359,10968
CHEMBL14812,0,0.3304612,10969
CHEMBL36272,0,0.3304612,10970
CHEMBL33136,0,0.3304612,10971
CHEMBL8476,0,0.3304612,10972
CHEMBL583284,0,0.3304612,10973
CHEMBL36006,0,0.3304612,10974
CHEMBL27937,0,0.3304612,10975
CHEMBL40681,0,0.3304612,10976
CHEMBL4435289,0,0.33043474,10977
CHEMBL39520,0,0.33043474,10978
CHEMBL501922,0,0.33040693,10979
CHEMBL487,0,0.33027983,10980
CHEMBL29641,0,0.33027983,10981
CHEMBL4435205,0,0.33027983,10982
CHEMBL19793,0,0.33027983,10983
CHEMBL35205,0,0.33022353,10984
CHEMBL23317,0,0.33022353,10985
CHEMBL19494,0,0.33022353,10986
CHEMBL19468,0,0.3301051,10987
CHEMBL31256,0,0.3301051,10988
CHEMBL4434707,0,0.3301051,10989
CHEMBL35462,0,0.3301051,10990
CHEMBL1163444,0,0.3301051,10991
CHEMBL4435631,0,0.3301051,10992
CHEMBL12202,0,0.3301051,10993
CHEMBL31076,0,0.3301051,10994
CHEMBL3309926,0,0.3300602,10995
CHEMBL39141,0,0.32994685,10996
CHEMBL4436349,0,0.3299071,10997
CHEMBL32497,0,0.32987642,10998
CHEMBL1163524,0,0.32986087,10999
CHEMBL36324,0,0.3297194,11000
CHEMBL10037,0,0.32962203,11001
CHEMBL30208,0,0.32959762,11002
CHEMBL4435359,0,0.32959762,11003
CHEMBL33201,0,0.32959762,11004
CHEMBL3310776,0,0.32959202,11005
CHEMBL21754,0,0.32959202,11006
CHEMBL23745,0,0.32959202,11007
CHEMBL25994,0,0.32959202,11008
CHEMBL36881,0,0.32959202,11009
CHEMBL3310298,0,0.32959202,11010
CHEMBL3310036,0,0.32959202,11011
CHEMBL529327,0,0.32959202,11012
CHEMBL1098309,0,0.32959202,11013
CHEMBL39202,0,0.32959202,11014
CHEMBL4553131,0,0.3291978,11015
CHEMBL13077,0,0.329089,11016
CHEMBL33661,0,0.32903546,11017
CHEMBL8581,0,0.32903546,11018
CHEMBL17961,0,0.32903546,11019
CHEMBL33272,0,0.32903546,11020
CHEMBL41261,0,0.32892102,11021
CHEMBL27063,0,0.32866302,11022
CHEMBL7600,0,0.32866302,11023
CHEMBL34922,0,0.3286466,11024
CHEMBL33027,0,0.32851794,11025
CHEMBL4435547,0,0.32851794,11026
CHEMBL15814,0,0.32851794,11027
CHEMBL15691,0,0.32851794,11028
CHEMBL4435279,0,0.32851794,11029
CHEMBL18674,0,0.32851794,11030
CHEMBL17163,0,0.32851794,11031
CHEMBL8879,0,0.3285053,11032
CHEMBL26538,0,0.3285053,11033
CHEMBL4559967,0,0.3285053,11034
CHEMBL42705,0,0.3285053,11035
CHEMBL25919,0,0.3285053,11036
CHEMBL17881,0,0.3285053,11037
CHEMBL23134,0,0.3285053,11038
CHEMBL23941,0,0.3285053,11039
CHEMBL4435346,0,0.3285053,11040
CHEMBL7630,0,0.3285053,11041
CHEMBL41502,0,0.3285053,11042
CHEMBL8987,0,0.3285053,11043
CHEMBL30515,0,0.3283986,11044
CHEMBL36635,0,0.32837802,11045
CHEMBL9030,0,0.32824394,11046
CHEMBL29786,0,0.32808602,11047
CHEMBL40573,0,0.32808602,11048
CHEMBL18297,0,0.32808602,11049
CHEMBL35803,0,0.32808602,11050
CHEMBL37942,0,0.32805127,11051
CHEMBL3309265,0,0.32805127,11052
CHEMBL35099,0,0.327885,11053
CHEMBL4543346,0,0.32788384,11054
CHEMBL38997,0,0.32788384,11055
CHEMBL30144,0,0.32788384,11056
CHEMBL4436057,0,0.32788384,11057
CHEMBL3310778,0,0.32788384,11058
CHEMBL28591,0,0.32786137,11059
CHEMBL11097,0,0.32786137,11060
CHEMBL20987,0,0.32786137,11061
CHEMBL19318,0,0.32786137,11062
CHEMBL36193,0,0.32786137,11063
CHEMBL16478,0,0.32786137,11064
CHEMBL38312,0,0.32786137,11065
CHEMBL16500,0,0.32786137,11066
CHEMBL11178,0,0.32786137,11067
CHEMBL13680,0,0.32786137,11068
CHEMBL35869,0,0.32786137,11069
CHEMBL10348,0,0.32786137,11070
CHEMBL4543304,0,0.32786137,11071
CHEMBL31856,0,0.32784685,11072
CHEMBL9320,0,0.32778034,11073
CHEMBL8108,0,0.32768494,11074
CHEMBL4553699,0,0.3276576,11075
CHEMBL3310372,0,0.32764152,11076
CHEMBL3309854,0,0.32764152,11077
CHEMBL4436404,0,0.32757223,11078
CHEMBL3310199,0,0.32744768,11079
CHEMBL29417,0,0.3274033,11080
CHEMBL4436412,0,0.3274033,11081
CHEMBL17947,0,0.3274033,11082
CHEMBL23353,0,0.3274033,11083
CHEMBL34465,0,0.3274033,11084
CHEMBL4436467,0,0.3274033,11085
CHEMBL25214,0,0.3274033,11086
CHEMBL37721,0,0.3274033,11087
CHEMBL4553599,0,0.3274033,11088
CHEMBL4435033,0,0.3274033,11089
CHEMBL711,0,0.327321,11090
CHEMBL29523,0,0.32726622,11091
CHEMBL13275,0,0.32719654,11092
CHEMBL39851,0,0.32719654,11093
CHEMBL17498,0,0.32715452,11094
CHEMBL15420,0,0.32710057,11095
CHEMBL9584,0,0.32709605,11096
CHEMBL19406,0,0.32709605,11097
CHEMBL9255,0,0.3269649,11098
CHEMBL19040,0,0.3269649,11099
CHEMBL16379,0,0.3269649,11100
CHEMBL583519,0,0.3269649,11101
CHEMBL34668,0,0.3269649,11102
CHEMBL4543223,0,0.3269649,11103
CHEMBL3309807,0,0.3269649,11104
CHEMBL35011,0,0.3269649,11105
CHEMBL18258,0,0.3269649,11106
CHEMBL31390,0,0.3269649,11107
CHEMBL17767,0,0.3269649,11108
CHEMBL13315,0,0.3269649,11109
CHEMBL3310577,0,0.32685208,11110
CHEMBL30692,0,0.3267377,11111
CHEMBL9604,0,0.3267377,11112
CHEMBL20951,0,0.3267377,11113
CHEMBL21859,0,0.3267377,11114
CHEMBL40857,0,0.3267255,11115
CHEMBL28953,0,0.32662326,11116
CHEMBL8437,0,0.32662326,11117
CHEMBL4435651,0,0.32662326,11118
CHEMBL14691,0,0.32662326,11119
CHEMBL38238,0,0.32662326,11120
CHEMBL22628,0,0.32662326,11121
CHEMBL14127,0,0.3265584,11122
CHEMBL4436315,0,0.32648873,11123
CHEMBL6927,0,0.3264573,11124
CHEMBL4436559,0,0.3264573,11125
CHEMBL25253,0,0.32633904,11126
CHEMBL35627,0,0.32633904,11127
CHEMBL34810,0,0.32633904,11128
CHEMBL36817,0,0.32633904,11129
CHEMBL10776,0,0.32633904,11130
CHEMBL28720,0,0.32633904,11131
CHEMBL29711,0,0.32626694,11132
CHEMBL27808,0,0.32622054,11133
CHEMBL13042,0,0.32622054,11134
CHEMBL1077444,0,0.32620972,11135
CHEMBL7931,0,0.32620972,11136
CHEMBL12021,0,0.32620972,11137
CHEMBL27611,0,0.32620972,11138
CHEMBL38380,0,0.32620972,11139
CHEMBL9701,0,0.32620972,11140
CHEMBL4543470,0,0.3262078,11141
CHEMBL4436199,0,0.32617664,11142
CHEMBL43753,0,0.32603687,11143
CHEMBL10779,0,0.3260231,11144
CHEMBL6429,0,0.32595396,11145
CHEMBL36725,0,0.32595396,11146
CHEMBL38323,0,0.32595396,11147
CHEMBL41264,0,0.32595396,11148
CHEMBL21309,0,0.32589498,11149
CHEMBL35997,0,0.3258089,11150
CHEMBL37618,0,0.3257239,11151
CHEMBL32929,0,0.32558614,11152
CHEMBL34318,0,0.32558614,11153
CHEMBL35974,0,0.32543582,11154
CHEMBL11115,0,0.32518265,11155
CHEMBL18269,0,0.32518265,11156
CHEMBL14713,0,0.32515952,11157
CHEMBL11336,0,0.32492355,11158
CHEMBL25607,0,0.32492355,11159
CHEMBL24399,0,0.32492355,11160
CHEMBL41079,0,0.32492355,11161
CHEMBL28881,0,0.32492355,11162
CHEMBL28872,0,0.32492355,11163
CHEMBL3311089,0,0.32492355,11164
CHEMBL35329,0,0.32492355,11165
CHEMBL33886,0,0.32492355,11166
CHEMBL8837,0,0.32492355,11167
CHEMBL29685,0,0.32492355,11168
CHEMBL40296,0,0.32492355,11169
CHEMBL33485,0,0.32492355,11170
CHEMBL41472,0,0.32492355,11171
CHEMBL23992,0,0.32492355,11172
CHEMBL38160,0,0.32492355,11173
CHEMBL19603,0,0.32492355,11174
CHEMBL608409,0,0.32491156,11175
CHEMBL15517,0,0.3245922,11176
CHEMBL27727,0,0.3245294,11177
CHEMBL4435476,0,0.32440227,11178
CHEMBL12174,0,0.32431114,11179
CHEMBL11798,0,0.32412878,11180
CHEMBL36858,0,0.32412878,11181
CHEMBL41603,0,0.3240669,11182
CHEMBL34740,0,0.32376707,11183
CHEMBL4436340,0,0.32376707,11184
CHEMBL41370,0,0.32376707,11185
CHEMBL19226,0,0.32376707,11186
CHEMBL7791,0,0.32376707,11187
CHEMBL4435827,0,0.32376707,11188
CHEMBL25461,0,0.32376707,11189
CHEMBL8447,0,0.32376707,11190
CHEMBL18212,0,0.32376707,11191
CHEMBL28627,0,0.32376707,11192
CHEMBL27342,0,0.32376707,11193
CHEMBL3310921,0,0.32376707,11194
CHEMBL22033,0,0.32376707,11195
CHEMBL19347,0,0.32376707,11196
CHEMBL39606,0,0.32365245,11197
CHEMBL34710,0,0.32365245,11198
CHEMBL15148,0,0.32365245,11199
CHEMBL27388,0,0.32359913,11200
CHEMBL29688,0,0.32339588,11201
CHEMBL13159,0,0.32339588,11202
CHEMBL30395,0,0.32339588,11203
CHEMBL3309644,0,0.32339588,11204
CHEMBL34455,0,0.32339588,11205
CHEMBL12927,0,0.32327098,11206
CHEMBL30948,0,0.3230349,11207
CHEMBL16834,0,0.3229634,11208
CHEMBL23506,0,0.3229634,11209
CHEMBL30657,0,0.3229634,11210
CHEMBL38969,0,0.3229161,11211
CHEMBL4553142,0,0.3229161,11212
CHEMBL20072,0,0.3225346,11213
CHEMBL18662,0,0.3225346,11214
CHEMBL21988,0,0.3225346,11215
CHEMBL23539,0,0.3225346,11216
CHEMBL32988,0,0.32246202,11217
CHEMBL37877,0,0.32246202,11218
CHEMBL33202,0,0.32246202,11219
CHEMBL16994,0,0.3223511,11220
CHEMBL42869,0,0.32228816,11221
CHEMBL40381,0,0.32228816,11222
CHEMBL4543512,0,0.32228816,11223
CHEMBL30905,0,0.32226187,11224
CHEMBL26858,0,0.32226187,11225
CHEMBL36380,0,0.32220253,11226
CHEMBL33665,0,0.32220253,11227
CHEMBL17636,0,0.32220253,11228
CHEMBL27559,0,0.32220253,11229
CHEMBL28382,0,0.32220253,11230
CHEMBL25517,0,0.32220137,11231
CHEMBL16405,0,0.3216927,11232
CHEMBL4436470,0,0.32162735,11233
CHEMBL25359,0,0.32162735,11234
CHEMBL39890,0,0.32159618,11235
CHEMBL4436387,0,0.32159618,11236
CHEMBL18331,0,0.32159618,11237
CHEMBL3311164,0,0.32159618,11238
CHEMBL25062,0,0.32159457,11239
CHEMBL42257,0,0.32151332,11240
CHEMBL18396,0,0.3214766,11241
CHEMBL31580,0,0.32123065,11242
CHEMBL4435292,0,0.32123065,11243
CHEMBL10148,0,0.32123065,11244
CHEMBL17052,0,0.32123065,11245
CHEMBL16697,0,0.32112336,11246
CHEMBL20912,0,0.32112336,11247
CHEMBL13781,0,0.32112336,11248
CHEMBL19732,0,0.32112336,11249
CHEMBL10675,0,0.32112336,11250
CHEMBL32300,0,0.32112336,11251
CHEMBL41483,0,0.32112336,11252
CHEMBL4435396,0,0.32110068,11253
CHEMBL8976,0,0.32097712,11254
CHEMBL29740,0,0.32094496,11255
CHEMBL4435295,0,0.3208684,11256
CHEMBL39733,0,0.320867,11257
CHEMBL31060,0,0.320867,11258
CHEMBL10586,0,0.320867,11259
CHEMBL12732,0,0.32078472,11260
CHEMBL18653,0,0.32078472,11261
CHEMBL7969,0,0.32078472,11262
CHEMBL4543422,0,0.32064196,11263
CHEMBL3309743,0,0.32061875,11264
CHEMBL4435142,0,0.3203482,11265
CHEMBL21712,0,0.3203482,11266
CHEMBL12713,0,0.3203482,11267
CHEMBL39158,0,0.3203482,11268
CHEMBL33491,0,0.3203482,11269
CHEMBL28874,0,0.3203482,11270
CHEMBL17525,0,0.32033968,11271
CHEMBL37446,0,0.32015818,11272
CHEMBL546744,0,0.32011798,11273
CHEMBL6887,0,0.32011798,11274
CHEMBL11669,0,0.32011798,11275
CHEMBL37520,0,0.32011798,11276
CHEMBL20420,0,0.31997895,11277
CHEMBL3309547,0,0.31997895,11278
CHEMBL34468,0,0.31993544,11279
CHEMBL14100,0,0.31992278,11280
CHEMBL3309850,0,0.31992278,11281
CHEMBL24034,0,0.31992278,11282
CHEMBL37974,0,0.31992278,11283
CHEMBL33067,0,0.31992278,11284
CHEMBL32637,0,0.31992278,11285
CHEMBL6357,0,0.31992278,11286
CHEMBL19438,0,0.31992278,11287
CHEMBL41106,0,0.31992278,11288
CHEMBL34267,0,0.3199042,11289
CHEMBL40935,0,0.3199042,11290
CHEMBL11580,0,0.3199042,11291
CHEMBL3310024,0,0.3199042,11292
CHEMBL3310105,0,0.3199042,11293
CHEMBL19767,0,0.3199042,11294
CHEMBL20575,0,0.3199042,11295
CHEMBL15723,0,0.3199042,11296
CHEMBL4435172,0,0.3199042,11297
CHEMBL15671,0,0.3199042,11298
CHEMBL24828,0,0.3199042,11299
CHEMBL19777,0,0.3199042,11300
CHEMBL10120,0,0.3199042,11301
CHEMBL14587,0,0.3199042,11302
CHEMBL35323,0,0.3199042,11303
CHEMBL27170,0,0.3199042,11304
CHEMBL39555,0,0.3199042,11305
CHEMBL25638,0,0.3199042,11306
CHEMBL14416,0,0.3199042,11307
CHEMBL37764,0,0.3198812,11308
CHEMBL15828,0,0.31954643,11309
CHEMBL4436088,0,0.31952044,11310
CHEMBL38437,0,0.31952044,11311
CHEMBL4116087,0,0.31942558,11312
CHEMBL4543344,0,0.31929493,11313
CHEMBL41130,0,0.31925383,11314
CHEMBL21649,0,0.3191521,11315
CHEMBL35832,0,0.3191521,11316
CHEMBL3310189,0,0.3191521,11317
CHEMBL17311,0,0.31914702,11318
CHEMBL32567,0,0.3190406,11319
CHEMBL30789,0,0.31895998,11320
CHEMBL3310850,0,0.3189095,11321
CHEMBL24597,0,0.3187269,11322
CHEMBL4543477,0,0.3187269,11323
CHEMBL3310122,0,0.3187269,11324
CHEMBL4553576,0,0.31871086,11325
CHEMBL37013,0,0.31871086,11326
CHEMBL37495,0,0.31871086,11327
CHEMBL31622,0,0.31871086,11328
CHEMBL14401,0,0.31860864,11329
CHEMBL14563,0,0.31860864,11330
CHEMBL10116,0,0.31857076,11331
CHEMBL32532,0,0.31850648,11332
CHEMBL41349,0,0.31843892,11333
CHEMBL15051,0,0.31840804,11334
CHEMBL36622,0,0.31840804,11335
CHEMBL32051,0,0.31840804,11336
CHEMBL37635,0,0.31840804,11337
CHEMBL3309940,0,0.31813183,11338
CHEMBL33609,0,0.31813183,11339
CHEMBL19638,0,0.3181303,11340
CHEMBL41587,0,0.3181303,11341
CHEMBL27179,0,0.3181303,11342
CHEMBL3309927,0,0.3181303,11343
CHEMBL41764,0,0.3181303,11344
CHEMBL31002,0,0.3181303,11345
CHEMBL4543425,0,0.31808046,11346
CHEMBL29182,0,0.31808046,11347
CHEMBL18624,0,0.31805307,11348
CHEMBL4435232,0,0.31792676,11349
CHEMBL13918,0,0.31762072,11350
CHEMBL500798,0,0.31743264,11351
CHEMBL26723,0,0.31741938,11352
CHEMBL24568,0,0.31741938,11353
CHEMBL28031,0,0.31741938,11354
CHEMBL38382,0,0.3173053,11355
CHEMBL14741,0,0.31675845,11356
CHEMBL553624,0,0.31664893,11357
CHEMBL31690,0,0.3166428,11358
CHEMBL40805,0,0.3164716,11359
CHEMBL7704,0,0.3164716,11360
CHEMBL38297,0,0.31635538,11361
CHEMBL13199,0,0.31635538,11362
CHEMBL3310034,0,0.31635538,11363
CHEMBL11979,0,0.31635538,11364
CHEMBL28618,0,0.31615913,11365
CHEMBL34458,0,0.31597692,11366
CHEMBL27171,0,0.31578267,11367
CHEMBL6646,0,0.31578267,11368
CHEMBL20006,0,0.31578267,11369
CHEMBL22290,0,0.31578267,11370
CHEMBL16240,0,0.31578267,11371
CHEMBL17057,0,0.31578267,11372
CHEMBL23077,0,0.31578267,11373
CHEMBL4560016,0,0.31578267,11374
CHEMBL3309730,0,0.31578267,11375
CHEMBL3309414,0,0.31578267,11376
CHEMBL7131,0,0.31578267,11377
CHEMBL3310421,0,0.31578267,11378
CHEMBL10923,0,0.31578267,11379
CHEMBL24939,0,0.3156899,11380
CHEMBL12037,0,0.31567404,11381
CHEMBL20923,0,0.31559655,11382
CHEMBL28,0,0.31559655,11383
CHEMBL16685,0,0.31559655,11384
CHEMBL12290,0,0.31559655,11385
CHEMBL17088,0,0.31559655,11386
CHEMBL9462,0,0.31559655,11387
CHEMBL28431,0,0.31559655,11388
CHEMBL25314,0,0.31559655,11389
CHEMBL21808,0,0.31559655,11390
CHEMBL6682,0,0.31559655,11391
CHEMBL17374,0,0.31559655,11392
CHEMBL36510,0,0.31559655,11393
CHEMBL41155,0,0.31558153,11394
CHEMBL7790,0,0.31558153,11395
CHEMBL41434,0,0.31558153,11396
CHEMBL4434682,0,0.31558153,11397
CHEMBL19950,0,0.3154534,11398
CHEMBL32545,0,0.3154534,11399
CHEMBL41256,0,0.3154534,11400
CHEMBL15709,0,0.3153802,11401
CHEMBL17415,0,0.3152756,11402
CHEMBL19465,0,0.31511614,11403
CHEMBL4435261,0,0.31511614,11404
CHEMBL28223,0,0.31467378,11405
CHEMBL41389,0,0.31460908,11406
CHEMBL10818,0,0.31443343,11407
CHEMBL8064,0,0.31443343,11408
CHEMBL30143,0,0.31443343,11409
CHEMBL14040,0,0.31443343,11410
CHEMBL6832,0,0.31433308,11411
CHEMBL3311451,0,0.3142377,11412
CHEMBL15269,0,0.31420168,11413
CHEMBL11029,0,0.31411484,11414
CHEMBL18276,0,0.31411484,11415
CHEMBL16021,0,0.31411484,11416
CHEMBL20451,0,0.31411484,11417
CHEMBL1163493,0,0.31411484,11418
CHEMBL38778,0,0.31411484,11419
CHEMBL35265,0,0.3140991,11420
CHEMBL17768,0,0.31404027,11421
CHEMBL4434934,0,0.31402096,11422
CHEMBL10124,0,0.31402096,11423
CHEMBL4553588,0,0.31402096,11424
CHEMBL25051,0,0.31402096,11425
CHEMBL4435403,0,0.31402096,11426
CHEMBL30438,0,0.31402096,11427
CHEMBL33984,0,0.31402096,11428
CHEMBL36349,0,0.31402096,11429
CHEMBL19676,0,0.31392542,11430
CHEMBL38912,0,0.31390876,11431
CHEMBL22262,0,0.31390876,11432
CHEMBL3309908,0,0.31390876,11433
CHEMBL3309935,0,0.31390876,11434
CHEMBL30191,0,0.31390876,11435
CHEMBL3309936,0,0.31390876,11436
CHEMBL36487,0,0.31379288,11437
CHEMBL16113,0,0.3137487,11438
CHEMBL3311503,0,0.3137487,11439
CHEMBL37073,0,0.3137487,11440
CHEMBL28440,0,0.3137487,11441
CHEMBL22231,0,0.3137487,11442
CHEMBL38691,0,0.3137487,11443
CHEMBL28931,0,0.3137487,11444
CHEMBL4435778,0,0.31365132,11445
CHEMBL4435365,0,0.31365132,11446
CHEMBL4435183,0,0.3135904,11447
CHEMBL29904,0,0.31358203,11448
CHEMBL6582,0,0.31358203,11449
CHEMBL34223,0,0.31356704,11450
CHEMBL36896,0,0.31356704,11451
CHEMBL30278,0,0.31356704,11452
CHEMBL27892,0,0.31336406,11453
CHEMBL16840,0,0.31336406,11454
CHEMBL14475,0,0.31336406,11455
CHEMBL36104,0,0.3132366,11456
CHEMBL29940,0,0.3132366,11457
CHEMBL4553590,0,0.31301337,11458
CHEMBL1172056,0,0.31299838,11459
CHEMBL37184,0,0.31299838,11460
CHEMBL33130,0,0.31299838,11461
CHEMBL29826,0,0.31299838,11462
CHEMBL12903,0,0.31299838,11463
CHEMBL40385,0,0.31297272,11464
CHEMBL3310240,0,0.31297192,11465
CHEMBL21182,0,0.31297192,11466
CHEMBL4436060,0,0.3129294,11467
CHEMBL9682,0,0.31289893,11468
CHEMBL40164,0,0.31289893,11469
CHEMBL17535,0,0.31289893,11470
CHEMBL8245,0,0.3127902,11471
CHEMBL31484,0,0.31277233,11472
CHEMBL34349,0,0.31277233,11473
CHEMBL28106,0,0.31275538,11474
CHEMBL39225,0,0.31269017,11475
CHEMBL25248,0,0.3126872,11476
CHEMBL3310686,0,0.3126872,11477
CHEMBL21277,0,0.3126872,11478
CHEMBL15255,0,0.3126872,11479
CHEMBL29197,0,0.3126872,11480
CHEMBL17275,0,0.31257206,11481
CHEMBL4436264,0,0.31257206,11482
CHEMBL9927,0,0.31257206,11483
CHEMBL444434,0,0.31248856,11484
CHEMBL31354,0,0.31243315,11485
CHEMBL13284,0,0.31205735,11486
CHEMBL503814,0,0.31205735,11487
CHEMBL34664,0,0.31198138,11488
CHEMBL33071,0,0.31184107,11489
CHEMBL26330,0,0.31184107,11490
CHEMBL20117,0,0.31174,11491
CHEMBL4436477,0,0.31162682,11492
CHEMBL37448,0,0.31154174,11493
CHEMBL39159,0,0.31154174,11494
CHEMBL4116143,0,0.31154174,11495
CHEMBL36877,0,0.31152758,11496
CHEMBL24312,0,0.31124127,11497
CHEMBL11698,0,0.31107017,11498
CHEMBL41127,0,0.31107017,11499
CHEMBL6392,0,0.31084764,11500
CHEMBL9140,0,0.31084764,11501
CHEMBL4435106,0,0.31071472,11502
CHEMBL19776,0,0.310676,11503
CHEMBL17118,0,0.310676,11504
CHEMBL19459,0,0.310676,11505
CHEMBL40520,0,0.31064454,11506
CHEMBL6625,0,0.31064454,11507
CHEMBL24614,0,0.31064454,11508
CHEMBL10114,0,0.31062314,11509
CHEMBL4553697,0,0.31062314,11510
CHEMBL16778,0,0.31062314,11511
CHEMBL22649,0,0.31062314,11512
CHEMBL20882,0,0.31062314,11513
CHEMBL4435490,0,0.31062314,11514
CHEMBL24225,0,0.31062314,11515
CHEMBL32459,0,0.31062314,11516
CHEMBL39052,0,0.31049967,11517
CHEMBL8981,0,0.31049967,11518
CHEMBL27784,0,0.31049967,11519
CHEMBL40799,0,0.31049967,11520
CHEMBL42952,0,0.31049967,11521
CHEMBL13441,0,0.31049967,11522
CHEMBL13440,0,0.31049967,11523
CHEMBL24073,0,0.31049967,11524
CHEMBL37850,0,0.31049967,11525
CHEMBL29126,0,0.31049967,11526
CHEMBL19561,0,0.31049967,11527
CHEMBL17025,0,0.31049967,11528
CHEMBL15403,0,0.31049967,11529
CHEMBL37676,0,0.31049967,11530
CHEMBL31046,0,0.31049967,11531
CHEMBL8022,0,0.31049967,11532
CHEMBL20478,0,0.31049967,11533
CHEMBL22810,0,0.31049967,11534
CHEMBL27542,0,0.31049967,11535
CHEMBL14129,0,0.31049967,11536
CHEMBL12118,0,0.31049967,11537
CHEMBL39387,0,0.31049967,11538
CHEMBL9389,0,0.31049967,11539
CHEMBL9246,0,0.31048882,11540
CHEMBL41424,0,0.3104601,11541
CHEMBL3310846,0,0.3104601,11542
CHEMBL40307,0,0.3104601,11543
CHEMBL4434855,0,0.31043303,11544
CHEMBL55,0,0.31042483,11545
CHEMBL9214,0,0.31042483,11546
CHEMBL4434771,0,0.31021187,11547
CHEMBL21428,0,0.31021124,11548
CHEMBL4435175,0,0.31021124,11549
CHEMBL25923,0,0.31020766,11550
CHEMBL29680,0,0.31006974,11551
CHEMBL32634,0,0.31006974,11552
CHEMBL33923,0,0.31006974,11553
CHEMBL595330,0,0.31006974,11554
CHEMBL24618,0,0.31006974,11555
CHEMBL37616,0,0.30980596,11556
CHEMBL39236,0,0.30972886,11557
CHEMBL11871,0,0.30962896,11558
CHEMBL40344,0,0.30962896,11559
CHEMBL19706,0,0.30962896,11560
CHEMBL24977,0,0.30962896,11561
CHEMBL32123,0,0.30962896,11562
CHEMBL33527,0,0.30962896,11563
CHEMBL1170659,0,0.30959246,11564
CHEMBL29670,0,0.30958164,11565
CHEMBL18147,0,0.30943993,11566
CHEMBL26262,0,0.30943993,11567
CHEMBL16128,0,0.30943993,11568
CHEMBL17917,0,0.30921352,11569
CHEMBL25636,0,0.30908695,11570
CHEMBL3309334,0,0.30908695,11571
CHEMBL20899,0,0.3090312,11572
CHEMBL16739,0,0.3090312,11573
CHEMBL17856,0,0.3090312,11574
CHEMBL10946,0,0.3090312,11575
CHEMBL27555,0,0.3090312,11576
CHEMBL35229,0,0.30883375,11577
CHEMBL36363,0,0.30883375,11578
CHEMBL36071,0,0.30883375,11579
CHEMBL25593,0,0.30883375,11580
CHEMBL24536,0,0.30883375,11581
CHEMBL1782891,0,0.30883375,11582
CHEMBL21408,0,0.30879062,11583
CHEMBL26536,0,0.30850545,11584
CHEMBL14009,0,0.3084725,11585
CHEMBL4434831,0,0.3084725,11586
CHEMBL23838,0,0.3084725,11587
CHEMBL11060,0,0.3084725,11588
CHEMBL23140,0,0.3084725,11589
CHEMBL4553632,0,0.3084725,11590
CHEMBL34350,0,0.3084725,11591
CHEMBL27374,0,0.30844942,11592
CHEMBL33986,0,0.30838823,11593
CHEMBL42510,0,0.30838823,11594
CHEMBL26197,0,0.30838823,11595
CHEMBL37481,0,0.30838823,11596
CHEMBL22273,0,0.3082871,11597
CHEMBL525627,0,0.30806747,11598
CHEMBL39401,0,0.30794373,11599
CHEMBL1163188,0,0.30794373,11600
CHEMBL539191,0,0.30794373,11601
CHEMBL3309349,0,0.30794373,11602
CHEMBL35724,0,0.30794373,11603
CHEMBL9519,0,0.30792704,11604
CHEMBL438329,0,0.30774894,11605
CHEMBL36504,0,0.30763552,11606
CHEMBL32028,0,0.30762565,11607
CHEMBL11334,0,0.30750358,11608
CHEMBL41516,0,0.30724385,11609
CHEMBL28175,0,0.30724385,11610
CHEMBL22259,0,0.30719876,11611
CHEMBL4435168,0,0.30704567,11612
CHEMBL13244,0,0.30699497,11613
CHEMBL41525,0,0.30697602,11614
CHEMBL39063,0,0.3068357,11615
CHEMBL18116,0,0.30683136,11616
CHEMBL17745,0,0.30667755,11617
CHEMBL36198,0,0.30659533,11618
CHEMBL8565,0,0.30657515,11619
CHEMBL8125,0,0.30657372,11620
CHEMBL35055,0,0.30652672,11621
CHEMBL14214,0,0.30652672,11622
CHEMBL35556,0,0.30652672,11623
CHEMBL29329,0,0.30652672,11624
CHEMBL12931,0,0.30652672,11625
CHEMBL19076,0,0.30652672,11626
CHEMBL37736,0,0.30626157,11627
CHEMBL18434,0,0.30557984,11628
CHEMBL27545,0,0.30557635,11629
CHEMBL27423,0,0.30550814,11630
CHEMBL3310454,0,0.30550814,11631
CHEMBL30699,0,0.3054382,11632
CHEMBL27471,0,0.3054382,11633
CHEMBL38172,0,0.3054382,11634
CHEMBL40258,0,0.30500463,11635
CHEMBL3309371,0,0.3049965,11636
CHEMBL22514,0,0.3048488,11637
CHEMBL32190,0,0.30482253,11638
CHEMBL20785,0,0.30471608,11639
CHEMBL7451,0,0.30471608,11640
CHEMBL21886,0,0.30468294,11641
CHEMBL35116,0,0.30468294,11642
CHEMBL34031,0,0.30468294,11643
CHEMBL27560,0,0.30468294,11644
CHEMBL14094,0,0.30468294,11645
CHEMBL3310318,0,0.30468294,11646
CHEMBL3310241,0,0.30468294,11647
CHEMBL36699,0,0.30468294,11648
CHEMBL11022,0,0.30468294,11649
CHEMBL36132,0,0.30468294,11650
CHEMBL22596,0,0.30468294,11651
CHEMBL1163391,0,0.30468294,11652
CHEMBL16696,0,0.30468294,11653
CHEMBL40707,0,0.30468294,11654
CHEMBL31327,0,0.30468294,11655
CHEMBL8522,0,0.30468294,11656
CHEMBL41180,0,0.30468294,11657
CHEMBL28662,0,0.30468294,11658
CHEMBL33739,0,0.30468294,11659
CHEMBL9776,0,0.30468294,11660
CHEMBL22465,0,0.30468294,11661
CHEMBL12955,0,0.30468294,11662
CHEMBL41355,0,0.30468294,11663
CHEMBL37670,0,0.30468294,11664
CHEMBL3311181,0,0.30468294,11665
CHEMBL504192,0,0.30468294,11666
CHEMBL32903,0,0.30468294,11667
CHEMBL39525,0,0.30468294,11668
CHEMBL21069,0,0.30468294,11669
CHEMBL3347288,0,0.30468294,11670
CHEMBL15602,0,0.30468294,11671
CHEMBL18623,0,0.30468294,11672
CHEMBL41836,0,0.30468294,11673
CHEMBL40691,0,0.30468294,11674
CHEMBL8714,0,0.30468294,11675
CHEMBL24788,0,0.30468294,11676
CHEMBL18000,0,0.30468294,11677
CHEMBL4553585,0,0.30468294,11678
CHEMBL20731,0,0.30468294,11679
CHEMBL39307,0,0.30468294,11680
CHEMBL39318,0,0.30468294,11681
CHEMBL36797,0,0.30468294,11682
CHEMBL26637,0,0.30468294,11683
CHEMBL13560,0,0.30468294,11684
CHEMBL23684,0,0.30468294,11685
CHEMBL8222,0,0.30468294,11686
CHEMBL23658,0,0.30468294,11687
CHEMBL34848,0,0.30468294,11688
CHEMBL10893,0,0.30468294,11689
CHEMBL43650,0,0.30468294,11690
CHEMBL16760,0,0.30468294,11691
CHEMBL39199,0,0.30468294,11692
CHEMBL37317,0,0.30468294,11693
CHEMBL37309,0,0.30468294,11694
CHEMBL9737,0,0.30468294,11695
CHEMBL10045,0,0.30468294,11696
CHEMBL4435418,0,0.30468294,11697
CHEMBL7538,0,0.30468294,11698
CHEMBL20162,0,0.30468294,11699
CHEMBL13168,0,0.30468294,11700
CHEMBL39219,0,0.30468294,11701
CHEMBL16084,0,0.30468294,11702
CHEMBL7772,0,0.30468294,11703
CHEMBL11584,0,0.30468294,11704
CHEMBL36345,0,0.30468294,11705
CHEMBL3309678,0,0.30468294,11706
CHEMBL21527,0,0.30468294,11707
CHEMBL31494,0,0.30468294,11708
CHEMBL39639,0,0.30468294,11709
CHEMBL11251,0,0.30468294,11710
CHEMBL26283,0,0.30468294,11711
CHEMBL13605,0,0.30468294,11712
CHEMBL37536,0,0.30468294,11713
CHEMBL9466,0,0.30468294,11714
CHEMBL9480,0,0.30468294,11715
CHEMBL40967,0,0.30468294,11716
CHEMBL37119,0,0.30468294,11717
CHEMBL18197,0,0.30468294,11718
CHEMBL27047,0,0.30468294,11719
CHEMBL14735,0,0.30468294,11720
CHEMBL3310986,0,0.30468294,11721
CHEMBL33751,0,0.30468294,11722
CHEMBL25027,0,0.30468294,11723
CHEMBL10500,0,0.30468294,11724
CHEMBL23905,0,0.30468294,11725
CHEMBL30035,0,0.30468294,11726
CHEMBL30046,0,0.30468294,11727
CHEMBL3310854,0,0.30468294,11728
CHEMBL37951,0,0.30468294,11729
CHEMBL25688,0,0.30468294,11730
CHEMBL31559,0,0.30468294,11731
CHEMBL7832,0,0.30468294,11732
CHEMBL1184897,0,0.30468294,11733
CHEMBL13923,0,0.30468294,11734
CHEMBL38336,0,0.30468294,11735
CHEMBL9427,0,0.30468294,11736
CHEMBL4543293,0,0.30468294,11737
CHEMBL494,0,0.30468294,11738
CHEMBL8667,0,0.30468294,11739
CHEMBL7708,0,0.30468294,11740
CHEMBL26840,0,0.30468294,11741
CHEMBL40021,0,0.30468294,11742
CHEMBL602115,0,0.30466402,11743
CHEMBL37596,0,0.30466402,11744
CHEMBL43831,0,0.30462438,11745
CHEMBL38301,0,0.30462438,11746
CHEMBL37591,0,0.3043488,11747
CHEMBL38872,0,0.30427897,11748
CHEMBL28697,0,0.30427897,11749
CHEMBL33858,0,0.30427802,11750
CHEMBL29936,0,0.30424616,11751
CHEMBL6970,0,0.30394685,11752
CHEMBL15373,0,0.30390972,11753
CHEMBL41970,0,0.3038023,11754
CHEMBL27517,0,0.3038023,11755
CHEMBL14677,0,0.3038023,11756
CHEMBL22687,0,0.3038023,11757
CHEMBL525228,0,0.3038023,11758
CHEMBL26712,0,0.3038023,11759
CHEMBL27855,0,0.3038023,11760
CHEMBL7785,0,0.3038023,11761
CHEMBL4560047,0,0.3038023,11762
CHEMBL12776,0,0.30373737,11763
CHEMBL37075,0,0.30369887,11764
CHEMBL29742,0,0.30355415,11765
CHEMBL39108,0,0.30355415,11766
CHEMBL25310,0,0.30355415,11767
CHEMBL13425,0,0.30355415,11768
CHEMBL23590,0,0.30355415,11769
CHEMBL25426,0,0.30355415,11770
CHEMBL4434868,0,0.30355415,11771
CHEMBL4553579,0,0.30324143,11772
CHEMBL25996,0,0.30308953,11773
CHEMBL23403,0,0.30308953,11774
CHEMBL7795,0,0.30308953,11775
CHEMBL36514,0,0.30308953,11776
CHEMBL31965,0,0.30294722,11777
CHEMBL20559,0,0.3028976,11778
CHEMBL8444,0,0.3028976,11779
CHEMBL4435113,0,0.30282515,11780
CHEMBL3310108,0,0.30280557,11781
CHEMBL538460,0,0.30252972,11782
CHEMBL41674,0,0.30252972,11783
CHEMBL17867,0,0.30252972,11784
CHEMBL6594,0,0.30252972,11785
CHEMBL13101,0,0.30252972,11786
CHEMBL4435565,0,0.30252972,11787
CHEMBL761,0,0.30252972,11788
CHEMBL37370,0,0.30252972,11789
CHEMBL37304,0,0.30252972,11790
CHEMBL16909,0,0.30252972,11791
CHEMBL532261,0,0.30232984,11792
CHEMBL9267,0,0.30232984,11793
CHEMBL26772,0,0.30219027,11794
CHEMBL9222,0,0.30219027,11795
CHEMBL8452,0,0.30219027,11796
CHEMBL9266,0,0.30219027,11797
CHEMBL33823,0,0.30219027,11798
CHEMBL6463,0,0.30219027,11799
CHEMBL29507,0,0.30215085,11800
CHEMBL10079,0,0.30204841,11801
CHEMBL4434675,0,0.3020056,11802
CHEMBL26246,0,0.30199307,11803
CHEMBL35614,0,0.30178806,11804
CHEMBL12873,0,0.30160525,11805
CHEMBL22947,0,0.30157158,11806
CHEMBL11343,0,0.301282,11807
CHEMBL6306,0,0.30106345,11808
CHEMBL24807,0,0.30106345,11809
CHEMBL23168,0,0.30105743,11810
CHEMBL6833,0,0.30104873,11811
CHEMBL39813,0,0.30104873,11812
CHEMBL10446,0,0.30104873,11813
CHEMBL17488,0,0.30104873,11814
CHEMBL17905,0,0.30104873,11815
CHEMBL36358,0,0.30104873,11816
CHEMBL27118,0,0.30104873,11817
CHEMBL36124,0,0.30104873,11818
CHEMBL7566,0,0.30104873,11819
CHEMBL32681,0,0.30104873,11820
CHEMBL27033,0,0.30104873,11821
CHEMBL4435068,0,0.30104873,11822
CHEMBL42424,0,0.30104873,11823
CHEMBL4436468,0,0.30104873,11824
CHEMBL28208,0,0.30104873,11825
CHEMBL38630,0,0.30104873,11826
CHEMBL12653,0,0.30104873,11827
CHEMBL26522,0,0.30104873,11828
CHEMBL28938,0,0.30104873,11829
CHEMBL9690,0,0.30104873,11830
CHEMBL33803,0,0.30104873,11831
CHEMBL26164,0,0.30098912,11832
CHEMBL20686,0,0.30098912,11833
CHEMBL158232,0,0.30098912,11834
CHEMBL20377,0,0.30098912,11835
CHEMBL37282,0,0.30098912,11836
CHEMBL17826,0,0.30098912,11837
CHEMBL10453,0,0.30098912,11838
CHEMBL37041,0,0.30098912,11839
CHEMBL37103,0,0.30098912,11840
CHEMBL15674,0,0.30098912,11841
CHEMBL4435042,0,0.30095243,11842
CHEMBL7675,0,0.30095243,11843
CHEMBL9368,0,0.30073628,11844
CHEMBL6276,0,0.3005634,11845
CHEMBL20698,0,0.3005634,11846
CHEMBL34903,0,0.3005634,11847
CHEMBL25916,0,0.3005634,11848
CHEMBL37747,0,0.3005634,11849
CHEMBL3310251,0,0.3005366,11850
CHEMBL27499,0,0.3005366,11851
CHEMBL42462,0,0.3005366,11852
CHEMBL16603,0,0.3005366,11853
CHEMBL3309912,0,0.3005366,11854
CHEMBL21402,0,0.3005366,11855
CHEMBL20067,0,0.3005245,11856
CHEMBL4560007,0,0.3004425,11857
CHEMBL36895,0,0.3004425,11858
CHEMBL25575,0,0.3004425,11859
CHEMBL11841,0,0.3004425,11860
CHEMBL8700,0,0.3004425,11861
CHEMBL26663,0,0.3004425,11862
CHEMBL14097,0,0.3004425,11863
CHEMBL11716,0,0.3004425,11864
CHEMBL13879,0,0.3004425,11865
CHEMBL18657,0,0.30041277,11866
CHEMBL16839,0,0.30040494,11867
CHEMBL34060,0,0.30035093,11868
CHEMBL25288,0,0.30033022,11869
CHEMBL27797,0,0.30033022,11870
CHEMBL10802,0,0.30033022,11871
CHEMBL6631,0,0.30033022,11872
CHEMBL24394,0,0.30033022,11873
CHEMBL13302,0,0.3002476,11874
CHEMBL7727,0,0.3002476,11875
CHEMBL6546,0,0.30019376,11876
CHEMBL22783,0,0.30005062,11877
CHEMBL9489,0,0.30005062,11878
CHEMBL38359,0,0.30005062,11879
CHEMBL17444,0,0.30005062,11880
CHEMBL9676,0,0.30005062,11881
CHEMBL14088,0,0.2998797,11882
CHEMBL19051,0,0.2998797,11883
CHEMBL18501,0,0.2998797,11884
CHEMBL24687,0,0.29987097,11885
CHEMBL42593,0,0.29980406,11886
CHEMBL17882,0,0.29980406,11887
CHEMBL21046,0,0.29980406,11888
CHEMBL15359,0,0.29966944,11889
CHEMBL22959,0,0.29966944,11890
CHEMBL18963,0,0.29966944,11891
CHEMBL28861,0,0.29966944,11892
CHEMBL6865,0,0.29964578,11893
CHEMBL35499,0,0.29963472,11894
CHEMBL36801,0,0.2995335,11895
CHEMBL581297,0,0.29950437,11896
CHEMBL11499,0,0.29950437,11897
CHEMBL31022,0,0.29950437,11898
CHEMBL6996,0,0.29950437,11899
CHEMBL30416,0,0.29950437,11900
CHEMBL39501,0,0.29950437,11901
CHEMBL19516,0,0.29950437,11902
CHEMBL15461,0,0.29950437,11903
CHEMBL3309589,0,0.29950437,11904
CHEMBL22427,0,0.29950437,11905
CHEMBL35161,0,0.29950437,11906
CHEMBL503474,0,0.29950437,11907
CHEMBL32804,0,0.29950437,11908
CHEMBL21293,0,0.2993396,11909
CHEMBL37174,0,0.2992948,11910
CHEMBL16365,0,0.2992948,11911
CHEMBL6379,0,0.299129,11912
CHEMBL39320,0,0.29891774,11913
CHEMBL539434,0,0.2989094,11914
CHEMBL6259,0,0.2987403,11915
CHEMBL34541,0,0.29855388,11916
CHEMBL14219,0,0.29855388,11917
CHEMBL34761,0,0.29850706,11918
CHEMBL36683,0,0.29850706,11919
CHEMBL3310621,0,0.29840457,11920
CHEMBL39309,0,0.29840457,11921
CHEMBL41761,0,0.29840457,11922
CHEMBL42177,0,0.29840457,11923
CHEMBL18740,0,0.29840457,11924
CHEMBL41328,0,0.29840457,11925
CHEMBL30134,0,0.29839846,11926
CHEMBL22355,0,0.29834956,11927
CHEMBL35991,0,0.29830667,11928
CHEMBL34727,0,0.29825145,11929
CHEMBL9949,0,0.29825145,11930
CHEMBL25071,0,0.29825145,11931
CHEMBL20684,0,0.29825145,11932
CHEMBL24817,0,0.29825145,11933
CHEMBL32791,0,0.29825145,11934
CHEMBL17566,0,0.29825145,11935
CHEMBL10605,0,0.29820725,11936
CHEMBL9694,0,0.29820725,11937
CHEMBL24906,0,0.29820725,11938
CHEMBL25138,0,0.29820725,11939
CHEMBL11090,0,0.29810697,11940
CHEMBL15727,0,0.29810685,11941
CHEMBL16867,0,0.29810607,11942
CHEMBL1163283,0,0.29785553,11943
CHEMBL22527,0,0.29785553,11944
CHEMBL3310280,0,0.2975056,11945
CHEMBL601490,0,0.2975056,11946
CHEMBL40906,0,0.2975056,11947
CHEMBL33288,0,0.2973533,11948
CHEMBL38346,0,0.29719752,11949
CHEMBL10255,0,0.29719752,11950
CHEMBL23235,0,0.29719752,11951
CHEMBL33787,0,0.29709157,11952
CHEMBL35837,0,0.29706106,11953
CHEMBL20764,0,0.297048,11954
CHEMBL10669,0,0.297048,11955
CHEMBL24366,0,0.297048,11956
CHEMBL41951,0,0.29703155,11957
CHEMBL22440,0,0.29697835,11958
CHEMBL19369,0,0.2968544,11959
CHEMBL4436253,0,0.2968337,11960
CHEMBL11469,0,0.29670113,11961
CHEMBL9083,0,0.2964069,11962
CHEMBL4435838,0,0.29639384,11963
CHEMBL14847,0,0.29637507,11964
CHEMBL32726,0,0.29623243,11965
CHEMBL41859,0,0.29604334,11966
CHEMBL23153,0,0.29593125,11967
CHEMBL39593,0,0.29578772,11968
CHEMBL36536,0,0.29578772,11969
CHEMBL263956,0,0.29578772,11970
CHEMBL10178,0,0.29578024,11971
CHEMBL39619,0,0.2956487,11972
CHEMBL27428,0,0.2956487,11973
CHEMBL38248,0,0.29564843,11974
CHEMBL24487,0,0.29563978,11975
CHEMBL19818,0,0.2955556,11976
CHEMBL20578,0,0.2955556,11977
CHEMBL10439,0,0.2955556,11978
CHEMBL3311257,0,0.2955556,11979
CHEMBL20450,0,0.2955556,11980
CHEMBL42452,0,0.2955556,11981
CHEMBL19455,0,0.2955556,11982
CHEMBL39976,0,0.2955556,11983
CHEMBL19121,0,0.2955556,11984
CHEMBL8800,0,0.2955556,11985
CHEMBL14702,0,0.2955556,11986
CHEMBL32879,0,0.2955556,11987
CHEMBL3309610,0,0.2955556,11988
CHEMBL25975,0,0.2955556,11989
CHEMBL20748,0,0.2955556,11990
CHEMBL41798,0,0.2955556,11991
CHEMBL12575,0,0.2955556,11992
CHEMBL41810,0,0.2955414,11993
CHEMBL36373,0,0.29552308,11994
CHEMBL3311453,0,0.29531065,11995
CHEMBL409297,0,0.295028,11996
CHEMBL22577,0,0.295028,11997
CHEMBL1237105,0,0.29486227,11998
CHEMBL8765,0,0.29486227,11999
CHEMBL22892,0,0.29486227,12000
CHEMBL23601,0,0.29460484,12001
CHEMBL31978,0,0.29460484,12002
CHEMBL16706,0,0.29460484,12003
CHEMBL39543,0,0.29460484,12004
CHEMBL36473,0,0.29460484,12005
CHEMBL27180,0,0.29460484,12006
CHEMBL34416,0,0.29460484,12007
CHEMBL39438,0,0.29460484,12008
CHEMBL16566,0,0.29460484,12009
CHEMBL4435522,0,0.29460484,12010
CHEMBL38531,0,0.29460484,12011
CHEMBL25169,0,0.29460484,12012
CHEMBL17730,0,0.29460484,12013
CHEMBL11425,0,0.29460484,12014
CHEMBL39178,0,0.29460484,12015
CHEMBL14788,0,0.29460484,12016
CHEMBL35057,0,0.29460484,12017
CHEMBL30946,0,0.2944405,12018
CHEMBL11286,0,0.2944405,12019
CHEMBL4435441,0,0.29438603,12020
CHEMBL4436462,0,0.29428026,12021
CHEMBL34280,0,0.2941459,12022
CHEMBL33814,0,0.29404983,12023
CHEMBL21874,0,0.29396465,12024
CHEMBL4434844,0,0.29396465,12025
CHEMBL34766,0,0.29396465,12026
CHEMBL1094634,0,0.29393265,12027
CHEMBL555,0,0.29393083,12028
CHEMBL16561,0,0.2938636,12029
CHEMBL14685,0,0.2936761,12030
CHEMBL33421,0,0.2936761,12031
CHEMBL31276,0,0.29352468,12032
CHEMBL40635,0,0.29352468,12033
CHEMBL35847,0,0.29352468,12034
CHEMBL3310286,0,0.29318124,12035
CHEMBL14845,0,0.2930807,12036
CHEMBL31526,0,0.2930807,12037
CHEMBL13987,0,0.2930807,12038
CHEMBL40012,0,0.2930807,12039
CHEMBL25348,0,0.2930807,12040
CHEMBL27724,0,0.29260468,12041
CHEMBL7947,0,0.29246983,12042
CHEMBL20389,0,0.29241228,12043
CHEMBL31172,0,0.2923339,12044
CHEMBL42430,0,0.2923339,12045
CHEMBL28904,0,0.29232445,12046
CHEMBL40787,0,0.29224655,12047
CHEMBL31757,0,0.2921645,12048
CHEMBL4559962,0,0.2919344,12049
CHEMBL43573,0,0.29182097,12050
CHEMBL14507,0,0.291807,12051
CHEMBL15618,0,0.291807,12052
CHEMBL37843,0,0.2917218,12053
CHEMBL9740,0,0.2917218,12054
CHEMBL27526,0,0.29169753,12055
CHEMBL37166,0,0.29169753,12056
CHEMBL37253,0,0.29169753,12057
CHEMBL25727,0,0.29169753,12058
CHEMBL14916,0,0.29169753,12059
CHEMBL21475,0,0.29169753,12060
CHEMBL23332,0,0.29169753,12061
CHEMBL3309787,0,0.29169753,12062
CHEMBL35785,0,0.29169753,12063
CHEMBL30988,0,0.29169753,12064
CHEMBL26079,0,0.29169753,12065
CHEMBL16483,0,0.29169753,12066
CHEMBL27178,0,0.29169753,12067
CHEMBL42404,0,0.29169753,12068
CHEMBL36372,0,0.29169753,12069
CHEMBL4435592,0,0.29169753,12070
CHEMBL33822,0,0.29169753,12071
CHEMBL6321,0,0.29169753,12072
CHEMBL7352,0,0.29169753,12073
CHEMBL6971,0,0.29169753,12074
CHEMBL37141,0,0.29169753,12075
CHEMBL30460,0,0.29169753,12076
CHEMBL16449,0,0.29166505,12077
CHEMBL16359,0,0.29156297,12078
CHEMBL23606,0,0.29153636,12079
CHEMBL23639,0,0.29150143,12080
CHEMBL3310461,0,0.29150143,12081
CHEMBL4559922,0,0.29150143,12082
CHEMBL4435000,0,0.29150143,12083
CHEMBL8433,0,0.29144394,12084
CHEMBL21954,0,0.29141226,12085
CHEMBL40049,0,0.29137006,12086
CHEMBL3310156,0,0.2913577,12087
CHEMBL4543207,0,0.29132465,12088
CHEMBL4435672,0,0.29120293,12089
CHEMBL12112,0,0.29112843,12090
CHEMBL33552,0,0.29112843,12091
CHEMBL22550,0,0.29112843,12092
CHEMBL37675,0,0.29112455,12093
CHEMBL23438,0,0.29112455,12094
CHEMBL31627,0,0.29112455,12095
CHEMBL1201754,0,0.29112455,12096
CHEMBL154314,0,0.29112455,12097
CHEMBL37538,0,0.29112455,12098
CHEMBL33337,0,0.29112455,12099
CHEMBL8674,0,0.29112455,12100
CHEMBL30182,0,0.29094818,12101
CHEMBL163819,0,0.2907981,12102
CHEMBL28288,0,0.2907981,12103
CHEMBL29721,0,0.2907981,12104
CHEMBL33747,0,0.2907981,12105
CHEMBL3309424,0,0.29076767,12106
CHEMBL3309372,0,0.29076767,12107
CHEMBL33336,0,0.29053608,12108
CHEMBL36956,0,0.2903714,12109
CHEMBL42188,0,0.29034635,12110
CHEMBL17222,0,0.29020002,12111
CHEMBL26870,0,0.29013002,12112
CHEMBL4434891,0,0.2901073,12113
CHEMBL8853,0,0.28997123,12114
CHEMBL27011,0,0.28997123,12115
CHEMBL18306,0,0.28997123,12116
CHEMBL13851,0,0.28997123,12117
CHEMBL7220,0,0.28997123,12118
CHEMBL41786,0,0.28997123,12119
CHEMBL18008,0,0.28997123,12120
CHEMBL39333,0,0.28997123,12121
CHEMBL13179,0,0.28997123,12122
CHEMBL4543318,0,0.28997123,12123
CHEMBL39,0,0.28997123,12124
CHEMBL21284,0,0.28997123,12125
CHEMBL3311009,0,0.28997123,12126
CHEMBL27162,0,0.28997123,12127
CHEMBL28389,0,0.28996018,12128
CHEMBL24458,0,0.28996018,12129
CHEMBL25904,0,0.28994587,12130
CHEMBL4543198,0,0.28983414,12131
CHEMBL36613,0,0.28983414,12132
CHEMBL7898,0,0.28983414,12133
CHEMBL43595,0,0.28983414,12134
CHEMBL11516,0,0.28979328,12135
CHEMBL7142,0,0.28979328,12136
CHEMBL1163184,0,0.28979328,12137
CHEMBL29848,0,0.28979328,12138
CHEMBL504142,0,0.28979328,12139
CHEMBL7098,0,0.28979328,12140
CHEMBL30120,0,0.28979328,12141
CHEMBL11627,0,0.28979328,12142
CHEMBL40281,0,0.2896012,12143
CHEMBL4435799,0,0.2895978,12144
CHEMBL41692,0,0.28951997,12145
CHEMBL19655,0,0.28946632,12146
CHEMBL19119,0,0.28927565,12147
CHEMBL8982,0,0.28927565,12148
CHEMBL34655,0,0.28927565,12149
CHEMBL13279,0,0.28927565,12150
CHEMBL504547,0,0.28923926,12151
CHEMBL18597,0,0.28923926,12152
CHEMBL15241,0,0.28909937,12153
CHEMBL27467,0,0.28908938,12154
CHEMBL11697,0,0.28908938,12155
CHEMBL3309428,0,0.28908938,12156
CHEMBL3309335,0,0.28908288,12157
CHEMBL36229,0,0.28908288,12158
CHEMBL503606,0,0.28908288,12159
CHEMBL42466,0,0.28908288,12160
CHEMBL20050,0,0.28908288,12161
CHEMBL39093,0,0.28908288,12162
CHEMBL14925,0,0.28908288,12163
CHEMBL28786,0,0.28908288,12164
CHEMBL40471,0,0.28908288,12165
CHEMBL601115,0,0.28908288,12166
CHEMBL21774,0,0.28908288,12167
CHEMBL23609,0,0.2890311,12168
CHEMBL35474,0,0.2890311,12169
CHEMBL22740,0,0.2890311,12170
CHEMBL17775,0,0.2890311,12171
CHEMBL22511,0,0.2890311,12172
CHEMBL16742,0,0.28899294,12173
CHEMBL8905,0,0.28882498,12174
CHEMBL4559987,0,0.28882498,12175
CHEMBL3311454,0,0.28882498,12176
CHEMBL31647,0,0.2886863,12177
CHEMBL42228,0,0.28852534,12178
CHEMBL23911,0,0.2883975,12179
CHEMBL9962,0,0.28839722,12180
CHEMBL8393,0,0.2883869,12181
CHEMBL3311315,0,0.2883869,12182
CHEMBL13299,0,0.2883869,12183
CHEMBL14823,0,0.2883869,12184
CHEMBL20675,0,0.2883869,12185
CHEMBL12386,0,0.2883869,12186
CHEMBL12945,0,0.28838596,12187
CHEMBL27667,0,0.28834662,12188
CHEMBL30142,0,0.28834662,12189
CHEMBL4436568,0,0.2883439,12190
CHEMBL37521,0,0.2883413,12191
CHEMBL13981,0,0.2883413,12192
CHEMBL22216,0,0.2883413,12193
CHEMBL19784,0,0.2883413,12194
CHEMBL37963,0,0.2883413,12195
CHEMBL35519,0,0.2883413,12196
CHEMBL505,0,0.2883413,12197
CHEMBL4436377,0,0.2883413,12198
CHEMBL36156,0,0.2883413,12199
CHEMBL22556,0,0.2883413,12200
CHEMBL36616,0,0.2883413,12201
CHEMBL12770,0,0.28809065,12202
CHEMBL10544,0,0.28808656,12203
CHEMBL3309860,0,0.2879896,12204
CHEMBL28922,0,0.28768507,12205
CHEMBL9984,0,0.28762564,12206
CHEMBL28091,0,0.2872849,12207
CHEMBL25002,0,0.2872849,12208
CHEMBL43829,0,0.2872849,12209
CHEMBL34980,0,0.2872849,12210
CHEMBL33839,0,0.2872849,12211
CHEMBL40621,0,0.2869369,12212
CHEMBL39679,0,0.28693557,12213
CHEMBL1189392,0,0.28693557,12214
CHEMBL17437,0,0.28693557,12215
CHEMBL14540,0,0.28693557,12216
CHEMBL22460,0,0.28693557,12217
CHEMBL19223,0,0.28693557,12218
CHEMBL23180,0,0.28693557,12219
CHEMBL1163415,0,0.28693557,12220
CHEMBL39137,0,0.28679034,12221
CHEMBL37837,0,0.28668484,12222
CHEMBL31128,0,0.28647992,12223
CHEMBL27327,0,0.28647992,12224
CHEMBL3309801,0,0.28647992,12225
CHEMBL35518,0,0.28647992,12226
CHEMBL18809,0,0.28640324,12227
CHEMBL4543288,0,0.28640324,12228
CHEMBL30135,0,0.28640324,12229
CHEMBL4435104,0,0.28630385,12230
CHEMBL16775,0,0.28630385,12231
CHEMBL4435275,0,0.28630385,12232
CHEMBL6759,0,0.28600547,12233
CHEMBL3310408,0,0.28596878,12234
CHEMBL21040,0,0.28596765,12235
CHEMBL4434967,0,0.28593495,12236
CHEMBL7181,0,0.28593495,12237
CHEMBL24702,0,0.28588483,12238
CHEMBL19441,0,0.28539166,12239
CHEMBL33851,0,0.2853763,12240
CHEMBL16388,0,0.2853763,12241
CHEMBL36117,0,0.2853763,12242
CHEMBL40581,0,0.28532073,12243
CHEMBL4543491,0,0.28532073,12244
CHEMBL38124,0,0.28523606,12245
CHEMBL37213,0,0.2852145,12246
CHEMBL3310053,0,0.2851698,12247
CHEMBL28414,0,0.2851662,12248
CHEMBL8678,0,0.28497228,12249
CHEMBL4435423,0,0.28497228,12250
CHEMBL28241,0,0.28497228,12251
CHEMBL21441,0,0.28497228,12252
CHEMBL28825,0,0.28497228,12253
CHEMBL31845,0,0.28497228,12254
CHEMBL25700,0,0.28497228,12255
CHEMBL20820,0,0.28497228,12256
CHEMBL27631,0,0.28497228,12257
CHEMBL3311394,0,0.28497228,12258
CHEMBL30141,0,0.28497228,12259
CHEMBL39088,0,0.28497228,12260
CHEMBL35196,0,0.28492168,12261
CHEMBL14768,0,0.28487703,12262
CHEMBL30039,0,0.28487703,12263
CHEMBL26258,0,0.28487703,12264
CHEMBL22850,0,0.28487703,12265
CHEMBL10748,0,0.28487703,12266
CHEMBL8030,0,0.28474545,12267
CHEMBL1163254,0,0.28466654,12268
CHEMBL4553571,0,0.28411183,12269
CHEMBL4435437,0,0.28409234,12270
CHEMBL32372,0,0.28403786,12271
CHEMBL12028,0,0.2838572,12272
CHEMBL4436180,0,0.2838572,12273
CHEMBL439267,0,0.2838572,12274
CHEMBL12908,0,0.2838572,12275
CHEMBL3309267,0,0.2838572,12276
CHEMBL41543,0,0.283519,12277
CHEMBL15034,0,0.2835009,12278
CHEMBL32280,0,0.2835009,12279
CHEMBL4436399,0,0.28323072,12280
CHEMBL24189,0,0.2832234,12281
CHEMBL525443,0,0.28318778,12282
CHEMBL21363,0,0.28311545,12283
CHEMBL30167,0,0.28311545,12284
CHEMBL41796,0,0.28297523,12285
CHEMBL15225,0,0.28297237,12286
CHEMBL13972,0,0.28297237,12287
CHEMBL33726,0,0.28297237,12288
CHEMBL9722,0,0.28297237,12289
CHEMBL28014,0,0.28297237,12290
CHEMBL21978,0,0.282942,12291
CHEMBL7134,0,0.28293738,12292
CHEMBL4436565,0,0.28293738,12293
CHEMBL19335,0,0.28293738,12294
CHEMBL4434988,0,0.28293738,12295
CHEMBL4435611,0,0.28293738,12296
CHEMBL24770,0,0.2828353,12297
CHEMBL4553572,0,0.28274098,12298
CHEMBL29902,0,0.2826047,12299
CHEMBL31547,0,0.2826047,12300
CHEMBL26606,0,0.28246203,12301
CHEMBL30954,0,0.28246203,12302
CHEMBL1160154,0,0.28246203,12303
CHEMBL29971,0,0.282441,12304
CHEMBL26039,0,0.28225577,12305
CHEMBL25847,0,0.28215384,12306
CHEMBL17186,0,0.28214064,12307
CHEMBL9784,0,0.28214064,12308
CHEMBL32753,0,0.28214064,12309
CHEMBL38621,0,0.28214064,12310
CHEMBL1163269,0,0.2820635,12311
CHEMBL35605,0,0.28201059,12312
CHEMBL29437,0,0.28201059,12313
CHEMBL4435350,0,0.28201059,12314
CHEMBL21387,0,0.28184903,12315
CHEMBL9192,0,0.28184903,12316
CHEMBL15102,0,0.28177828,12317
CHEMBL42268,0,0.28175205,12318
CHEMBL11331,0,0.28171176,12319
CHEMBL38585,0,0.28142324,12320
CHEMBL29435,0,0.28124166,12321
CHEMBL35335,0,0.2811986,12322
CHEMBL8279,0,0.2811986,12323
CHEMBL34336,0,0.28102207,12324
CHEMBL36202,0,0.2809205,12325
CHEMBL19176,0,0.2807558,12326
CHEMBL20141,0,0.2807517,12327
CHEMBL17212,0,0.28065175,12328
CHEMBL4435103,0,0.28065175,12329
CHEMBL40359,0,0.2806009,12330
CHEMBL4436053,0,0.2806009,12331
CHEMBL38641,0,0.28058472,12332
CHEMBL19531,0,0.28051597,12333
CHEMBL19938,0,0.2800955,12334
CHEMBL17792,0,0.2800396,12335
CHEMBL34273,0,0.2798886,12336
CHEMBL11328,0,0.2798886,12337
CHEMBL23645,0,0.2798886,12338
CHEMBL32801,0,0.27981135,12339
CHEMBL26904,0,0.2798033,12340
CHEMBL4553129,0,0.27967444,12341
CHEMBL15014,0,0.27964988,12342
CHEMBL26479,0,0.2793419,12343
CHEMBL20170,0,0.27922845,12344
CHEMBL21851,0,0.27922845,12345
CHEMBL40273,0,0.27922845,12346
CHEMBL28608,0,0.2789263,12347
CHEMBL12217,0,0.2789263,12348
CHEMBL42110,0,0.2785903,12349
CHEMBL15039,0,0.27857447,12350
CHEMBL18466,0,0.27849963,12351
CHEMBL20960,0,0.27849963,12352
CHEMBL11423,0,0.27849963,12353
CHEMBL9123,0,0.27849963,12354
CHEMBL29584,0,0.27848485,12355
CHEMBL26636,0,0.27838257,12356
CHEMBL42631,0,0.27838257,12357
CHEMBL34663,0,0.27838257,12358
CHEMBL35811,0,0.27835035,12359
CHEMBL6781,0,0.27810168,12360
CHEMBL17857,0,0.27809358,12361
CHEMBL32640,0,0.2780495,12362
CHEMBL4436151,0,0.27801004,12363
CHEMBL4435125,0,0.2779862,12364
CHEMBL25573,0,0.27791655,12365
CHEMBL35163,0,0.27791655,12366
CHEMBL29400,0,0.27791655,12367
CHEMBL4435691,0,0.27791655,12368
CHEMBL10967,0,0.27791655,12369
CHEMBL39097,0,0.27791655,12370
CHEMBL18443,0,0.27791655,12371
CHEMBL8091,0,0.27790606,12372
CHEMBL24766,0,0.2778766,12373
CHEMBL24783,0,0.2778766,12374
CHEMBL14660,0,0.2778766,12375
CHEMBL21044,0,0.2778766,12376
CHEMBL4435322,0,0.2777777,12377
CHEMBL8298,0,0.2776151,12378
CHEMBL26010,0,0.27754202,12379
CHEMBL24583,0,0.27745724,12380
CHEMBL21244,0,0.27745724,12381
CHEMBL42063,0,0.27745724,12382
CHEMBL7200,0,0.27745724,12383
CHEMBL37798,0,0.27745724,12384
CHEMBL43742,0,0.27745724,12385
CHEMBL27381,0,0.27745724,12386
CHEMBL16782,0,0.27745724,12387
CHEMBL7388,0,0.27745724,12388
CHEMBL31092,0,0.27745724,12389
CHEMBL4436285,0,0.27745724,12390
CHEMBL34077,0,0.27745724,12391
CHEMBL3309381,0,0.27739555,12392
CHEMBL37866,0,0.2773674,12393
CHEMBL41346,0,0.2773674,12394
CHEMBL22287,0,0.2773674,12395
CHEMBL27806,0,0.2773674,12396
CHEMBL28256,0,0.2773674,12397
CHEMBL20031,0,0.27719775,12398
CHEMBL18449,0,0.2771871,12399
CHEMBL29163,0,0.27703273,12400
CHEMBL24380,0,0.27703273,12401
CHEMBL4436306,0,0.2769115,12402
CHEMBL42863,0,0.276791,12403
CHEMBL18573,0,0.2766254,12404
CHEMBL38285,0,0.27660397,12405
CHEMBL1163377,0,0.2764982,12406
CHEMBL1163547,0,0.2764982,12407
CHEMBL3310771,0,0.2764982,12408
CHEMBL36445,0,0.2764319,12409
CHEMBL32529,0,0.2764319,12410
CHEMBL4434929,0,0.2764319,12411
CHEMBL6641,0,0.2764319,12412
CHEMBL36208,0,0.2764319,12413
CHEMBL40326,0,0.2764319,12414
CHEMBL10632,0,0.2764088,12415
CHEMBL11702,0,0.27629837,12416
CHEMBL23830,0,0.27629837,12417
CHEMBL13970,0,0.27628833,12418
CHEMBL38287,0,0.27628833,12419
CHEMBL7706,0,0.27628833,12420
CHEMBL43781,0,0.27627584,12421
CHEMBL40529,0,0.2762439,12422
CHEMBL29924,0,0.27604643,12423
CHEMBL9687,0,0.2759198,12424
CHEMBL38335,0,0.27586237,12425
CHEMBL4116159,0,0.2758181,12426
CHEMBL35490,0,0.27561387,12427
CHEMBL42692,0,0.27556095,12428
CHEMBL18312,0,0.27555466,12429
CHEMBL15057,0,0.27547553,12430
CHEMBL27574,0,0.27547553,12431
CHEMBL12523,0,0.27547553,12432
CHEMBL3311365,0,0.27547553,12433
CHEMBL22670,0,0.2753389,12434
CHEMBL23971,0,0.2753389,12435
CHEMBL21324,0,0.2753389,12436
CHEMBL508212,0,0.2753379,12437
CHEMBL3310076,0,0.27526104,12438
CHEMBL4543194,0,0.27526104,12439
CHEMBL24650,0,0.27496985,12440
CHEMBL10357,0,0.27468464,12441
CHEMBL22721,0,0.2744093,12442
CHEMBL23814,0,0.27428764,12443
CHEMBL11172,0,0.27422148,12444
CHEMBL3310433,0,0.2739741,12445
CHEMBL10887,0,0.2739741,12446
CHEMBL20191,0,0.2739741,12447
CHEMBL32079,0,0.2739316,12448
CHEMBL13081,0,0.2739316,12449
CHEMBL6589,0,0.2738236,12450
CHEMBL30721,0,0.27362585,12451
CHEMBL19895,0,0.27362585,12452
CHEMBL11129,0,0.27362585,12453
CHEMBL32353,0,0.27362585,12454
CHEMBL15710,0,0.27362585,12455
CHEMBL3309500,0,0.27362585,12456
CHEMBL37800,0,0.27362585,12457
CHEMBL3309504,0,0.27362585,12458
CHEMBL6430,0,0.27362585,12459
CHEMBL4435211,0,0.27362585,12460
CHEMBL30609,0,0.27362585,12461
CHEMBL7857,0,0.27362585,12462
CHEMBL4434793,0,0.27362362,12463
CHEMBL41978,0,0.27362362,12464
CHEMBL18901,0,0.27362362,12465
CHEMBL36460,0,0.27324912,12466
CHEMBL35254,0,0.2731981,12467
CHEMBL26236,0,0.27306196,12468
CHEMBL39551,0,0.27306196,12469
CHEMBL12327,0,0.2730399,12470
CHEMBL10186,0,0.2730399,12471
CHEMBL23080,0,0.27299747,12472
CHEMBL41337,0,0.27299747,12473
CHEMBL6650,0,0.27299747,12474
CHEMBL42632,0,0.27299747,12475
CHEMBL526882,0,0.27291486,12476
CHEMBL33475,0,0.27287397,12477
CHEMBL31544,0,0.27287397,12478
CHEMBL4435773,0,0.27284598,12479
CHEMBL40661,0,0.27279216,12480
CHEMBL37674,0,0.27278492,12481
CHEMBL30669,0,0.27274278,12482
CHEMBL3310399,0,0.27264842,12483
CHEMBL591773,0,0.27258,12484
CHEMBL3309350,0,0.27240205,12485
CHEMBL7034,0,0.27240205,12486
CHEMBL16841,0,0.27240205,12487
CHEMBL11227,0,0.27240205,12488
CHEMBL3310831,0,0.27240205,12489
CHEMBL37147,0,0.27240205,12490
CHEMBL19148,0,0.27240205,12491
CHEMBL24840,0,0.27240205,12492
CHEMBL31371,0,0.27240205,12493
CHEMBL17677,0,0.27240205,12494
CHEMBL18742,0,0.27240205,12495
CHEMBL35092,0,0.27240205,12496
CHEMBL27174,0,0.27240205,12497
CHEMBL37501,0,0.27240205,12498
CHEMBL10866,0,0.27240205,12499
CHEMBL27615,0,0.27240205,12500
CHEMBL32107,0,0.27240205,12501
CHEMBL41706,0,0.27240205,12502
CHEMBL37403,0,0.27240205,12503
CHEMBL610275,0,0.27240205,12504
CHEMBL12361,0,0.27237433,12505
CHEMBL38805,0,0.27226412,12506
CHEMBL12285,0,0.27226412,12507
CHEMBL16249,0,0.2721086,12508
CHEMBL43732,0,0.27206665,12509
CHEMBL20782,0,0.27204865,12510
CHEMBL10873,0,0.27195436,12511
CHEMBL18857,0,0.27195436,12512
CHEMBL21637,0,0.27190176,12513
CHEMBL4436006,0,0.27190176,12514
CHEMBL503237,0,0.27178878,12515
CHEMBL1213854,0,0.27178878,12516
CHEMBL8651,0,0.27178878,12517
CHEMBL4553174,0,0.27177495,12518
CHEMBL3310340,0,0.27177495,12519
CHEMBL3309782,0,0.27177495,12520
CHEMBL17565,0,0.27177495,12521
CHEMBL22232,0,0.27177495,12522
CHEMBL29808,0,0.27162528,12523
CHEMBL14350,0,0.27162528,12524
CHEMBL7945,0,0.27162528,12525
CHEMBL17120,0,0.27162528,12526
CHEMBL14340,0,0.27162528,12527
CHEMBL37740,0,0.27162528,12528
CHEMBL20745,0,0.27162528,12529
CHEMBL4436476,0,0.27162528,12530
CHEMBL20005,0,0.27162528,12531
CHEMBL538188,0,0.2716223,12532
CHEMBL9283,0,0.2715551,12533
CHEMBL19564,0,0.2715551,12534
CHEMBL655,0,0.27140376,12535
CHEMBL35544,0,0.27140376,12536
CHEMBL16533,0,0.27140376,12537
CHEMBL4435543,0,0.27140376,12538
CHEMBL35222,0,0.27140376,12539
CHEMBL33828,0,0.27140376,12540
CHEMBL35290,0,0.27140376,12541
CHEMBL21646,0,0.27140376,12542
CHEMBL33673,0,0.27140376,12543
CHEMBL25331,0,0.27140376,12544
CHEMBL35599,0,0.27140376,12545
CHEMBL28233,0,0.27140376,12546
CHEMBL33626,0,0.27140376,12547
CHEMBL6958,0,0.27140376,12548
CHEMBL23063,0,0.27140376,12549
CHEMBL32977,0,0.27140376,12550
CHEMBL16356,0,0.27140376,12551
CHEMBL25100,0,0.27140376,12552
CHEMBL23912,0,0.27140376,12553
CHEMBL37940,0,0.27140376,12554
CHEMBL538385,0,0.27140376,12555
CHEMBL37847,0,0.27140376,12556
CHEMBL26823,0,0.27140376,12557
CHEMBL8426,0,0.27140376,12558
CHEMBL33015,0,0.27140376,12559
CHEMBL9828,0,0.27140376,12560
CHEMBL34496,0,0.27140376,12561
CHEMBL12524,0,0.27140376,12562
CHEMBL15390,0,0.27140376,12563
CHEMBL21421,0,0.27140376,12564
CHEMBL10232,0,0.27140376,12565
CHEMBL4434666,0,0.27140376,12566
CHEMBL28651,0,0.27140376,12567
CHEMBL9603,0,0.27140376,12568
CHEMBL20401,0,0.27140376,12569
CHEMBL15412,0,0.27140376,12570
CHEMBL33129,0,0.27140376,12571
CHEMBL16817,0,0.27140376,12572
CHEMBL18315,0,0.27140376,12573
CHEMBL20406,0,0.27140376,12574
CHEMBL4543557,0,0.27140376,12575
CHEMBL12473,0,0.27140376,12576
CHEMBL12475,0,0.27140376,12577
CHEMBL6446,0,0.27140376,12578
CHEMBL13870,0,0.27140376,12579
CHEMBL33498,0,0.27140376,12580
CHEMBL9750,0,0.27140376,12581
CHEMBL39897,0,0.27140376,12582
CHEMBL10648,0,0.27140376,12583
CHEMBL4543511,0,0.27140376,12584
CHEMBL14676,0,0.27140376,12585
CHEMBL19280,0,0.27140376,12586
CHEMBL24318,0,0.27140376,12587
CHEMBL14618,0,0.27140376,12588
CHEMBL37685,0,0.27140376,12589
CHEMBL37603,0,0.27140376,12590
CHEMBL9130,0,0.27140376,12591
CHEMBL38175,0,0.27140376,12592
CHEMBL10801,0,0.27140376,12593
CHEMBL31331,0,0.27140376,12594
CHEMBL31324,0,0.27140376,12595
CHEMBL4116153,0,0.27140376,12596
CHEMBL23505,0,0.27140376,12597
CHEMBL31127,0,0.27140376,12598
CHEMBL40184,0,0.27140376,12599
CHEMBL40160,0,0.27140376,12600
CHEMBL4543417,0,0.27140376,12601
CHEMBL26848,0,0.27140376,12602
CHEMBL13714,0,0.27140376,12603
CHEMBL27155,0,0.27140376,12604
CHEMBL40055,0,0.27140376,12605
CHEMBL21378,0,0.27140376,12606
CHEMBL40557,0,0.27140376,12607
CHEMBL20342,0,0.27140376,12608
CHEMBL7353,0,0.27140376,12609
CHEMBL4435112,0,0.27140376,12610
CHEMBL18652,0,0.27140376,12611
CHEMBL40362,0,0.27140376,12612
CHEMBL39465,0,0.27140376,12613
CHEMBL4435805,0,0.27140376,12614
CHEMBL4436332,0,0.27140376,12615
CHEMBL41380,0,0.27140376,12616
CHEMBL6289,0,0.27140376,12617
CHEMBL31989,0,0.27140376,12618
CHEMBL26291,0,0.27140376,12619
CHEMBL23146,0,0.27140376,12620
CHEMBL28566,0,0.27140376,12621
CHEMBL3310780,0,0.27140376,12622
CHEMBL15296,0,0.27140376,12623
CHEMBL3310966,0,0.27140376,12624
CHEMBL4436121,0,0.27140376,12625
CHEMBL21394,0,0.27140376,12626
CHEMBL38375,0,0.27140376,12627
CHEMBL3309777,0,0.27140376,12628
CHEMBL27351,0,0.27140376,12629
CHEMBL14176,0,0.27140376,12630
CHEMBL1163437,0,0.27140376,12631
CHEMBL7261,0,0.27140376,12632
CHEMBL24667,0,0.27140376,12633
CHEMBL32040,0,0.27140376,12634
CHEMBL3310437,0,0.27140376,12635
CHEMBL36671,0,0.27140376,12636
CHEMBL36678,0,0.27140376,12637
CHEMBL12628,0,0.27140376,12638
CHEMBL26570,0,0.27140376,12639
CHEMBL29729,0,0.27140376,12640
CHEMBL13160,0,0.27140376,12641
CHEMBL28693,0,0.27140376,12642
CHEMBL27521,0,0.27140376,12643
CHEMBL20762,0,0.27140376,12644
CHEMBL23124,0,0.27140376,12645
CHEMBL9342,0,0.27140376,12646
CHEMBL15081,0,0.27140376,12647
CHEMBL9410,0,0.27140376,12648
CHEMBL28835,0,0.27140376,12649
CHEMBL15221,0,0.27140376,12650
CHEMBL1203252,0,0.27140376,12651
CHEMBL9353,0,0.27140376,12652
CHEMBL602514,0,0.27140376,12653
CHEMBL591201,0,0.27140376,12654
CHEMBL36908,0,0.27140376,12655
CHEMBL28871,0,0.27140376,12656
CHEMBL19156,0,0.27140376,12657
CHEMBL32393,0,0.27140376,12658
CHEMBL32680,0,0.27140376,12659
CHEMBL8911,0,0.27140376,12660
CHEMBL262664,0,0.27140376,12661
CHEMBL7279,0,0.27140376,12662
CHEMBL26450,0,0.27140376,12663
CHEMBL29616,0,0.27140376,12664
CHEMBL3310168,0,0.27140376,12665
CHEMBL11531,0,0.27140376,12666
CHEMBL17271,0,0.27140376,12667
CHEMBL16191,0,0.27140376,12668
CHEMBL34456,0,0.27140376,12669
CHEMBL32437,0,0.27140376,12670
CHEMBL14327,0,0.27140376,12671
CHEMBL8883,0,0.27140376,12672
CHEMBL8869,0,0.27140376,12673
CHEMBL16295,0,0.27140376,12674
CHEMBL34784,0,0.27140376,12675
CHEMBL11804,0,0.27140376,12676
CHEMBL27002,0,0.27140376,12677
CHEMBL13456,0,0.27140376,12678
CHEMBL8313,0,0.27140376,12679
CHEMBL6908,0,0.27140376,12680
CHEMBL6916,0,0.27140376,12681
CHEMBL10757,0,0.27140376,12682
CHEMBL30223,0,0.27140376,12683
CHEMBL34180,0,0.27140376,12684
CHEMBL19840,0,0.27140376,12685
CHEMBL9913,0,0.27140376,12686
CHEMBL16204,0,0.27140376,12687
CHEMBL16194,0,0.27140376,12688
CHEMBL16144,0,0.27140376,12689
CHEMBL16927,0,0.27138555,12690
CHEMBL14412,0,0.27135265,12691
CHEMBL11629,0,0.27135265,12692
CHEMBL20258,0,0.27134526,12693
CHEMBL10540,0,0.27134526,12694
CHEMBL39714,0,0.27134526,12695
CHEMBL1163553,0,0.27134526,12696
CHEMBL24918,0,0.27093387,12697
CHEMBL36867,0,0.27090877,12698
CHEMBL9893,0,0.27090877,12699
CHEMBL12778,0,0.27090877,12700
CHEMBL16978,0,0.27080595,12701
CHEMBL30404,0,0.27080595,12702
CHEMBL13306,0,0.27080595,12703
CHEMBL500269,0,0.27080595,12704
CHEMBL40644,0,0.27080595,12705
CHEMBL23883,0,0.2708019,12706
CHEMBL14684,0,0.2708019,12707
CHEMBL13668,0,0.2708019,12708
CHEMBL37371,0,0.2708019,12709
CHEMBL15009,0,0.2708019,12710
CHEMBL29593,0,0.27076733,12711
CHEMBL41331,0,0.2707599,12712
CHEMBL10428,0,0.2707599,12713
CHEMBL8744,0,0.2707599,12714
CHEMBL20464,0,0.2707599,12715
CHEMBL17375,0,0.2707599,12716
CHEMBL8178,0,0.2707599,12717
CHEMBL33471,0,0.2707599,12718
CHEMBL29935,0,0.27062964,12719
CHEMBL3309532,0,0.27056807,12720
CHEMBL34582,0,0.27056807,12721
CHEMBL4435371,0,0.27056807,12722
CHEMBL16534,0,0.2705479,12723
CHEMBL539442,0,0.2705226,12724
CHEMBL21469,0,0.27043346,12725
CHEMBL38794,0,0.27014044,12726
CHEMBL18643,0,0.27014044,12727
CHEMBL40313,0,0.26985878,12728
CHEMBL29785,0,0.26983154,12729
CHEMBL17843,0,0.26983154,12730
CHEMBL21566,0,0.26983154,12731
CHEMBL39072,0,0.2698286,12732
CHEMBL18891,0,0.2698286,12733
CHEMBL19942,0,0.2698286,12734
CHEMBL31834,0,0.2698286,12735
CHEMBL37352,0,0.26968652,12736
CHEMBL15377,0,0.26968184,12737
CHEMBL25457,0,0.26959896,12738
CHEMBL28136,0,0.26959896,12739
CHEMBL4116118,0,0.26959896,12740
CHEMBL36456,0,0.26955596,12741
CHEMBL1163381,0,0.26954964,12742
CHEMBL30349,0,0.269495,12743
CHEMBL23228,0,0.2694754,12744
CHEMBL39328,0,0.2694754,12745
CHEMBL4435081,0,0.26946464,12746
CHEMBL18642,0,0.26941112,12747
CHEMBL4435250,0,0.26930815,12748
CHEMBL38762,0,0.26930815,12749
CHEMBL32373,0,0.26930815,12750
CHEMBL28547,0,0.26930815,12751
CHEMBL9464,0,0.26930815,12752
CHEMBL13904,0,0.26930815,12753
CHEMBL4434971,0,0.26930815,12754
CHEMBL3309605,0,0.26930815,12755
CHEMBL22617,0,0.26930815,12756
CHEMBL1183295,0,0.26930815,12757
CHEMBL6967,0,0.26930815,12758
CHEMBL24550,0,0.26930106,12759
CHEMBL38668,0,0.26917392,12760
CHEMBL36273,0,0.26914078,12761
CHEMBL27534,0,0.26898354,12762
CHEMBL25249,0,0.26898354,12763
CHEMBL41208,0,0.2689317,12764
CHEMBL35738,0,0.2688745,12765
CHEMBL12294,0,0.2688745,12766
CHEMBL28735,0,0.2688745,12767
CHEMBL41460,0,0.2688387,12768
CHEMBL4543286,0,0.26870477,12769
CHEMBL33581,0,0.268612,12770
CHEMBL27946,0,0.26853943,12771
CHEMBL33931,0,0.26853943,12772
CHEMBL34667,0,0.26853943,12773
CHEMBL27841,0,0.2683971,12774
CHEMBL38001,0,0.26828206,12775
CHEMBL23380,0,0.26827663,12776
CHEMBL4436390,0,0.26821545,12777
CHEMBL17980,0,0.26811352,12778
CHEMBL42868,0,0.2680643,12779
CHEMBL17841,0,0.26804218,12780
CHEMBL18288,0,0.26804218,12781
CHEMBL36960,0,0.26804218,12782
CHEMBL13856,0,0.26803532,12783
CHEMBL479,0,0.268035,12784
CHEMBL39982,0,0.26795858,12785
CHEMBL13019,0,0.2678207,12786
CHEMBL22939,0,0.2678207,12787
CHEMBL22219,0,0.2678207,12788
CHEMBL41593,0,0.2678207,12789
CHEMBL4553695,0,0.2678207,12790
CHEMBL38982,0,0.2678207,12791
CHEMBL13202,0,0.2678207,12792
CHEMBL27680,0,0.2678207,12793
CHEMBL4435781,0,0.2678207,12794
CHEMBL35725,0,0.2678207,12795
CHEMBL13620,0,0.2678207,12796
CHEMBL6549,0,0.2678207,12797
CHEMBL4543338,0,0.2678207,12798
CHEMBL18423,0,0.2678207,12799
CHEMBL8194,0,0.2678207,12800
CHEMBL13697,0,0.2678207,12801
CHEMBL39689,0,0.2678207,12802
CHEMBL3309915,0,0.2678207,12803
CHEMBL4559977,0,0.2678207,12804
CHEMBL36834,0,0.2678207,12805
CHEMBL21319,0,0.2678207,12806
CHEMBL31000,0,0.2678207,12807
CHEMBL32035,0,0.2678207,12808
CHEMBL7153,0,0.2678207,12809
CHEMBL3310391,0,0.2678207,12810
CHEMBL41624,0,0.2678207,12811
CHEMBL41899,0,0.2678207,12812
CHEMBL14901,0,0.2678207,12813
CHEMBL32749,0,0.2678207,12814
CHEMBL29401,0,0.2678207,12815
CHEMBL546,0,0.2678207,12816
CHEMBL40672,0,0.2678207,12817
CHEMBL78,0,0.2678207,12818
CHEMBL39087,0,0.2678207,12819
CHEMBL36545,0,0.2678207,12820
CHEMBL23268,0,0.2678207,12821
CHEMBL23059,0,0.2678207,12822
CHEMBL34711,0,0.2678207,12823
CHEMBL21171,0,0.2678207,12824
CHEMBL3309467,0,0.2678207,12825
CHEMBL18479,0,0.2678207,12826
CHEMBL7580,0,0.2678207,12827
CHEMBL18838,0,0.2678207,12828
CHEMBL6630,0,0.26781115,12829
CHEMBL12304,0,0.26772803,12830
CHEMBL40044,0,0.26767054,12831
CHEMBL24206,0,0.26767054,12832
CHEMBL15748,0,0.26767054,12833
CHEMBL28205,0,0.26767054,12834
CHEMBL30110,0,0.2676389,12835
CHEMBL19757,0,0.2676389,12836
CHEMBL26094,0,0.2676389,12837
CHEMBL29806,0,0.2676389,12838
CHEMBL36706,0,0.2676389,12839
CHEMBL26683,0,0.2676389,12840
CHEMBL20860,0,0.2676389,12841
CHEMBL39374,0,0.2676389,12842
CHEMBL8577,0,0.2676389,12843
CHEMBL4543503,0,0.2676389,12844
CHEMBL28486,0,0.2676389,12845
CHEMBL33274,0,0.2676389,12846
CHEMBL7507,0,0.2676389,12847
CHEMBL16633,0,0.2676389,12848
CHEMBL10199,0,0.2676389,12849
CHEMBL26726,0,0.2676389,12850
CHEMBL16326,0,0.2676389,12851
CHEMBL6837,0,0.2676389,12852
CHEMBL34240,0,0.2676389,12853
CHEMBL37914,0,0.2676389,12854
CHEMBL14241,0,0.2676389,12855
CHEMBL27337,0,0.2676389,12856
CHEMBL42000,0,0.2676389,12857
CHEMBL29118,0,0.2676389,12858
CHEMBL30164,0,0.2676389,12859
CHEMBL28745,0,0.2676389,12860
CHEMBL33731,0,0.2676389,12861
CHEMBL30154,0,0.2676389,12862
CHEMBL38795,0,0.2676389,12863
CHEMBL29692,0,0.2676389,12864
CHEMBL37393,0,0.2676389,12865
CHEMBL1163199,0,0.2676389,12866
CHEMBL32878,0,0.2676389,12867
CHEMBL29335,0,0.2676389,12868
CHEMBL25156,0,0.2676389,12869
CHEMBL30766,0,0.2676389,12870
CHEMBL32655,0,0.2676389,12871
CHEMBL8840,0,0.2676389,12872
CHEMBL11605,0,0.2676389,12873
CHEMBL27019,0,0.2676389,12874
CHEMBL30604,0,0.2676389,12875
CHEMBL38283,0,0.2676389,12876
CHEMBL536883,0,0.2675675,12877
CHEMBL17338,0,0.2674291,12878
CHEMBL28366,0,0.26735458,12879
CHEMBL4435572,0,0.26723066,12880
CHEMBL26574,0,0.26721182,12881
CHEMBL38439,0,0.26699907,12882
CHEMBL19665,0,0.26699907,12883
CHEMBL10620,0,0.26696718,12884
CHEMBL39280,0,0.26679313,12885
CHEMBL21752,0,0.26677477,12886
CHEMBL839,0,0.26676396,12887
CHEMBL4553605,0,0.26675734,12888
CHEMBL33275,0,0.26675734,12889
CHEMBL29864,0,0.26675734,12890
CHEMBL7413,0,0.26675734,12891
CHEMBL13291,0,0.26675373,12892
CHEMBL23880,0,0.26630723,12893
CHEMBL26599,0,0.2661912,12894
CHEMBL10904,0,0.26611158,12895
CHEMBL28037,0,0.26611158,12896
CHEMBL40776,0,0.26600462,12897
CHEMBL32270,0,0.26592928,12898
CHEMBL504254,0,0.26585925,12899
CHEMBL13330,0,0.26562038,12900
CHEMBL20149,0,0.26562038,12901
CHEMBL34891,0,0.2654225,12902
CHEMBL10572,0,0.2654225,12903
CHEMBL41430,0,0.26535168,12904
CHEMBL17103,0,0.26535168,12905
CHEMBL16392,0,0.26523545,12906
CHEMBL20188,0,0.26523545,12907
CHEMBL29363,0,0.26507765,12908
CHEMBL40997,0,0.26502955,12909
CHEMBL16703,0,0.26500985,12910
CHEMBL15128,0,0.2648771,12911
CHEMBL15658,0,0.2647642,12912
CHEMBL18787,0,0.26467356,12913
CHEMBL4543550,0,0.26464283,12914
CHEMBL7886,0,0.26462153,12915
CHEMBL15740,0,0.2645967,12916
CHEMBL4116167,0,0.2645967,12917
CHEMBL6345,0,0.2645967,12918
CHEMBL16523,0,0.2645967,12919
CHEMBL20898,0,0.2645967,12920
CHEMBL4543488,0,0.2645967,12921
CHEMBL7417,0,0.2645967,12922
CHEMBL10091,0,0.2645967,12923
CHEMBL27060,0,0.2645967,12924
CHEMBL40229,0,0.2645967,12925
CHEMBL14022,0,0.2645967,12926
CHEMBL28920,0,0.2645967,12927
CHEMBL14954,0,0.2645967,12928
CHEMBL25912,0,0.2645967,12929
CHEMBL19570,0,0.2645967,12930
CHEMBL6843,0,0.2645967,12931
CHEMBL27975,0,0.2645967,12932
CHEMBL6584,0,0.2645967,12933
CHEMBL15997,0,0.26452613,12934
CHEMBL37905,0,0.26451904,12935
CHEMBL31691,0,0.2644481,12936
CHEMBL19670,0,0.26438817,12937
CHEMBL23520,0,0.26436046,12938
CHEMBL30877,0,0.26436046,12939
CHEMBL31162,0,0.264303,12940
CHEMBL8957,0,0.2639257,12941
CHEMBL11485,0,0.26379994,12942
CHEMBL23843,0,0.26379994,12943
CHEMBL37636,0,0.26379994,12944
CHEMBL28134,0,0.26379994,12945
CHEMBL9765,0,0.26379994,12946
CHEMBL9630,0,0.26379994,12947
CHEMBL15365,0,0.26379994,12948
CHEMBL10637,0,0.26379994,12949
CHEMBL29216,0,0.26379994,12950
CHEMBL9772,0,0.26379994,12951
CHEMBL19145,0,0.26379994,12952
CHEMBL33212,0,0.263756,12953
CHEMBL1222975,0,0.26366797,12954
CHEMBL37123,0,0.26366797,12955
CHEMBL39898,0,0.26366797,12956
CHEMBL41440,0,0.26358548,12957
CHEMBL4436150,0,0.26351562,12958
CHEMBL3310392,0,0.26351562,12959
CHEMBL498861,0,0.26351562,12960
CHEMBL29575,0,0.26351562,12961
CHEMBL20518,0,0.26351562,12962
CHEMBL38068,0,0.26351562,12963
CHEMBL23572,0,0.26351562,12964
CHEMBL30730,0,0.26351562,12965
CHEMBL18645,0,0.26351562,12966
CHEMBL12335,0,0.26351562,12967
CHEMBL27041,0,0.26351562,12968
CHEMBL30306,0,0.26351562,12969
CHEMBL7555,0,0.26351562,12970
CHEMBL30390,0,0.26351562,12971
CHEMBL13002,0,0.26351562,12972
CHEMBL3309613,0,0.26351562,12973
CHEMBL11631,0,0.26351562,12974
CHEMBL42779,0,0.26351562,12975
CHEMBL11511,0,0.26351562,12976
CHEMBL41856,0,0.26351562,12977
CHEMBL8306,0,0.26351562,12978
CHEMBL33784,0,0.26351562,12979
CHEMBL13310,0,0.26351562,12980
CHEMBL23266,0,0.26351562,12981
CHEMBL8261,0,0.26351562,12982
CHEMBL26468,0,0.26351562,12983
CHEMBL28748,0,0.26351562,12984
CHEMBL25791,0,0.26351562,12985
CHEMBL36872,0,0.26351562,12986
CHEMBL32485,0,0.26351562,12987
CHEMBL36396,0,0.26351562,12988
CHEMBL26530,0,0.26351562,12989
CHEMBL13954,0,0.26351562,12990
CHEMBL10636,0,0.26351562,12991
CHEMBL9553,0,0.26351562,12992
CHEMBL1163449,0,0.26351562,12993
CHEMBL4434671,0,0.26351562,12994
CHEMBL31572,0,0.26351562,12995
CHEMBL1077276,0,0.26351562,12996
CHEMBL31473,0,0.26351562,12997
CHEMBL6314,0,0.26351562,12998
CHEMBL33368,0,0.26351562,12999
CHEMBL36171,0,0.26351562,13000
CHEMBL36245,0,0.26351562,13001
CHEMBL31410,0,0.26351562,13002
CHEMBL7617,0,0.26351562,13003
CHEMBL6543,0,0.26351562,13004
CHEMBL4435120,0,0.26351562,13005
CHEMBL1171471,0,0.26351562,13006
CHEMBL28050,0,0.26351562,13007
CHEMBL34913,0,0.26351562,13008
CHEMBL32952,0,0.26351562,13009
CHEMBL25036,0,0.26351562,13010
CHEMBL19832,0,0.26350936,13011
CHEMBL28169,0,0.26350936,13012
CHEMBL20760,0,0.26343387,13013
CHEMBL40387,0,0.26330563,13014
CHEMBL39911,0,0.2632763,13015
CHEMBL18472,0,0.26320714,13016
CHEMBL4435796,0,0.2628925,13017
CHEMBL581501,0,0.2626616,13018
CHEMBL31479,0,0.2626148,13019
CHEMBL31685,0,0.2626148,13020
CHEMBL38851,0,0.2626148,13021
CHEMBL19696,0,0.2626148,13022
CHEMBL4435281,0,0.2626148,13023
CHEMBL10495,0,0.2626148,13024
CHEMBL33082,0,0.2626148,13025
CHEMBL7559,0,0.2626148,13026
CHEMBL7874,0,0.2626148,13027
CHEMBL29028,0,0.2626148,13028
CHEMBL560,0,0.2626148,13029
CHEMBL17117,0,0.2626148,13030
CHEMBL8824,0,0.2626148,13031
CHEMBL10642,0,0.2626148,13032
CHEMBL31946,0,0.2626148,13033
CHEMBL19472,0,0.2626148,13034
CHEMBL14114,0,0.2626148,13035
CHEMBL19497,0,0.2626148,13036
CHEMBL37257,0,0.2625445,13037
CHEMBL13735,0,0.2625445,13038
CHEMBL35848,0,0.2625445,13039
CHEMBL34018,0,0.2625445,13040
CHEMBL19741,0,0.2625445,13041
CHEMBL33305,0,0.2625445,13042
CHEMBL12497,0,0.2625445,13043
CHEMBL39381,0,0.2625445,13044
CHEMBL37567,0,0.2625445,13045
CHEMBL6374,0,0.2625445,13046
CHEMBL37723,0,0.26250193,13047
CHEMBL15565,0,0.26250193,13048
CHEMBL6234,0,0.26250193,13049
CHEMBL4434952,0,0.26215562,13050
CHEMBL32245,0,0.26202622,13051
CHEMBL3309691,0,0.26183674,13052
CHEMBL4543507,0,0.26183674,13053
CHEMBL41178,0,0.2617489,13054
CHEMBL20844,0,0.2617489,13055
CHEMBL3309625,0,0.2617489,13056
CHEMBL28040,0,0.2617489,13057
CHEMBL14229,0,0.26161894,13058
CHEMBL6365,0,0.26160103,13059
CHEMBL24205,0,0.26160103,13060
CHEMBL34495,0,0.26160103,13061
CHEMBL14993,0,0.26160103,13062
CHEMBL3310397,0,0.26160103,13063
CHEMBL7743,0,0.26160103,13064
CHEMBL28849,0,0.26160103,13065
CHEMBL12665,0,0.26160103,13066
CHEMBL16278,0,0.26160103,13067
CHEMBL601070,0,0.26160103,13068
CHEMBL15152,0,0.26160103,13069
CHEMBL29048,0,0.26160103,13070
CHEMBL19086,0,0.26160103,13071
CHEMBL41623,0,0.26160103,13072
CHEMBL35735,0,0.26160103,13073
CHEMBL13111,0,0.26160103,13074
CHEMBL35024,0,0.26160103,13075
CHEMBL24400,0,0.26160103,13076
CHEMBL29531,0,0.26160103,13077
CHEMBL11270,0,0.26160103,13078
CHEMBL37814,0,0.26160103,13079
CHEMBL6517,0,0.26160103,13080
CHEMBL42395,0,0.26160103,13081
CHEMBL32907,0,0.26160103,13082
CHEMBL38089,0,0.26160103,13083
CHEMBL7241,0,0.26160103,13084
CHEMBL32894,0,0.26160103,13085
CHEMBL25982,0,0.26160103,13086
CHEMBL10905,0,0.26160103,13087
CHEMBL24785,0,0.26160103,13088
CHEMBL15545,0,0.26160103,13089
CHEMBL9079,0,0.26160103,13090
CHEMBL29012,0,0.26160103,13091
CHEMBL26034,0,0.26160103,13092
CHEMBL43685,0,0.26160103,13093
CHEMBL29774,0,0.26160103,13094
CHEMBL29839,0,0.26160103,13095
CHEMBL40699,0,0.26160103,13096
CHEMBL4436582,0,0.26160103,13097
CHEMBL739,0,0.26160103,13098
CHEMBL18912,0,0.26160103,13099
CHEMBL15333,0,0.26160103,13100
CHEMBL7508,0,0.26160103,13101
CHEMBL34327,0,0.26160103,13102
CHEMBL28487,0,0.26160103,13103
CHEMBL28494,0,0.26160103,13104
CHEMBL34716,0,0.26160103,13105
CHEMBL7511,0,0.26160103,13106
CHEMBL13140,0,0.26160103,13107
CHEMBL18544,0,0.26160103,13108
CHEMBL8543,0,0.26160103,13109
CHEMBL1163523,0,0.26160103,13110
CHEMBL18484,0,0.26160103,13111
CHEMBL23465,0,0.26160103,13112
CHEMBL40260,0,0.26160103,13113
CHEMBL23515,0,0.26160103,13114
CHEMBL40408,0,0.26160103,13115
CHEMBL40371,0,0.26160103,13116
CHEMBL21765,0,0.26160103,13117
CHEMBL6304,0,0.26160103,13118
CHEMBL28664,0,0.26160103,13119
CHEMBL10848,0,0.26160103,13120
CHEMBL15342,0,0.26160103,13121
CHEMBL36387,0,0.26160103,13122
CHEMBL18796,0,0.26160103,13123
CHEMBL41077,0,0.26160103,13124
CHEMBL41153,0,0.26160103,13125
CHEMBL26520,0,0.26160103,13126
CHEMBL6576,0,0.26160103,13127
CHEMBL10173,0,0.26160103,13128
CHEMBL10171,0,0.26160103,13129
CHEMBL39242,0,0.26160103,13130
CHEMBL8806,0,0.26160103,13131
CHEMBL25292,0,0.26160103,13132
CHEMBL24015,0,0.26152068,13133
CHEMBL37696,0,0.26137808,13134
CHEMBL1170815,0,0.2611635,13135
CHEMBL4543292,0,0.2611635,13136
CHEMBL31166,0,0.26112115,13137
CHEMBL4436591,0,0.2608997,13138
CHEMBL24584,0,0.2608272,13139
CHEMBL27092,0,0.26081187,13140
CHEMBL9500,0,0.26080582,13141
CHEMBL11002,0,0.26077846,13142
CHEMBL19997,0,0.26077846,13143
CHEMBL41374,0,0.26071408,13144
CHEMBL4434955,0,0.2604817,13145
CHEMBL36626,0,0.2604817,13146
CHEMBL10050,0,0.2604817,13147
CHEMBL17201,0,0.2604817,13148
CHEMBL25857,0,0.2604817,13149
CHEMBL29279,0,0.2604817,13150
CHEMBL4436083,0,0.2604817,13151
CHEMBL24390,0,0.2604817,13152
CHEMBL38205,0,0.2604817,13153
CHEMBL13008,0,0.2604817,13154
CHEMBL35787,0,0.2604817,13155
CHEMBL22328,0,0.2604817,13156
CHEMBL28975,0,0.2604817,13157
CHEMBL10891,0,0.2604817,13158
CHEMBL24448,0,0.2604817,13159
CHEMBL1188172,0,0.2604817,13160
CHEMBL40788,0,0.2604817,13161
CHEMBL27219,0,0.2604817,13162
CHEMBL40375,0,0.2604817,13163
CHEMBL3311526,0,0.2604817,13164
CHEMBL33763,0,0.2604817,13165
CHEMBL4543452,0,0.2604817,13166
CHEMBL39440,0,0.2604817,13167
CHEMBL38455,0,0.2604817,13168
CHEMBL39668,0,0.2604817,13169
CHEMBL31948,0,0.2604817,13170
CHEMBL32332,0,0.2604817,13171
CHEMBL41563,0,0.2604817,13172
CHEMBL571523,0,0.2604817,13173
CHEMBL27999,0,0.2604817,13174
CHEMBL17123,0,0.2604817,13175
CHEMBL12332,0,0.2604817,13176
CHEMBL40431,0,0.2604817,13177
CHEMBL4435138,0,0.26038143,13178
CHEMBL22012,0,0.26037675,13179
CHEMBL40712,0,0.26020914,13180
CHEMBL11224,0,0.2600591,13181
CHEMBL25610,0,0.2600591,13182
CHEMBL13204,0,0.26002097,13183
CHEMBL36101,0,0.25993347,13184
CHEMBL40869,0,0.25986844,13185
CHEMBL39710,0,0.25984883,13186
CHEMBL3310039,0,0.2596314,13187
CHEMBL4436548,0,0.25956953,13188
CHEMBL11188,0,0.25956953,13189
CHEMBL6717,0,0.25952408,13190
CHEMBL26116,0,0.25952408,13191
CHEMBL15781,0,0.259309,13192
CHEMBL8631,0,0.259309,13193
CHEMBL8512,0,0.259309,13194
CHEMBL16434,0,0.259309,13195
CHEMBL35450,0,0.259309,13196
CHEMBL4434961,0,0.259309,13197
CHEMBL12958,0,0.259309,13198
CHEMBL32912,0,0.259309,13199
CHEMBL14034,0,0.259309,13200
CHEMBL36583,0,0.25920734,13201
CHEMBL4436014,0,0.25908354,13202
CHEMBL14067,0,0.2589371,13203
CHEMBL131,0,0.25882137,13204
CHEMBL12107,0,0.25879773,13205
CHEMBL18236,0,0.25879773,13206
CHEMBL18168,0,0.2587665,13207
CHEMBL4436546,0,0.25874734,13208
CHEMBL549128,0,0.25872812,13209
CHEMBL576313,0,0.258658,13210
CHEMBL1077272,0,0.258658,13211
CHEMBL14590,0,0.258658,13212
CHEMBL9836,0,0.25856826,13213
CHEMBL13495,0,0.25856826,13214
CHEMBL4435843,0,0.25854886,13215
CHEMBL32465,0,0.2585244,13216
CHEMBL22356,0,0.25850576,13217
CHEMBL11550,0,0.25849524,13218
CHEMBL17045,0,0.25844613,13219
CHEMBL578763,0,0.25844613,13220
CHEMBL36802,0,0.25844613,13221
CHEMBL20134,0,0.25844613,13222
CHEMBL29591,0,0.25844613,13223
CHEMBL41655,0,0.25844613,13224
CHEMBL13027,0,0.25844613,13225
CHEMBL8966,0,0.25844613,13226
CHEMBL29475,0,0.25844613,13227
CHEMBL14546,0,0.25844613,13228
CHEMBL20600,0,0.25844613,13229
CHEMBL32494,0,0.25844613,13230
CHEMBL14616,0,0.25844613,13231
CHEMBL35815,0,0.25844613,13232
CHEMBL26304,0,0.25844613,13233
CHEMBL32723,0,0.25844613,13234
CHEMBL32703,0,0.25844613,13235
CHEMBL4435951,0,0.25844613,13236
CHEMBL4436130,0,0.25844613,13237
CHEMBL22966,0,0.25844613,13238
CHEMBL3309722,0,0.25844613,13239
CHEMBL15511,0,0.25844613,13240
CHEMBL15087,0,0.25844613,13241
CHEMBL14710,0,0.25844613,13242
CHEMBL15077,0,0.25844613,13243
CHEMBL3309942,0,0.25844613,13244
CHEMBL28723,0,0.25844613,13245
CHEMBL36887,0,0.25844613,13246
CHEMBL17193,0,0.25844613,13247
CHEMBL11478,0,0.25844613,13248
CHEMBL1091763,0,0.25844613,13249
CHEMBL38765,0,0.25844613,13250
CHEMBL10610,0,0.25844613,13251
CHEMBL39013,0,0.25844613,13252
CHEMBL18320,0,0.25844613,13253
CHEMBL29683,0,0.25844613,13254
CHEMBL39947,0,0.25844613,13255
CHEMBL3142657,0,0.25844613,13256
CHEMBL13566,0,0.25844613,13257
CHEMBL25275,0,0.25844613,13258
CHEMBL20402,0,0.25844613,13259
CHEMBL8625,0,0.25844613,13260
CHEMBL39491,0,0.25844613,13261
CHEMBL38473,0,0.25844613,13262
CHEMBL7290,0,0.25844613,13263
CHEMBL33655,0,0.25844613,13264
CHEMBL39127,0,0.25844613,13265
CHEMBL39048,0,0.25844613,13266
CHEMBL31503,0,0.25844613,13267
CHEMBL29732,0,0.25844613,13268
CHEMBL29877,0,0.25844613,13269
CHEMBL4436490,0,0.25844613,13270
CHEMBL8218,0,0.25844613,13271
CHEMBL6725,0,0.25844613,13272
CHEMBL30071,0,0.25844613,13273
CHEMBL35296,0,0.25844613,13274
CHEMBL40690,0,0.25844613,13275
CHEMBL13520,0,0.25844613,13276
CHEMBL40479,0,0.25844613,13277
CHEMBL29847,0,0.25844613,13278
CHEMBL13182,0,0.25844613,13279
CHEMBL4434683,0,0.25844613,13280
CHEMBL9799,0,0.25844613,13281
CHEMBL28682,0,0.25844613,13282
CHEMBL152893,0,0.25844613,13283
CHEMBL709,0,0.25844613,13284
CHEMBL15438,0,0.25844613,13285
CHEMBL26012,0,0.25799534,13286
CHEMBL8103,0,0.25799534,13287
CHEMBL4553713,0,0.257903,13288
CHEMBL11138,0,0.25775623,13289
CHEMBL38605,0,0.2577262,13290
CHEMBL3310404,0,0.2577262,13291
CHEMBL32538,0,0.2577262,13292
CHEMBL35442,0,0.25770426,13293
CHEMBL14222,0,0.2576849,13294
CHEMBL3311310,0,0.25765845,13295
CHEMBL38560,0,0.2576249,13296
CHEMBL10009,0,0.25747216,13297
CHEMBL15730,0,0.25719392,13298
CHEMBL27729,0,0.2571333,13299
CHEMBL10035,0,0.25700977,13300
CHEMBL39715,0,0.25693187,13301
CHEMBL13280,0,0.25672683,13302
CHEMBL13601,0,0.25670293,13303
CHEMBL16997,0,0.25670293,13304
CHEMBL4435323,0,0.25652575,13305
CHEMBL572999,0,0.25652575,13306
CHEMBL11364,0,0.25652575,13307
CHEMBL26771,0,0.25652575,13308
CHEMBL27666,0,0.25652575,13309
CHEMBL23110,0,0.2564567,13310
CHEMBL3311084,0,0.2563523,13311
CHEMBL28630,0,0.2563523,13312
CHEMBL16945,0,0.2563523,13313
CHEMBL25171,0,0.2563523,13314
CHEMBL35264,0,0.2563523,13315
CHEMBL22467,0,0.2563523,13316
CHEMBL31463,0,0.2563523,13317
CHEMBL18540,0,0.2563523,13318
CHEMBL1172222,0,0.2563523,13319
CHEMBL18541,0,0.2563523,13320
CHEMBL25104,0,0.2563523,13321
CHEMBL40632,0,0.2563523,13322
CHEMBL13304,0,0.2563523,13323
CHEMBL14384,0,0.2563523,13324
CHEMBL14467,0,0.2563523,13325
CHEMBL38251,0,0.2563523,13326
CHEMBL38129,0,0.2563523,13327
CHEMBL32161,0,0.2563523,13328
CHEMBL13988,0,0.2563523,13329
CHEMBL14379,0,0.2563523,13330
CHEMBL33549,0,0.2563523,13331
CHEMBL31921,0,0.2563523,13332
CHEMBL10796,0,0.2563523,13333
CHEMBL19266,0,0.2563523,13334
CHEMBL33094,0,0.2563523,13335
CHEMBL17770,0,0.2563523,13336
CHEMBL27396,0,0.2563523,13337
CHEMBL1162204,0,0.2563523,13338
CHEMBL33089,0,0.2563523,13339
CHEMBL15020,0,0.2563523,13340
CHEMBL25842,0,0.2563523,13341
CHEMBL17316,0,0.2563523,13342
CHEMBL3309584,0,0.2563523,13343
CHEMBL25381,0,0.2563523,13344
CHEMBL16050,0,0.2563523,13345
CHEMBL17152,0,0.2563523,13346
CHEMBL14978,0,0.2563523,13347
CHEMBL21570,0,0.2563523,13348
CHEMBL27506,0,0.2563523,13349
CHEMBL36064,0,0.2563523,13350
CHEMBL43672,0,0.2563523,13351
CHEMBL22618,0,0.2563523,13352
CHEMBL24100,0,0.2563523,13353
CHEMBL16804,0,0.2563523,13354
CHEMBL16806,0,0.2563523,13355
CHEMBL28377,0,0.2563387,13356
CHEMBL32474,0,0.25626004,13357
CHEMBL31241,0,0.25624433,13358
CHEMBL16257,0,0.25624433,13359
CHEMBL4543294,0,0.25624433,13360
CHEMBL4435065,0,0.25624433,13361
CHEMBL3309387,0,0.25624433,13362
CHEMBL23867,0,0.25624433,13363
CHEMBL19152,0,0.2562005,13364
CHEMBL15755,0,0.2561037,13365
CHEMBL28838,0,0.2561037,13366
CHEMBL4543307,0,0.2561037,13367
CHEMBL164449,0,0.2561037,13368
CHEMBL10167,0,0.2561037,13369
CHEMBL19159,0,0.2561037,13370
CHEMBL572203,0,0.2561037,13371
CHEMBL22603,0,0.2561037,13372
CHEMBL19332,0,0.25607303,13373
CHEMBL12062,0,0.25606567,13374
CHEMBL37258,0,0.25600463,13375
CHEMBL12834,0,0.2559888,13376
CHEMBL17659,0,0.2559888,13377
CHEMBL9085,0,0.2559888,13378
CHEMBL16227,0,0.2559805,13379
CHEMBL4435815,0,0.2559805,13380
CHEMBL4436157,0,0.25590357,13381
CHEMBL18528,0,0.2557868,13382
CHEMBL41504,0,0.25568506,13383
CHEMBL3310177,0,0.2552409,13384
CHEMBL31665,0,0.25511587,13385
CHEMBL9532,0,0.25510618,13386
CHEMBL547542,0,0.25510618,13387
CHEMBL14555,0,0.25510618,13388
CHEMBL30728,0,0.25510618,13389
CHEMBL8507,0,0.25510618,13390
CHEMBL24271,0,0.25510618,13391
CHEMBL14213,0,0.25510618,13392
CHEMBL3309921,0,0.25508833,13393
CHEMBL24172,0,0.25508833,13394
CHEMBL35189,0,0.25508833,13395
CHEMBL14500,0,0.25496048,13396
CHEMBL16967,0,0.25496048,13397
CHEMBL6431,0,0.25496048,13398
CHEMBL27115,0,0.25494197,13399
CHEMBL17012,0,0.2546228,13400
CHEMBL503469,0,0.25439373,13401
CHEMBL31582,0,0.25439373,13402
CHEMBL4116129,0,0.25439373,13403
CHEMBL6294,0,0.25439373,13404
CHEMBL35977,0,0.25439373,13405
CHEMBL25126,0,0.25435364,13406
CHEMBL10242,0,0.25435364,13407
CHEMBL34876,0,0.25435364,13408
CHEMBL1075638,0,0.25428525,13409
CHEMBL4436179,0,0.25428525,13410
CHEMBL14457,0,0.25428525,13411
CHEMBL4435581,0,0.25428525,13412
CHEMBL1186335,0,0.25424376,13413
CHEMBL11568,0,0.25424376,13414
CHEMBL22806,0,0.25424376,13415
CHEMBL26906,0,0.25424376,13416
CHEMBL22588,0,0.25424376,13417
CHEMBL22809,0,0.25424376,13418
CHEMBL21008,0,0.25424376,13419
CHEMBL33185,0,0.25424376,13420
CHEMBL3310129,0,0.25424376,13421
CHEMBL13355,0,0.25419223,13422
CHEMBL27247,0,0.25419223,13423
CHEMBL40636,0,0.25419223,13424
CHEMBL40912,0,0.25419223,13425
CHEMBL39811,0,0.25414306,13426
CHEMBL20632,0,0.25414306,13427
CHEMBL20787,0,0.2540835,13428
CHEMBL30564,0,0.2540835,13429
CHEMBL3347315,0,0.25394344,13430
CHEMBL20330,0,0.2539058,13431
CHEMBL33012,0,0.2539058,13432
CHEMBL17194,0,0.2539058,13433
CHEMBL29559,0,0.2539058,13434
CHEMBL41957,0,0.2539058,13435
CHEMBL27297,0,0.2539058,13436
CHEMBL27647,0,0.2539058,13437
CHEMBL39304,0,0.2539058,13438
CHEMBL4116158,0,0.2539058,13439
CHEMBL34650,0,0.2539058,13440
CHEMBL7621,0,0.25385427,13441
CHEMBL32757,0,0.25385427,13442
CHEMBL36030,0,0.25380915,13443
CHEMBL12346,0,0.25360465,13444
CHEMBL10089,0,0.25352323,13445
CHEMBL31630,0,0.25346547,13446
CHEMBL3310061,0,0.2533121,13447
CHEMBL29892,0,0.25323534,13448
CHEMBL10767,0,0.25313777,13449
CHEMBL3311327,0,0.25302678,13450
CHEMBL6223,0,0.25290215,13451
CHEMBL29061,0,0.25290215,13452
CHEMBL11190,0,0.25288036,13453
CHEMBL18779,0,0.25288036,13454
CHEMBL31285,0,0.25284368,13455
CHEMBL25180,0,0.2528405,13456
CHEMBL22493,0,0.25280127,13457
CHEMBL4435212,0,0.25271955,13458
CHEMBL38920,0,0.25245324,13459
CHEMBL12176,0,0.2524111,13460
CHEMBL41367,0,0.2524111,13461
CHEMBL28043,0,0.2524111,13462
CHEMBL34398,0,0.2524111,13463
CHEMBL37771,0,0.2524111,13464
CHEMBL26697,0,0.2524111,13465
CHEMBL29017,0,0.2524111,13466
CHEMBL29810,0,0.2524111,13467
CHEMBL10531,0,0.2524111,13468
CHEMBL26423,0,0.2524111,13469
CHEMBL24237,0,0.2524111,13470
CHEMBL30752,0,0.2524111,13471
CHEMBL29767,0,0.2524111,13472
CHEMBL21314,0,0.2524111,13473
CHEMBL40392,0,0.2524111,13474
CHEMBL22930,0,0.25229958,13475
CHEMBL8381,0,0.25215402,13476
CHEMBL40878,0,0.25210428,13477
CHEMBL3309507,0,0.25184122,13478
CHEMBL10477,0,0.2517232,13479
CHEMBL21255,0,0.251623,13480
CHEMBL4435079,0,0.25159854,13481
CHEMBL22483,0,0.25146523,13482
CHEMBL38739,0,0.25132525,13483
CHEMBL11771,0,0.25132525,13484
CHEMBL38009,0,0.25132525,13485
CHEMBL7449,0,0.25132525,13486
CHEMBL40384,0,0.25132525,13487
CHEMBL7539,0,0.25132525,13488
CHEMBL11289,0,0.25132525,13489
CHEMBL43760,0,0.25132525,13490
CHEMBL11838,0,0.25132525,13491
CHEMBL21589,0,0.25132525,13492
CHEMBL3310641,0,0.25132525,13493
CHEMBL33416,0,0.25132525,13494
CHEMBL1188238,0,0.25132525,13495
CHEMBL10397,0,0.25132525,13496
CHEMBL20727,0,0.25132525,13497
CHEMBL39712,0,0.25132525,13498
CHEMBL29547,0,0.25132525,13499
CHEMBL16950,0,0.25132525,13500
CHEMBL22499,0,0.25132525,13501
CHEMBL14753,0,0.25132525,13502
CHEMBL7466,0,0.25132525,13503
CHEMBL19110,0,0.25132525,13504
CHEMBL23853,0,0.25132525,13505
CHEMBL29269,0,0.25132525,13506
CHEMBL36852,0,0.25132525,13507
CHEMBL41631,0,0.25132525,13508
CHEMBL25081,0,0.25132525,13509
CHEMBL19211,0,0.25132525,13510
CHEMBL18517,0,0.25132525,13511
CHEMBL25837,0,0.25132525,13512
CHEMBL31873,0,0.25132525,13513
CHEMBL4435857,0,0.25132525,13514
CHEMBL503376,0,0.25132525,13515
CHEMBL14201,0,0.2512886,13516
CHEMBL24475,0,0.2512886,13517
CHEMBL20810,0,0.2510606,13518
CHEMBL3311244,0,0.25099277,13519
CHEMBL28373,0,0.25080943,13520
CHEMBL9243,0,0.25067872,13521
CHEMBL574253,0,0.2506262,13522
CHEMBL28172,0,0.2503967,13523
CHEMBL4434956,0,0.2503967,13524
CHEMBL21975,0,0.25037074,13525
CHEMBL18371,0,0.25030187,13526
CHEMBL15518,0,0.25030187,13527
CHEMBL30923,0,0.25030187,13528
CHEMBL9064,0,0.2502675,13529
CHEMBL557380,0,0.25021416,13530
CHEMBL17833,0,0.2501541,13531
CHEMBL29815,0,0.2501372,13532
CHEMBL36149,0,0.24990074,13533
CHEMBL36294,0,0.24990074,13534
CHEMBL27501,0,0.24989264,13535
CHEMBL22679,0,0.24987993,13536
CHEMBL3310345,0,0.24987993,13537
CHEMBL9425,0,0.24987993,13538
CHEMBL27081,0,0.24987993,13539
CHEMBL3309781,0,0.24987993,13540
CHEMBL24741,0,0.24987993,13541
CHEMBL41436,0,0.24971142,13542
CHEMBL26036,0,0.24971142,13543
CHEMBL4435546,0,0.24969564,13544
CHEMBL39971,0,0.24969564,13545
CHEMBL34805,0,0.24969284,13546
CHEMBL32563,0,0.24958988,13547
CHEMBL13759,0,0.24957211,13548
CHEMBL9552,0,0.24957211,13549
CHEMBL4436433,0,0.24952644,13550
CHEMBL28067,0,0.24952644,13551
CHEMBL8418,0,0.24952644,13552
CHEMBL500308,0,0.24952644,13553
CHEMBL27938,0,0.2495024,13554
CHEMBL35482,0,0.2495024,13555
CHEMBL11308,0,0.2495024,13556
CHEMBL39571,0,0.2494897,13557
CHEMBL31937,0,0.2494529,13558
CHEMBL32212,0,0.24941309,13559
CHEMBL6544,0,0.24937266,13560
CHEMBL14992,0,0.2493003,13561
CHEMBL38845,0,0.2492933,13562
CHEMBL24653,0,0.24909903,13563
CHEMBL18394,0,0.24909078,13564
CHEMBL9237,0,0.24895594,13565
CHEMBL13331,0,0.24895594,13566
CHEMBL24672,0,0.24895594,13567
CHEMBL10580,0,0.24892302,13568
CHEMBL40768,0,0.24890348,13569
CHEMBL38934,0,0.24887678,13570
CHEMBL18689,0,0.24884734,13571
CHEMBL12850,0,0.24877921,13572
CHEMBL29120,0,0.24877921,13573
CHEMBL3309655,0,0.24877921,13574
CHEMBL17145,0,0.24877921,13575
CHEMBL34628,0,0.24877244,13576
CHEMBL29849,0,0.24866682,13577
CHEMBL22859,0,0.2486506,13578
CHEMBL37350,0,0.2486506,13579
CHEMBL36552,0,0.24854955,13580
CHEMBL20298,0,0.24854955,13581
CHEMBL574221,0,0.24854955,13582
CHEMBL39503,0,0.24854955,13583
CHEMBL6621,0,0.24854955,13584
CHEMBL13298,0,0.24854955,13585
CHEMBL33640,0,0.24854955,13586
CHEMBL30874,0,0.24854955,13587
CHEMBL31527,0,0.24847178,13588
CHEMBL9539,0,0.2482491,13589
CHEMBL9658,0,0.2482491,13590
CHEMBL21026,0,0.24823602,13591
CHEMBL4435990,0,0.24817386,13592
CHEMBL15637,0,0.24795718,13593
CHEMBL42531,0,0.24780923,13594
CHEMBL19297,0,0.24762407,13595
CHEMBL24874,0,0.24757984,13596
CHEMBL35019,0,0.24751459,13597
CHEMBL21532,0,0.24751459,13598
CHEMBL21681,0,0.24751459,13599
CHEMBL4436555,0,0.24751459,13600
CHEMBL4543172,0,0.24751459,13601
CHEMBL40319,0,0.24728297,13602
CHEMBL37148,0,0.24710803,13603
CHEMBL3310089,0,0.24710803,13604
CHEMBL9597,0,0.24710803,13605
CHEMBL21845,0,0.24710803,13606
CHEMBL20483,0,0.24710803,13607
CHEMBL4436400,0,0.24710803,13608
CHEMBL36656,0,0.24710803,13609
CHEMBL37203,0,0.24710803,13610
CHEMBL28631,0,0.24710803,13611
CHEMBL31030,0,0.24710803,13612
CHEMBL1077303,0,0.24710803,13613
CHEMBL539151,0,0.24710803,13614
CHEMBL25924,0,0.24710803,13615
CHEMBL9645,0,0.24710803,13616
CHEMBL6335,0,0.24710803,13617
CHEMBL265024,0,0.24701576,13618
CHEMBL25991,0,0.24701576,13619
CHEMBL22772,0,0.24701576,13620
CHEMBL10782,0,0.24701576,13621
CHEMBL20019,0,0.24697664,13622
CHEMBL4543388,0,0.24693087,13623
CHEMBL33695,0,0.24693087,13624
CHEMBL4553175,0,0.24676609,13625
CHEMBL4435635,0,0.24676609,13626
CHEMBL22689,0,0.24661484,13627
CHEMBL13589,0,0.24649896,13628
CHEMBL40660,0,0.24649453,13629
CHEMBL37559,0,0.24645603,13630
CHEMBL40825,0,0.24641861,13631
CHEMBL29383,0,0.24641456,13632
CHEMBL30794,0,0.24641317,13633
CHEMBL16135,0,0.24632755,13634
CHEMBL40830,0,0.2462914,13635
CHEMBL13820,0,0.2462914,13636
CHEMBL9261,0,0.24617064,13637
CHEMBL32552,0,0.24610618,13638
CHEMBL27926,0,0.24607615,13639
CHEMBL17137,0,0.24603002,13640
CHEMBL22714,0,0.24603002,13641
CHEMBL8000,0,0.24601345,13642
CHEMBL40564,0,0.24595378,13643
CHEMBL4303787,0,0.2458828,13644
CHEMBL32219,0,0.24586679,13645
CHEMBL18307,0,0.24586019,13646
CHEMBL33494,0,0.24556907,13647
CHEMBL10959,0,0.24556907,13648
CHEMBL11896,0,0.24556907,13649
CHEMBL3311243,0,0.24556907,13650
CHEMBL41128,0,0.24556907,13651
CHEMBL14479,0,0.24556907,13652
CHEMBL31611,0,0.24556907,13653
CHEMBL41616,0,0.24556907,13654
CHEMBL3311366,0,0.24556907,13655
CHEMBL39691,0,0.24556907,13656
CHEMBL28237,0,0.24555032,13657
CHEMBL26289,0,0.24550295,13658
CHEMBL12814,0,0.24538405,13659
CHEMBL28761,0,0.24536927,13660
CHEMBL7745,0,0.24536927,13661
CHEMBL23545,0,0.24536927,13662
CHEMBL22935,0,0.24536927,13663
CHEMBL18555,0,0.24536927,13664
CHEMBL16874,0,0.24536927,13665
CHEMBL33993,0,0.24536927,13666
CHEMBL27346,0,0.24536927,13667
CHEMBL37978,0,0.24536927,13668
CHEMBL29414,0,0.24536927,13669
CHEMBL23585,0,0.24536927,13670
CHEMBL23139,0,0.24536927,13671
CHEMBL38019,0,0.24536927,13672
CHEMBL26430,0,0.24536927,13673
CHEMBL7601,0,0.24536927,13674
CHEMBL38363,0,0.24536927,13675
CHEMBL14174,0,0.24536927,13676
CHEMBL4436529,0,0.24536927,13677
CHEMBL28583,0,0.24528466,13678
CHEMBL539383,0,0.24528466,13679
CHEMBL24935,0,0.24517624,13680
CHEMBL30824,0,0.24514253,13681
CHEMBL35129,0,0.24514253,13682
CHEMBL39058,0,0.24514253,13683
CHEMBL30677,0,0.24514253,13684
CHEMBL21554,0,0.24514253,13685
CHEMBL15133,0,0.24514253,13686
CHEMBL26311,0,0.24514253,13687
CHEMBL18708,0,0.24514253,13688
CHEMBL9807,0,0.24494472,13689
CHEMBL42032,0,0.24478935,13690
CHEMBL30388,0,0.24478935,13691
CHEMBL1201356,0,0.24478935,13692
CHEMBL34593,0,0.2447766,13693
CHEMBL34439,0,0.24464893,13694
CHEMBL30627,0,0.24464893,13695
CHEMBL8462,0,0.2445388,13696
CHEMBL6439,0,0.2445388,13697
CHEMBL31684,0,0.2445388,13698
CHEMBL4435345,0,0.24452947,13699
CHEMBL31071,0,0.24452947,13700
CHEMBL26292,0,0.24446024,13701
CHEMBL3310009,0,0.24446024,13702
CHEMBL9357,0,0.24446024,13703
CHEMBL4434872,0,0.24445009,13704
CHEMBL38256,0,0.24445009,13705
CHEMBL11825,0,0.24445009,13706
CHEMBL4435982,0,0.24433549,13707
CHEMBL17575,0,0.24431445,13708
CHEMBL31960,0,0.24431445,13709
CHEMBL4436395,0,0.2442068,13710
CHEMBL28000,0,0.24410903,13711
CHEMBL10193,0,0.24410903,13712
CHEMBL4435017,0,0.24407293,13713
CHEMBL154170,0,0.24383248,13714
CHEMBL18870,0,0.24383248,13715
CHEMBL23352,0,0.24383248,13716
CHEMBL22894,0,0.24383248,13717
CHEMBL39660,0,0.24383248,13718
CHEMBL9972,0,0.24383248,13719
CHEMBL25801,0,0.24383248,13720
CHEMBL28042,0,0.24383248,13721
CHEMBL42875,0,0.24379365,13722
CHEMBL42120,0,0.24379365,13723
CHEMBL15471,0,0.24377336,13724
CHEMBL34041,0,0.24377336,13725
CHEMBL10618,0,0.24377336,13726
CHEMBL32769,0,0.24358465,13727
CHEMBL36480,0,0.24350242,13728
CHEMBL19780,0,0.24324933,13729
CHEMBL25816,0,0.24317296,13730
CHEMBL21131,0,0.24317296,13731
CHEMBL3310652,0,0.2431589,13732
CHEMBL9976,0,0.24308741,13733
CHEMBL19246,0,0.24308741,13734
CHEMBL8436,0,0.24308741,13735
CHEMBL41432,0,0.24285516,13736
CHEMBL6436,0,0.24283819,13737
CHEMBL42524,0,0.24266964,13738
CHEMBL16186,0,0.24266964,13739
CHEMBL4435223,0,0.24266964,13740
CHEMBL453,0,0.24266964,13741
CHEMBL14382,0,0.24266964,13742
CHEMBL3311182,0,0.24266964,13743
CHEMBL22639,0,0.24266964,13744
CHEMBL14645,0,0.24266964,13745
CHEMBL29320,0,0.24266964,13746
CHEMBL34233,0,0.24266964,13747
CHEMBL7949,0,0.24266964,13748
CHEMBL13940,0,0.24266964,13749
CHEMBL36128,0,0.24266964,13750
CHEMBL42858,0,0.24266964,13751
CHEMBL15777,0,0.24263696,13752
CHEMBL30847,0,0.24263696,13753
CHEMBL26794,0,0.24240135,13754
CHEMBL32833,0,0.24225168,13755
CHEMBL11225,0,0.24225168,13756
CHEMBL23842,0,0.24225168,13757
CHEMBL15145,0,0.24225168,13758
CHEMBL29842,0,0.24225168,13759
CHEMBL13803,0,0.24225168,13760
CHEMBL30935,0,0.24225168,13761
CHEMBL9833,0,0.24225168,13762
CHEMBL36183,0,0.24225168,13763
CHEMBL27896,0,0.24225168,13764
CHEMBL35546,0,0.24225168,13765
CHEMBL8483,0,0.24222071,13766
CHEMBL12944,0,0.24222071,13767
CHEMBL4116169,0,0.24222071,13768
CHEMBL14461,0,0.24222071,13769
CHEMBL41312,0,0.24222071,13770
CHEMBL3309511,0,0.24207613,13771
CHEMBL21279,0,0.24202937,13772
CHEMBL38103,0,0.24202937,13773
CHEMBL1084425,0,0.24202937,13774
CHEMBL15464,0,0.24202937,13775
CHEMBL4435478,0,0.24202937,13776
CHEMBL36606,0,0.24202937,13777
CHEMBL17762,0,0.24202937,13778
CHEMBL24902,0,0.24202937,13779
CHEMBL10398,0,0.24202937,13780
CHEMBL32718,0,0.24202937,13781
CHEMBL14215,0,0.24168469,13782
CHEMBL19019,0,0.24157459,13783
CHEMBL22303,0,0.24157459,13784
CHEMBL29825,0,0.24157459,13785
CHEMBL22203,0,0.24157459,13786
CHEMBL4436409,0,0.24157459,13787
CHEMBL30325,0,0.24157459,13788
CHEMBL11024,0,0.24157459,13789
CHEMBL3310279,0,0.24157459,13790
CHEMBL31655,0,0.24156938,13791
CHEMBL41360,0,0.24156938,13792
CHEMBL40603,0,0.24156938,13793
CHEMBL42195,0,0.24156938,13794
CHEMBL4434737,0,0.24148302,13795
CHEMBL4543581,0,0.24148302,13796
CHEMBL24298,0,0.24148302,13797
CHEMBL31822,0,0.24145143,13798
CHEMBL16152,0,0.24145143,13799
CHEMBL18719,0,0.24142069,13800
CHEMBL36934,0,0.24106131,13801
CHEMBL4435680,0,0.24102807,13802
CHEMBL37553,0,0.24076006,13803
CHEMBL3310294,0,0.2406702,13804
CHEMBL42872,0,0.2406702,13805
CHEMBL9702,0,0.2406702,13806
CHEMBL35820,0,0.24063767,13807
CHEMBL24133,0,0.24063767,13808
CHEMBL41151,0,0.24063767,13809
CHEMBL30288,0,0.24063767,13810
CHEMBL20221,0,0.24063767,13811
CHEMBL32759,0,0.24053109,13812
CHEMBL4434708,0,0.24052325,13813
CHEMBL3309728,0,0.24052325,13814
CHEMBL25620,0,0.240503,13815
CHEMBL27822,0,0.240503,13816
CHEMBL40960,0,0.24045138,13817
CHEMBL33748,0,0.24037687,13818
CHEMBL4436187,0,0.24034412,13819
CHEMBL17456,0,0.24032412,13820
CHEMBL29780,0,0.24030392,13821
CHEMBL13880,0,0.24029742,13822
CHEMBL8603,0,0.24028823,13823
CHEMBL3309425,0,0.24028823,13824
CHEMBL33116,0,0.24028823,13825
CHEMBL37118,0,0.24028823,13826
CHEMBL10117,0,0.24028823,13827
CHEMBL17547,0,0.24015713,13828
CHEMBL15759,0,0.24010506,13829
CHEMBL29983,0,0.24010506,13830
CHEMBL4543185,0,0.24006256,13831
CHEMBL502494,0,0.2400484,13832
CHEMBL4434858,0,0.23995867,13833
CHEMBL36465,0,0.23995867,13834
CHEMBL30829,0,0.23995867,13835
CHEMBL11280,0,0.23995867,13836
CHEMBL29946,0,0.23995867,13837
CHEMBL16679,0,0.23995867,13838
CHEMBL27377,0,0.23995867,13839
CHEMBL12477,0,0.23995867,13840
CHEMBL10733,0,0.23995867,13841
CHEMBL15112,0,0.23995867,13842
CHEMBL1778261,0,0.23995867,13843
CHEMBL12795,0,0.23995867,13844
CHEMBL11141,0,0.23995867,13845
CHEMBL13048,0,0.23995867,13846
CHEMBL16904,0,0.23995867,13847
CHEMBL33043,0,0.23995867,13848
CHEMBL37274,0,0.23978649,13849
CHEMBL31707,0,0.23978649,13850
CHEMBL4434791,0,0.23978649,13851
CHEMBL35548,0,0.23978649,13852
CHEMBL36753,0,0.23978649,13853
CHEMBL16639,0,0.23978649,13854
CHEMBL17164,0,0.23978649,13855
CHEMBL1163170,0,0.23978649,13856
CHEMBL15358,0,0.23951837,13857
CHEMBL11230,0,0.23951176,13858
CHEMBL25905,0,0.23946986,13859
CHEMBL25821,0,0.23946986,13860
CHEMBL20104,0,0.2394266,13861
CHEMBL18997,0,0.2394266,13862
CHEMBL15455,0,0.2394266,13863
CHEMBL15447,0,0.2394266,13864
CHEMBL25165,0,0.2394266,13865
CHEMBL4435195,0,0.2394266,13866
CHEMBL3309666,0,0.2394266,13867
CHEMBL3309592,0,0.2394266,13868
CHEMBL26047,0,0.2394266,13869
CHEMBL10176,0,0.2394266,13870
CHEMBL24748,0,0.2394266,13871
CHEMBL41366,0,0.2394266,13872
CHEMBL10418,0,0.2394266,13873
CHEMBL16381,0,0.2394266,13874
CHEMBL12088,0,0.2394266,13875
CHEMBL28875,0,0.2394266,13876
CHEMBL32182,0,0.2394266,13877
CHEMBL36401,0,0.2394266,13878
CHEMBL20765,0,0.2394266,13879
CHEMBL4543522,0,0.2394266,13880
CHEMBL7455,0,0.2394266,13881
CHEMBL39864,0,0.2394266,13882
CHEMBL39654,0,0.2394266,13883
CHEMBL30514,0,0.2394266,13884
CHEMBL40156,0,0.2394266,13885
CHEMBL29970,0,0.2394266,13886
CHEMBL20558,0,0.2394266,13887
CHEMBL1210852,0,0.2394266,13888
CHEMBL37299,0,0.2394266,13889
CHEMBL7090,0,0.2394266,13890
CHEMBL17622,0,0.2394266,13891
CHEMBL34315,0,0.2394266,13892
CHEMBL20412,0,0.2394266,13893
CHEMBL18292,0,0.2394266,13894
CHEMBL7421,0,0.2394266,13895
CHEMBL4435305,0,0.2394266,13896
CHEMBL38420,0,0.2394266,13897
CHEMBL40881,0,0.2394266,13898
CHEMBL30381,0,0.2394266,13899
CHEMBL32391,0,0.2394266,13900
CHEMBL4435721,0,0.2394266,13901
CHEMBL30815,0,0.2394266,13902
CHEMBL30780,0,0.2394266,13903
CHEMBL7975,0,0.2394266,13904
CHEMBL4436154,0,0.2394266,13905
CHEMBL24340,0,0.2394266,13906
CHEMBL1163384,0,0.2394266,13907
CHEMBL19070,0,0.2394266,13908
CHEMBL11789,0,0.2394266,13909
CHEMBL15330,0,0.2394266,13910
CHEMBL27952,0,0.2394266,13911
CHEMBL12374,0,0.2394266,13912
CHEMBL16261,0,0.2394266,13913
CHEMBL42238,0,0.2394266,13914
CHEMBL29254,0,0.2394266,13915
CHEMBL38057,0,0.2394266,13916
CHEMBL29240,0,0.2394266,13917
CHEMBL7000,0,0.2394266,13918
CHEMBL37027,0,0.2394266,13919
CHEMBL12155,0,0.2394266,13920
CHEMBL27634,0,0.2394266,13921
CHEMBL14072,0,0.2394266,13922
CHEMBL21280,0,0.2394266,13923
CHEMBL11264,0,0.2394266,13924
CHEMBL37080,0,0.2394266,13925
CHEMBL19260,0,0.2394266,13926
CHEMBL10137,0,0.2394266,13927
CHEMBL34424,0,0.2394266,13928
CHEMBL29622,0,0.2394266,13929
CHEMBL680,0,0.2394266,13930
CHEMBL3310032,0,0.2394266,13931
CHEMBL14656,0,0.2394266,13932
CHEMBL19057,0,0.2394266,13933
CHEMBL22871,0,0.2394266,13934
CHEMBL14617,0,0.2394266,13935
CHEMBL4435284,0,0.2394266,13936
CHEMBL29205,0,0.2394266,13937
CHEMBL1088782,0,0.2394266,13938
CHEMBL385868,0,0.2394266,13939
CHEMBL22079,0,0.2394266,13940
CHEMBL40526,0,0.2394266,13941
CHEMBL14466,0,0.2394266,13942
CHEMBL19520,0,0.2394266,13943
CHEMBL439520,0,0.2394266,13944
CHEMBL36783,0,0.2394266,13945
CHEMBL4436512,0,0.2394266,13946
CHEMBL21059,0,0.2394266,13947
CHEMBL30194,0,0.2394266,13948
CHEMBL36847,0,0.2394266,13949
CHEMBL16789,0,0.2394266,13950
CHEMBL19981,0,0.2394266,13951
CHEMBL40938,0,0.2394266,13952
CHEMBL4434951,0,0.2394266,13953
CHEMBL14318,0,0.2394266,13954
CHEMBL8421,0,0.2394266,13955
CHEMBL11459,0,0.2394266,13956
CHEMBL838,0,0.2394266,13957
CHEMBL38038,0,0.2394266,13958
CHEMBL35821,0,0.2394266,13959
CHEMBL154997,0,0.2394266,13960
CHEMBL34585,0,0.2394266,13961
CHEMBL10541,0,0.2394266,13962
CHEMBL15324,0,0.2394266,13963
CHEMBL20091,0,0.23941113,13964
CHEMBL4434702,0,0.23941113,13965
CHEMBL4435595,0,0.23939003,13966
CHEMBL12529,0,0.23939003,13967
CHEMBL40502,0,0.23939003,13968
CHEMBL24284,0,0.23937315,13969
CHEMBL27653,0,0.23929074,13970
CHEMBL18874,0,0.23929074,13971
CHEMBL17975,0,0.23904338,13972
CHEMBL39353,0,0.23904338,13973
CHEMBL35118,0,0.23883153,13974
CHEMBL36146,0,0.23881525,13975
CHEMBL36337,0,0.23869863,13976
CHEMBL8361,0,0.23862293,13977
CHEMBL26247,0,0.23862293,13978
CHEMBL17737,0,0.23862065,13979
CHEMBL22424,0,0.23854792,13980
CHEMBL1186041,0,0.23854792,13981
CHEMBL29155,0,0.23854792,13982
CHEMBL24628,0,0.23854792,13983
CHEMBL531595,0,0.23854792,13984
CHEMBL1082636,0,0.23854792,13985
CHEMBL24522,0,0.23854792,13986
CHEMBL9768,0,0.23854792,13987
CHEMBL4553690,0,0.23854792,13988
CHEMBL21478,0,0.23854792,13989
CHEMBL21205,0,0.23854792,13990
CHEMBL23582,0,0.23854268,13991
CHEMBL23102,0,0.23854268,13992
CHEMBL15804,0,0.23854268,13993
CHEMBL4435878,0,0.23854268,13994
CHEMBL17239,0,0.23854268,13995
CHEMBL603735,0,0.23854268,13996
CHEMBL33174,0,0.23854268,13997
CHEMBL26255,0,0.23854268,13998
CHEMBL26072,0,0.23854268,13999
CHEMBL23058,0,0.23854268,14000
CHEMBL23833,0,0.23847559,14001
CHEMBL26367,0,0.23846394,14002
CHEMBL20892,0,0.2383927,14003
CHEMBL3310672,0,0.23827763,14004
CHEMBL4543554,0,0.23813374,14005
CHEMBL4436517,0,0.23803088,14006
CHEMBL3310091,0,0.23803088,14007
CHEMBL4436243,0,0.23802988,14008
CHEMBL8353,0,0.2378983,14009
CHEMBL8259,0,0.2378983,14010
CHEMBL2159767,0,0.23786224,14011
CHEMBL18943,0,0.23786224,14012
CHEMBL27782,0,0.23786224,14013
CHEMBL1077476,0,0.23786224,14014
CHEMBL24020,0,0.23786224,14015
CHEMBL30975,0,0.23786224,14016
CHEMBL3310847,0,0.23786224,14017
CHEMBL8709,0,0.23786224,14018
CHEMBL23334,0,0.23786224,14019
CHEMBL15946,0,0.23786224,14020
CHEMBL16899,0,0.23786224,14021
CHEMBL41281,0,0.23786224,14022
CHEMBL3309933,0,0.23786224,14023
CHEMBL13743,0,0.23785807,14024
CHEMBL13756,0,0.23785807,14025
CHEMBL28426,0,0.23778108,14026
CHEMBL33692,0,0.23778108,14027
CHEMBL9351,0,0.23778108,14028
CHEMBL22450,0,0.23778108,14029
CHEMBL24115,0,0.23778108,14030
CHEMBL17063,0,0.23778108,14031
CHEMBL33628,0,0.23778108,14032
CHEMBL34194,0,0.2377581,14033
CHEMBL14936,0,0.23773633,14034
CHEMBL38648,0,0.2377222,14035
CHEMBL35421,0,0.23771003,14036
CHEMBL29187,0,0.23766938,14037
CHEMBL1185871,0,0.23765582,14038
CHEMBL25181,0,0.23747845,14039
CHEMBL27133,0,0.23746489,14040
CHEMBL8274,0,0.23724864,14041
CHEMBL756,0,0.23721866,14042
CHEMBL36575,0,0.23721866,14043
CHEMBL6218,0,0.23721866,14044
CHEMBL39853,0,0.23721866,14045
CHEMBL37894,0,0.23711959,14046
CHEMBL23182,0,0.23706523,14047
CHEMBL9088,0,0.23706523,14048
CHEMBL14028,0,0.23706523,14049
CHEMBL16862,0,0.23706523,14050
CHEMBL8915,0,0.23706523,14051
CHEMBL25566,0,0.23706523,14052
CHEMBL25197,0,0.23706523,14053
CHEMBL23291,0,0.23694764,14054
CHEMBL9699,0,0.23684585,14055
CHEMBL16536,0,0.23633255,14056
CHEMBL16352,0,0.23621005,14057
CHEMBL40370,0,0.23616566,14058
CHEMBL6974,0,0.23609473,14059
CHEMBL1205641,0,0.23609473,14060
CHEMBL37202,0,0.23609473,14061
CHEMBL25552,0,0.23609473,14062
CHEMBL30494,0,0.23609473,14063
CHEMBL38829,0,0.23609473,14064
CHEMBL13130,0,0.23609473,14065
CHEMBL11402,0,0.23609473,14066
CHEMBL4436557,0,0.23609473,14067
CHEMBL16548,0,0.23596153,14068
CHEMBL14110,0,0.23596153,14069
CHEMBL39047,0,0.23596153,14070
CHEMBL42429,0,0.23596153,14071
CHEMBL21335,0,0.23583329,14072
CHEMBL42251,0,0.23583329,14073
CHEMBL23389,0,0.2357745,14074
CHEMBL7783,0,0.23572364,14075
CHEMBL28490,0,0.23560536,14076
CHEMBL8332,0,0.23560536,14077
CHEMBL18601,0,0.23549026,14078
CHEMBL7453,0,0.23549026,14079
CHEMBL3310374,0,0.23544443,14080
CHEMBL38037,0,0.23544443,14081
CHEMBL18266,0,0.23544443,14082
CHEMBL7721,0,0.23544443,14083
CHEMBL38521,0,0.23544443,14084
CHEMBL39784,0,0.23544443,14085
CHEMBL18748,0,0.23544443,14086
CHEMBL25397,0,0.23544443,14087
CHEMBL1208039,0,0.23544443,14088
CHEMBL25782,0,0.23544443,14089
CHEMBL36930,0,0.23544443,14090
CHEMBL7256,0,0.23544443,14091
CHEMBL3310570,0,0.23544443,14092
CHEMBL21499,0,0.23544443,14093
CHEMBL1163231,0,0.23544443,14094
CHEMBL1209290,0,0.23544443,14095
CHEMBL37464,0,0.23544443,14096
CHEMBL1237080,0,0.23544443,14097
CHEMBL41121,0,0.23544443,14098
CHEMBL18904,0,0.23544443,14099
CHEMBL7709,0,0.23544443,14100
CHEMBL36204,0,0.23534854,14101
CHEMBL23174,0,0.23534854,14102
CHEMBL28292,0,0.23534854,14103
CHEMBL4560032,0,0.23524593,14104
CHEMBL32071,0,0.23524491,14105
CHEMBL30838,0,0.23522234,14106
CHEMBL4435889,0,0.2350467,14107
CHEMBL41238,0,0.23498002,14108
CHEMBL19821,0,0.23493631,14109
CHEMBL38237,0,0.23493631,14110
CHEMBL29473,0,0.23493631,14111
CHEMBL42276,0,0.23493631,14112
CHEMBL26037,0,0.23482068,14113
CHEMBL40206,0,0.23467629,14114
CHEMBL42788,0,0.2346459,14115
CHEMBL41055,0,0.234572,14116
CHEMBL17795,0,0.23456948,14117
CHEMBL24411,0,0.23449242,14118
CHEMBL35860,0,0.2344889,14119
CHEMBL35529,0,0.23435375,14120
CHEMBL37209,0,0.23427108,14121
CHEMBL25839,0,0.23427108,14122
CHEMBL15272,0,0.23406921,14123
CHEMBL10680,0,0.23406921,14124
CHEMBL25207,0,0.23406921,14125
CHEMBL38053,0,0.23406921,14126
CHEMBL27839,0,0.23391674,14127
CHEMBL17007,0,0.23378354,14128
CHEMBL37268,0,0.23376124,14129
CHEMBL4553135,0,0.23362172,14130
CHEMBL22292,0,0.23359439,14131
CHEMBL6830,0,0.23359439,14132
CHEMBL35688,0,0.23359439,14133
CHEMBL28469,0,0.23359439,14134
CHEMBL30753,0,0.23359439,14135
CHEMBL36675,0,0.23359439,14136
CHEMBL8099,0,0.23359439,14137
CHEMBL4435902,0,0.23359439,14138
CHEMBL4543481,0,0.23359439,14139
CHEMBL13200,0,0.23359439,14140
CHEMBL470,0,0.23359439,14141
CHEMBL33035,0,0.23359439,14142
CHEMBL4435643,0,0.23359439,14143
CHEMBL36231,0,0.23356187,14144
CHEMBL27693,0,0.23356187,14145
CHEMBL37218,0,0.23356187,14146
CHEMBL9380,0,0.23353003,14147
CHEMBL3311232,0,0.23353003,14148
CHEMBL31951,0,0.23327152,14149
CHEMBL16193,0,0.2332269,14150
CHEMBL36028,0,0.2332269,14151
CHEMBL7976,0,0.2332269,14152
CHEMBL11211,0,0.23322444,14153
CHEMBL11032,0,0.2328077,14154
CHEMBL28108,0,0.23280467,14155
CHEMBL11118,0,0.23278394,14156
CHEMBL7606,0,0.23274685,14157
CHEMBL20791,0,0.23274551,14158
CHEMBL20838,0,0.23274551,14159
CHEMBL27079,0,0.23272125,14160
CHEMBL3311127,0,0.23269299,14161
CHEMBL34577,0,0.2326887,14162
CHEMBL8302,0,0.23263578,14163
CHEMBL36540,0,0.23263578,14164
CHEMBL40954,0,0.23263511,14165
CHEMBL27787,0,0.23259978,14166
CHEMBL11284,0,0.23254581,14167
CHEMBL3311360,0,0.23250903,14168
CHEMBL15872,0,0.23250903,14169
CHEMBL3310436,0,0.23250903,14170
CHEMBL7260,0,0.23250903,14171
CHEMBL17377,0,0.23250903,14172
CHEMBL584574,0,0.23250903,14173
CHEMBL31099,0,0.23250903,14174
CHEMBL40990,0,0.23250903,14175
CHEMBL16007,0,0.23250903,14176
CHEMBL10268,0,0.23241238,14177
CHEMBL14190,0,0.23230176,14178
CHEMBL4435262,0,0.23230176,14179
CHEMBL38392,0,0.23230176,14180
CHEMBL35204,0,0.23225358,14181
CHEMBL30900,0,0.23221192,14182
CHEMBL23919,0,0.23216541,14183
CHEMBL33621,0,0.23216541,14184
CHEMBL11461,0,0.23216541,14185
CHEMBL26824,0,0.23213083,14186
CHEMBL4435440,0,0.2320053,14187
CHEMBL4553672,0,0.2320053,14188
CHEMBL26461,0,0.23193622,14189
CHEMBL3309911,0,0.23193622,14190
CHEMBL18687,0,0.23191899,14191
CHEMBL30165,0,0.23173273,14192
CHEMBL36648,0,0.23161915,14193
CHEMBL22394,0,0.23156247,14194
CHEMBL7315,0,0.23131257,14195
CHEMBL33231,0,0.2312388,14196
CHEMBL34154,0,0.2312388,14197
CHEMBL20623,0,0.2312388,14198
CHEMBL27959,0,0.23119405,14199
CHEMBL9181,0,0.23119405,14200
CHEMBL38460,0,0.23114549,14201
CHEMBL35964,0,0.23072584,14202
CHEMBL8634,0,0.23072584,14203
CHEMBL6894,0,0.23072584,14204
CHEMBL29905,0,0.23072584,14205
CHEMBL9458,0,0.23068964,14206
CHEMBL27746,0,0.23068964,14207
CHEMBL22202,0,0.23065726,14208
CHEMBL38686,0,0.23063175,14209
CHEMBL13470,0,0.23059393,14210
CHEMBL13452,0,0.23059393,14211
CHEMBL20706,0,0.23059393,14212
CHEMBL21468,0,0.23059393,14213
CHEMBL154209,0,0.23059393,14214
CHEMBL4435470,0,0.23059393,14215
CHEMBL26820,0,0.23059393,14216
CHEMBL41321,0,0.23059393,14217
CHEMBL3309635,0,0.23059393,14218
CHEMBL36005,0,0.23059393,14219
CHEMBL15577,0,0.23059393,14220
CHEMBL42960,0,0.23053561,14221
CHEMBL10371,0,0.23053561,14222
CHEMBL13095,0,0.23053561,14223
CHEMBL4553148,0,0.23053561,14224
CHEMBL43745,0,0.23053561,14225
CHEMBL18604,0,0.23053561,14226
CHEMBL20704,0,0.23053561,14227
CHEMBL29448,0,0.23053561,14228
CHEMBL4435156,0,0.23052776,14229
CHEMBL9941,0,0.23052776,14230
CHEMBL33193,0,0.23052776,14231
CHEMBL28749,0,0.23052776,14232
CHEMBL19458,0,0.23052776,14233
CHEMBL8508,0,0.23052776,14234
CHEMBL8440,0,0.23052776,14235
CHEMBL9985,0,0.23052776,14236
CHEMBL10548,0,0.23052776,14237
CHEMBL13209,0,0.23052776,14238
CHEMBL3309668,0,0.23052776,14239
CHEMBL29171,0,0.23047875,14240
CHEMBL17184,0,0.2303156,14241
CHEMBL3310119,0,0.23013943,14242
CHEMBL31999,0,0.23013943,14243
CHEMBL40772,0,0.23012443,14244
CHEMBL14864,0,0.23007005,14245
CHEMBL25226,0,0.23007005,14246
CHEMBL33309,0,0.2300312,14247
CHEMBL29463,0,0.22984602,14248
CHEMBL439,0,0.22984602,14249
CHEMBL29458,0,0.22984602,14250
CHEMBL26898,0,0.22980122,14251
CHEMBL21296,0,0.22973938,14252
CHEMBL12322,0,0.22973938,14253
CHEMBL24221,0,0.22970551,14254
CHEMBL35621,0,0.22953789,14255
CHEMBL4435679,0,0.22938882,14256
CHEMBL153086,0,0.22938341,14257
CHEMBL4553674,0,0.22928008,14258
CHEMBL36651,0,0.22928008,14259
CHEMBL42248,0,0.22903875,14260
CHEMBL37496,0,0.22903875,14261
CHEMBL3309992,0,0.22900447,14262
CHEMBL16958,0,0.22900233,14263
CHEMBL4435064,0,0.22894818,14264
CHEMBL6703,0,0.22894818,14265
CHEMBL42950,0,0.22894818,14266
CHEMBL21559,0,0.22894818,14267
CHEMBL10151,0,0.22890936,14268
CHEMBL24738,0,0.2289072,14269
CHEMBL16925,0,0.2289072,14270
CHEMBL38309,0,0.2289072,14271
CHEMBL41558,0,0.2289072,14272
CHEMBL526362,0,0.2289072,14273
CHEMBL32690,0,0.2289072,14274
CHEMBL33188,0,0.22883558,14275
CHEMBL16555,0,0.22879925,14276
CHEMBL26458,0,0.2287168,14277
CHEMBL4436540,0,0.2287168,14278
CHEMBL31823,0,0.22869508,14279
CHEMBL14692,0,0.22850733,14280
CHEMBL7793,0,0.22850733,14281
CHEMBL460994,0,0.22850733,14282
CHEMBL19833,0,0.22833322,14283
CHEMBL36821,0,0.22833322,14284
CHEMBL2325419,0,0.22833322,14285
CHEMBL4559992,0,0.22828187,14286
CHEMBL18071,0,0.22827284,14287
CHEMBL21640,0,0.22823109,14288
CHEMBL13979,0,0.22818406,14289
CHEMBL7853,0,0.22810629,14290
CHEMBL22533,0,0.22810629,14291
CHEMBL30562,0,0.22810629,14292
CHEMBL34483,0,0.22799832,14293
CHEMBL24925,0,0.22799832,14294
CHEMBL40280,0,0.22799832,14295
CHEMBL16711,0,0.22791824,14296
CHEMBL14074,0,0.22787383,14297
CHEMBL13590,0,0.22787383,14298
CHEMBL19264,0,0.22787383,14299
CHEMBL13943,0,0.22787383,14300
CHEMBL37054,0,0.22787383,14301
CHEMBL1172235,0,0.22787383,14302
CHEMBL26688,0,0.22787383,14303
CHEMBL14998,0,0.22787383,14304
CHEMBL1161944,0,0.22787383,14305
CHEMBL19173,0,0.22787383,14306
CHEMBL38527,0,0.22787383,14307
CHEMBL1163168,0,0.22787383,14308
CHEMBL39632,0,0.22787383,14309
CHEMBL22586,0,0.22787383,14310
CHEMBL37754,0,0.22787383,14311
CHEMBL18403,0,0.22787383,14312
CHEMBL23961,0,0.22787383,14313
CHEMBL34040,0,0.22787383,14314
CHEMBL21996,0,0.22787383,14315
CHEMBL42517,0,0.22787383,14316
CHEMBL26555,0,0.22787383,14317
CHEMBL26475,0,0.22787383,14318
CHEMBL34303,0,0.22787383,14319
CHEMBL23591,0,0.22787383,14320
CHEMBL8354,0,0.22787383,14321
CHEMBL16937,0,0.22787383,14322
CHEMBL27931,0,0.22787383,14323
CHEMBL29496,0,0.22787383,14324
CHEMBL38483,0,0.22787383,14325
CHEMBL26764,0,0.227856,14326
CHEMBL24769,0,0.22779858,14327
CHEMBL28785,0,0.22769617,14328
CHEMBL4435523,0,0.22768052,14329
CHEMBL4435647,0,0.22762837,14330
CHEMBL10090,0,0.22752973,14331
CHEMBL36178,0,0.22748303,14332
CHEMBL38231,0,0.22744861,14333
CHEMBL42979,0,0.22744861,14334
CHEMBL14906,0,0.22744861,14335
CHEMBL39934,0,0.22744861,14336
CHEMBL37884,0,0.22744861,14337
CHEMBL41233,0,0.22744861,14338
CHEMBL6693,0,0.22744861,14339
CHEMBL10303,0,0.22741032,14340
CHEMBL36406,0,0.22732237,14341
CHEMBL10013,0,0.22732237,14342
CHEMBL10791,0,0.22724321,14343
CHEMBL20179,0,0.22722872,14344
CHEMBL40766,0,0.22722872,14345
CHEMBL20481,0,0.22722872,14346
CHEMBL35668,0,0.22722872,14347
CHEMBL41562,0,0.22722872,14348
CHEMBL26497,0,0.22722872,14349
CHEMBL37961,0,0.22722872,14350
CHEMBL15206,0,0.22722872,14351
CHEMBL24249,0,0.22722872,14352
CHEMBL11802,0,0.22722872,14353
CHEMBL14933,0,0.22722872,14354
CHEMBL7603,0,0.22722872,14355
CHEMBL31619,0,0.22722872,14356
CHEMBL40259,0,0.2271743,14357
CHEMBL14456,0,0.22704515,14358
CHEMBL3310299,0,0.22704515,14359
CHEMBL15343,0,0.22704515,14360
CHEMBL23023,0,0.22704515,14361
CHEMBL7163,0,0.22704515,14362
CHEMBL37630,0,0.22704515,14363
CHEMBL4116156,0,0.22704515,14364
CHEMBL22378,0,0.22704515,14365
CHEMBL11477,0,0.22704515,14366
CHEMBL3310232,0,0.22704515,14367
CHEMBL22078,0,0.22704515,14368
CHEMBL21139,0,0.22704515,14369
CHEMBL20497,0,0.22704515,14370
CHEMBL4543254,0,0.22680496,14371
CHEMBL28049,0,0.22672124,14372
CHEMBL22403,0,0.22662908,14373
CHEMBL4553655,0,0.22662908,14374
CHEMBL35888,0,0.2265989,14375
CHEMBL14598,0,0.2265989,14376
CHEMBL21397,0,0.2265989,14377
CHEMBL25544,0,0.2265989,14378
CHEMBL24507,0,0.22650301,14379
CHEMBL40310,0,0.22650301,14380
CHEMBL18373,0,0.22649828,14381
CHEMBL18942,0,0.22649828,14382
CHEMBL4553162,0,0.2264969,14383
CHEMBL27285,0,0.22645156,14384
CHEMBL26795,0,0.22638081,14385
CHEMBL11252,0,0.22635205,14386
CHEMBL10981,0,0.22630937,14387
CHEMBL30308,0,0.22629747,14388
CHEMBL3310098,0,0.2262972,14389
CHEMBL10661,0,0.2262972,14390
CHEMBL16171,0,0.22625977,14391
CHEMBL25854,0,0.22624786,14392
CHEMBL19023,0,0.2262176,14393
CHEMBL17027,0,0.22617476,14394
CHEMBL31662,0,0.22617476,14395
CHEMBL41245,0,0.2261604,14396
CHEMBL38953,0,0.22612603,14397
CHEMBL24334,0,0.22612603,14398
CHEMBL25146,0,0.22612174,14399
CHEMBL29952,0,0.22612174,14400
CHEMBL37758,0,0.22607069,14401
CHEMBL11766,0,0.22603796,14402
CHEMBL39395,0,0.22599381,14403
CHEMBL41268,0,0.22587453,14404
CHEMBL17765,0,0.22584297,14405
CHEMBL26590,0,0.22584297,14406
CHEMBL24978,0,0.22584297,14407
CHEMBL35287,0,0.22580294,14408
CHEMBL6253,0,0.22574073,14409
CHEMBL41628,0,0.22574073,14410
CHEMBL33396,0,0.22574073,14411
CHEMBL15473,0,0.22574073,14412
CHEMBL34466,0,0.22574073,14413
CHEMBL7355,0,0.22574073,14414
CHEMBL19444,0,0.22574073,14415
CHEMBL22353,0,0.22574073,14416
CHEMBL42851,0,0.22574073,14417
CHEMBL13926,0,0.22567709,14418
CHEMBL9680,0,0.22567709,14419
CHEMBL22578,0,0.22567709,14420
CHEMBL4435088,0,0.22567709,14421
CHEMBL8890,0,0.22567709,14422
CHEMBL33335,0,0.22567709,14423
CHEMBL19801,0,0.22567709,14424
CHEMBL28584,0,0.22567709,14425
CHEMBL40754,0,0.22567709,14426
CHEMBL4553681,0,0.22551438,14427
CHEMBL42428,0,0.22551438,14428
CHEMBL35763,0,0.22548892,14429
CHEMBL38984,0,0.2253882,14430
CHEMBL13362,0,0.2253882,14431
CHEMBL503802,0,0.2253882,14432
CHEMBL15531,0,0.2253882,14433
CHEMBL1163468,0,0.2253882,14434
CHEMBL11218,0,0.2253882,14435
CHEMBL153,0,0.2253882,14436
CHEMBL19539,0,0.2253882,14437
CHEMBL23372,0,0.2253882,14438
CHEMBL6796,0,0.2253882,14439
CHEMBL6677,0,0.22531803,14440
CHEMBL35532,0,0.22513404,14441
CHEMBL37949,0,0.22513404,14442
CHEMBL26913,0,0.22513404,14443
CHEMBL9660,0,0.22513404,14444
CHEMBL18227,0,0.22513404,14445
CHEMBL29091,0,0.22513404,14446
CHEMBL23464,0,0.22513404,14447
CHEMBL31852,0,0.22513404,14448
CHEMBL13145,0,0.22513404,14449
CHEMBL31894,0,0.22513404,14450
CHEMBL23156,0,0.22513404,14451
CHEMBL16530,0,0.22504456,14452
CHEMBL29770,0,0.22495934,14453
CHEMBL4434902,0,0.22490665,14454
CHEMBL40831,0,0.22490665,14455
CHEMBL40744,0,0.22490665,14456
CHEMBL26245,0,0.22471389,14457
CHEMBL23847,0,0.22467038,14458
CHEMBL36484,0,0.22467038,14459
CHEMBL29620,0,0.22467038,14460
CHEMBL36262,0,0.22467038,14461
CHEMBL36097,0,0.22453317,14462
CHEMBL12505,0,0.22440691,14463
CHEMBL27536,0,0.22430763,14464
CHEMBL38004,0,0.22425571,14465
CHEMBL15000,0,0.22421366,14466
CHEMBL14490,0,0.2242047,14467
CHEMBL18035,0,0.2242047,14468
CHEMBL35863,0,0.22415404,14469
CHEMBL15213,0,0.22410488,14470
CHEMBL7868,0,0.22410488,14471
CHEMBL19326,0,0.22410488,14472
CHEMBL41900,0,0.22410488,14473
CHEMBL13400,0,0.22410488,14474
CHEMBL39346,0,0.22410488,14475
CHEMBL27059,0,0.2240112,14476
CHEMBL19661,0,0.22391021,14477
CHEMBL40747,0,0.22391021,14478
CHEMBL13388,0,0.22391021,14479
CHEMBL1163354,0,0.22391021,14480
CHEMBL4435386,0,0.22391021,14481
CHEMBL4435767,0,0.22391021,14482
CHEMBL11036,0,0.22391021,14483
CHEMBL35618,0,0.22391021,14484
CHEMBL37888,0,0.22391021,14485
CHEMBL10764,0,0.22391021,14486
CHEMBL16624,0,0.22391021,14487
CHEMBL29088,0,0.22391021,14488
CHEMBL4543516,0,0.22391021,14489
CHEMBL3311126,0,0.22384946,14490
CHEMBL13142,0,0.22377221,14491
CHEMBL7724,0,0.2235742,14492
CHEMBL20806,0,0.22356534,14493
CHEMBL37575,0,0.22356534,14494
CHEMBL34090,0,0.22356534,14495
CHEMBL16115,0,0.22348058,14496
CHEMBL13376,0,0.22347295,14497
CHEMBL37994,0,0.22340834,14498
CHEMBL38838,0,0.22339138,14499
CHEMBL4116136,0,0.2233491,14500
CHEMBL10701,0,0.22326806,14501
CHEMBL13020,0,0.22323023,14502
CHEMBL20329,0,0.2231394,14503
CHEMBL4435776,0,0.22307551,14504
CHEMBL12297,0,0.22300687,14505
CHEMBL42538,0,0.22300687,14506
CHEMBL6284,0,0.22300687,14507
CHEMBL30676,0,0.22300687,14508
CHEMBL26097,0,0.22300687,14509
CHEMBL16576,0,0.22300687,14510
CHEMBL21873,0,0.22300687,14511
CHEMBL17797,0,0.22300687,14512
CHEMBL19746,0,0.22300687,14513
CHEMBL12002,0,0.22300687,14514
CHEMBL27457,0,0.22300687,14515
CHEMBL16964,0,0.22300687,14516
CHEMBL12830,0,0.22300687,14517
CHEMBL16143,0,0.22289692,14518
CHEMBL1163545,0,0.22289692,14519
CHEMBL11277,0,0.22289692,14520
CHEMBL34493,0,0.22289692,14521
CHEMBL25014,0,0.2228198,14522
CHEMBL32294,0,0.22276433,14523
CHEMBL18231,0,0.22271878,14524
CHEMBL34304,0,0.22235744,14525
CHEMBL40300,0,0.2223249,14526
CHEMBL4303798,0,0.2223249,14527
CHEMBL10522,0,0.2223159,14528
CHEMBL3310179,0,0.22228533,14529
CHEMBL15694,0,0.22222011,14530
CHEMBL20015,0,0.22222011,14531
CHEMBL25279,0,0.22219256,14532
CHEMBL1185598,0,0.22219256,14533
CHEMBL4436372,0,0.22219256,14534
CHEMBL23861,0,0.22219256,14535
CHEMBL15587,0,0.22219256,14536
CHEMBL8834,0,0.22219256,14537
CHEMBL26837,0,0.22219256,14538
CHEMBL21316,0,0.22219256,14539
CHEMBL22283,0,0.22219256,14540
CHEMBL40261,0,0.22219256,14541
CHEMBL22488,0,0.22219256,14542
CHEMBL3310087,0,0.22219256,14543
CHEMBL573664,0,0.22219256,14544
CHEMBL26052,0,0.22219256,14545
CHEMBL10925,0,0.22219256,14546
CHEMBL17627,0,0.22219256,14547
CHEMBL11404,0,0.22219256,14548
CHEMBL13701,0,0.22219256,14549
CHEMBL7159,0,0.22219256,14550
CHEMBL15917,0,0.22219256,14551
CHEMBL21767,0,0.22219256,14552
CHEMBL34825,0,0.22219256,14553
CHEMBL39663,0,0.22219256,14554
CHEMBL30403,0,0.22219256,14555
CHEMBL33829,0,0.22219256,14556
CHEMBL25042,0,0.22219256,14557
CHEMBL4435768,0,0.22219256,14558
CHEMBL28313,0,0.22219256,14559
CHEMBL36777,0,0.22219256,14560
CHEMBL507884,0,0.22219256,14561
CHEMBL40330,0,0.22219256,14562
CHEMBL4435094,0,0.22219256,14563
CHEMBL27872,0,0.22207125,14564
CHEMBL14298,0,0.22207125,14565
CHEMBL3311349,0,0.22207125,14566
CHEMBL32377,0,0.2220507,14567
CHEMBL31755,0,0.22200406,14568
CHEMBL16731,0,0.2219869,14569
CHEMBL19850,0,0.2219478,14570
CHEMBL38502,0,0.2219478,14571
CHEMBL4559985,0,0.2219478,14572
CHEMBL38738,0,0.2219478,14573
CHEMBL30085,0,0.2219478,14574
CHEMBL7359,0,0.2219478,14575
CHEMBL15162,0,0.2219478,14576
CHEMBL27703,0,0.2219478,14577
CHEMBL37917,0,0.2219478,14578
CHEMBL2219504,0,0.2219478,14579
CHEMBL4436290,0,0.2219478,14580
CHEMBL31301,0,0.2219478,14581
CHEMBL20768,0,0.2219478,14582
CHEMBL13385,0,0.2219478,14583
CHEMBL34791,0,0.2219478,14584
CHEMBL526377,0,0.22185816,14585
CHEMBL18377,0,0.22175272,14586
CHEMBL808,0,0.2217331,14587
CHEMBL11807,0,0.2217331,14588
CHEMBL540050,0,0.22166386,14589
CHEMBL11728,0,0.2216067,14590
CHEMBL3310111,0,0.22155418,14591
CHEMBL41736,0,0.22155418,14592
CHEMBL17845,0,0.22155418,14593
CHEMBL28648,0,0.22153778,14594
CHEMBL16231,0,0.22153778,14595
CHEMBL36571,0,0.22153778,14596
CHEMBL38855,0,0.22153068,14597
CHEMBL22955,0,0.22153068,14598
CHEMBL4434733,0,0.22140938,14599
CHEMBL28880,0,0.22134623,14600
CHEMBL15835,0,0.22134623,14601
CHEMBL36863,0,0.22134623,14602
CHEMBL31416,0,0.22134623,14603
CHEMBL12502,0,0.22134623,14604
CHEMBL19788,0,0.22134623,14605
CHEMBL22246,0,0.22134623,14606
CHEMBL21148,0,0.22134623,14607
CHEMBL18075,0,0.22134623,14608
CHEMBL20337,0,0.22134623,14609
CHEMBL9040,0,0.22134623,14610
CHEMBL7591,0,0.22134623,14611
CHEMBL10426,0,0.22134623,14612
CHEMBL19786,0,0.22134623,14613
CHEMBL37264,0,0.22123177,14614
CHEMBL9121,0,0.22100572,14615
CHEMBL25453,0,0.22100307,14616
CHEMBL41062,0,0.22100307,14617
CHEMBL19546,0,0.22099617,14618
CHEMBL18797,0,0.22099617,14619
CHEMBL4543527,0,0.22099529,14620
CHEMBL20914,0,0.22092865,14621
CHEMBL21907,0,0.22085539,14622
CHEMBL590067,0,0.22072141,14623
CHEMBL7196,0,0.22069156,14624
CHEMBL22946,0,0.2206285,14625
CHEMBL24730,0,0.2206285,14626
CHEMBL23934,0,0.22062302,14627
CHEMBL16114,0,0.22062302,14628
CHEMBL8807,0,0.22062302,14629
CHEMBL14686,0,0.22048669,14630
CHEMBL35562,0,0.22048295,14631
CHEMBL1163484,0,0.22044075,14632
CHEMBL20537,0,0.22043708,14633
CHEMBL3310112,0,0.22035502,14634
CHEMBL17381,0,0.2202559,14635
CHEMBL24018,0,0.22009996,14636
CHEMBL3310195,0,0.2200738,14637
CHEMBL29840,0,0.2200033,14638
CHEMBL28337,0,0.21999532,14639
CHEMBL30963,0,0.21988419,14640
CHEMBL23550,0,0.21988419,14641
CHEMBL3310265,0,0.21987842,14642
CHEMBL34331,0,0.2196751,14643
CHEMBL40528,0,0.21965227,14644
CHEMBL37829,0,0.21965227,14645
CHEMBL33149,0,0.21962628,14646
CHEMBL4435280,0,0.2196149,14647
CHEMBL7164,0,0.21924536,14648
CHEMBL41420,0,0.21921913,14649
CHEMBL37938,0,0.2191887,14650
CHEMBL41123,0,0.21905692,14651
CHEMBL37381,0,0.21905692,14652
CHEMBL8114,0,0.21903464,14653
CHEMBL31979,0,0.21903464,14654
CHEMBL14106,0,0.21903464,14655
CHEMBL32632,0,0.21903464,14656
CHEMBL4303144,0,0.21903464,14657
CHEMBL3309897,0,0.21903464,14658
CHEMBL17863,0,0.21903464,14659
CHEMBL13214,0,0.21903464,14660
CHEMBL39667,0,0.21903464,14661
CHEMBL7091,0,0.21903464,14662
CHEMBL18151,0,0.21903464,14663
CHEMBL8775,0,0.21903464,14664
CHEMBL31499,0,0.21903464,14665
CHEMBL14826,0,0.21903464,14666
CHEMBL27925,0,0.21903464,14667
CHEMBL34117,0,0.21903464,14668
CHEMBL37848,0,0.21903464,14669
CHEMBL17301,0,0.21903464,14670
CHEMBL503422,0,0.21903464,14671
CHEMBL7105,0,0.21903464,14672
CHEMBL3310512,0,0.21903464,14673
CHEMBL10728,0,0.21903464,14674
CHEMBL30761,0,0.21903464,14675
CHEMBL21275,0,0.21903464,14676
CHEMBL32979,0,0.21903464,14677
CHEMBL35958,0,0.21903464,14678
CHEMBL13845,0,0.21903464,14679
CHEMBL6229,0,0.21903464,14680
CHEMBL37156,0,0.21903464,14681
CHEMBL3309440,0,0.21903464,14682
CHEMBL26717,0,0.21903464,14683
CHEMBL21420,0,0.21903464,14684
CHEMBL23754,0,0.21903464,14685
CHEMBL21958,0,0.21903464,14686
CHEMBL19819,0,0.21903464,14687
CHEMBL14319,0,0.21903464,14688
CHEMBL3310227,0,0.21903464,14689
CHEMBL4436140,0,0.21903464,14690
CHEMBL29193,0,0.21903464,14691
CHEMBL28668,0,0.21903464,14692
CHEMBL18865,0,0.21903464,14693
CHEMBL23243,0,0.21903464,14694
CHEMBL30607,0,0.21903464,14695
CHEMBL7622,0,0.21903464,14696
CHEMBL9822,0,0.21903464,14697
CHEMBL33979,0,0.21903464,14698
CHEMBL28378,0,0.21903464,14699
CHEMBL28787,0,0.21902925,14700
CHEMBL9943,0,0.21902925,14701
CHEMBL34311,0,0.21898355,14702
CHEMBL10496,0,0.21875733,14703
CHEMBL34638,0,0.21875733,14704
CHEMBL3310020,0,0.21872605,14705
CHEMBL38616,0,0.21866149,14706
CHEMBL28715,0,0.21866149,14707
CHEMBL18050,0,0.21863489,14708
CHEMBL26757,0,0.2185222,14709
CHEMBL20976,0,0.2185222,14710
CHEMBL19553,0,0.2185222,14711
CHEMBL19797,0,0.21851102,14712
CHEMBL18790,0,0.21846162,14713
CHEMBL9450,0,0.21841916,14714
CHEMBL37705,0,0.21840663,14715
CHEMBL4434795,0,0.21837462,14716
CHEMBL37791,0,0.21832792,14717
CHEMBL31454,0,0.21830375,14718
CHEMBL37366,0,0.2180467,14719
CHEMBL25621,0,0.21793805,14720
CHEMBL24381,0,0.21793805,14721
CHEMBL22222,0,0.21793805,14722
CHEMBL6338,0,0.21793805,14723
CHEMBL7265,0,0.21793805,14724
CHEMBL4435354,0,0.21787691,14725
CHEMBL557192,0,0.21787691,14726
CHEMBL14867,0,0.21786763,14727
CHEMBL36997,0,0.21778482,14728
CHEMBL7346,0,0.21744715,14729
CHEMBL13461,0,0.2174396,14730
CHEMBL15524,0,0.2174396,14731
CHEMBL39912,0,0.21735837,14732
CHEMBL40859,0,0.21731636,14733
CHEMBL11020,0,0.21728475,14734
CHEMBL9120,0,0.21725881,14735
CHEMBL28268,0,0.21725881,14736
CHEMBL35710,0,0.21716455,14737
CHEMBL6334,0,0.21716455,14738
CHEMBL4116113,0,0.21716455,14739
CHEMBL14655,0,0.21716455,14740
CHEMBL4553604,0,0.21716455,14741
CHEMBL11830,0,0.21716455,14742
CHEMBL15198,0,0.21716455,14743
CHEMBL28465,0,0.21716455,14744
CHEMBL21860,0,0.21716455,14745
CHEMBL16520,0,0.21716455,14746
CHEMBL15818,0,0.21716455,14747
CHEMBL33967,0,0.21716455,14748
CHEMBL25549,0,0.21716455,14749
CHEMBL22342,0,0.21716455,14750
CHEMBL16824,0,0.21716455,14751
CHEMBL18090,0,0.21716455,14752
CHEMBL36838,0,0.21716455,14753
CHEMBL15215,0,0.21716455,14754
CHEMBL16332,0,0.21716455,14755
CHEMBL35960,0,0.21716455,14756
CHEMBL32156,0,0.21716455,14757
CHEMBL38887,0,0.21716455,14758
CHEMBL4303789,0,0.21716455,14759
CHEMBL7595,0,0.21716455,14760
CHEMBL23486,0,0.21716455,14761
CHEMBL13619,0,0.21716455,14762
CHEMBL33070,0,0.21716455,14763
CHEMBL19495,0,0.21716455,14764
CHEMBL40473,0,0.21716455,14765
CHEMBL1083884,0,0.21716455,14766
CHEMBL11755,0,0.21716455,14767
CHEMBL24105,0,0.21716455,14768
CHEMBL31634,0,0.21716455,14769
CHEMBL37772,0,0.21716455,14770
CHEMBL13843,0,0.21716455,14771
CHEMBL20193,0,0.21716455,14772
CHEMBL40101,0,0.21716455,14773
CHEMBL32623,0,0.21716455,14774
CHEMBL12031,0,0.21716455,14775
CHEMBL21972,0,0.21716455,14776
CHEMBL33577,0,0.21716455,14777
CHEMBL29552,0,0.21716455,14778
CHEMBL41353,0,0.21716455,14779
CHEMBL11649,0,0.21716455,14780
CHEMBL4436268,0,0.21716455,14781
CHEMBL29874,0,0.21716455,14782
CHEMBL11866,0,0.21716455,14783
CHEMBL16686,0,0.21716455,14784
CHEMBL25929,0,0.21716455,14785
CHEMBL39925,0,0.21716455,14786
CHEMBL26152,0,0.21705149,14787
CHEMBL4435200,0,0.21703887,14788
CHEMBL35426,0,0.21703285,14789
CHEMBL10226,0,0.21681018,14790
CHEMBL29611,0,0.21671197,14791
CHEMBL34381,0,0.21657124,14792
CHEMBL14435,0,0.2165642,14793
CHEMBL16577,0,0.2165546,14794
CHEMBL22715,0,0.2165546,14795
CHEMBL8903,0,0.2165546,14796
CHEMBL13262,0,0.2165546,14797
CHEMBL26667,0,0.2165546,14798
CHEMBL3309735,0,0.2165546,14799
CHEMBL22197,0,0.2165546,14800
CHEMBL23193,0,0.2165546,14801
CHEMBL26484,0,0.2165546,14802
CHEMBL31281,0,0.2165546,14803
CHEMBL29957,0,0.2165546,14804
CHEMBL12092,0,0.2165546,14805
CHEMBL20890,0,0.2165546,14806
CHEMBL13544,0,0.2165546,14807
CHEMBL19556,0,0.21646062,14808
CHEMBL7139,0,0.21646062,14809
CHEMBL4435588,0,0.21646062,14810
CHEMBL6449,0,0.21646062,14811
CHEMBL18305,0,0.21646062,14812
CHEMBL3311264,0,0.21645959,14813
CHEMBL18080,0,0.21645959,14814
CHEMBL18148,0,0.21645959,14815
CHEMBL4435239,0,0.21642262,14816
CHEMBL28484,0,0.21633524,14817
CHEMBL28514,0,0.21633524,14818
CHEMBL3309899,0,0.21633524,14819
CHEMBL22654,0,0.21633524,14820
CHEMBL12470,0,0.21633524,14821
CHEMBL15311,0,0.21633524,14822
CHEMBL11565,0,0.21633524,14823
CHEMBL29002,0,0.21633524,14824
CHEMBL37769,0,0.21633524,14825
CHEMBL1159,0,0.21633524,14826
CHEMBL12879,0,0.21633524,14827
CHEMBL4435252,0,0.21633524,14828
CHEMBL10807,0,0.21633524,14829
CHEMBL34646,0,0.21633524,14830
CHEMBL38681,0,0.21633524,14831
CHEMBL33507,0,0.21633524,14832
CHEMBL26261,0,0.21633524,14833
CHEMBL3311529,0,0.21633524,14834
CHEMBL3310428,0,0.21633524,14835
CHEMBL1163483,0,0.21633524,14836
CHEMBL8092,0,0.21633524,14837
CHEMBL40647,0,0.21633524,14838
CHEMBL33982,0,0.21633524,14839
CHEMBL4543350,0,0.21633524,14840
CHEMBL38387,0,0.21633524,14841
CHEMBL14326,0,0.21633524,14842
CHEMBL4435242,0,0.21633524,14843
CHEMBL21733,0,0.21633524,14844
CHEMBL34520,0,0.21633524,14845
CHEMBL31305,0,0.21621992,14846
CHEMBL15940,0,0.21621992,14847
CHEMBL35422,0,0.21619147,14848
CHEMBL39383,0,0.21618506,14849
CHEMBL465,0,0.21618506,14850
CHEMBL7056,0,0.21617806,14851
CHEMBL11160,0,0.21617806,14852
CHEMBL43695,0,0.21617806,14853
CHEMBL27571,0,0.21617806,14854
CHEMBL17750,0,0.21617806,14855
CHEMBL10104,0,0.21617806,14856
CHEMBL25308,0,0.21617806,14857
CHEMBL33690,0,0.21617806,14858
CHEMBL33776,0,0.21617806,14859
CHEMBL13742,0,0.21617806,14860
CHEMBL31971,0,0.21617806,14861
CHEMBL32736,0,0.21617806,14862
CHEMBL17728,0,0.21617806,14863
CHEMBL17691,0,0.21617806,14864
CHEMBL26443,0,0.21617806,14865
CHEMBL4553691,0,0.21615274,14866
CHEMBL32012,0,0.21615274,14867
CHEMBL32751,0,0.21609542,14868
CHEMBL38594,0,0.21598032,14869
CHEMBL42323,0,0.21598032,14870
CHEMBL33893,0,0.21598032,14871
CHEMBL38386,0,0.21598032,14872
CHEMBL9878,0,0.2159357,14873
CHEMBL38832,0,0.21581408,14874
CHEMBL41294,0,0.21581408,14875
CHEMBL14802,0,0.21581408,14876
CHEMBL11927,0,0.21566117,14877
CHEMBL29105,0,0.21563877,14878
CHEMBL9789,0,0.21553233,14879
CHEMBL20803,0,0.21553233,14880
CHEMBL34066,0,0.21542673,14881
CHEMBL11993,0,0.21533382,14882
CHEMBL14987,0,0.21533382,14883
CHEMBL3309773,0,0.21533382,14884
CHEMBL10075,0,0.21533382,14885
CHEMBL4435597,0,0.21533382,14886
CHEMBL19962,0,0.21531595,14887
CHEMBL27750,0,0.21531595,14888
CHEMBL6355,0,0.21531595,14889
CHEMBL4435675,0,0.21531595,14890
CHEMBL12456,0,0.21531595,14891
CHEMBL10273,0,0.21531595,14892
CHEMBL21508,0,0.21531595,14893
CHEMBL12546,0,0.21531595,14894
CHEMBL34523,0,0.21531595,14895
CHEMBL40913,0,0.21531595,14896
CHEMBL14909,0,0.21531595,14897
CHEMBL35994,0,0.21531595,14898
CHEMBL29583,0,0.21531595,14899
CHEMBL33548,0,0.21531595,14900
CHEMBL39117,0,0.21531595,14901
CHEMBL26897,0,0.21531595,14902
CHEMBL24668,0,0.21531595,14903
CHEMBL14725,0,0.21531595,14904
CHEMBL24383,0,0.21531595,14905
CHEMBL507756,0,0.21531595,14906
CHEMBL29016,0,0.21531595,14907
CHEMBL4434964,0,0.21531595,14908
CHEMBL36980,0,0.21531595,14909
CHEMBL25874,0,0.21531595,14910
CHEMBL27617,0,0.21531595,14911
CHEMBL12578,0,0.21531595,14912
CHEMBL3310022,0,0.21531595,14913
CHEMBL34826,0,0.21531595,14914
CHEMBL7540,0,0.21531595,14915
CHEMBL43042,0,0.21531595,14916
CHEMBL16996,0,0.21531595,14917
CHEMBL40958,0,0.21531595,14918
CHEMBL40537,0,0.21531595,14919
CHEMBL40498,0,0.21531595,14920
CHEMBL4543263,0,0.21531595,14921
CHEMBL35166,0,0.21531595,14922
CHEMBL36225,0,0.21531595,14923
CHEMBL10026,0,0.21531595,14924
CHEMBL20407,0,0.21531595,14925
CHEMBL18290,0,0.21531595,14926
CHEMBL14542,0,0.21531595,14927
CHEMBL14486,0,0.21531595,14928
CHEMBL32549,0,0.21531595,14929
CHEMBL1183442,0,0.21531595,14930
CHEMBL1187970,0,0.21531595,14931
CHEMBL11880,0,0.21531595,14932
CHEMBL26668,0,0.21531595,14933
CHEMBL38587,0,0.21531595,14934
CHEMBL34985,0,0.21531595,14935
CHEMBL12093,0,0.21531595,14936
CHEMBL33531,0,0.21531595,14937
CHEMBL31830,0,0.21526985,14938
CHEMBL7546,0,0.21526985,14939
CHEMBL42068,0,0.21526985,14940
CHEMBL25774,0,0.21526985,14941
CHEMBL4435882,0,0.21526985,14942
CHEMBL25979,0,0.21526985,14943
CHEMBL8637,0,0.21526985,14944
CHEMBL35246,0,0.21512304,14945
CHEMBL3309776,0,0.21512155,14946
CHEMBL582221,0,0.21499357,14947
CHEMBL36599,0,0.21499357,14948
CHEMBL3309390,0,0.21499357,14949
CHEMBL1210578,0,0.21499357,14950
CHEMBL9034,0,0.21499357,14951
CHEMBL18224,0,0.21499357,14952
CHEMBL529058,0,0.21499357,14953
CHEMBL3309470,0,0.21499357,14954
CHEMBL20673,0,0.21499357,14955
CHEMBL38339,0,0.21490534,14956
CHEMBL4543577,0,0.21490534,14957
CHEMBL12680,0,0.21490534,14958
CHEMBL27734,0,0.21490534,14959
CHEMBL4436542,0,0.21480872,14960
CHEMBL9575,0,0.2147911,14961
CHEMBL23978,0,0.2147911,14962
CHEMBL8742,0,0.2147911,14963
CHEMBL4435056,0,0.21468215,14964
CHEMBL1224292,0,0.21468215,14965
CHEMBL10207,0,0.21457502,14966
CHEMBL10983,0,0.21453696,14967
CHEMBL15011,0,0.21453696,14968
CHEMBL36750,0,0.21453696,14969
CHEMBL9631,0,0.21453696,14970
CHEMBL3311006,0,0.21453696,14971
CHEMBL36475,0,0.21453696,14972
CHEMBL12481,0,0.21453696,14973
CHEMBL10281,0,0.21453696,14974
CHEMBL16781,0,0.21453696,14975
CHEMBL21143,0,0.21453696,14976
CHEMBL42805,0,0.21453696,14977
CHEMBL35285,0,0.21453696,14978
CHEMBL16163,0,0.21453696,14979
CHEMBL32048,0,0.21453696,14980
CHEMBL29881,0,0.21453696,14981
CHEMBL8102,0,0.21453696,14982
CHEMBL40047,0,0.21449685,14983
CHEMBL4543532,0,0.21449685,14984
CHEMBL36360,0,0.21444535,14985
CHEMBL22116,0,0.21442513,14986
CHEMBL29280,0,0.21435943,14987
CHEMBL34527,0,0.21433717,14988
CHEMBL32553,0,0.21433717,14989
CHEMBL15711,0,0.21433717,14990
CHEMBL35615,0,0.21433717,14991
CHEMBL15692,0,0.21433717,14992
CHEMBL16961,0,0.21424721,14993
CHEMBL32647,0,0.21424721,14994
CHEMBL9444,0,0.2142319,14995
CHEMBL20356,0,0.2142319,14996
CHEMBL4436456,0,0.21420358,14997
CHEMBL553896,0,0.21414605,14998
CHEMBL1163224,0,0.21403904,14999
CHEMBL16019,0,0.21403904,15000
CHEMBL25685,0,0.21403031,15001
CHEMBL21415,0,0.21401617,15002
CHEMBL1163530,0,0.21401617,15003
CHEMBL14251,0,0.21401617,15004
CHEMBL4553547,0,0.21401617,15005
CHEMBL32744,0,0.21401617,15006
CHEMBL30992,0,0.21401617,15007
CHEMBL20062,0,0.21401617,15008
CHEMBL25391,0,0.21400538,15009
CHEMBL21552,0,0.21382043,15010
CHEMBL33882,0,0.21382043,15011
CHEMBL35128,0,0.21363537,15012
CHEMBL8906,0,0.21363537,15013
CHEMBL34749,0,0.21363537,15014
CHEMBL16246,0,0.21359733,15015
CHEMBL34606,0,0.21357195,15016
CHEMBL4434756,0,0.2134176,15017
CHEMBL10778,0,0.21339181,15018
CHEMBL13531,0,0.21334371,15019
CHEMBL840,0,0.21334371,15020
CHEMBL38406,0,0.21334371,15021
CHEMBL45,0,0.21334371,15022
CHEMBL25701,0,0.21334305,15023
CHEMBL4543478,0,0.21334305,15024
CHEMBL32626,0,0.21334305,15025
CHEMBL27165,0,0.21334305,15026
CHEMBL34206,0,0.21334305,15027
CHEMBL14932,0,0.21334305,15028
CHEMBL41166,0,0.21334305,15029
CHEMBL3311039,0,0.21334305,15030
CHEMBL41778,0,0.21334305,15031
CHEMBL15005,0,0.21334305,15032
CHEMBL32090,0,0.21331346,15033
CHEMBL26396,0,0.21331228,15034
CHEMBL33961,0,0.21331228,15035
CHEMBL40418,0,0.21331228,15036
CHEMBL19009,0,0.2129667,15037
CHEMBL3309461,0,0.21280813,15038
CHEMBL30206,0,0.2126345,15039
CHEMBL39856,0,0.21260454,15040
CHEMBL14081,0,0.21255222,15041
CHEMBL3310253,0,0.21247837,15042
CHEMBL28750,0,0.21240875,15043
CHEMBL33610,0,0.21193638,15044
CHEMBL21367,0,0.21181846,15045
CHEMBL7250,0,0.21181846,15046
CHEMBL21135,0,0.2117855,15047
CHEMBL21654,0,0.21176817,15048
CHEMBL37744,0,0.21176694,15049
CHEMBL16758,0,0.21176694,15050
CHEMBL797,0,0.21176694,15051
CHEMBL23033,0,0.21176694,15052
CHEMBL31149,0,0.2116997,15053
CHEMBL819,0,0.21163335,15054
CHEMBL34477,0,0.21158046,15055
CHEMBL10328,0,0.21158046,15056
CHEMBL20304,0,0.21153243,15057
CHEMBL4436371,0,0.21137722,15058
CHEMBL29351,0,0.21137722,15059
CHEMBL33159,0,0.21137722,15060
CHEMBL17097,0,0.21137223,15061
CHEMBL40316,0,0.21137223,15062
CHEMBL30309,0,0.21137223,15063
CHEMBL3310272,0,0.21137223,15064
CHEMBL38515,0,0.21137223,15065
CHEMBL19328,0,0.21133369,15066
CHEMBL22404,0,0.21133369,15067
CHEMBL31271,0,0.21131769,15068
CHEMBL18242,0,0.21131769,15069
CHEMBL24621,0,0.21121508,15070
CHEMBL26941,0,0.21117108,15071
CHEMBL606709,0,0.21096788,15072
CHEMBL29232,0,0.2108828,15073
CHEMBL30629,0,0.2108828,15074
CHEMBL30596,0,0.2108828,15075
CHEMBL28810,0,0.2108828,15076
CHEMBL16949,0,0.2108828,15077
CHEMBL37779,0,0.2108828,15078
CHEMBL7995,0,0.2108828,15079
CHEMBL30541,0,0.2108828,15080
CHEMBL31173,0,0.2108828,15081
CHEMBL26119,0,0.2108828,15082
CHEMBL28980,0,0.2108828,15083
CHEMBL22024,0,0.21086605,15084
CHEMBL18386,0,0.21082431,15085
CHEMBL42230,0,0.21073084,15086
CHEMBL20161,0,0.21073084,15087
CHEMBL13374,0,0.21073084,15088
CHEMBL16838,0,0.21073084,15089
CHEMBL16917,0,0.21073084,15090
CHEMBL23130,0,0.21073084,15091
CHEMBL15167,0,0.21073084,15092
CHEMBL7340,0,0.21073084,15093
CHEMBL11174,0,0.21073084,15094
CHEMBL3310130,0,0.21073084,15095
CHEMBL13316,0,0.21073084,15096
CHEMBL30776,0,0.21072428,15097
CHEMBL6800,0,0.21066344,15098
CHEMBL22258,0,0.21066344,15099
CHEMBL1159637,0,0.21066344,15100
CHEMBL42431,0,0.21066344,15101
CHEMBL27764,0,0.21066344,15102
CHEMBL4543534,0,0.21066344,15103
CHEMBL4435991,0,0.21066344,15104
CHEMBL16364,0,0.21066344,15105
CHEMBL9641,0,0.21066344,15106
CHEMBL22257,0,0.210632,15107
CHEMBL43660,0,0.21056648,15108
CHEMBL10002,0,0.21036324,15109
CHEMBL28803,0,0.21034577,15110
CHEMBL24746,0,0.21034577,15111
CHEMBL15988,0,0.21030329,15112
CHEMBL25820,0,0.21022083,15113
CHEMBL38567,0,0.21013659,15114
CHEMBL22189,0,0.20995955,15115
CHEMBL16882,0,0.20991138,15116
CHEMBL28659,0,0.20991138,15117
CHEMBL42254,0,0.20991138,15118
CHEMBL1173565,0,0.20991138,15119
CHEMBL26447,0,0.20991138,15120
CHEMBL36605,0,0.20991138,15121
CHEMBL22600,0,0.20991138,15122
CHEMBL3309591,0,0.2098807,15123
CHEMBL41462,0,0.20988041,15124
CHEMBL20429,0,0.20988041,15125
CHEMBL15816,0,0.20988041,15126
CHEMBL4553145,0,0.20981033,15127
CHEMBL6660,0,0.20981033,15128
CHEMBL20628,0,0.20973298,15129
CHEMBL32796,0,0.20971914,15130
CHEMBL29380,0,0.20971914,15131
CHEMBL7318,0,0.20971914,15132
CHEMBL36415,0,0.20971914,15133
CHEMBL19451,0,0.20971914,15134
CHEMBL7644,0,0.20971914,15135
CHEMBL20658,0,0.20971914,15136
CHEMBL3310035,0,0.20971914,15137
CHEMBL38040,0,0.20971914,15138
CHEMBL13339,0,0.20971914,15139
CHEMBL33493,0,0.20971914,15140
CHEMBL24246,0,0.20971914,15141
CHEMBL579790,0,0.20971914,15142
CHEMBL14489,0,0.20971914,15143
CHEMBL26691,0,0.20971914,15144
CHEMBL37252,0,0.2096884,15145
CHEMBL1163502,0,0.2096884,15146
CHEMBL507700,0,0.20958836,15147
CHEMBL38274,0,0.20951816,15148
CHEMBL1091854,0,0.20950636,15149
CHEMBL38931,0,0.20947568,15150
CHEMBL41902,0,0.20942427,15151
CHEMBL3311059,0,0.20940566,15152
CHEMBL7862,0,0.20940234,15153
CHEMBL25522,0,0.20940234,15154
CHEMBL28198,0,0.20926407,15155
CHEMBL13650,0,0.20926407,15156
CHEMBL10408,0,0.20926407,15157
CHEMBL39142,0,0.20926407,15158
CHEMBL12631,0,0.20926407,15159
CHEMBL95,0,0.20926407,15160
CHEMBL37365,0,0.20926407,15161
CHEMBL11753,0,0.20926407,15162
CHEMBL39783,0,0.20926407,15163
CHEMBL4435029,0,0.20926407,15164
CHEMBL38610,0,0.20926407,15165
CHEMBL22999,0,0.20926407,15166
CHEMBL23127,0,0.20926407,15167
CHEMBL12816,0,0.20926407,15168
CHEMBL561,0,0.20926407,15169
CHEMBL29457,0,0.20926407,15170
CHEMBL33324,0,0.20926407,15171
CHEMBL23771,0,0.20926407,15172
CHEMBL20427,0,0.20926407,15173
CHEMBL17192,0,0.20917757,15174
CHEMBL36967,0,0.209048,15175
CHEMBL19684,0,0.20885593,15176
CHEMBL18721,0,0.20885593,15177
CHEMBL572762,0,0.20885593,15178
CHEMBL21165,0,0.20885593,15179
CHEMBL12325,0,0.20885298,15180
CHEMBL39580,0,0.20874375,15181
CHEMBL11411,0,0.20869221,15182
CHEMBL7226,0,0.20869221,15183
CHEMBL39251,0,0.20869221,15184
CHEMBL28601,0,0.20869221,15185
CHEMBL17784,0,0.20869221,15186
CHEMBL42008,0,0.20869221,15187
CHEMBL29958,0,0.20869221,15188
CHEMBL4435336,0,0.20869221,15189
CHEMBL41953,0,0.20869221,15190
CHEMBL4435247,0,0.20869221,15191
CHEMBL7177,0,0.20869221,15192
CHEMBL10101,0,0.20869221,15193
CHEMBL29220,0,0.20869221,15194
CHEMBL41266,0,0.20869221,15195
CHEMBL18869,0,0.20869221,15196
CHEMBL34666,0,0.20869221,15197
CHEMBL7390,0,0.20869221,15198
CHEMBL30634,0,0.20869221,15199
CHEMBL36227,0,0.20869221,15200
CHEMBL35806,0,0.20869221,15201
CHEMBL42794,0,0.20869221,15202
CHEMBL38395,0,0.20869221,15203
CHEMBL14239,0,0.20869221,15204
CHEMBL16277,0,0.20869221,15205
CHEMBL1207158,0,0.20869221,15206
CHEMBL41872,0,0.20869221,15207
CHEMBL7640,0,0.20869221,15208
CHEMBL4116137,0,0.20869221,15209
CHEMBL9817,0,0.20869221,15210
CHEMBL10898,0,0.20869221,15211
CHEMBL16683,0,0.20869221,15212
CHEMBL9894,0,0.20869221,15213
CHEMBL26488,0,0.20869221,15214
CHEMBL3311513,0,0.20869221,15215
CHEMBL14513,0,0.20869221,15216
CHEMBL3310031,0,0.20869221,15217
CHEMBL24216,0,0.2086383,15218
CHEMBL24464,0,0.2086278,15219
CHEMBL34221,0,0.20858218,15220
CHEMBL24187,0,0.20850822,15221
CHEMBL9811,0,0.20844632,15222
CHEMBL3310051,0,0.20841163,15223
CHEMBL24969,0,0.2083957,15224
CHEMBL24329,0,0.2083957,15225
CHEMBL10236,0,0.2083957,15226
CHEMBL25863,0,0.2082934,15227
CHEMBL22119,0,0.20828135,15228
CHEMBL13271,0,0.2082488,15229
CHEMBL3310192,0,0.2082442,15230
CHEMBL13716,0,0.2082442,15231
CHEMBL7673,0,0.20820996,15232
CHEMBL32140,0,0.20819202,15233
CHEMBL16772,0,0.20814317,15234
CHEMBL3310113,0,0.20807412,15235
CHEMBL41258,0,0.20806265,15236
CHEMBL35602,0,0.20805158,15237
CHEMBL27873,0,0.20787291,15238
CHEMBL28567,0,0.20787291,15239
CHEMBL7654,0,0.20783228,15240
CHEMBL8865,0,0.20783228,15241
CHEMBL42970,0,0.20783228,15242
CHEMBL14267,0,0.20780881,15243
CHEMBL21160,0,0.20764455,15244
CHEMBL11441,0,0.20764455,15245
CHEMBL25986,0,0.20764455,15246
CHEMBL13692,0,0.20764455,15247
CHEMBL26328,0,0.20764455,15248
CHEMBL6504,0,0.20764455,15249
CHEMBL29137,0,0.20762734,15250
CHEMBL10623,0,0.2074743,15251
CHEMBL39880,0,0.2074743,15252
CHEMBL17579,0,0.20740245,15253
CHEMBL32363,0,0.20740245,15254
CHEMBL6726,0,0.20738408,15255
CHEMBL36994,0,0.20737639,15256
CHEMBL28972,0,0.20736238,15257
CHEMBL13063,0,0.20730585,15258
CHEMBL24823,0,0.20729552,15259
CHEMBL18250,0,0.20728794,15260
CHEMBL1163556,0,0.20724347,15261
CHEMBL4436219,0,0.2072143,15262
CHEMBL4435847,0,0.20716979,15263
CHEMBL33658,0,0.20716979,15264
CHEMBL6447,0,0.20716979,15265
CHEMBL25836,0,0.20716979,15266
CHEMBL37116,0,0.20716979,15267
CHEMBL32066,0,0.20716979,15268
CHEMBL21911,0,0.20716979,15269
CHEMBL501499,0,0.20716979,15270
CHEMBL26694,0,0.20716979,15271
CHEMBL30267,0,0.20716979,15272
CHEMBL18960,0,0.20716979,15273
CHEMBL4543533,0,0.20716979,15274
CHEMBL11875,0,0.20716979,15275
CHEMBL15893,0,0.20716979,15276
CHEMBL27289,0,0.20716979,15277
CHEMBL12760,0,0.20716979,15278
CHEMBL11355,0,0.20716979,15279
CHEMBL155780,0,0.20716979,15280
CHEMBL16654,0,0.20716979,15281
CHEMBL28969,0,0.20716979,15282
CHEMBL21575,0,0.20716979,15283
CHEMBL10825,0,0.20716979,15284
CHEMBL22000,0,0.20716979,15285
CHEMBL16691,0,0.20716979,15286
CHEMBL29855,0,0.20716979,15287
CHEMBL13097,0,0.20716979,15288
CHEMBL22034,0,0.20716979,15289
CHEMBL10353,0,0.20716979,15290
CHEMBL42969,0,0.20716979,15291
CHEMBL27801,0,0.20716979,15292
CHEMBL17038,0,0.20716979,15293
CHEMBL21107,0,0.20716979,15294
CHEMBL27950,0,0.20716979,15295
CHEMBL35739,0,0.20716979,15296
CHEMBL6553,0,0.20716979,15297
CHEMBL25710,0,0.20716979,15298
CHEMBL35458,0,0.20716979,15299
CHEMBL10157,0,0.20716979,15300
CHEMBL39700,0,0.20716979,15301
CHEMBL25143,0,0.20716979,15302
CHEMBL34234,0,0.20716979,15303
CHEMBL6937,0,0.20716979,15304
CHEMBL10949,0,0.20716979,15305
CHEMBL37811,0,0.20716979,15306
CHEMBL43747,0,0.20716979,15307
CHEMBL11473,0,0.20716979,15308
CHEMBL21345,0,0.20716979,15309
CHEMBL14250,0,0.20716979,15310
CHEMBL14550,0,0.20716979,15311
CHEMBL22251,0,0.20716979,15312
CHEMBL32218,0,0.20716979,15313
CHEMBL11346,0,0.20716979,15314
CHEMBL25900,0,0.20716979,15315
CHEMBL719,0,0.20716979,15316
CHEMBL16973,0,0.20716979,15317
CHEMBL1222611,0,0.20716979,15318
CHEMBL25971,0,0.20716979,15319
CHEMBL18462,0,0.20716979,15320
CHEMBL35211,0,0.20716979,15321
CHEMBL29713,0,0.20716979,15322
CHEMBL37305,0,0.20716979,15323
CHEMBL16634,0,0.20716979,15324
CHEMBL26854,0,0.20716979,15325
CHEMBL19128,0,0.20716979,15326
CHEMBL30108,0,0.20716979,15327
CHEMBL32826,0,0.20716979,15328
CHEMBL30109,0,0.20716979,15329
CHEMBL4436437,0,0.20716979,15330
CHEMBL12251,0,0.20716979,15331
CHEMBL611115,0,0.20716979,15332
CHEMBL3310682,0,0.20716979,15333
CHEMBL385384,0,0.20716979,15334
CHEMBL6307,0,0.20716979,15335
CHEMBL15125,0,0.20716979,15336
CHEMBL7645,0,0.20716979,15337
CHEMBL4435880,0,0.20716979,15338
CHEMBL25855,0,0.20716979,15339
CHEMBL37289,0,0.20716979,15340
CHEMBL25684,0,0.20716979,15341
CHEMBL36032,0,0.20716979,15342
CHEMBL29623,0,0.20716979,15343
CHEMBL28744,0,0.20716979,15344
CHEMBL26965,0,0.20716979,15345
CHEMBL20780,0,0.20716979,15346
CHEMBL30196,0,0.20716979,15347
CHEMBL40443,0,0.20716979,15348
CHEMBL30688,0,0.20716979,15349
CHEMBL30310,0,0.20716979,15350
CHEMBL36987,0,0.20716979,15351
CHEMBL1163374,0,0.20716979,15352
CHEMBL25239,0,0.20716979,15353
CHEMBL34449,0,0.20716979,15354
CHEMBL34444,0,0.20716979,15355
CHEMBL22288,0,0.20716979,15356
CHEMBL41637,0,0.20714556,15357
CHEMBL23208,0,0.20696452,15358
CHEMBL21984,0,0.20690505,15359
CHEMBL36356,0,0.20690273,15360
CHEMBL43594,0,0.20663857,15361
CHEMBL27871,0,0.20662251,15362
CHEMBL29838,0,0.20660488,15363
CHEMBL14292,0,0.20652239,15364
CHEMBL40318,0,0.20652239,15365
CHEMBL30790,0,0.20638049,15366
CHEMBL1783455,0,0.20607021,15367
CHEMBL35504,0,0.20585044,15368
CHEMBL14111,0,0.2058283,15369
CHEMBL39426,0,0.20575897,15370
CHEMBL29075,0,0.20575897,15371
CHEMBL3309538,0,0.20575897,15372
CHEMBL13394,0,0.20575897,15373
CHEMBL12562,0,0.20564003,15374
CHEMBL28836,0,0.20564003,15375
CHEMBL11554,0,0.20541686,15376
CHEMBL38198,0,0.2053202,15377
CHEMBL28999,0,0.20525047,15378
CHEMBL39066,0,0.20525047,15379
CHEMBL34653,0,0.20525047,15380
CHEMBL28602,0,0.20525047,15381
CHEMBL28283,0,0.20525047,15382
CHEMBL22735,0,0.20525047,15383
CHEMBL25744,0,0.20525047,15384
CHEMBL32841,0,0.20525047,15385
CHEMBL40724,0,0.20525047,15386
CHEMBL14533,0,0.20525047,15387
CHEMBL36302,0,0.20525047,15388
CHEMBL17755,0,0.20525047,15389
CHEMBL30744,0,0.20525047,15390
CHEMBL23448,0,0.20522103,15391
CHEMBL33122,0,0.20522103,15392
CHEMBL27295,0,0.20511396,15393
CHEMBL40432,0,0.20511396,15394
CHEMBL31867,0,0.20504914,15395
CHEMBL27580,0,0.20496522,15396
CHEMBL1207979,0,0.20489313,15397
CHEMBL29880,0,0.20488311,15398
CHEMBL15900,0,0.20488311,15399
CHEMBL38489,0,0.20486759,15400
CHEMBL39125,0,0.20484193,15401
CHEMBL34818,0,0.20473239,15402
CHEMBL9196,0,0.20473239,15403
CHEMBL33466,0,0.20471442,15404
CHEMBL38682,0,0.20464644,15405
CHEMBL15287,0,0.20464644,15406
CHEMBL8517,0,0.20464644,15407
CHEMBL4436240,0,0.20464644,15408
CHEMBL26353,0,0.2046185,15409
CHEMBL17570,0,0.20461254,15410
CHEMBL39860,0,0.20454599,15411
CHEMBL26903,0,0.20454599,15412
CHEMBL12478,0,0.20452695,15413
CHEMBL12754,0,0.20446181,15414
CHEMBL3309932,0,0.2044025,15415
CHEMBL41324,0,0.20439188,15416
CHEMBL6416,0,0.20429039,15417
CHEMBL24250,0,0.20429039,15418
CHEMBL20963,0,0.20429039,15419
CHEMBL4434897,0,0.2041941,15420
CHEMBL36042,0,0.20415768,15421
CHEMBL584356,0,0.20415638,15422
CHEMBL23945,0,0.20415638,15423
CHEMBL39891,0,0.20415638,15424
CHEMBL26996,0,0.20415638,15425
CHEMBL26936,0,0.20415638,15426
CHEMBL28202,0,0.20415638,15427
CHEMBL27387,0,0.20415638,15428
CHEMBL13479,0,0.20415638,15429
CHEMBL27709,0,0.20415638,15430
CHEMBL23116,0,0.20415638,15431
CHEMBL10233,0,0.20409176,15432
CHEMBL34946,0,0.20407946,15433
CHEMBL22742,0,0.20407946,15434
CHEMBL24253,0,0.20407946,15435
CHEMBL1204670,0,0.20407946,15436
CHEMBL22549,0,0.20405413,15437
CHEMBL11269,0,0.20405413,15438
CHEMBL7452,0,0.20405413,15439
CHEMBL259626,0,0.20404483,15440
CHEMBL10627,0,0.20401123,15441
CHEMBL4434896,0,0.20401123,15442
CHEMBL16470,0,0.20395145,15443
CHEMBL18834,0,0.20388205,15444
CHEMBL26248,0,0.20388205,15445
CHEMBL4435970,0,0.20388205,15446
CHEMBL7501,0,0.20388205,15447
CHEMBL16360,0,0.20388205,15448
CHEMBL4435050,0,0.20364779,15449
CHEMBL42267,0,0.20343424,15450
CHEMBL3310674,0,0.20343424,15451
CHEMBL26279,0,0.203369,15452
CHEMBL3310207,0,0.20334886,15453
CHEMBL16450,0,0.2032598,15454
CHEMBL10753,0,0.2032598,15455
CHEMBL4436514,0,0.2032598,15456
CHEMBL22207,0,0.2032598,15457
CHEMBL20121,0,0.2032598,15458
CHEMBL22097,0,0.2032598,15459
CHEMBL11344,0,0.2032598,15460
CHEMBL14997,0,0.20321141,15461
CHEMBL10450,0,0.20312147,15462
CHEMBL35712,0,0.20307383,15463
CHEMBL8743,0,0.20307383,15464
CHEMBL608826,0,0.2027406,15465
CHEMBL26219,0,0.2027406,15466
CHEMBL40703,0,0.2027406,15467
CHEMBL3309906,0,0.2027406,15468
CHEMBL4543568,0,0.2027406,15469
CHEMBL11678,0,0.2027406,15470
CHEMBL9709,0,0.20269328,15471
CHEMBL20156,0,0.20269328,15472
CHEMBL24062,0,0.20269328,15473
CHEMBL37427,0,0.20269328,15474
CHEMBL18508,0,0.20268334,15475
CHEMBL20027,0,0.20268334,15476
CHEMBL27532,0,0.20268334,15477
CHEMBL29439,0,0.20268334,15478
CHEMBL3309658,0,0.20268334,15479
CHEMBL6888,0,0.20268334,15480
CHEMBL24684,0,0.20266771,15481
CHEMBL9459,0,0.20265754,15482
CHEMBL3310313,0,0.20264092,15483
CHEMBL30516,0,0.20262283,15484
CHEMBL32456,0,0.20262283,15485
CHEMBL14277,0,0.20259728,15486
CHEMBL3309645,0,0.20255966,15487
CHEMBL26887,0,0.20255966,15488
CHEMBL31819,0,0.20255966,15489
CHEMBL4434677,0,0.20255966,15490
CHEMBL26159,0,0.20255966,15491
CHEMBL7121,0,0.20255966,15492
CHEMBL3309797,0,0.20255966,15493
CHEMBL9565,0,0.20255966,15494
CHEMBL4435740,0,0.20255966,15495
CHEMBL10021,0,0.20255966,15496
CHEMBL23578,0,0.20255966,15497
CHEMBL12621,0,0.20255966,15498
CHEMBL12648,0,0.20255966,15499
CHEMBL33468,0,0.20255966,15500
CHEMBL39896,0,0.20255966,15501
CHEMBL35304,0,0.20255966,15502
CHEMBL27389,0,0.20255966,15503
CHEMBL21622,0,0.20255966,15504
CHEMBL26211,0,0.20255966,15505
CHEMBL4435451,0,0.20255966,15506
CHEMBL6347,0,0.20255966,15507
CHEMBL36435,0,0.20255966,15508
CHEMBL17018,0,0.20255966,15509
CHEMBL1088217,0,0.20255966,15510
CHEMBL1077098,0,0.20255966,15511
CHEMBL30091,0,0.20255966,15512
CHEMBL29008,0,0.20255966,15513
CHEMBL15119,0,0.20255966,15514
CHEMBL31524,0,0.20255966,15515
CHEMBL10996,0,0.20255966,15516
CHEMBL13739,0,0.20255966,15517
CHEMBL7648,0,0.20255966,15518
CHEMBL23123,0,0.20255966,15519
CHEMBL7316,0,0.20255966,15520
CHEMBL30129,0,0.20255966,15521
CHEMBL10951,0,0.20255966,15522
CHEMBL32611,0,0.20255966,15523
CHEMBL263058,0,0.20255966,15524
CHEMBL11416,0,0.20255966,15525
CHEMBL865,0,0.20255966,15526
CHEMBL27117,0,0.20255966,15527
CHEMBL38814,0,0.20255966,15528
CHEMBL25287,0,0.20255966,15529
CHEMBL8979,0,0.20255966,15530
CHEMBL25695,0,0.20255966,15531
CHEMBL4553549,0,0.20255966,15532
CHEMBL29136,0,0.20255966,15533
CHEMBL31133,0,0.20255966,15534
CHEMBL35391,0,0.20255966,15535
CHEMBL31711,0,0.20255966,15536
CHEMBL18040,0,0.20255966,15537
CHEMBL15323,0,0.20255966,15538
CHEMBL8369,0,0.20255966,15539
CHEMBL16342,0,0.20255966,15540
CHEMBL490449,0,0.20255966,15541
CHEMBL567,0,0.20255966,15542
CHEMBL4434843,0,0.20255966,15543
CHEMBL37424,0,0.20255966,15544
CHEMBL35328,0,0.20255966,15545
CHEMBL1213982,0,0.20255966,15546
CHEMBL14920,0,0.20255966,15547
CHEMBL24545,0,0.20255966,15548
CHEMBL34207,0,0.20255966,15549
CHEMBL3309305,0,0.20255966,15550
CHEMBL11073,0,0.20255966,15551
CHEMBL4436153,0,0.20255966,15552
CHEMBL24387,0,0.20255966,15553
CHEMBL28258,0,0.20255966,15554
CHEMBL35098,0,0.20255966,15555
CHEMBL14191,0,0.20255966,15556
CHEMBL25419,0,0.20255966,15557
CHEMBL3310561,0,0.20255966,15558
CHEMBL29717,0,0.20255966,15559
CHEMBL4434739,0,0.20255966,15560
CHEMBL42333,0,0.20255966,15561
CHEMBL17941,0,0.20243694,15562
CHEMBL19046,0,0.20243694,15563
CHEMBL3309423,0,0.20243694,15564
CHEMBL25913,0,0.20235144,15565
CHEMBL33053,0,0.20234479,15566
CHEMBL36944,0,0.20216268,15567
CHEMBL35484,0,0.20216268,15568
CHEMBL3309626,0,0.20216268,15569
CHEMBL6654,0,0.20216268,15570
CHEMBL1163333,0,0.20216268,15571
CHEMBL3309533,0,0.20216268,15572
CHEMBL3310026,0,0.20216268,15573
CHEMBL15673,0,0.20216268,15574
CHEMBL9187,0,0.20216268,15575
CHEMBL4434698,0,0.20216268,15576
CHEMBL28746,0,0.20216268,15577
CHEMBL28779,0,0.20216268,15578
CHEMBL1162109,0,0.20216268,15579
CHEMBL38781,0,0.20216268,15580
CHEMBL16037,0,0.20216268,15581
CHEMBL4436069,0,0.20216268,15582
CHEMBL41196,0,0.20216268,15583
CHEMBL8474,0,0.20216268,15584
CHEMBL42451,0,0.20216268,15585
CHEMBL14567,0,0.20216268,15586
CHEMBL13937,0,0.20216268,15587
CHEMBL581077,0,0.20216268,15588
CHEMBL41896,0,0.20216268,15589
CHEMBL19947,0,0.2021593,15590
CHEMBL27333,0,0.2021514,15591
CHEMBL36491,0,0.2021171,15592
CHEMBL30252,0,0.2020834,15593
CHEMBL1092995,0,0.2020834,15594
CHEMBL24218,0,0.2020834,15595
CHEMBL29090,0,0.2020834,15596
CHEMBL41317,0,0.2020834,15597
CHEMBL15137,0,0.20207493,15598
CHEMBL32038,0,0.20207493,15599
CHEMBL15349,0,0.20201483,15600
CHEMBL24413,0,0.20201483,15601
CHEMBL41662,0,0.20198447,15602
CHEMBL40738,0,0.20198447,15603
CHEMBL6206,0,0.20198312,15604
CHEMBL27363,0,0.20195061,15605
CHEMBL28029,0,0.20180431,15606
CHEMBL19213,0,0.20180431,15607
CHEMBL25703,0,0.20180431,15608
CHEMBL18622,0,0.20180431,15609
CHEMBL3310363,0,0.20180431,15610
CHEMBL14089,0,0.20172472,15611
CHEMBL43516,0,0.20171937,15612
CHEMBL11021,0,0.20163333,15613
CHEMBL3309266,0,0.20162395,15614
CHEMBL36702,0,0.20162395,15615
CHEMBL11559,0,0.20162395,15616
CHEMBL30662,0,0.20162395,15617
CHEMBL19079,0,0.20162395,15618
CHEMBL10683,0,0.20162395,15619
CHEMBL24552,0,0.20162395,15620
CHEMBL595085,0,0.20162395,15621
CHEMBL9903,0,0.20146567,15622
CHEMBL21386,0,0.2014284,15623
CHEMBL4435471,0,0.20134912,15624
CHEMBL14354,0,0.201247,15625
CHEMBL16008,0,0.201247,15626
CHEMBL15494,0,0.20108633,15627
CHEMBL29204,0,0.20108633,15628
CHEMBL13252,0,0.20108633,15629
CHEMBL22058,0,0.20100898,15630
CHEMBL17681,0,0.20097727,15631
CHEMBL7917,0,0.20097727,15632
CHEMBL30738,0,0.20097727,15633
CHEMBL22260,0,0.20092422,15634
CHEMBL27606,0,0.20088325,15635
CHEMBL7116,0,0.20088325,15636
CHEMBL23646,0,0.20078896,15637
CHEMBL9855,0,0.20076355,15638
CHEMBL18477,0,0.2006406,15639
CHEMBL39183,0,0.2006406,15640
CHEMBL14073,0,0.2006406,15641
CHEMBL13649,0,0.2006406,15642
CHEMBL40245,0,0.2006406,15643
CHEMBL26379,0,0.2006406,15644
CHEMBL11065,0,0.2006406,15645
CHEMBL39349,0,0.2006406,15646
CHEMBL8379,0,0.2006406,15647
CHEMBL24019,0,0.2006406,15648
CHEMBL7404,0,0.2006406,15649
CHEMBL34302,0,0.2006406,15650
CHEMBL24869,0,0.2006406,15651
CHEMBL3311395,0,0.2006406,15652
CHEMBL30956,0,0.2006406,15653
CHEMBL13591,0,0.2006406,15654
CHEMBL25806,0,0.2006406,15655
CHEMBL23108,0,0.2006406,15656
CHEMBL25557,0,0.2006406,15657
CHEMBL26605,0,0.2006406,15658
CHEMBL12878,0,0.2006406,15659
CHEMBL29367,0,0.20045288,15660
CHEMBL29764,0,0.2004128,15661
CHEMBL37071,0,0.2004128,15662
CHEMBL29185,0,0.2004128,15663
CHEMBL23,0,0.20040055,15664
CHEMBL3309637,0,0.20040055,15665
CHEMBL35979,0,0.20040055,15666
CHEMBL4435562,0,0.20036879,15667
CHEMBL41722,0,0.20030557,15668
CHEMBL1163513,0,0.20018288,15669
CHEMBL3310283,0,0.20015626,15670
CHEMBL40979,0,0.20015626,15671
CHEMBL38656,0,0.20013002,15672
CHEMBL12397,0,0.20011748,15673
CHEMBL3310278,0,0.20009232,15674
CHEMBL10634,0,0.20009232,15675
CHEMBL41542,0,0.20009232,15676
CHEMBL26654,0,0.20001096,15677
CHEMBL12395,0,0.19971456,15678
CHEMBL8471,0,0.19971456,15679
CHEMBL11069,0,0.19971456,15680
CHEMBL18531,0,0.19971456,15681
CHEMBL12809,0,0.19971456,15682
CHEMBL35751,0,0.19971456,15683
CHEMBL3310338,0,0.19971456,15684
CHEMBL30938,0,0.19971456,15685
CHEMBL31568,0,0.19970605,15686
CHEMBL1163466,0,0.19970605,15687
CHEMBL4543519,0,0.19970605,15688
CHEMBL22009,0,0.19970605,15689
CHEMBL8551,0,0.19970605,15690
CHEMBL38070,0,0.19970605,15691
CHEMBL37172,0,0.19970605,15692
CHEMBL15061,0,0.19970605,15693
CHEMBL34023,0,0.19970605,15694
CHEMBL18199,0,0.19970605,15695
CHEMBL32029,0,0.19970605,15696
CHEMBL3311412,0,0.19970605,15697
CHEMBL14107,0,0.19970605,15698
CHEMBL26718,0,0.19970605,15699
CHEMBL25096,0,0.19970605,15700
CHEMBL744,0,0.19970605,15701
CHEMBL6497,0,0.19970605,15702
CHEMBL16790,0,0.19970605,15703
CHEMBL25163,0,0.19970605,15704
CHEMBL33514,0,0.19970605,15705
CHEMBL42425,0,0.19970605,15706
CHEMBL16407,0,0.19970605,15707
CHEMBL21807,0,0.19970605,15708
CHEMBL34633,0,0.19970605,15709
CHEMBL29148,0,0.19970605,15710
CHEMBL12200,0,0.19970605,15711
CHEMBL13575,0,0.19970605,15712
CHEMBL17550,0,0.19970605,15713
CHEMBL8552,0,0.19970605,15714
CHEMBL4435353,0,0.19970605,15715
CHEMBL503400,0,0.19970605,15716
CHEMBL38204,0,0.19970605,15717
CHEMBL23081,0,0.19970605,15718
CHEMBL35893,0,0.19970605,15719
CHEMBL9879,0,0.19967958,15720
CHEMBL4435701,0,0.1996687,15721
CHEMBL17389,0,0.1996687,15722
CHEMBL23829,0,0.1996687,15723
CHEMBL8519,0,0.1996687,15724
CHEMBL27670,0,0.19965602,15725
CHEMBL10851,0,0.19965602,15726
CHEMBL40168,0,0.19965602,15727
CHEMBL35944,0,0.19962025,15728
CHEMBL20737,0,0.19954766,15729
CHEMBL19734,0,0.1995141,15730
CHEMBL32587,0,0.1995141,15731
CHEMBL31701,0,0.1995141,15732
CHEMBL10007,0,0.1995141,15733
CHEMBL10330,0,0.1995141,15734
CHEMBL9496,0,0.19948179,15735
CHEMBL23069,0,0.1992583,15736
CHEMBL40762,0,0.1990928,15737
CHEMBL25903,0,0.19896734,15738
CHEMBL29436,0,0.1987914,15739
CHEMBL1163497,0,0.19865458,15740
CHEMBL25909,0,0.19865458,15741
CHEMBL27097,0,0.19865458,15742
CHEMBL15234,0,0.19865458,15743
CHEMBL20185,0,0.19865458,15744
CHEMBL37957,0,0.19859487,15745
CHEMBL21714,0,0.19859487,15746
CHEMBL19664,0,0.19859487,15747
CHEMBL8464,0,0.19853896,15748
CHEMBL52,0,0.19853896,15749
CHEMBL11281,0,0.19853896,15750
CHEMBL30036,0,0.19853896,15751
CHEMBL10937,0,0.19853896,15752
CHEMBL35313,0,0.19853896,15753
CHEMBL36224,0,0.19853896,15754
CHEMBL1163273,0,0.19853896,15755
CHEMBL24581,0,0.19853896,15756
CHEMBL35041,0,0.19853896,15757
CHEMBL26207,0,0.19853896,15758
CHEMBL15134,0,0.19853896,15759
CHEMBL28621,0,0.19853896,15760
CHEMBL11240,0,0.19853896,15761
CHEMBL15331,0,0.19853896,15762
CHEMBL3309369,0,0.19853896,15763
CHEMBL16025,0,0.19853896,15764
CHEMBL7558,0,0.19853896,15765
CHEMBL4436454,0,0.19853896,15766
CHEMBL38325,0,0.19853896,15767
CHEMBL26924,0,0.19853896,15768
CHEMBL11414,0,0.19853896,15769
CHEMBL29421,0,0.19853896,15770
CHEMBL27740,0,0.19853896,15771
CHEMBL16122,0,0.19853896,15772
CHEMBL37346,0,0.19853896,15773
CHEMBL14866,0,0.19846989,15774
CHEMBL12655,0,0.19846989,15775
CHEMBL24800,0,0.19846989,15776
CHEMBL4434646,0,0.19846989,15777
CHEMBL38772,0,0.19846989,15778
CHEMBL7485,0,0.19846399,15779
CHEMBL19548,0,0.19844615,15780
CHEMBL27460,0,0.19836402,15781
CHEMBL18389,0,0.19824971,15782
CHEMBL18007,0,0.19817758,15783
CHEMBL16878,0,0.19817758,15784
CHEMBL12377,0,0.19817758,15785
CHEMBL18350,0,0.19817758,15786
CHEMBL12373,0,0.19817758,15787
CHEMBL43645,0,0.19817758,15788
CHEMBL4436075,0,0.19817758,15789
CHEMBL38917,0,0.19817758,15790
CHEMBL11064,0,0.19817758,15791
CHEMBL41394,0,0.19817758,15792
CHEMBL14521,0,0.19817758,15793
CHEMBL15760,0,0.19817758,15794
CHEMBL21942,0,0.19817758,15795
CHEMBL10347,0,0.19817758,15796
CHEMBL20078,0,0.19817758,15797
CHEMBL33807,0,0.19817758,15798
CHEMBL37766,0,0.19817758,15799
CHEMBL7483,0,0.19817758,15800
CHEMBL10897,0,0.19817758,15801
CHEMBL13727,0,0.19817758,15802
CHEMBL16557,0,0.19817758,15803
CHEMBL4434691,0,0.19817758,15804
CHEMBL18235,0,0.19817758,15805
CHEMBL14033,0,0.19817758,15806
CHEMBL35326,0,0.19817758,15807
CHEMBL36421,0,0.19817758,15808
CHEMBL34027,0,0.19817758,15809
CHEMBL17798,0,0.19817758,15810
CHEMBL20470,0,0.19817758,15811
CHEMBL38537,0,0.19817758,15812
CHEMBL18145,0,0.19817758,15813
CHEMBL38253,0,0.19817758,15814
CHEMBL22978,0,0.19817758,15815
CHEMBL18825,0,0.19817758,15816
CHEMBL9967,0,0.19817758,15817
CHEMBL27731,0,0.19810006,15818
CHEMBL33563,0,0.19810006,15819
CHEMBL25438,0,0.19791535,15820
CHEMBL30536,0,0.19771074,15821
CHEMBL3309918,0,0.19771074,15822
CHEMBL34530,0,0.19767007,15823
CHEMBL30068,0,0.19765513,15824
CHEMBL37451,0,0.19764368,15825
CHEMBL42100,0,0.19751604,15826
CHEMBL28557,0,0.19739036,15827
CHEMBL28919,0,0.19738996,15828
CHEMBL23935,0,0.19738996,15829
CHEMBL27548,0,0.19738996,15830
CHEMBL16142,0,0.19738996,15831
CHEMBL1091683,0,0.19738996,15832
CHEMBL11166,0,0.19738996,15833
CHEMBL29762,0,0.19738996,15834
CHEMBL35327,0,0.19738996,15835
CHEMBL24962,0,0.19738996,15836
CHEMBL4543310,0,0.19738996,15837
CHEMBL14626,0,0.19738996,15838
CHEMBL35210,0,0.19738996,15839
CHEMBL7521,0,0.19738996,15840
CHEMBL24916,0,0.19725463,15841
CHEMBL10375,0,0.19723652,15842
CHEMBL18792,0,0.19721612,15843
CHEMBL4543430,0,0.19716293,15844
CHEMBL6634,0,0.19716293,15845
CHEMBL25917,0,0.19716293,15846
CHEMBL3311476,0,0.19710086,15847
CHEMBL3310899,0,0.19710086,15848
CHEMBL16542,0,0.19710086,15849
CHEMBL27815,0,0.19703838,15850
CHEMBL7424,0,0.19703838,15851
CHEMBL27503,0,0.19703838,15852
CHEMBL14427,0,0.19697869,15853
CHEMBL4435456,0,0.19690827,15854
CHEMBL20906,0,0.19690827,15855
CHEMBL22340,0,0.19690827,15856
CHEMBL9569,0,0.19690827,15857
CHEMBL28843,0,0.19690827,15858
CHEMBL13552,0,0.19690827,15859
CHEMBL23530,0,0.19690827,15860
CHEMBL15881,0,0.19690827,15861
CHEMBL28655,0,0.19690827,15862
CHEMBL15793,0,0.19690827,15863
CHEMBL8,0,0.19690827,15864
CHEMBL23028,0,0.19690827,15865
CHEMBL15219,0,0.1968923,15866
CHEMBL4435717,0,0.19675262,15867
CHEMBL19114,0,0.19675262,15868
CHEMBL40818,0,0.19675262,15869
CHEMBL21569,0,0.19675262,15870
CHEMBL23005,0,0.19675262,15871
CHEMBL7160,0,0.19669996,15872
CHEMBL24337,0,0.19669996,15873
CHEMBL40554,0,0.19669996,15874
CHEMBL4435910,0,0.19668438,15875
CHEMBL25808,0,0.19668438,15876
CHEMBL40218,0,0.19668438,15877
CHEMBL31286,0,0.19668438,15878
CHEMBL15386,0,0.19662613,15879
CHEMBL36799,0,0.196546,15880
CHEMBL41114,0,0.19652623,15881
CHEMBL30791,0,0.1963376,15882
CHEMBL39118,0,0.19630542,15883
CHEMBL24266,0,0.19621478,15884
CHEMBL4543539,0,0.19614281,15885
CHEMBL11356,0,0.19602334,15886
CHEMBL4543375,0,0.19602334,15887
CHEMBL6247,0,0.19602334,15888
CHEMBL16032,0,0.19602334,15889
CHEMBL30971,0,0.19602334,15890
CHEMBL4435096,0,0.19602334,15891
CHEMBL10141,0,0.19602334,15892
CHEMBL29257,0,0.19602334,15893
CHEMBL22459,0,0.19602334,15894
CHEMBL4435123,0,0.19602334,15895
CHEMBL43496,0,0.19602334,15896
CHEMBL18018,0,0.19602334,15897
CHEMBL26527,0,0.19602334,15898
CHEMBL8677,0,0.19602334,15899
CHEMBL8860,0,0.19602334,15900
CHEMBL1189498,0,0.19602334,15901
CHEMBL42956,0,0.19602334,15902
CHEMBL3310153,0,0.19602334,15903
CHEMBL3309901,0,0.19602334,15904
CHEMBL26223,0,0.19602334,15905
CHEMBL595820,0,0.19602334,15906
CHEMBL19238,0,0.19602334,15907
CHEMBL4435249,0,0.19602334,15908
CHEMBL38720,0,0.19602334,15909
CHEMBL4435234,0,0.19602334,15910
CHEMBL28615,0,0.19602334,15911
CHEMBL4434654,0,0.19602334,15912
CHEMBL14781,0,0.19602334,15913
CHEMBL31709,0,0.19602334,15914
CHEMBL23649,0,0.19602334,15915
CHEMBL34678,0,0.19602334,15916
CHEMBL15551,0,0.19602334,15917
CHEMBL31265,0,0.19602334,15918
CHEMBL21215,0,0.19602334,15919
CHEMBL6474,0,0.19602334,15920
CHEMBL38977,0,0.19595264,15921
CHEMBL29086,0,0.19595264,15922
CHEMBL35372,0,0.19595264,15923
CHEMBL37903,0,0.19595242,15924
CHEMBL26171,0,0.19595096,15925
CHEMBL11525,0,0.19595076,15926
CHEMBL16592,0,0.19595076,15927
CHEMBL10378,0,0.19591251,15928
CHEMBL28185,0,0.19581494,15929
CHEMBL3309542,0,0.19581494,15930
CHEMBL3310653,0,0.19575277,15931
CHEMBL41215,0,0.19575277,15932
CHEMBL10129,0,0.19567546,15933
CHEMBL31005,0,0.19556943,15934
CHEMBL3309512,0,0.19547437,15935
CHEMBL32064,0,0.19547437,15936
CHEMBL41933,0,0.19539736,15937
CHEMBL39534,0,0.19523224,15938
CHEMBL26788,0,0.1952155,15939
CHEMBL22350,0,0.19502525,15940
CHEMBL16972,0,0.19490188,15941
CHEMBL20954,0,0.19489637,15942
CHEMBL34150,0,0.19489637,15943
CHEMBL35890,0,0.19489637,15944
CHEMBL589524,0,0.19489637,15945
CHEMBL21260,0,0.19489637,15946
CHEMBL31359,0,0.19489637,15947
CHEMBL30233,0,0.19489637,15948
CHEMBL13293,0,0.19489637,15949
CHEMBL34779,0,0.19489637,15950
CHEMBL10652,0,0.19489637,15951
CHEMBL12357,0,0.19489637,15952
CHEMBL3310058,0,0.19484256,15953
CHEMBL21036,0,0.19484256,15954
CHEMBL3310632,0,0.19484256,15955
CHEMBL3309632,0,0.19484256,15956
CHEMBL26421,0,0.19484256,15957
CHEMBL34182,0,0.19484256,15958
CHEMBL30333,0,0.19484256,15959
CHEMBL28826,0,0.19484256,15960
CHEMBL7614,0,0.19484256,15961
CHEMBL9408,0,0.1948188,15962
CHEMBL28863,0,0.19469579,15963
CHEMBL10666,0,0.19469579,15964
CHEMBL8718,0,0.19469579,15965
CHEMBL13260,0,0.19462919,15966
CHEMBL32180,0,0.19462363,15967
CHEMBL15218,0,0.19462363,15968
CHEMBL11552,0,0.19462363,15969
CHEMBL15552,0,0.19462363,15970
CHEMBL31308,0,0.19462363,15971
CHEMBL11924,0,0.19462363,15972
CHEMBL8174,0,0.19462363,15973
CHEMBL27505,0,0.19462363,15974
CHEMBL26715,0,0.19462363,15975
CHEMBL28500,0,0.19462363,15976
CHEMBL28649,0,0.19462363,15977
CHEMBL29515,0,0.19462363,15978
CHEMBL7569,0,0.19462363,15979
CHEMBL11035,0,0.19462363,15980
CHEMBL41433,0,0.19462363,15981
CHEMBL4543276,0,0.19462363,15982
CHEMBL20534,0,0.19462363,15983
CHEMBL26394,0,0.19462363,15984
CHEMBL25357,0,0.19462363,15985
CHEMBL18028,0,0.19462363,15986
CHEMBL18900,0,0.19462363,15987
CHEMBL1180192,0,0.19462363,15988
CHEMBL36207,0,0.19462363,15989
CHEMBL34242,0,0.19462363,15990
CHEMBL507207,0,0.19462363,15991
CHEMBL24168,0,0.19454727,15992
CHEMBL28781,0,0.1945213,15993
CHEMBL155374,0,0.19449846,15994
CHEMBL28763,0,0.19449846,15995
CHEMBL27802,0,0.19447218,15996
CHEMBL9933,0,0.19445601,15997
CHEMBL28004,0,0.19445601,15998
CHEMBL31291,0,0.19445601,15999
CHEMBL34560,0,0.19445601,16000
CHEMBL36110,0,0.19431934,16001
CHEMBL1163448,0,0.19426392,16002
CHEMBL8626,0,0.19424039,16003
CHEMBL17180,0,0.19424039,16004
CHEMBL34478,0,0.19424039,16005
CHEMBL36646,0,0.19424039,16006
CHEMBL37303,0,0.19424039,16007
CHEMBL506,0,0.19424039,16008
CHEMBL8629,0,0.19420615,16009
CHEMBL11464,0,0.19399515,16010
CHEMBL13925,0,0.19399515,16011
CHEMBL20735,0,0.19399515,16012
CHEMBL33642,0,0.19399515,16013
CHEMBL4543235,0,0.19399373,16014
CHEMBL412,0,0.19399373,16015
CHEMBL36728,0,0.19399373,16016
CHEMBL39649,0,0.19399373,16017
CHEMBL41338,0,0.19399373,16018
CHEMBL39045,0,0.19399373,16019
CHEMBL40501,0,0.19399373,16020
CHEMBL21132,0,0.19399373,16021
CHEMBL6870,0,0.19399373,16022
CHEMBL32867,0,0.19399373,16023
CHEMBL3310448,0,0.19399373,16024
CHEMBL41218,0,0.19399373,16025
CHEMBL16373,0,0.19399373,16026
CHEMBL25886,0,0.19399373,16027
CHEMBL39102,0,0.19399373,16028
CHEMBL9212,0,0.19399373,16029
CHEMBL43031,0,0.19399373,16030
CHEMBL37384,0,0.19399373,16031
CHEMBL16294,0,0.19399373,16032
CHEMBL8870,0,0.19399373,16033
CHEMBL16096,0,0.19399373,16034
CHEMBL1163519,0,0.19399373,16035
CHEMBL17161,0,0.19399373,16036
CHEMBL16078,0,0.19399373,16037
CHEMBL4435979,0,0.19399373,16038
CHEMBL9873,0,0.19399373,16039
CHEMBL10528,0,0.19399373,16040
CHEMBL7568,0,0.19399373,16041
CHEMBL40439,0,0.19399373,16042
CHEMBL12133,0,0.19399373,16043
CHEMBL15678,0,0.19399373,16044
CHEMBL37652,0,0.19399373,16045
CHEMBL11148,0,0.19399373,16046
CHEMBL17892,0,0.19399373,16047
CHEMBL36054,0,0.19399373,16048
CHEMBL4435013,0,0.19399373,16049
CHEMBL11622,0,0.19399373,16050
CHEMBL3309427,0,0.19399373,16051
CHEMBL8819,0,0.19399373,16052
CHEMBL21090,0,0.19399373,16053
CHEMBL38364,0,0.19399373,16054
CHEMBL23449,0,0.19399373,16055
CHEMBL7249,0,0.19399373,16056
CHEMBL29070,0,0.19398776,16057
CHEMBL7528,0,0.19398776,16058
CHEMBL14082,0,0.1939374,16059
CHEMBL18827,0,0.19392282,16060
CHEMBL43643,0,0.19392282,16061
CHEMBL500236,0,0.19392282,16062
CHEMBL40287,0,0.19390082,16063
CHEMBL14621,0,0.19389421,16064
CHEMBL4434700,0,0.19389421,16065
CHEMBL37320,0,0.19383717,16066
CHEMBL1086312,0,0.19383717,16067
CHEMBL37215,0,0.19383717,16068
CHEMBL40417,0,0.19383717,16069
CHEMBL26111,0,0.19383717,16070
CHEMBL37466,0,0.19383717,16071
CHEMBL40084,0,0.19383717,16072
CHEMBL28146,0,0.19383717,16073
CHEMBL24287,0,0.19383717,16074
CHEMBL39711,0,0.19383717,16075
CHEMBL39718,0,0.19383717,16076
CHEMBL37151,0,0.19383717,16077
CHEMBL19248,0,0.19378522,16078
CHEMBL16787,0,0.19373171,16079
CHEMBL3310452,0,0.19367167,16080
CHEMBL35715,0,0.19367167,16081
CHEMBL27317,0,0.19367167,16082
CHEMBL38165,0,0.19367167,16083
CHEMBL40124,0,0.19367167,16084
CHEMBL32324,0,0.19367167,16085
CHEMBL36057,0,0.19367167,16086
CHEMBL4436138,0,0.19367167,16087
CHEMBL24255,0,0.19367167,16088
CHEMBL503603,0,0.19367167,16089
CHEMBL14312,0,0.19367167,16090
CHEMBL503846,0,0.19367167,16091
CHEMBL35858,0,0.19367167,16092
CHEMBL16391,0,0.19360074,16093
CHEMBL25671,0,0.19354838,16094
CHEMBL10266,0,0.19347966,16095
CHEMBL16672,0,0.1934597,16096
CHEMBL14248,0,0.1934593,16097
CHEMBL31849,0,0.19331783,16098
CHEMBL14851,0,0.19323204,16099
CHEMBL7981,0,0.19323204,16100
CHEMBL9997,0,0.19323204,16101
CHEMBL21178,0,0.19318381,16102
CHEMBL1237042,0,0.19314706,16103
CHEMBL14181,0,0.1930239,16104
CHEMBL4436472,0,0.1930239,16105
CHEMBL33083,0,0.1930239,16106
CHEMBL12500,0,0.19287324,16107
CHEMBL16015,0,0.19282706,16108
CHEMBL10211,0,0.19280766,16109
CHEMBL36819,0,0.19272901,16110
CHEMBL41075,0,0.19272119,16111
CHEMBL4436369,0,0.19268182,16112
CHEMBL10289,0,0.19256766,16113
CHEMBL12434,0,0.19256766,16114
CHEMBL40756,0,0.19245346,16115
CHEMBL31725,0,0.19245346,16116
CHEMBL14476,0,0.19242072,16117
CHEMBL500627,0,0.19233586,16118
CHEMBL14657,0,0.19224757,16119
CHEMBL15975,0,0.19221865,16120
CHEMBL13607,0,0.19211908,16121
CHEMBL14531,0,0.19209373,16122
CHEMBL20709,0,0.19209373,16123
CHEMBL10510,0,0.19205849,16124
CHEMBL25908,0,0.1920226,16125
CHEMBL22883,0,0.1920226,16126
CHEMBL4435389,0,0.1920226,16127
CHEMBL39702,0,0.1920226,16128
CHEMBL11874,0,0.1920226,16129
CHEMBL35126,0,0.1920226,16130
CHEMBL23375,0,0.1920226,16131
CHEMBL1229187,0,0.1920226,16132
CHEMBL4435974,0,0.1920226,16133
CHEMBL34725,0,0.1920226,16134
CHEMBL444231,0,0.1920226,16135
CHEMBL23800,0,0.1920226,16136
CHEMBL32915,0,0.1920226,16137
CHEMBL17814,0,0.1920226,16138
CHEMBL13312,0,0.1920226,16139
CHEMBL6877,0,0.1920226,16140
CHEMBL28658,0,0.1920226,16141
CHEMBL8693,0,0.1920226,16142
CHEMBL39204,0,0.1920226,16143
CHEMBL36746,0,0.1920226,16144
CHEMBL4435549,0,0.1920226,16145
CHEMBL18987,0,0.1920226,16146
CHEMBL28736,0,0.1920226,16147
CHEMBL6353,0,0.1920226,16148
CHEMBL41451,0,0.1920226,16149
CHEMBL31555,0,0.19195315,16150
CHEMBL42099,0,0.19194268,16151
CHEMBL30152,0,0.19158334,16152
CHEMBL42690,0,0.19155937,16153
CHEMBL29861,0,0.19155937,16154
CHEMBL26998,0,0.19155937,16155
CHEMBL56,0,0.19155937,16156
CHEMBL16726,0,0.19155937,16157
CHEMBL18872,0,0.1915228,16158
CHEMBL41981,0,0.19148277,16159
CHEMBL25731,0,0.19148077,16160
CHEMBL33808,0,0.19144848,16161
CHEMBL32523,0,0.19144848,16162
CHEMBL28165,0,0.19144848,16163
CHEMBL4436502,0,0.19144848,16164
CHEMBL417,0,0.19144848,16165
CHEMBL84,0,0.19144848,16166
CHEMBL36621,0,0.19144848,16167
CHEMBL37867,0,0.19144848,16168
CHEMBL442894,0,0.19144848,16169
CHEMBL39393,0,0.19144848,16170
CHEMBL499563,0,0.19144848,16171
CHEMBL40899,0,0.19144848,16172
CHEMBL38520,0,0.1914434,16173
CHEMBL10865,0,0.1914434,16174
CHEMBL36712,0,0.1914434,16175
CHEMBL38841,0,0.1914434,16176
CHEMBL4436480,0,0.19134216,16177
CHEMBL24549,0,0.19130519,16178
CHEMBL36978,0,0.19118457,16179
CHEMBL21303,0,0.19107263,16180
CHEMBL29907,0,0.19104613,16181
CHEMBL22418,0,0.19075862,16182
CHEMBL4435024,0,0.19075862,16183
CHEMBL20907,0,0.19074583,16184
CHEMBL17598,0,0.19074583,16185
CHEMBL29500,0,0.1906731,16186
CHEMBL36286,0,0.19059005,16187
CHEMBL34313,0,0.19059005,16188
CHEMBL25316,0,0.19059005,16189
CHEMBL21769,0,0.19046177,16190
CHEMBL18609,0,0.19018425,16191
CHEMBL20233,0,0.19018425,16192
CHEMBL29159,0,0.19018425,16193
CHEMBL4436229,0,0.19016793,16194
CHEMBL25861,0,0.19011164,16195
CHEMBL17739,0,0.19011164,16196
CHEMBL6274,0,0.19011164,16197
CHEMBL22205,0,0.19011164,16198
CHEMBL30437,0,0.19010097,16199
CHEMBL7037,0,0.19010097,16200
CHEMBL24014,0,0.19010097,16201
CHEMBL10858,0,0.189986,16202
CHEMBL22949,0,0.18997724,16203
CHEMBL3310137,0,0.18997066,16204
CHEMBL9966,0,0.18992992,16205
CHEMBL28841,0,0.18983667,16206
CHEMBL4553636,0,0.18965006,16207
CHEMBL35336,0,0.18955198,16208
CHEMBL22638,0,0.18955198,16209
CHEMBL540195,0,0.18955198,16210
CHEMBL264521,0,0.18953107,16211
CHEMBL24121,0,0.18951677,16212
CHEMBL9175,0,0.18951677,16213
CHEMBL27045,0,0.18951677,16214
CHEMBL12724,0,0.18951677,16215
CHEMBL36144,0,0.18951677,16216
CHEMBL14695,0,0.18951677,16217
CHEMBL37995,0,0.18951677,16218
CHEMBL8613,0,0.18951677,16219
CHEMBL16347,0,0.18949726,16220
CHEMBL38162,0,0.18949556,16221
CHEMBL23990,0,0.18948786,16222
CHEMBL16582,0,0.1894736,16223
CHEMBL7393,0,0.1894736,16224
CHEMBL21358,0,0.1894736,16225
CHEMBL22274,0,0.1894736,16226
CHEMBL4434776,0,0.1894736,16227
CHEMBL15150,0,0.1894736,16228
CHEMBL23485,0,0.18938708,16229
CHEMBL29191,0,0.18924512,16230
CHEMBL28837,0,0.18913281,16231
CHEMBL15233,0,0.1891308,16232
CHEMBL16167,0,0.18912698,16233
CHEMBL33108,0,0.18911068,16234
CHEMBL14258,0,0.1890609,16235
CHEMBL27397,0,0.1890609,16236
CHEMBL24356,0,0.18902732,16237
CHEMBL32998,0,0.18902732,16238
CHEMBL10445,0,0.18902732,16239
CHEMBL36099,0,0.18900292,16240
CHEMBL28336,0,0.18882766,16241
CHEMBL4436338,0,0.18877701,16242
CHEMBL11244,0,0.18877701,16243
CHEMBL8539,0,0.18874836,16244
CHEMBL8451,0,0.18874836,16245
CHEMBL26509,0,0.18874836,16246
CHEMBL25431,0,0.1887194,16247
CHEMBL41305,0,0.18869133,16248
CHEMBL38702,0,0.18869133,16249
CHEMBL504237,0,0.18869133,16250
CHEMBL10861,0,0.18866503,16251
CHEMBL30029,0,0.18866503,16252
CHEMBL16610,0,0.18865994,16253
CHEMBL3310442,0,0.18865994,16254
CHEMBL29691,0,0.18865994,16255
CHEMBL30851,0,0.18858926,16256
CHEMBL14862,0,0.18858926,16257
CHEMBL24091,0,0.18858926,16258
CHEMBL10474,0,0.18858926,16259
CHEMBL33080,0,0.18856078,16260
CHEMBL33534,0,0.18856078,16261
CHEMBL17476,0,0.18846759,16262
CHEMBL6252,0,0.18842232,16263
CHEMBL38280,0,0.18839261,16264
CHEMBL34389,0,0.18839261,16265
CHEMBL3310586,0,0.18839261,16266
CHEMBL3310527,0,0.18839261,16267
CHEMBL35779,0,0.1881356,16268
CHEMBL590981,0,0.18807346,16269
CHEMBL35827,0,0.18805347,16270
CHEMBL4543196,0,0.18803014,16271
CHEMBL20052,0,0.1879564,16272
CHEMBL130,0,0.1879564,16273
CHEMBL24930,0,0.1879564,16274
CHEMBL8953,0,0.18786407,16275
CHEMBL17086,0,0.18786407,16276
CHEMBL41809,0,0.18779972,16277
CHEMBL29397,0,0.18779972,16278
CHEMBL4435021,0,0.18777563,16279
CHEMBL26933,0,0.18777563,16280
CHEMBL35395,0,0.18777563,16281
CHEMBL19420,0,0.18777563,16282
CHEMBL13201,0,0.18775775,16283
CHEMBL13172,0,0.18775775,16284
CHEMBL3310107,0,0.18775286,16285
CHEMBL37650,0,0.18768851,16286
CHEMBL23725,0,0.18759362,16287
CHEMBL7693,0,0.18759362,16288
CHEMBL35306,0,0.1874679,16289
CHEMBL41963,0,0.1874679,16290
CHEMBL4116109,0,0.18743576,16291
CHEMBL1172204,0,0.18730259,16292
CHEMBL32831,0,0.18730259,16293
CHEMBL15045,0,0.18730259,16294
CHEMBL23114,0,0.18725821,16295
CHEMBL26759,0,0.18718551,16296
CHEMBL26425,0,0.18699956,16297
CHEMBL12330,0,0.18699956,16298
CHEMBL4436030,0,0.18696965,16299
CHEMBL8486,0,0.18692508,16300
CHEMBL15906,0,0.18692508,16301
CHEMBL21691,0,0.18692076,16302
CHEMBL22188,0,0.18689695,16303
CHEMBL9520,0,0.18689695,16304
CHEMBL12895,0,0.18689695,16305
CHEMBL39872,0,0.18689695,16306
CHEMBL23447,0,0.18667011,16307
CHEMBL15040,0,0.18667011,16308
CHEMBL27550,0,0.18667011,16309
CHEMBL6502,0,0.18667011,16310
CHEMBL25817,0,0.18667011,16311
CHEMBL28196,0,0.18667011,16312
CHEMBL4434644,0,0.18667011,16313
CHEMBL26749,0,0.18667011,16314
CHEMBL9764,0,0.18667011,16315
CHEMBL32130,0,0.18667011,16316
CHEMBL18169,0,0.18667011,16317
CHEMBL41780,0,0.18667011,16318
CHEMBL3310622,0,0.18667011,16319
CHEMBL34926,0,0.1864738,16320
CHEMBL14939,0,0.18632269,16321
CHEMBL4434980,0,0.18632269,16322
CHEMBL30953,0,0.18632269,16323
CHEMBL544585,0,0.18632269,16324
CHEMBL10939,0,0.18632269,16325
CHEMBL9173,0,0.18632269,16326
CHEMBL32938,0,0.18632269,16327
CHEMBL33850,0,0.18632269,16328
CHEMBL507764,0,0.18632269,16329
CHEMBL15706,0,0.1862661,16330
CHEMBL17462,0,0.1862661,16331
CHEMBL3310358,0,0.18623082,16332
CHEMBL3310116,0,0.18611301,16333
CHEMBL7437,0,0.18597956,16334
CHEMBL553908,0,0.18597792,16335
CHEMBL28129,0,0.18577293,16336
CHEMBL14914,0,0.1857445,16337
CHEMBL30435,0,0.1857445,16338
CHEMBL22967,0,0.1857445,16339
CHEMBL28683,0,0.18570834,16340
CHEMBL1237068,0,0.18570834,16341
CHEMBL35774,0,0.18570834,16342
CHEMBL9769,0,0.18567227,16343
CHEMBL34506,0,0.1855951,16344
CHEMBL29513,0,0.1855951,16345
CHEMBL19162,0,0.1855951,16346
CHEMBL3310326,0,0.1855951,16347
CHEMBL42878,0,0.1855951,16348
CHEMBL15353,0,0.1855951,16349
CHEMBL36297,0,0.1855951,16350
CHEMBL13272,0,0.1855951,16351
CHEMBL11282,0,0.18554763,16352
CHEMBL27078,0,0.18554763,16353
CHEMBL6413,0,0.18554763,16354
CHEMBL21720,0,0.18554763,16355
CHEMBL3310968,0,0.18554763,16356
CHEMBL15007,0,0.18550423,16357
CHEMBL14584,0,0.18546009,16358
CHEMBL35810,0,0.18546009,16359
CHEMBL13157,0,0.18546009,16360
CHEMBL37750,0,0.18546009,16361
CHEMBL30145,0,0.18546009,16362
CHEMBL17888,0,0.18546009,16363
CHEMBL3310081,0,0.18546009,16364
CHEMBL40994,0,0.18546009,16365
CHEMBL11077,0,0.18546009,16366
CHEMBL40698,0,0.18546009,16367
CHEMBL18065,0,0.18546009,16368
CHEMBL10335,0,0.18546009,16369
CHEMBL40478,0,0.18546009,16370
CHEMBL40155,0,0.1854247,16371
CHEMBL523,0,0.1854247,16372
CHEMBL26203,0,0.18540955,16373
CHEMBL22685,0,0.18539424,16374
CHEMBL14875,0,0.18539424,16375
CHEMBL22190,0,0.18539424,16376
CHEMBL31035,0,0.18539424,16377
CHEMBL29814,0,0.18539424,16378
CHEMBL39570,0,0.18539424,16379
CHEMBL30393,0,0.18539424,16380
CHEMBL25792,0,0.18539424,16381
CHEMBL41610,0,0.18539424,16382
CHEMBL14524,0,0.18539424,16383
CHEMBL10200,0,0.18521768,16384
CHEMBL19802,0,0.18518214,16385
CHEMBL10252,0,0.18497102,16386
CHEMBL12432,0,0.18497102,16387
CHEMBL37047,0,0.18485314,16388
CHEMBL41776,0,0.18482244,16389
CHEMBL37986,0,0.18482244,16390
CHEMBL14750,0,0.18482244,16391
CHEMBL37149,0,0.18482244,16392
CHEMBL27209,0,0.18482244,16393
CHEMBL7339,0,0.18481043,16394
CHEMBL32288,0,0.18480276,16395
CHEMBL584766,0,0.18480276,16396
CHEMBL11171,0,0.18475246,16397
CHEMBL21089,0,0.18466565,16398
CHEMBL37457,0,0.18466565,16399
CHEMBL17718,0,0.18466565,16400
CHEMBL26154,0,0.18466565,16401
CHEMBL265282,0,0.18466565,16402
CHEMBL27137,0,0.18458614,16403
CHEMBL17848,0,0.18458614,16404
CHEMBL18803,0,0.18458082,16405
CHEMBL9074,0,0.18458082,16406
CHEMBL4436326,0,0.18458082,16407
CHEMBL15458,0,0.18458082,16408
CHEMBL25114,0,0.18458082,16409
CHEMBL28406,0,0.18458082,16410
CHEMBL3311029,0,0.18458082,16411
CHEMBL29469,0,0.18458082,16412
CHEMBL15714,0,0.18458082,16413
CHEMBL41514,0,0.18458082,16414
CHEMBL37935,0,0.18458082,16415
CHEMBL22940,0,0.18458082,16416
CHEMBL38136,0,0.1845177,16417
CHEMBL3310046,0,0.18450566,16418
CHEMBL14821,0,0.18450566,16419
CHEMBL22695,0,0.18447521,16420
CHEMBL3309508,0,0.18444778,16421
CHEMBL26921,0,0.1844436,16422
CHEMBL495,0,0.18444206,16423
CHEMBL21009,0,0.18444206,16424
CHEMBL8039,0,0.18444206,16425
CHEMBL31735,0,0.18444206,16426
CHEMBL37556,0,0.18444206,16427
CHEMBL42027,0,0.18444206,16428
CHEMBL36537,0,0.18428186,16429
CHEMBL33800,0,0.18428186,16430
CHEMBL17606,0,0.18427779,16431
CHEMBL35009,0,0.1842287,16432
CHEMBL40251,0,0.18421434,16433
CHEMBL27194,0,0.18419854,16434
CHEMBL35798,0,0.1841418,16435
CHEMBL28527,0,0.1841418,16436
CHEMBL30074,0,0.1841418,16437
CHEMBL19982,0,0.1841418,16438
CHEMBL7089,0,0.1841418,16439
CHEMBL19492,0,0.1841418,16440
CHEMBL9598,0,0.1841418,16441
CHEMBL29533,0,0.1841418,16442
CHEMBL25097,0,0.1841418,16443
CHEMBL6524,0,0.1841418,16444
CHEMBL26340,0,0.1841418,16445
CHEMBL23029,0,0.1841418,16446
CHEMBL27107,0,0.1841418,16447
CHEMBL38396,0,0.1841418,16448
CHEMBL7044,0,0.1841418,16449
CHEMBL16928,0,0.1841418,16450
CHEMBL24662,0,0.1841418,16451
CHEMBL4436117,0,0.1841418,16452
CHEMBL23128,0,0.1841418,16453
CHEMBL19109,0,0.1841418,16454
CHEMBL611973,0,0.1841418,16455
CHEMBL1237049,0,0.1841418,16456
CHEMBL24999,0,0.1841418,16457
CHEMBL23816,0,0.1841418,16458
CHEMBL4434667,0,0.1841418,16459
CHEMBL27140,0,0.1841418,16460
CHEMBL4435213,0,0.1841418,16461
CHEMBL12051,0,0.1841418,16462
CHEMBL17047,0,0.1841418,16463
CHEMBL584197,0,0.1841418,16464
CHEMBL4435987,0,0.1841418,16465
CHEMBL26067,0,0.1841418,16466
CHEMBL22811,0,0.1841418,16467
CHEMBL7148,0,0.1841418,16468
CHEMBL24437,0,0.1841418,16469
CHEMBL29409,0,0.1841418,16470
CHEMBL41984,0,0.1841418,16471
CHEMBL15195,0,0.1841418,16472
CHEMBL32211,0,0.1841418,16473
CHEMBL19157,0,0.1841418,16474
CHEMBL40535,0,0.1841418,16475
CHEMBL24021,0,0.1841418,16476
CHEMBL21029,0,0.1841418,16477
CHEMBL7248,0,0.1841418,16478
CHEMBL27496,0,0.1841418,16479
CHEMBL36714,0,0.1841418,16480
CHEMBL3310045,0,0.1841418,16481
CHEMBL6743,0,0.1841418,16482
CHEMBL29920,0,0.1841418,16483
CHEMBL25985,0,0.1841418,16484
CHEMBL29942,0,0.1841418,16485
CHEMBL25856,0,0.1841418,16486
CHEMBL37612,0,0.1841418,16487
CHEMBL28099,0,0.1841418,16488
CHEMBL4435014,0,0.1841418,16489
CHEMBL30616,0,0.1841418,16490
CHEMBL29133,0,0.1841418,16491
CHEMBL11558,0,0.1841418,16492
CHEMBL42398,0,0.1841418,16493
CHEMBL12531,0,0.1841418,16494
CHEMBL15775,0,0.1841418,16495
CHEMBL37623,0,0.1841418,16496
CHEMBL14807,0,0.1841418,16497
CHEMBL8541,0,0.1841418,16498
CHEMBL21212,0,0.1841418,16499
CHEMBL9842,0,0.1841418,16500
CHEMBL22941,0,0.1841418,16501
CHEMBL15389,0,0.1841418,16502
CHEMBL3309880,0,0.1841418,16503
CHEMBL12579,0,0.1841418,16504
CHEMBL6555,0,0.1841418,16505
CHEMBL35503,0,0.1841418,16506
CHEMBL21403,0,0.1841418,16507
CHEMBL39770,0,0.1841418,16508
CHEMBL13005,0,0.18411696,16509
CHEMBL36375,0,0.18411161,16510
CHEMBL37286,0,0.18405746,16511
CHEMBL22917,0,0.1839533,16512
CHEMBL16030,0,0.1839533,16513
CHEMBL14609,0,0.18390371,16514
CHEMBL17911,0,0.18388201,16515
CHEMBL21711,0,0.18379956,16516
CHEMBL22640,0,0.18379956,16517
CHEMBL24462,0,0.18379956,16518
CHEMBL15608,0,0.18379956,16519
CHEMBL27934,0,0.18379956,16520
CHEMBL17628,0,0.18379956,16521
CHEMBL32584,0,0.18379956,16522
CHEMBL32449,0,0.18379956,16523
CHEMBL29522,0,0.18379956,16524
CHEMBL11547,0,0.18379956,16525
CHEMBL12763,0,0.18379956,16526
CHEMBL15598,0,0.18379956,16527
CHEMBL8992,0,0.18379956,16528
CHEMBL39165,0,0.18379956,16529
CHEMBL6789,0,0.18379956,16530
CHEMBL37946,0,0.18379956,16531
CHEMBL13775,0,0.18379956,16532
CHEMBL27592,0,0.18379956,16533
CHEMBL8124,0,0.18379956,16534
CHEMBL25054,0,0.18379956,16535
CHEMBL22239,0,0.18379956,16536
CHEMBL23839,0,0.18365233,16537
CHEMBL18474,0,0.18362318,16538
CHEMBL12779,0,0.18350902,16539
CHEMBL16374,0,0.18348637,16540
CHEMBL9309,0,0.18348448,16541
CHEMBL4434663,0,0.18340033,16542
CHEMBL20381,0,0.18340033,16543
CHEMBL17890,0,0.18332662,16544
CHEMBL11815,0,0.18325135,16545
CHEMBL36654,0,0.18319696,16546
CHEMBL34911,0,0.18318255,16547
CHEMBL16678,0,0.18311127,16548
CHEMBL36274,0,0.1829316,16549
CHEMBL21719,0,0.18248586,16550
CHEMBL3310115,0,0.18246123,16551
CHEMBL21794,0,0.1824582,16552
CHEMBL36467,0,0.18235631,16553
CHEMBL28207,0,0.18235631,16554
CHEMBL36689,0,0.1823407,16555
CHEMBL36304,0,0.1823407,16556
CHEMBL41794,0,0.1823407,16557
CHEMBL27520,0,0.1823407,16558
CHEMBL27080,0,0.1823407,16559
CHEMBL18060,0,0.1823407,16560
CHEMBL42182,0,0.1823407,16561
CHEMBL4560001,0,0.1823407,16562
CHEMBL25937,0,0.1823407,16563
CHEMBL33238,0,0.18211275,16564
CHEMBL39846,0,0.18211275,16565
CHEMBL3310080,0,0.18211275,16566
CHEMBL18788,0,0.18211275,16567
CHEMBL18488,0,0.18211275,16568
CHEMBL4436040,0,0.18211275,16569
CHEMBL29498,0,0.1820596,16570
CHEMBL26057,0,0.18203793,16571
CHEMBL39708,0,0.18202136,16572
CHEMBL30844,0,0.18201432,16573
CHEMBL27602,0,0.18201432,16574
CHEMBL27511,0,0.18198465,16575
CHEMBL13117,0,0.18193072,16576
CHEMBL27535,0,0.18182632,16577
CHEMBL18189,0,0.18182632,16578
CHEMBL39548,0,0.18181916,16579
CHEMBL31687,0,0.18179232,16580
CHEMBL25445,0,0.18174618,16581
CHEMBL4559979,0,0.18171103,16582
CHEMBL4543455,0,0.18171103,16583
CHEMBL29092,0,0.18171103,16584
CHEMBL10480,0,0.18165134,16585
CHEMBL29341,0,0.18165134,16586
CHEMBL13813,0,0.18164505,16587
CHEMBL4434676,0,0.1815594,16588
CHEMBL30075,0,0.18153395,16589
CHEMBL8198,0,0.18153395,16590
CHEMBL4116133,0,0.18151703,16591
CHEMBL12328,0,0.18151703,16592
CHEMBL1163491,0,0.1815162,16593
CHEMBL22509,0,0.1815162,16594
CHEMBL26910,0,0.18130223,16595
CHEMBL33672,0,0.18130223,16596
CHEMBL21068,0,0.18130223,16597
CHEMBL15973,0,0.18130223,16598
CHEMBL3309786,0,0.18130223,16599
CHEMBL21659,0,0.18130223,16600
CHEMBL21376,0,0.18116929,16601
CHEMBL3310086,0,0.18116929,16602
CHEMBL13118,0,0.18116929,16603
CHEMBL28569,0,0.18116929,16604
CHEMBL4434769,0,0.18115427,16605
CHEMBL26024,0,0.18114546,16606
CHEMBL1195488,0,0.181127,16607
CHEMBL4553172,0,0.18108745,16608
CHEMBL4436145,0,0.18093406,16609
CHEMBL10458,0,0.18093406,16610
CHEMBL42978,0,0.18071137,16611
CHEMBL14397,0,0.18071137,16612
CHEMBL39446,0,0.18071137,16613
CHEMBL13234,0,0.18066351,16614
CHEMBL28053,0,0.18066351,16615
CHEMBL451,0,0.18063979,16616
CHEMBL36983,0,0.18063979,16617
CHEMBL24110,0,0.18063979,16618
CHEMBL1163501,0,0.18063979,16619
CHEMBL21687,0,0.18063979,16620
CHEMBL588329,0,0.18063979,16621
CHEMBL20079,0,0.18059452,16622
CHEMBL20681,0,0.18056071,16623
CHEMBL8847,0,0.18056071,16624
CHEMBL21550,0,0.18056071,16625
CHEMBL1163478,0,0.18056071,16626
CHEMBL154609,0,0.18054895,16627
CHEMBL37323,0,0.18044423,16628
CHEMBL4435244,0,0.18020754,16629
CHEMBL9291,0,0.18020754,16630
CHEMBL23777,0,0.18018068,16631
CHEMBL18876,0,0.180161,16632
CHEMBL18343,0,0.180161,16633
CHEMBL8548,0,0.180161,16634
CHEMBL26023,0,0.180161,16635
CHEMBL498936,0,0.180161,16636
CHEMBL38615,0,0.18002519,16637
CHEMBL23285,0,0.17996724,16638
CHEMBL11564,0,0.17996724,16639
CHEMBL18507,0,0.17988299,16640
CHEMBL4435634,0,0.17977789,16641
CHEMBL33091,0,0.17966618,16642
CHEMBL25451,0,0.17966618,16643
CHEMBL25725,0,0.17966618,16644
CHEMBL21138,0,0.17951551,16645
CHEMBL18210,0,0.17951412,16646
CHEMBL12354,0,0.17919412,16647
CHEMBL27922,0,0.17902851,16648
CHEMBL20983,0,0.17895941,16649
CHEMBL1163510,0,0.17890881,16650
CHEMBL24776,0,0.17883028,16651
CHEMBL16735,0,0.178802,16652
CHEMBL11566,0,0.178802,16653
CHEMBL4435984,0,0.178802,16654
CHEMBL33662,0,0.178802,16655
CHEMBL21436,0,0.178802,16656
CHEMBL505285,0,0.17875499,16657
CHEMBL28512,0,0.17873259,16658
CHEMBL7309,0,0.17873259,16659
CHEMBL40361,0,0.1786322,16660
CHEMBL24499,0,0.17851889,16661
CHEMBL13412,0,0.17851889,16662
CHEMBL36636,0,0.17851889,16663
CHEMBL15140,0,0.17837103,16664
CHEMBL10539,0,0.17836756,16665
CHEMBL26501,0,0.17834337,16666
CHEMBL40350,0,0.17819655,16667
CHEMBL1163182,0,0.17815271,16668
CHEMBL3310296,0,0.178078,16669
CHEMBL38490,0,0.17782861,16670
CHEMBL21517,0,0.17761862,16671
CHEMBL10519,0,0.1776076,16672
CHEMBL20198,0,0.17759709,16673
CHEMBL33169,0,0.17759617,16674
CHEMBL34105,0,0.17759617,16675
CHEMBL19635,0,0.17759617,16676
CHEMBL25409,0,0.17759617,16677
CHEMBL15575,0,0.17759617,16678
CHEMBL5,0,0.17759617,16679
CHEMBL18768,0,0.17759617,16680
CHEMBL30771,0,0.17759617,16681
CHEMBL27919,0,0.17759617,16682
CHEMBL33474,0,0.17759617,16683
CHEMBL27679,0,0.17759617,16684
CHEMBL25208,0,0.17759617,16685
CHEMBL19170,0,0.17759617,16686
CHEMBL26693,0,0.17759617,16687
CHEMBL29243,0,0.17759617,16688
CHEMBL610765,0,0.1775947,16689
CHEMBL33443,0,0.1775947,16690
CHEMBL33346,0,0.1775947,16691
CHEMBL36748,0,0.17738575,16692
CHEMBL154789,0,0.17727959,16693
CHEMBL31839,0,0.17725287,16694
CHEMBL31063,0,0.17712517,16695
CHEMBL19650,0,0.17710984,16696
CHEMBL35325,0,0.17708172,16697
CHEMBL12938,0,0.17700787,16698
CHEMBL3310324,0,0.17700312,16699
CHEMBL29572,0,0.17698254,16700
CHEMBL31249,0,0.17698254,16701
CHEMBL23261,0,0.17698254,16702
CHEMBL35720,0,0.17698254,16703
CHEMBL42713,0,0.17698254,16704
CHEMBL11672,0,0.17698254,16705
CHEMBL30047,0,0.17698254,16706
CHEMBL12201,0,0.17694336,16707
CHEMBL24694,0,0.1768687,16708
CHEMBL15016,0,0.1768687,16709
CHEMBL3309498,0,0.1768687,16710
CHEMBL38028,0,0.1768687,16711
CHEMBL39698,0,0.17677979,16712
CHEMBL34124,0,0.17671292,16713
CHEMBL37408,0,0.1766398,16714
CHEMBL14566,0,0.17662199,16715
CHEMBL3310175,0,0.17661579,16716
CHEMBL38510,0,0.17661579,16717
CHEMBL19921,0,0.17653428,16718
CHEMBL14237,0,0.17650142,16719
CHEMBL10840,0,0.17645551,16720
CHEMBL33289,0,0.17645551,16721
CHEMBL25718,0,0.17645551,16722
CHEMBL35523,0,0.17645551,16723
CHEMBL21885,0,0.17645551,16724
CHEMBL10285,0,0.17645551,16725
CHEMBL25166,0,0.17645551,16726
CHEMBL18101,0,0.17645551,16727
CHEMBL31235,0,0.17644383,16728
CHEMBL12636,0,0.17644274,16729
CHEMBL16350,0,0.17644274,16730
CHEMBL6448,0,0.176418,16731
CHEMBL28456,0,0.17633928,16732
CHEMBL20840,0,0.17620918,16733
CHEMBL22942,0,0.17620918,16734
CHEMBL4543454,0,0.17620918,16735
CHEMBL20147,0,0.17620285,16736
CHEMBL40140,0,0.17620285,16737
CHEMBL11803,0,0.1760387,16738
CHEMBL4434986,0,0.1760387,16739
CHEMBL11901,0,0.1760387,16740
CHEMBL38923,0,0.1760387,16741
CHEMBL22179,0,0.1760387,16742
CHEMBL7071,0,0.1760387,16743
CHEMBL17776,0,0.1760387,16744
CHEMBL4553617,0,0.17593662,16745
CHEMBL38511,0,0.17593662,16746
CHEMBL10768,0,0.17593662,16747
CHEMBL9011,0,0.1758881,16748
CHEMBL4436189,0,0.17588371,16749
CHEMBL42328,0,0.17588371,16750
CHEMBL37698,0,0.17588371,16751
CHEMBL3309501,0,0.17588371,16752
CHEMBL4435694,0,0.17588371,16753
CHEMBL29548,0,0.17588371,16754
CHEMBL30724,0,0.17588371,16755
CHEMBL9749,0,0.17588371,16756
CHEMBL42121,0,0.17588371,16757
CHEMBL14667,0,0.17588371,16758
CHEMBL24230,0,0.17588371,16759
CHEMBL11317,0,0.17588371,16760
CHEMBL4116155,0,0.17588371,16761
CHEMBL4435039,0,0.17588371,16762
CHEMBL37301,0,0.17588371,16763
CHEMBL12815,0,0.17588371,16764
CHEMBL3309867,0,0.17588371,16765
CHEMBL14926,0,0.17588371,16766
CHEMBL17617,0,0.17588371,16767
CHEMBL29805,0,0.17588371,16768
CHEMBL35218,0,0.17588371,16769
CHEMBL17448,0,0.17588371,16770
CHEMBL33115,0,0.17588371,16771
CHEMBL20797,0,0.17587534,16772
CHEMBL19484,0,0.17572387,16773
CHEMBL23176,0,0.1756655,16774
CHEMBL24603,0,0.1756655,16775
CHEMBL11206,0,0.1756655,16776
CHEMBL14162,0,0.17559148,16777
CHEMBL8142,0,0.17559148,16778
CHEMBL13338,0,0.17559148,16779
CHEMBL8360,0,0.17555916,16780
CHEMBL16466,0,0.17549269,16781
CHEMBL11736,0,0.1754826,16782
CHEMBL23620,0,0.1752952,16783
CHEMBL33323,0,0.17524593,16784
CHEMBL3311510,0,0.17523967,16785
CHEMBL24834,0,0.17515577,16786
CHEMBL25076,0,0.17515577,16787
CHEMBL4435908,0,0.17511937,16788
CHEMBL3309436,0,0.17510095,16789
CHEMBL31306,0,0.17510095,16790
CHEMBL23341,0,0.17510095,16791
CHEMBL22631,0,0.17510095,16792
CHEMBL29209,0,0.17510095,16793
CHEMBL23975,0,0.17510095,16794
CHEMBL25467,0,0.17510095,16795
CHEMBL8343,0,0.17510095,16796
CHEMBL41299,0,0.17508729,16797
CHEMBL36315,0,0.17508729,16798
CHEMBL14122,0,0.17508729,16799
CHEMBL12614,0,0.17508729,16800
CHEMBL35173,0,0.1750821,16801
CHEMBL40794,0,0.17499642,16802
CHEMBL32150,0,0.17490864,16803
CHEMBL38255,0,0.1747425,16804
CHEMBL6923,0,0.17473292,16805
CHEMBL17660,0,0.17473292,16806
CHEMBL22168,0,0.17473292,16807
CHEMBL18823,0,0.17473292,16808
CHEMBL25868,0,0.17473292,16809
CHEMBL37168,0,0.17473292,16810
CHEMBL31857,0,0.17473292,16811
CHEMBL18439,0,0.17473292,16812
CHEMBL13729,0,0.17473292,16813
CHEMBL27442,0,0.17473292,16814
CHEMBL11990,0,0.17473292,16815
CHEMBL30713,0,0.17473292,16816
CHEMBL32515,0,0.17473292,16817
CHEMBL20969,0,0.17473292,16818
CHEMBL24467,0,0.17473292,16819
CHEMBL36910,0,0.17473292,16820
CHEMBL32958,0,0.17473292,16821
CHEMBL698,0,0.17473292,16822
CHEMBL8986,0,0.17473292,16823
CHEMBL22647,0,0.17473292,16824
CHEMBL8739,0,0.17473292,16825
CHEMBL8731,0,0.17473292,16826
CHEMBL11942,0,0.17473292,16827
CHEMBL19800,0,0.17450534,16828
CHEMBL30017,0,0.17448844,16829
CHEMBL38788,0,0.17448844,16830
CHEMBL14918,0,0.17441568,16831
CHEMBL25333,0,0.17441568,16832
CHEMBL30890,0,0.17441529,16833
CHEMBL29973,0,0.17433642,16834
CHEMBL4434775,0,0.17426743,16835
CHEMBL21912,0,0.17418793,16836
CHEMBL27928,0,0.17415139,16837
CHEMBL36067,0,0.17415094,16838
CHEMBL25125,0,0.17406069,16839
CHEMBL20003,0,0.17379323,16840
CHEMBL19092,0,0.1737812,16841
CHEMBL26546,0,0.1737812,16842
CHEMBL31244,0,0.17363407,16843
CHEMBL37414,0,0.17353477,16844
CHEMBL27134,0,0.17353477,16845
CHEMBL42194,0,0.17346486,16846
CHEMBL17741,0,0.17343974,16847
CHEMBL18020,0,0.17343974,16848
CHEMBL9787,0,0.17343974,16849
CHEMBL2095034,0,0.17341997,16850
CHEMBL8266,0,0.17341997,16851
CHEMBL34195,0,0.17341997,16852
CHEMBL42064,0,0.17341997,16853
CHEMBL8193,0,0.17341997,16854
CHEMBL39014,0,0.17341997,16855
CHEMBL10750,0,0.1734173,16856
CHEMBL41491,0,0.1733325,16857
CHEMBL8443,0,0.17332979,16858
CHEMBL9830,0,0.17325321,16859
CHEMBL9336,0,0.17315353,16860
CHEMBL14460,0,0.17315353,16861
CHEMBL31105,0,0.17308268,16862
CHEMBL20264,0,0.17305213,16863
CHEMBL6780,0,0.17293045,16864
CHEMBL10952,0,0.17288257,16865
CHEMBL22703,0,0.17282908,16866
CHEMBL26753,0,0.17273371,16867
CHEMBL9052,0,0.17263287,16868
CHEMBL34354,0,0.17257988,16869
CHEMBL40497,0,0.17248935,16870
CHEMBL25496,0,0.17248935,16871
CHEMBL21785,0,0.17248935,16872
CHEMBL17556,0,0.17248935,16873
CHEMBL14532,0,0.17248935,16874
CHEMBL67,0,0.17248935,16875
CHEMBL13080,0,0.17248935,16876
CHEMBL28994,0,0.17248935,16877
CHEMBL35923,0,0.17248935,16878
CHEMBL8230,0,0.17244996,16879
CHEMBL438024,0,0.17243585,16880
CHEMBL31450,0,0.17243457,16881
CHEMBL39756,0,0.17243457,16882
CHEMBL21124,0,0.17243457,16883
CHEMBL14779,0,0.17243457,16884
CHEMBL26028,0,0.17243457,16885
CHEMBL37204,0,0.17240873,16886
CHEMBL802,0,0.17238493,16887
CHEMBL4543234,0,0.1723371,16888
CHEMBL33992,0,0.17224948,16889
CHEMBL24735,0,0.17224948,16890
CHEMBL9707,0,0.17224948,16891
CHEMBL4543456,0,0.17224948,16892
CHEMBL11085,0,0.17224948,16893
CHEMBL24472,0,0.17224948,16894
CHEMBL7514,0,0.17224948,16895
CHEMBL40094,0,0.17224948,16896
CHEMBL40306,0,0.17224948,16897
CHEMBL3310282,0,0.17212819,16898
CHEMBL4303146,0,0.1720488,16899
CHEMBL3347320,0,0.17197987,16900
CHEMBL16763,0,0.1719676,16901
CHEMBL15578,0,0.17193002,16902
CHEMBL7307,0,0.17193002,16903
CHEMBL12128,0,0.17193002,16904
CHEMBL12166,0,0.17193002,16905
CHEMBL36165,0,0.17193002,16906
CHEMBL27608,0,0.17193002,16907
CHEMBL4543484,0,0.17193002,16908
CHEMBL20241,0,0.17193002,16909
CHEMBL27943,0,0.17193002,16910
CHEMBL43190,0,0.17193002,16911
CHEMBL28756,0,0.17193002,16912
CHEMBL4435981,0,0.17185797,16913
CHEMBL13365,0,0.1717682,16914
CHEMBL33523,0,0.17176336,16915
CHEMBL11847,0,0.17176336,16916
CHEMBL7096,0,0.17173119,16917
CHEMBL10121,0,0.17173119,16918
CHEMBL27054,0,0.17166106,16919
CHEMBL531135,0,0.17162368,16920
CHEMBL595064,0,0.17162368,16921
CHEMBL1199124,0,0.17158738,16922
CHEMBL18057,0,0.17158738,16923
CHEMBL1204471,0,0.17158508,16924
CHEMBL11675,0,0.17158508,16925
CHEMBL42427,0,0.17158508,16926
CHEMBL18316,0,0.17157838,16927
CHEMBL6465,0,0.17157838,16928
CHEMBL32716,0,0.17157838,16929
CHEMBL41386,0,0.17157838,16930
CHEMBL32561,0,0.17157838,16931
CHEMBL386654,0,0.17157838,16932
CHEMBL14971,0,0.17157838,16933
CHEMBL18453,0,0.1715599,16934
CHEMBL26947,0,0.17148772,16935
CHEMBL33230,0,0.1714542,16936
CHEMBL40844,0,0.17141351,16937
CHEMBL4435054,0,0.17141351,16938
CHEMBL30882,0,0.17141351,16939
CHEMBL34335,0,0.17141351,16940
CHEMBL26043,0,0.17141351,16941
CHEMBL40860,0,0.17141351,16942
CHEMBL4543526,0,0.1714025,16943
CHEMBL559362,0,0.1714025,16944
CHEMBL4543546,0,0.1714025,16945
CHEMBL27161,0,0.1714025,16946
CHEMBL38651,0,0.17137523,16947
CHEMBL11039,0,0.17136915,16948
CHEMBL25213,0,0.17136915,16949
CHEMBL27957,0,0.17136915,16950
CHEMBL27510,0,0.17133813,16951
CHEMBL32926,0,0.1713312,16952
CHEMBL36352,0,0.1713312,16953
CHEMBL16814,0,0.17120264,16954
CHEMBL6817,0,0.17118765,16955
CHEMBL16906,0,0.17105845,16956
CHEMBL24195,0,0.17105123,16957
CHEMBL8088,0,0.1708468,16958
CHEMBL12081,0,0.17080487,16959
CHEMBL7993,0,0.17080487,16960
CHEMBL16117,0,0.17080487,16961
CHEMBL22902,0,0.17080487,16962
CHEMBL19204,0,0.17080487,16963
CHEMBL34007,0,0.17080487,16964
CHEMBL14651,0,0.17080487,16965
CHEMBL23066,0,0.17076068,16966
CHEMBL38906,0,0.17075351,16967
CHEMBL3311423,0,0.17074464,16968
CHEMBL39293,0,0.17074339,16969
CHEMBL1202061,0,0.17071044,16970
CHEMBL10556,0,0.17071044,16971
CHEMBL6642,0,0.17071044,16972
CHEMBL23458,0,0.17071044,16973
CHEMBL33025,0,0.17071044,16974
CHEMBL17719,0,0.17071044,16975
CHEMBL3310132,0,0.17071044,16976
CHEMBL13698,0,0.17069238,16977
CHEMBL33427,0,0.17069238,16978
CHEMBL17901,0,0.17069238,16979
CHEMBL22178,0,0.17069238,16980
CHEMBL11808,0,0.17069238,16981
CHEMBL6992,0,0.17069238,16982
CHEMBL3310407,0,0.17069238,16983
CHEMBL25469,0,0.17069238,16984
CHEMBL40757,0,0.17069238,16985
CHEMBL22010,0,0.17066213,16986
CHEMBL16148,0,0.17058839,16987
CHEMBL41756,0,0.17057034,16988
CHEMBL7216,0,0.17043707,16989
CHEMBL3310446,0,0.17042087,16990
CHEMBL18363,0,0.17037435,16991
CHEMBL536726,0,0.17037435,16992
CHEMBL27009,0,0.17037435,16993
CHEMBL15085,0,0.17037435,16994
CHEMBL33285,0,0.17032966,16995
CHEMBL12837,0,0.17032966,16996
CHEMBL37266,0,0.17032966,16997
CHEMBL34798,0,0.17032966,16998
CHEMBL29527,0,0.17032966,16999
CHEMBL18226,0,0.17032966,17000
CHEMBL21268,0,0.17032966,17001
CHEMBL7994,0,0.17032966,17002
CHEMBL14896,0,0.17027251,17003
CHEMBL7446,0,0.1702052,17004
CHEMBL22209,0,0.17019933,17005
CHEMBL36261,0,0.17019933,17006
CHEMBL27056,0,0.17019933,17007
CHEMBL41577,0,0.17019933,17008
CHEMBL7992,0,0.17019933,17009
CHEMBL13391,0,0.17019933,17010
CHEMBL20856,0,0.17019933,17011
CHEMBL4435093,0,0.17019933,17012
CHEMBL30588,0,0.17019933,17013
CHEMBL19810,0,0.17017303,17014
CHEMBL38098,0,0.1701615,17015
CHEMBL6235,0,0.17010576,17016
CHEMBL7729,0,0.17009738,17017
CHEMBL25332,0,0.17007828,17018
CHEMBL40649,0,0.17005956,17019
CHEMBL13733,0,0.17004794,17020
CHEMBL3310315,0,0.16999915,17021
CHEMBL10745,0,0.1699977,17022
CHEMBL6766,0,0.1699977,17023
CHEMBL40987,0,0.1699977,17024
CHEMBL38596,0,0.1699977,17025
CHEMBL29250,0,0.1699977,17026
CHEMBL16682,0,0.1699977,17027
CHEMBL16821,0,0.1699977,17028
CHEMBL25052,0,0.1699977,17029
CHEMBL18527,0,0.1699977,17030
CHEMBL3309876,0,0.1699977,17031
CHEMBL19123,0,0.1699977,17032
CHEMBL4553668,0,0.1699977,17033
CHEMBL32503,0,0.1699977,17034
CHEMBL10103,0,0.1699977,17035
CHEMBL32771,0,0.1699977,17036
CHEMBL26227,0,0.1699977,17037
CHEMBL40079,0,0.1699977,17038
CHEMBL22092,0,0.1699977,17039
CHEMBL24166,0,0.1699977,17040
CHEMBL14302,0,0.1699977,17041
CHEMBL14301,0,0.1699977,17042
CHEMBL24489,0,0.1699977,17043
CHEMBL6437,0,0.1699977,17044
CHEMBL29472,0,0.1699977,17045
CHEMBL24602,0,0.1699977,17046
CHEMBL11709,0,0.1699977,17047
CHEMBL24373,0,0.1699977,17048
CHEMBL26784,0,0.1699977,17049
CHEMBL3310817,0,0.1699977,17050
CHEMBL15266,0,0.1699977,17051
CHEMBL6459,0,0.1699977,17052
CHEMBL42079,0,0.1699977,17053
CHEMBL16155,0,0.1699977,17054
CHEMBL33596,0,0.1699977,17055
CHEMBL28889,0,0.1699977,17056
CHEMBL18143,0,0.1699977,17057
CHEMBL13779,0,0.1699977,17058
CHEMBL35013,0,0.1699977,17059
CHEMBL27508,0,0.1699977,17060
CHEMBL33057,0,0.1699977,17061
CHEMBL9166,0,0.1699977,17062
CHEMBL25963,0,0.1699977,17063
CHEMBL15787,0,0.1699977,17064
CHEMBL43654,0,0.1699977,17065
CHEMBL31943,0,0.1699977,17066
CHEMBL7796,0,0.1699977,17067
CHEMBL7797,0,0.1699977,17068
CHEMBL13789,0,0.1699977,17069
CHEMBL12765,0,0.1699977,17070
CHEMBL35068,0,0.1699977,17071
CHEMBL32093,0,0.1699977,17072
CHEMBL26472,0,0.1699977,17073
CHEMBL19240,0,0.1699977,17074
CHEMBL595990,0,0.1699977,17075
CHEMBL30647,0,0.1699977,17076
CHEMBL35354,0,0.1699977,17077
CHEMBL15919,0,0.1699977,17078
CHEMBL14529,0,0.1699977,17079
CHEMBL29941,0,0.1699977,17080
CHEMBL38310,0,0.1699977,17081
CHEMBL16829,0,0.1699977,17082
CHEMBL28806,0,0.1699977,17083
CHEMBL43575,0,0.1699977,17084
CHEMBL22383,0,0.1699977,17085
CHEMBL16770,0,0.1699977,17086
CHEMBL11410,0,0.1699977,17087
CHEMBL24556,0,0.1699977,17088
CHEMBL6872,0,0.1699977,17089
CHEMBL1159610,0,0.1699977,17090
CHEMBL18240,0,0.1699977,17091
CHEMBL39271,0,0.1699977,17092
CHEMBL8815,0,0.1699977,17093
CHEMBL17808,0,0.1699977,17094
CHEMBL23435,0,0.1699977,17095
CHEMBL38298,0,0.1699977,17096
CHEMBL28632,0,0.1699977,17097
CHEMBL6262,0,0.1699977,17098
CHEMBL14179,0,0.1699977,17099
CHEMBL22745,0,0.1699977,17100
CHEMBL38066,0,0.1699977,17101
CHEMBL11863,0,0.1699977,17102
CHEMBL32299,0,0.1699977,17103
CHEMBL8829,0,0.1699977,17104
CHEMBL32715,0,0.1699977,17105
CHEMBL4435594,0,0.1699977,17106
CHEMBL6588,0,0.1699977,17107
CHEMBL24541,0,0.1699977,17108
CHEMBL33225,0,0.1699977,17109
CHEMBL11827,0,0.1699977,17110
CHEMBL1163527,0,0.1699977,17111
CHEMBL37127,0,0.1699977,17112
CHEMBL32183,0,0.1699977,17113
CHEMBL41506,0,0.16986315,17114
CHEMBL26568,0,0.16982903,17115
CHEMBL25090,0,0.16982903,17116
CHEMBL681,0,0.16965105,17117
CHEMBL16549,0,0.16965105,17118
CHEMBL21331,0,0.16965105,17119
CHEMBL10729,0,0.16965105,17120
CHEMBL19669,0,0.16965105,17121
CHEMBL36957,0,0.16965105,17122
CHEMBL36849,0,0.16965105,17123
CHEMBL40232,0,0.16965105,17124
CHEMBL35393,0,0.16965105,17125
CHEMBL7815,0,0.16936506,17126
CHEMBL29753,0,0.16936506,17127
CHEMBL37733,0,0.16933273,17128
CHEMBL24438,0,0.16933273,17129
CHEMBL35155,0,0.16933273,17130
CHEMBL4435861,0,0.16926838,17131
CHEMBL34492,0,0.16921179,17132
CHEMBL35397,0,0.16921173,17133
CHEMBL17330,0,0.16910146,17134
CHEMBL14264,0,0.16904375,17135
CHEMBL507464,0,0.16904375,17136
CHEMBL18287,0,0.1690396,17137
CHEMBL29415,0,0.16902138,17138
CHEMBL28777,0,0.16902138,17139
CHEMBL20442,0,0.16902138,17140
CHEMBL30166,0,0.16902138,17141
CHEMBL3310144,0,0.16901155,17142
CHEMBL31322,0,0.16888751,17143
CHEMBL17172,0,0.16888751,17144
CHEMBL18254,0,0.16885209,17145
CHEMBL14478,0,0.16883379,17146
CHEMBL39065,0,0.16883379,17147
CHEMBL17068,0,0.16883379,17148
CHEMBL9162,0,0.16876552,17149
CHEMBL4543414,0,0.16871156,17150
CHEMBL11737,0,0.16857326,17151
CHEMBL10835,0,0.16857326,17152
CHEMBL19841,0,0.16857326,17153
CHEMBL21840,0,0.16851737,17154
CHEMBL29438,0,0.16851737,17155
CHEMBL29798,0,0.16851737,17156
CHEMBL15114,0,0.16851139,17157
CHEMBL25174,0,0.16847016,17158
CHEMBL685,0,0.16845144,17159
CHEMBL26325,0,0.1683633,17160
CHEMBL61,0,0.1683633,17161
CHEMBL28028,0,0.1683633,17162
CHEMBL17343,0,0.1683633,17163
CHEMBL25771,0,0.16832688,17164
CHEMBL6414,0,0.16831994,17165
CHEMBL19322,0,0.16831994,17166
CHEMBL33483,0,0.1682933,17167
CHEMBL3310661,0,0.16814439,17168
CHEMBL23766,0,0.16813938,17169
CHEMBL26864,0,0.16809961,17170
CHEMBL15911,0,0.16797084,17171
CHEMBL40409,0,0.16794173,17172
CHEMBL526134,0,0.16792491,17173
CHEMBL3309994,0,0.16792491,17174
CHEMBL25410,0,0.1678883,17175
CHEMBL8571,0,0.16783398,17176
CHEMBL28224,0,0.16783398,17177
CHEMBL39625,0,0.16783398,17178
CHEMBL23173,0,0.16783398,17179
CHEMBL4559990,0,0.16783398,17180
CHEMBL29001,0,0.16783398,17181
CHEMBL32128,0,0.16783398,17182
CHEMBL24445,0,0.16783398,17183
CHEMBL15724,0,0.16778784,17184
CHEMBL7337,0,0.16775896,17185
CHEMBL41720,0,0.16775896,17186
CHEMBL13448,0,0.16775896,17187
CHEMBL33904,0,0.16775896,17188
CHEMBL41551,0,0.16773924,17189
CHEMBL19666,0,0.16773924,17190
CHEMBL10963,0,0.16773924,17191
CHEMBL3310276,0,0.16763698,17192
CHEMBL4543541,0,0.1676361,17193
CHEMBL32457,0,0.16763347,17194
CHEMBL12793,0,0.16763347,17195
CHEMBL12885,0,0.16763347,17196
CHEMBL3309916,0,0.16763347,17197
CHEMBL4435912,0,0.16763347,17198
CHEMBL4435137,0,0.16763347,17199
CHEMBL29501,0,0.16758183,17200
CHEMBL17519,0,0.16757351,17201
CHEMBL39078,0,0.16747032,17202
CHEMBL30188,0,0.16734342,17203
CHEMBL32316,0,0.16734342,17204
CHEMBL32263,0,0.16734342,17205
CHEMBL40415,0,0.16733186,17206
CHEMBL12083,0,0.16729875,17207
CHEMBL16713,0,0.16729875,17208
CHEMBL20305,0,0.16729875,17209
CHEMBL37187,0,0.16729875,17210
CHEMBL13761,0,0.16729875,17211
CHEMBL3309338,0,0.16729875,17212
CHEMBL14791,0,0.16729875,17213
CHEMBL23330,0,0.16729875,17214
CHEMBL16684,0,0.16729875,17215
CHEMBL40091,0,0.16729875,17216
CHEMBL29340,0,0.16729875,17217
CHEMBL19916,0,0.16729875,17218
CHEMBL36894,0,0.16729875,17219
CHEMBL21234,0,0.16725133,17220
CHEMBL35889,0,0.16725133,17221
CHEMBL4436164,0,0.16725133,17222
CHEMBL9942,0,0.16725133,17223
CHEMBL35919,0,0.16725133,17224
CHEMBL33019,0,0.16725133,17225
CHEMBL12941,0,0.16725133,17226
CHEMBL42716,0,0.16724108,17227
CHEMBL31053,0,0.1672409,17228
CHEMBL22952,0,0.1672409,17229
CHEMBL28441,0,0.1672409,17230
CHEMBL4435469,0,0.1672409,17231
CHEMBL7043,0,0.16717245,17232
CHEMBL4436335,0,0.16716383,17233
CHEMBL28188,0,0.16715045,17234
CHEMBL12369,0,0.16714054,17235
CHEMBL21320,0,0.16714054,17236
CHEMBL13383,0,0.16708927,17237
CHEMBL38093,0,0.16708927,17238
CHEMBL32967,0,0.167077,17239
CHEMBL3310057,0,0.16704567,17240
CHEMBL33877,0,0.16704567,17241
CHEMBL21037,0,0.16694799,17242
CHEMBL7876,0,0.16693684,17243
CHEMBL23479,0,0.16684242,17244
CHEMBL21042,0,0.16683729,17245
CHEMBL11295,0,0.16669875,17246
CHEMBL41913,0,0.16669875,17247
CHEMBL41511,0,0.16666558,17248
CHEMBL26871,0,0.16654529,17249
CHEMBL12228,0,0.16645415,17250
CHEMBL25582,0,0.16640118,17251
CHEMBL39672,0,0.16640118,17252
CHEMBL12831,0,0.16640118,17253
CHEMBL1076255,0,0.16640118,17254
CHEMBL7457,0,0.16640118,17255
CHEMBL27407,0,0.16640118,17256
CHEMBL34211,0,0.16640118,17257
CHEMBL16129,0,0.16640118,17258
CHEMBL19279,0,0.16640118,17259
CHEMBL3310103,0,0.16640118,17260
CHEMBL36496,0,0.16633582,17261
CHEMBL26042,0,0.16631973,17262
CHEMBL6476,0,0.16631313,17263
CHEMBL4435154,0,0.16629772,17264
CHEMBL20958,0,0.16624385,17265
CHEMBL3309984,0,0.16604598,17266
CHEMBL27437,0,0.16604063,17267
CHEMBL41559,0,0.16600291,17268
CHEMBL34208,0,0.16598421,17269
CHEMBL27473,0,0.16598421,17270
CHEMBL35168,0,0.16598421,17271
CHEMBL23837,0,0.16598421,17272
CHEMBL12008,0,0.16598421,17273
CHEMBL24339,0,0.16598421,17274
CHEMBL20859,0,0.16598421,17275
CHEMBL525206,0,0.16598421,17276
CHEMBL30814,0,0.16598421,17277
CHEMBL18913,0,0.16597372,17278
CHEMBL35868,0,0.16597372,17279
CHEMBL28614,0,0.16596939,17280
CHEMBL7589,0,0.16590041,17281
CHEMBL31570,0,0.1658468,17282
CHEMBL3309700,0,0.1658368,17283
CHEMBL40963,0,0.16569212,17284
CHEMBL590853,0,0.16569212,17285
CHEMBL579584,0,0.16569212,17286
CHEMBL28142,0,0.16564874,17287
CHEMBL29562,0,0.16559863,17288
CHEMBL38192,0,0.16556366,17289
CHEMBL37390,0,0.16556366,17290
CHEMBL17959,0,0.16556366,17291
CHEMBL41475,0,0.16556366,17292
CHEMBL13917,0,0.16556366,17293
CHEMBL7143,0,0.16556366,17294
CHEMBL15936,0,0.16556366,17295
CHEMBL39498,0,0.16556366,17296
CHEMBL35502,0,0.16556366,17297
CHEMBL13267,0,0.16556366,17298
CHEMBL6393,0,0.16556366,17299
CHEMBL21961,0,0.16556366,17300
CHEMBL9870,0,0.16556366,17301
CHEMBL21723,0,0.16556366,17302
CHEMBL1163394,0,0.16556366,17303
CHEMBL40867,0,0.16556366,17304
CHEMBL40536,0,0.16556366,17305
CHEMBL31491,0,0.16556366,17306
CHEMBL34871,0,0.16556366,17307
CHEMBL31859,0,0.16556366,17308
CHEMBL27857,0,0.16556366,17309
CHEMBL31160,0,0.16556366,17310
CHEMBL36973,0,0.16544944,17311
CHEMBL502212,0,0.16544944,17312
CHEMBL25920,0,0.16544944,17313
CHEMBL36975,0,0.16544944,17314
CHEMBL4436190,0,0.16544944,17315
CHEMBL29178,0,0.16544944,17316
CHEMBL15725,0,0.16544944,17317
CHEMBL3309426,0,0.16544944,17318
CHEMBL17713,0,0.16544944,17319
CHEMBL24212,0,0.16544944,17320
CHEMBL38707,0,0.16544944,17321
CHEMBL22161,0,0.16544944,17322
CHEMBL22546,0,0.16544944,17323
CHEMBL18695,0,0.16544944,17324
CHEMBL38760,0,0.16544944,17325
CHEMBL41382,0,0.16544926,17326
CHEMBL23932,0,0.16542308,17327
CHEMBL29184,0,0.16542308,17328
CHEMBL7020,0,0.16542308,17329
CHEMBL23396,0,0.16542308,17330
CHEMBL30899,0,0.16542308,17331
CHEMBL37036,0,0.16542308,17332
CHEMBL30171,0,0.16542308,17333
CHEMBL24546,0,0.16542308,17334
CHEMBL1187911,0,0.16542308,17335
CHEMBL41492,0,0.16542308,17336
CHEMBL26601,0,0.16542308,17337
CHEMBL39970,0,0.16542308,17338
CHEMBL39816,0,0.16542308,17339
CHEMBL11665,0,0.16542308,17340
CHEMBL33407,0,0.16542308,17341
CHEMBL20283,0,0.16542308,17342
CHEMBL31081,0,0.16542308,17343
CHEMBL12940,0,0.16542308,17344
CHEMBL12964,0,0.16542308,17345
CHEMBL12969,0,0.16542308,17346
CHEMBL7246,0,0.16542308,17347
CHEMBL38076,0,0.16542308,17348
CHEMBL16157,0,0.16542308,17349
CHEMBL7236,0,0.16542308,17350
CHEMBL42256,0,0.16542308,17351
CHEMBL155439,0,0.16542308,17352
CHEMBL17231,0,0.16542308,17353
CHEMBL28802,0,0.16542308,17354
CHEMBL35315,0,0.16542308,17355
CHEMBL30317,0,0.16542308,17356
CHEMBL827,0,0.16542308,17357
CHEMBL8272,0,0.16542308,17358
CHEMBL21261,0,0.16542308,17359
CHEMBL39556,0,0.16542308,17360
CHEMBL34953,0,0.16542308,17361
CHEMBL20164,0,0.16542308,17362
CHEMBL10282,0,0.16542308,17363
CHEMBL24,0,0.16542308,17364
CHEMBL37745,0,0.16542308,17365
CHEMBL36189,0,0.16542308,17366
CHEMBL37815,0,0.16542308,17367
CHEMBL9812,0,0.16542308,17368
CHEMBL27479,0,0.16542308,17369
CHEMBL37774,0,0.16542308,17370
CHEMBL27035,0,0.16542308,17371
CHEMBL17217,0,0.16542308,17372
CHEMBL9674,0,0.16542308,17373
CHEMBL3310229,0,0.16542308,17374
CHEMBL41964,0,0.16542308,17375
CHEMBL20357,0,0.16542308,17376
CHEMBL23480,0,0.16542308,17377
CHEMBL27568,0,0.16542308,17378
CHEMBL37420,0,0.16542308,17379
CHEMBL25922,0,0.16542308,17380
CHEMBL28559,0,0.16542308,17381
CHEMBL40749,0,0.16542308,17382
CHEMBL1090111,0,0.16542308,17383
CHEMBL38306,0,0.16542308,17384
CHEMBL10797,0,0.16542308,17385
CHEMBL8939,0,0.16542308,17386
CHEMBL6828,0,0.16542308,17387
CHEMBL36770,0,0.16542308,17388
CHEMBL34770,0,0.16542308,17389
CHEMBL443462,0,0.16542308,17390
CHEMBL26249,0,0.16542308,17391
CHEMBL17875,0,0.16542308,17392
CHEMBL34954,0,0.16542308,17393
CHEMBL6863,0,0.16542308,17394
CHEMBL14528,0,0.16542308,17395
CHEMBL38210,0,0.16542308,17396
CHEMBL1163152,0,0.16542308,17397
CHEMBL4543247,0,0.16542308,17398
CHEMBL25330,0,0.16542308,17399
CHEMBL31871,0,0.16542308,17400
CHEMBL41584,0,0.16542308,17401
CHEMBL33696,0,0.16542308,17402
CHEMBL7456,0,0.16542308,17403
CHEMBL12159,0,0.16542308,17404
CHEMBL20886,0,0.16542308,17405
CHEMBL22697,0,0.16542308,17406
CHEMBL24238,0,0.16542308,17407
CHEMBL28285,0,0.16542308,17408
CHEMBL6330,0,0.16542308,17409
CHEMBL25571,0,0.16542308,17410
CHEMBL8288,0,0.16542308,17411
CHEMBL9752,0,0.16542308,17412
CHEMBL40459,0,0.16542308,17413
CHEMBL36962,0,0.16542308,17414
CHEMBL14351,0,0.16542308,17415
CHEMBL26372,0,0.16542308,17416
CHEMBL8463,0,0.16542308,17417
CHEMBL1237044,0,0.16542308,17418
CHEMBL35048,0,0.16542308,17419
CHEMBL36603,0,0.16542308,17420
CHEMBL18976,0,0.16542308,17421
CHEMBL29999,0,0.16542308,17422
CHEMBL8784,0,0.16542308,17423
CHEMBL22594,0,0.16542308,17424
CHEMBL10313,0,0.16542308,17425
CHEMBL29976,0,0.16542308,17426
CHEMBL14231,0,0.16542308,17427
CHEMBL1163264,0,0.16542308,17428
CHEMBL41869,0,0.16542308,17429
CHEMBL8863,0,0.16542308,17430
CHEMBL40556,0,0.16542308,17431
CHEMBL11684,0,0.16542308,17432
CHEMBL25324,0,0.16542308,17433
CHEMBL4559931,0,0.16542308,17434
CHEMBL7681,0,0.16542308,17435
CHEMBL7694,0,0.16542308,17436
CHEMBL16897,0,0.16542308,17437
CHEMBL9593,0,0.16542308,17438
CHEMBL10595,0,0.16542308,17439
CHEMBL21822,0,0.16542308,17440
CHEMBL41565,0,0.16542308,17441
CHEMBL22567,0,0.16542308,17442
CHEMBL7280,0,0.16542308,17443
CHEMBL26801,0,0.16542308,17444
CHEMBL1077836,0,0.16542308,17445
CHEMBL16540,0,0.16542308,17446
CHEMBL11031,0,0.16542308,17447
CHEMBL32139,0,0.16542308,17448
CHEMBL35609,0,0.16542308,17449
CHEMBL41627,0,0.16542308,17450
CHEMBL15108,0,0.16542308,17451
CHEMBL30700,0,0.16542308,17452
CHEMBL22,0,0.16542308,17453
CHEMBL18701,0,0.16542308,17454
CHEMBL18355,0,0.16542308,17455
CHEMBL39693,0,0.16542308,17456
CHEMBL4543514,0,0.16542308,17457
CHEMBL30360,0,0.16542308,17458
CHEMBL33265,0,0.16542308,17459
CHEMBL40482,0,0.16542308,17460
CHEMBL22299,0,0.16542308,17461
CHEMBL4434950,0,0.16542308,17462
CHEMBL10526,0,0.16539188,17463
CHEMBL1090695,0,0.16539188,17464
CHEMBL7914,0,0.16536994,17465
CHEMBL39196,0,0.16536994,17466
CHEMBL11140,0,0.1653328,17467
CHEMBL8406,0,0.16515768,17468
CHEMBL18031,0,0.16515768,17469
CHEMBL1163346,0,0.1651385,17470
CHEMBL4436225,0,0.1651385,17471
CHEMBL4543483,0,0.1651385,17472
CHEMBL41870,0,0.16510081,17473
CHEMBL16508,0,0.16490501,17474
CHEMBL26150,0,0.16486757,17475
CHEMBL7132,0,0.16474181,17476
CHEMBL17228,0,0.16456376,17477
CHEMBL18959,0,0.16439506,17478
CHEMBL29662,0,0.16439506,17479
CHEMBL41148,0,0.16439506,17480
CHEMBL6208,0,0.16439506,17481
CHEMBL20157,0,0.16439506,17482
CHEMBL4435681,0,0.16439506,17483
CHEMBL4436465,0,0.16439506,17484
CHEMBL41973,0,0.16439506,17485
CHEMBL42463,0,0.16439506,17486
CHEMBL4543210,0,0.16439506,17487
CHEMBL4436039,0,0.16439506,17488
CHEMBL29188,0,0.16439506,17489
CHEMBL36160,0,0.16439506,17490
CHEMBL3309367,0,0.16439506,17491
CHEMBL25473,0,0.16439506,17492
CHEMBL31628,0,0.16439506,17493
CHEMBL14020,0,0.16439506,17494
CHEMBL22521,0,0.16439506,17495
CHEMBL3310464,0,0.16439506,17496
CHEMBL8793,0,0.16439506,17497
CHEMBL40142,0,0.16439506,17498
CHEMBL7813,0,0.16439506,17499
CHEMBL42709,0,0.16439506,17500
CHEMBL11848,0,0.16439506,17501
CHEMBL16736,0,0.16439506,17502
CHEMBL7764,0,0.16439506,17503
CHEMBL13629,0,0.16439506,17504
CHEMBL14764,0,0.16439506,17505
CHEMBL7582,0,0.16439506,17506
CHEMBL4435881,0,0.16439506,17507
CHEMBL43511,0,0.16439506,17508
CHEMBL10080,0,0.16421534,17509
CHEMBL35400,0,0.16421534,17510
CHEMBL10052,0,0.16416545,17511
CHEMBL33095,0,0.16414969,17512
CHEMBL8828,0,0.16413225,17513
CHEMBL13791,0,0.1640373,17514
CHEMBL19410,0,0.1640373,17515
CHEMBL36995,0,0.1640373,17516
CHEMBL8515,0,0.1640373,17517
CHEMBL24751,0,0.1640373,17518
CHEMBL32902,0,0.1640373,17519
CHEMBL4434908,0,0.16402076,17520
CHEMBL4436141,0,0.16397664,17521
CHEMBL37534,0,0.16395365,17522
CHEMBL36541,0,0.16395365,17523
CHEMBL3310683,0,0.16392766,17524
CHEMBL41026,0,0.1637528,17525
CHEMBL3309594,0,0.1637528,17526
CHEMBL3310099,0,0.1637528,17527
CHEMBL11181,0,0.1637528,17528
CHEMBL4436572,0,0.1637528,17529
CHEMBL16095,0,0.1637528,17530
CHEMBL20116,0,0.1637528,17531
CHEMBL17995,0,0.1637528,17532
CHEMBL14785,0,0.1637528,17533
CHEMBL4116148,0,0.1637528,17534
CHEMBL29176,0,0.16372709,17535
CHEMBL8268,0,0.16372411,17536
CHEMBL21770,0,0.16369256,17537
CHEMBL25497,0,0.16369256,17538
CHEMBL3309340,0,0.16369256,17539
CHEMBL32761,0,0.16369256,17540
CHEMBL32458,0,0.16369256,17541
CHEMBL28147,0,0.16369256,17542
CHEMBL31215,0,0.16369256,17543
CHEMBL35728,0,0.16369256,17544
CHEMBL21618,0,0.16369256,17545
CHEMBL9483,0,0.16369256,17546
CHEMBL1159639,0,0.1636874,17547
CHEMBL26503,0,0.1636874,17548
CHEMBL36280,0,0.16361372,17549
CHEMBL27858,0,0.16361372,17550
CHEMBL3309934,0,0.16361372,17551
CHEMBL6423,0,0.16361372,17552
CHEMBL4435027,0,0.16361372,17553
CHEMBL553649,0,0.16361372,17554
CHEMBL13613,0,0.16339608,17555
CHEMBL24826,0,0.16339608,17556
CHEMBL37671,0,0.16326438,17557
CHEMBL1093989,0,0.16321576,17558
CHEMBL37426,0,0.16321576,17559
CHEMBL19748,0,0.16321576,17560
CHEMBL16362,0,0.16321576,17561
CHEMBL12952,0,0.16321576,17562
CHEMBL34014,0,0.16321576,17563
CHEMBL19081,0,0.16321576,17564
CHEMBL36148,0,0.16321576,17565
CHEMBL29765,0,0.16321576,17566
CHEMBL40294,0,0.16321576,17567
CHEMBL31373,0,0.16320987,17568
CHEMBL1163211,0,0.16319634,17569
CHEMBL8766,0,0.16319634,17570
CHEMBL41419,0,0.16319634,17571
CHEMBL30578,0,0.16319634,17572
CHEMBL9159,0,0.16314253,17573
CHEMBL19795,0,0.16314253,17574
CHEMBL26990,0,0.16314253,17575
CHEMBL29456,0,0.16314253,17576
CHEMBL29121,0,0.16311379,17577
CHEMBL155979,0,0.16311379,17578
CHEMBL37977,0,0.16311379,17579
CHEMBL22814,0,0.16311379,17580
CHEMBL26136,0,0.16311379,17581
CHEMBL10162,0,0.16303807,17582
CHEMBL39774,0,0.16303807,17583
CHEMBL39547,0,0.16303807,17584
CHEMBL40934,0,0.16303807,17585
CHEMBL15079,0,0.16303807,17586
CHEMBL7329,0,0.16303807,17587
CHEMBL4435084,0,0.16303807,17588
CHEMBL35333,0,0.16303807,17589
CHEMBL35935,0,0.16303807,17590
CHEMBL18753,0,0.16303807,17591
CHEMBL1095378,0,0.16303807,17592
CHEMBL22986,0,0.16303807,17593
CHEMBL21509,0,0.16303807,17594
CHEMBL26446,0,0.16303807,17595
CHEMBL37552,0,0.16303807,17596
CHEMBL33835,0,0.16303807,17597
CHEMBL23529,0,0.16303807,17598
CHEMBL28945,0,0.16303807,17599
CHEMBL26882,0,0.16303807,17600
CHEMBL17400,0,0.16303807,17601
CHEMBL4435947,0,0.16302745,17602
CHEMBL15884,0,0.16302745,17603
CHEMBL28056,0,0.16288492,17604
CHEMBL12592,0,0.16275127,17605
CHEMBL22035,0,0.16272607,17606
CHEMBL4543212,0,0.16262439,17607
CHEMBL74,0,0.16262364,17608
CHEMBL41067,0,0.16257621,17609
CHEMBL6627,0,0.16251561,17610
CHEMBL28956,0,0.162504,17611
CHEMBL4435383,0,0.16248074,17612
CHEMBL10760,0,0.16245337,17613
CHEMBL23589,0,0.16245337,17614
CHEMBL10839,0,0.16245337,17615
CHEMBL34823,0,0.1624273,17616
CHEMBL4436531,0,0.16235799,17617
CHEMBL9477,0,0.16235799,17618
CHEMBL13403,0,0.16235799,17619
CHEMBL31283,0,0.16220775,17620
CHEMBL31762,0,0.16200596,17621
CHEMBL38933,0,0.16200502,17622
CHEMBL29899,0,0.1618069,17623
CHEMBL9332,0,0.16166815,17624
CHEMBL21113,0,0.16166387,17625
CHEMBL22630,0,0.16158272,17626
CHEMBL4435623,0,0.16158272,17627
CHEMBL29068,0,0.16158272,17628
CHEMBL10299,0,0.16158272,17629
CHEMBL4436161,0,0.16158272,17630
CHEMBL13195,0,0.1614535,17631
CHEMBL29682,0,0.16127579,17632
CHEMBL12149,0,0.16127579,17633
CHEMBL11648,0,0.16127579,17634
CHEMBL29138,0,0.16127579,17635
CHEMBL26196,0,0.16127579,17636
CHEMBL13513,0,0.16114955,17637
CHEMBL22929,0,0.16114254,17638
CHEMBL38106,0,0.16108072,17639
CHEMBL35534,0,0.16108072,17640
CHEMBL41817,0,0.16103852,17641
CHEMBL12611,0,0.16103852,17642
CHEMBL37741,0,0.16103852,17643
CHEMBL6535,0,0.16103852,17644
CHEMBL25472,0,0.16103852,17645
CHEMBL14286,0,0.16103852,17646
CHEMBL26645,0,0.16103852,17647
CHEMBL1096781,0,0.16076994,17648
CHEMBL28821,0,0.16073085,17649
CHEMBL23527,0,0.16072749,17650
CHEMBL18519,0,0.16072749,17651
CHEMBL10230,0,0.1607071,17652
CHEMBL4435575,0,0.16068733,17653
CHEMBL30275,0,0.16068733,17654
CHEMBL37584,0,0.16067226,17655
CHEMBL3309448,0,0.16067226,17656
CHEMBL8504,0,0.16067226,17657
CHEMBL40447,0,0.16067226,17658
CHEMBL3309780,0,0.16067226,17659
CHEMBL20207,0,0.16067226,17660
CHEMBL12469,0,0.16067226,17661
CHEMBL20637,0,0.16067226,17662
CHEMBL10945,0,0.16067226,17663
CHEMBL7212,0,0.16067226,17664
CHEMBL24718,0,0.16067226,17665
CHEMBL4434941,0,0.16067226,17666
CHEMBL4436223,0,0.16067226,17667
CHEMBL36668,0,0.16067226,17668
CHEMBL31905,0,0.16067226,17669
CHEMBL13758,0,0.16067226,17670
CHEMBL21038,0,0.16067226,17671
CHEMBL30024,0,0.16067226,17672
CHEMBL31490,0,0.1606565,17673
CHEMBL4543390,0,0.16065118,17674
CHEMBL24924,0,0.16063093,17675
CHEMBL12534,0,0.1605649,17676
CHEMBL540172,0,0.16051115,17677
CHEMBL43576,0,0.16041443,17678
CHEMBL33860,0,0.16040652,17679
CHEMBL3310095,0,0.16038601,17680
CHEMBL25633,0,0.16034964,17681
CHEMBL23812,0,0.16034964,17682
CHEMBL12235,0,0.16033787,17683
CHEMBL32192,0,0.16029838,17684
CHEMBL18211,0,0.16014762,17685
CHEMBL4435184,0,0.16014762,17686
CHEMBL11834,0,0.16014762,17687
CHEMBL4435950,0,0.16014214,17688
CHEMBL39727,0,0.16010553,17689
CHEMBL32993,0,0.16010553,17690
CHEMBL26535,0,0.1600083,17691
CHEMBL18812,0,0.160008,17692
CHEMBL4436074,0,0.160008,17693
CHEMBL40033,0,0.15987824,17694
CHEMBL7894,0,0.15985604,17695
CHEMBL33854,0,0.15981136,17696
CHEMBL25230,0,0.15979664,17697
CHEMBL39832,0,0.15979664,17698
CHEMBL36437,0,0.15975015,17699
CHEMBL1094701,0,0.1595916,17700
CHEMBL4436312,0,0.1595916,17701
CHEMBL34869,0,0.15955098,17702
CHEMBL32041,0,0.1594603,17703
CHEMBL39522,0,0.1594603,17704
CHEMBL27694,0,0.1594603,17705
CHEMBL3310078,0,0.15943502,17706
CHEMBL9779,0,0.15942247,17707
CHEMBL14668,0,0.15941171,17708
CHEMBL41633,0,0.15937524,17709
CHEMBL6427,0,0.1593575,17710
CHEMBL20369,0,0.1593575,17711
CHEMBL36669,0,0.15934014,17712
CHEMBL18523,0,0.15934014,17713
CHEMBL1088591,0,0.15934014,17714
CHEMBL37755,0,0.15934014,17715
CHEMBL32271,0,0.15934014,17716
CHEMBL6552,0,0.15934014,17717
CHEMBL4436556,0,0.15934014,17718
CHEMBL14378,0,0.15934014,17719
CHEMBL15503,0,0.15934014,17720
CHEMBL6896,0,0.15934014,17721
CHEMBL14945,0,0.15934014,17722
CHEMBL28707,0,0.15934014,17723
CHEMBL37668,0,0.15934014,17724
CHEMBL18908,0,0.15934014,17725
CHEMBL18852,0,0.15934014,17726
CHEMBL22139,0,0.15934014,17727
CHEMBL3310146,0,0.15931854,17728
CHEMBL21670,0,0.15931769,17729
CHEMBL1178041,0,0.15926102,17730
CHEMBL501328,0,0.15912576,17731
CHEMBL29897,0,0.15912174,17732
CHEMBL32657,0,0.15912174,17733
CHEMBL33811,0,0.15911637,17734
CHEMBL22391,0,0.15911637,17735
CHEMBL36882,0,0.15911637,17736
CHEMBL31453,0,0.15911627,17737
CHEMBL17397,0,0.15901321,17738
CHEMBL43683,0,0.15898804,17739
CHEMBL18237,0,0.15898755,17740
CHEMBL19826,0,0.15895559,17741
CHEMBL9422,0,0.15891334,17742
CHEMBL29886,0,0.158885,17743
CHEMBL37868,0,0.15887137,17744
CHEMBL36094,0,0.15887137,17745
CHEMBL26835,0,0.15887137,17746
CHEMBL41739,0,0.15887137,17747
CHEMBL10283,0,0.15887137,17748
CHEMBL17516,0,0.15885547,17749
CHEMBL25850,0,0.15885547,17750
CHEMBL6385,0,0.15877701,17751
CHEMBL153534,0,0.15877701,17752
CHEMBL41594,0,0.15877701,17753
CHEMBL15024,0,0.15877701,17754
CHEMBL1208484,0,0.15877701,17755
CHEMBL17872,0,0.15877701,17756
CHEMBL38860,0,0.15873101,17757
CHEMBL29143,0,0.15873101,17758
CHEMBL17655,0,0.15873101,17759
CHEMBL19815,0,0.15867062,17760
CHEMBL828,0,0.15865572,17761
CHEMBL10287,0,0.15865572,17762
CHEMBL42458,0,0.15865572,17763
CHEMBL14606,0,0.15865399,17764
CHEMBL38074,0,0.15856743,17765
CHEMBL34511,0,0.15848063,17766
CHEMBL30512,0,0.15848063,17767
CHEMBL9754,0,0.15848063,17768
CHEMBL13496,0,0.15848063,17769
CHEMBL4116151,0,0.15848063,17770
CHEMBL6698,0,0.15848063,17771
CHEMBL404,0,0.15848063,17772
CHEMBL18496,0,0.15848063,17773
CHEMBL31642,0,0.15848063,17774
CHEMBL4543542,0,0.15848063,17775
CHEMBL1237410,0,0.15848063,17776
CHEMBL38307,0,0.15848063,17777
CHEMBL26375,0,0.15848063,17778
CHEMBL14254,0,0.15848063,17779
CHEMBL20554,0,0.15848063,17780
CHEMBL9753,0,0.15848063,17781
CHEMBL33590,0,0.15848063,17782
CHEMBL29450,0,0.15848063,17783
CHEMBL42261,0,0.15848063,17784
CHEMBL38734,0,0.15848063,17785
CHEMBL16650,0,0.15848063,17786
CHEMBL17538,0,0.15848063,17787
CHEMBL26145,0,0.15848063,17788
CHEMBL27954,0,0.15848063,17789
CHEMBL26622,0,0.1584285,17790
CHEMBL23533,0,0.15838805,17791
CHEMBL40092,0,0.15838805,17792
CHEMBL4543341,0,0.15838805,17793
CHEMBL36153,0,0.15835787,17794
CHEMBL17492,0,0.15835787,17795
CHEMBL27259,0,0.15835787,17796
CHEMBL604773,0,0.15835787,17797
CHEMBL30508,0,0.15835787,17798
CHEMBL12917,0,0.15835787,17799
CHEMBL7998,0,0.15835787,17800
CHEMBL15623,0,0.15833558,17801
CHEMBL18468,0,0.15833558,17802
CHEMBL38006,0,0.15833558,17803
CHEMBL22530,0,0.15833558,17804
CHEMBL7633,0,0.15833558,17805
CHEMBL3310287,0,0.15830457,17806
CHEMBL28637,0,0.15830457,17807
CHEMBL13474,0,0.15802826,17808
CHEMBL38883,0,0.15797114,17809
CHEMBL42235,0,0.15797114,17810
CHEMBL6580,0,0.15797114,17811
CHEMBL20809,0,0.15793692,17812
CHEMBL39829,0,0.15788974,17813
CHEMBL38725,0,0.15782401,17814
CHEMBL13041,0,0.15782401,17815
CHEMBL31817,0,0.15779689,17816
CHEMBL41036,0,0.15778802,17817
CHEMBL3309633,0,0.15778802,17818
CHEMBL26992,0,0.15778802,17819
CHEMBL12162,0,0.15778802,17820
CHEMBL28094,0,0.15778802,17821
CHEMBL40176,0,0.15778802,17822
CHEMBL11104,0,0.15778802,17823
CHEMBL15111,0,0.15778802,17824
CHEMBL11460,0,0.15778802,17825
CHEMBL41083,0,0.15778802,17826
CHEMBL7362,0,0.15778802,17827
CHEMBL15892,0,0.15778802,17828
CHEMBL36,0,0.15778802,17829
CHEMBL23787,0,0.15778802,17830
CHEMBL29667,0,0.15778802,17831
CHEMBL3309856,0,0.15778802,17832
CHEMBL21053,0,0.15778802,17833
CHEMBL39237,0,0.15778802,17834
CHEMBL27762,0,0.15778802,17835
CHEMBL36940,0,0.15778802,17836
CHEMBL24174,0,0.15778802,17837
CHEMBL20435,0,0.15778802,17838
CHEMBL16538,0,0.15778802,17839
CHEMBL661,0,0.15778802,17840
CHEMBL14898,0,0.15778802,17841
CHEMBL32598,0,0.15778802,17842
CHEMBL14498,0,0.15778802,17843
CHEMBL42262,0,0.15778802,17844
CHEMBL4435722,0,0.15778802,17845
CHEMBL29420,0,0.15778802,17846
CHEMBL40046,0,0.15778802,17847
CHEMBL9350,0,0.15778802,17848
CHEMBL27201,0,0.15778802,17849
CHEMBL22059,0,0.15778802,17850
CHEMBL610050,0,0.15778802,17851
CHEMBL3310675,0,0.15778802,17852
CHEMBL31722,0,0.15778802,17853
CHEMBL10395,0,0.15778802,17854
CHEMBL25452,0,0.15778802,17855
CHEMBL8498,0,0.15778802,17856
CHEMBL40657,0,0.15778802,17857
CHEMBL16467,0,0.15778802,17858
CHEMBL13614,0,0.15778802,17859
CHEMBL406648,0,0.15778802,17860
CHEMBL38371,0,0.15778802,17861
CHEMBL9897,0,0.15778802,17862
CHEMBL22777,0,0.15778802,17863
CHEMBL36584,0,0.15778802,17864
CHEMBL431,0,0.15778802,17865
CHEMBL35872,0,0.15778802,17866
CHEMBL12678,0,0.15778802,17867
CHEMBL12065,0,0.15778802,17868
CHEMBL16100,0,0.15778802,17869
CHEMBL16290,0,0.15778802,17870
CHEMBL19803,0,0.15778802,17871
CHEMBL37952,0,0.15778802,17872
CHEMBL6785,0,0.15778802,17873
CHEMBL38856,0,0.15778802,17874
CHEMBL32253,0,0.15778802,17875
CHEMBL32146,0,0.15778802,17876
CHEMBL7971,0,0.15778802,17877
CHEMBL28545,0,0.15778802,17878
CHEMBL32573,0,0.15778802,17879
CHEMBL21419,0,0.15778802,17880
CHEMBL33256,0,0.157766,17881
CHEMBL41683,0,0.157766,17882
CHEMBL40434,0,0.157766,17883
CHEMBL4434861,0,0.157766,17884
CHEMBL25356,0,0.157766,17885
CHEMBL17354,0,0.157766,17886
CHEMBL13430,0,0.15761082,17887
CHEMBL36999,0,0.15758498,17888
CHEMBL40586,0,0.15758498,17889
CHEMBL21583,0,0.15756774,17890
CHEMBL15235,0,0.15753616,17891
CHEMBL19593,0,0.15735744,17892
CHEMBL20339,0,0.15717725,17893
CHEMBL30454,0,0.15717725,17894
CHEMBL28086,0,0.15717725,17895
CHEMBL15413,0,0.15717725,17896
CHEMBL4435074,0,0.15717725,17897
CHEMBL4434806,0,0.15717725,17898
CHEMBL15109,0,0.15711999,17899
CHEMBL25907,0,0.15697877,17900
CHEMBL22849,0,0.15697877,17901
CHEMBL34224,0,0.15697877,17902
CHEMBL12396,0,0.15685228,17903
CHEMBL43036,0,0.15685228,17904
CHEMBL27809,0,0.15685228,17905
CHEMBL30708,0,0.15685228,17906
CHEMBL13678,0,0.15685228,17907
CHEMBL30764,0,0.15685228,17908
CHEMBL3309630,0,0.15685228,17909
CHEMBL11614,0,0.15685228,17910
CHEMBL15526,0,0.15685228,17911
CHEMBL8528,0,0.15685228,17912
CHEMBL37838,0,0.15685228,17913
CHEMBL25663,0,0.15685228,17914
CHEMBL4435896,0,0.15677513,17915
CHEMBL15308,0,0.15677513,17916
CHEMBL32969,0,0.15677513,17917
CHEMBL41243,0,0.15677513,17918
CHEMBL38416,0,0.15677513,17919
CHEMBL1163369,0,0.15677513,17920
CHEMBL39397,0,0.15668774,17921
CHEMBL14575,0,0.15668258,17922
CHEMBL16864,0,0.15658903,17923
CHEMBL27812,0,0.15657862,17924
CHEMBL6624,0,0.15655637,17925
CHEMBL3311094,0,0.15647869,17926
CHEMBL17278,0,0.15637195,17927
CHEMBL29894,0,0.15637195,17928
CHEMBL30775,0,0.15637195,17929
CHEMBL7723,0,0.15637195,17930
CHEMBL11330,0,0.15637195,17931
CHEMBL29222,0,0.15637195,17932
CHEMBL36757,0,0.15637195,17933
CHEMBL7705,0,0.15637195,17934
CHEMBL23668,0,0.15637195,17935
CHEMBL25551,0,0.15637195,17936
CHEMBL29489,0,0.15637195,17937
CHEMBL34968,0,0.15637195,17938
CHEMBL36692,0,0.15637195,17939
CHEMBL14093,0,0.15637195,17940
CHEMBL30538,0,0.15637195,17941
CHEMBL8500,0,0.15637195,17942
CHEMBL26280,0,0.15637195,17943
CHEMBL27664,0,0.15637195,17944
CHEMBL34574,0,0.15637195,17945
CHEMBL17802,0,0.15629008,17946
CHEMBL12468,0,0.15629008,17947
CHEMBL20571,0,0.15629008,17948
CHEMBL22718,0,0.15629008,17949
CHEMBL11226,0,0.15629008,17950
CHEMBL1214847,0,0.15629008,17951
CHEMBL24430,0,0.15628065,17952
CHEMBL22269,0,0.15625459,17953
CHEMBL29969,0,0.15625459,17954
CHEMBL4436076,0,0.15625459,17955
CHEMBL34847,0,0.15621276,17956
CHEMBL23750,0,0.15620187,17957
CHEMBL26671,0,0.15620187,17958
CHEMBL28705,0,0.15620187,17959
CHEMBL4436358,0,0.15620187,17960
CHEMBL17942,0,0.15620187,17961
CHEMBL27621,0,0.15620187,17962
CHEMBL30944,0,0.156136,17963
CHEMBL35921,0,0.15607662,17964
CHEMBL18161,0,0.15607662,17965
CHEMBL25296,0,0.15607662,17966
CHEMBL13899,0,0.15606153,17967
CHEMBL4435468,0,0.15606153,17968
CHEMBL6683,0,0.15606153,17969
CHEMBL13623,0,0.15606153,17970
CHEMBL36833,0,0.15606153,17971
CHEMBL20085,0,0.15606153,17972
CHEMBL18714,0,0.15606153,17973
CHEMBL32512,0,0.15606153,17974
CHEMBL31501,0,0.15597142,17975
CHEMBL40275,0,0.15585609,17976
CHEMBL15467,0,0.1558169,17977
CHEMBL9007,0,0.1558169,17978
CHEMBL11617,0,0.1558169,17979
CHEMBL4435465,0,0.1558169,17980
CHEMBL564205,0,0.1558169,17981
CHEMBL28568,0,0.1558169,17982
CHEMBL7984,0,0.1558169,17983
CHEMBL34056,0,0.1558169,17984
CHEMBL3309712,0,0.1558169,17985
CHEMBL28725,0,0.1558169,17986
CHEMBL24588,0,0.1558169,17987
CHEMBL10878,0,0.1558169,17988
CHEMBL17732,0,0.15568456,17989
CHEMBL18253,0,0.1556797,17990
CHEMBL31219,0,0.15564822,17991
CHEMBL4435318,0,0.15564665,17992
CHEMBL21328,0,0.15564665,17993
CHEMBL25714,0,0.15564665,17994
CHEMBL40665,0,0.1554888,17995
CHEMBL27595,0,0.1554888,17996
CHEMBL40716,0,0.15543504,17997
CHEMBL21551,0,0.15536517,17998
CHEMBL503818,0,0.15528455,17999
CHEMBL18492,0,0.15528455,18000
CHEMBL24942,0,0.15528455,18001
CHEMBL19399,0,0.15528455,18002
CHEMBL41384,0,0.15528455,18003
CHEMBL4435338,0,0.15528455,18004
CHEMBL27408,0,0.155201,18005
CHEMBL16098,0,0.15519932,18006
CHEMBL42870,0,0.15519932,18007
CHEMBL4553658,0,0.1550631,18008
CHEMBL34010,0,0.1550631,18009
CHEMBL7679,0,0.1550631,18010
CHEMBL20894,0,0.1550631,18011
CHEMBL13288,0,0.1550631,18012
CHEMBL28411,0,0.1550631,18013
CHEMBL23716,0,0.1550631,18014
CHEMBL9363,0,0.15505189,18015
CHEMBL11934,0,0.15495704,18016
CHEMBL21698,0,0.15491644,18017
CHEMBL15837,0,0.15471996,18018
CHEMBL32043,0,0.15471464,18019
CHEMBL19442,0,0.15468803,18020
CHEMBL40188,0,0.15466669,18021
CHEMBL9179,0,0.15460889,18022
CHEMBL19316,0,0.15460889,18023
CHEMBL14119,0,0.15460889,18024
CHEMBL13393,0,0.15460889,18025
CHEMBL4436473,0,0.15460569,18026
CHEMBL27749,0,0.15458664,18027
CHEMBL19857,0,0.15455702,18028
CHEMBL27643,0,0.15455702,18029
CHEMBL38719,0,0.15449752,18030
CHEMBL1210789,0,0.15449752,18031
CHEMBL34730,0,0.15449752,18032
CHEMBL38603,0,0.15448703,18033
CHEMBL34745,0,0.15448703,18034
CHEMBL7682,0,0.15448703,18035
CHEMBL21672,0,0.15447177,18036
CHEMBL3309536,0,0.15445703,18037
CHEMBL36405,0,0.15445703,18038
CHEMBL39394,0,0.15445703,18039
CHEMBL40745,0,0.15426424,18040
CHEMBL4436237,0,0.15425149,18041
CHEMBL14054,0,0.15423036,18042
CHEMBL4434726,0,0.15421484,18043
CHEMBL4435092,0,0.15421484,18044
CHEMBL12129,0,0.15421484,18045
CHEMBL39331,0,0.15421484,18046
CHEMBL27963,0,0.15421484,18047
CHEMBL23823,0,0.15421484,18048
CHEMBL3310094,0,0.15421484,18049
CHEMBL1094870,0,0.15421484,18050
CHEMBL49,0,0.15421484,18051
CHEMBL15601,0,0.15421484,18052
CHEMBL593933,0,0.15421484,18053
CHEMBL15352,0,0.15421484,18054
CHEMBL32460,0,0.15421484,18055
CHEMBL29278,0,0.15421484,18056
CHEMBL39814,0,0.15421484,18057
CHEMBL12187,0,0.15421484,18058
CHEMBL39590,0,0.15421484,18059
CHEMBL37497,0,0.15421484,18060
CHEMBL4436158,0,0.15421484,18061
CHEMBL27393,0,0.15421484,18062
CHEMBL10965,0,0.15421484,18063
CHEMBL10975,0,0.15421484,18064
CHEMBL3310208,0,0.15421484,18065
CHEMBL3309627,0,0.15421484,18066
CHEMBL10880,0,0.15421484,18067
CHEMBL21937,0,0.15421484,18068
CHEMBL25393,0,0.15421484,18069
CHEMBL7493,0,0.15421484,18070
CHEMBL4434823,0,0.15419942,18071
CHEMBL35952,0,0.15419942,18072
CHEMBL37626,0,0.15419942,18073
CHEMBL13864,0,0.15419942,18074
CHEMBL31303,0,0.15419942,18075
CHEMBL25626,0,0.15419942,18076
CHEMBL1077270,0,0.15406449,18077
CHEMBL23432,0,0.15393268,18078
CHEMBL43517,0,0.15389156,18079
CHEMBL12106,0,0.15384099,18080
CHEMBL11391,0,0.15381683,18081
CHEMBL24311,0,0.15376446,18082
CHEMBL17028,0,0.15376335,18083
CHEMBL14414,0,0.15362678,18084
CHEMBL4116170,0,0.1536124,18085
CHEMBL4543352,0,0.15357643,18086
CHEMBL20498,0,0.15357433,18087
CHEMBL4543175,0,0.15347882,18088
CHEMBL3311287,0,0.15347882,18089
CHEMBL1215806,0,0.15347882,18090
CHEMBL24401,0,0.15345393,18091
CHEMBL23008,0,0.15345393,18092
CHEMBL30742,0,0.15345393,18093
CHEMBL37025,0,0.15345393,18094
CHEMBL15708,0,0.15345393,18095
CHEMBL19759,0,0.15345393,18096
CHEMBL9667,0,0.15345393,18097
CHEMBL38779,0,0.15343808,18098
CHEMBL30894,0,0.15343808,18099
CHEMBL15937,0,0.15343808,18100
CHEMBL24494,0,0.15338409,18101
CHEMBL583100,0,0.15338409,18102
CHEMBL36043,0,0.15338409,18103
CHEMBL4436576,0,0.15337446,18104
CHEMBL36710,0,0.15333939,18105
CHEMBL31562,0,0.15333939,18106
CHEMBL38777,0,0.15333939,18107
CHEMBL32572,0,0.15323965,18108
CHEMBL29850,0,0.15323965,18109
CHEMBL1086372,0,0.153185,18110
CHEMBL4543353,0,0.15317723,18111
CHEMBL40539,0,0.15316314,18112
CHEMBL4436062,0,0.15301418,18113
CHEMBL38617,0,0.15301418,18114
CHEMBL4543380,0,0.1529932,18115
CHEMBL1159483,0,0.15296216,18116
CHEMBL38398,0,0.15291879,18117
CHEMBL25113,0,0.15288031,18118
CHEMBL26603,0,0.15287502,18119
CHEMBL20781,0,0.15287502,18120
CHEMBL6481,0,0.15287502,18121
CHEMBL17206,0,0.15287502,18122
CHEMBL35693,0,0.15287502,18123
CHEMBL4436174,0,0.15287502,18124
CHEMBL20388,0,0.15287502,18125
CHEMBL4543469,0,0.15287502,18126
CHEMBL3309344,0,0.15287502,18127
CHEMBL14225,0,0.15287502,18128
CHEMBL28178,0,0.15287502,18129
CHEMBL27090,0,0.15287502,18130
CHEMBL19948,0,0.15277958,18131
CHEMBL40726,0,0.15277958,18132
CHEMBL22646,0,0.15277958,18133
CHEMBL3311008,0,0.15277958,18134
CHEMBL8796,0,0.15277958,18135
CHEMBL8795,0,0.15277958,18136
CHEMBL31996,0,0.15277958,18137
CHEMBL41604,0,0.15277958,18138
CHEMBL26459,0,0.15277958,18139
CHEMBL25894,0,0.15277958,18140
CHEMBL29508,0,0.15277958,18141
CHEMBL13069,0,0.15277958,18142
CHEMBL11548,0,0.15277958,18143
CHEMBL25871,0,0.15277958,18144
CHEMBL17322,0,0.15277958,18145
CHEMBL3309919,0,0.15277958,18146
CHEMBL30650,0,0.15277958,18147
CHEMBL1075681,0,0.15277958,18148
CHEMBL13131,0,0.15277958,18149
CHEMBL17347,0,0.15277958,18150
CHEMBL9089,0,0.15277958,18151
CHEMBL16793,0,0.15277958,18152
CHEMBL4435486,0,0.15277958,18153
CHEMBL31062,0,0.15277958,18154
CHEMBL30622,0,0.15277958,18155
CHEMBL15830,0,0.15277958,18156
CHEMBL19934,0,0.15277958,18157
CHEMBL7605,0,0.15277958,18158
CHEMBL6882,0,0.15277958,18159
CHEMBL16868,0,0.15277958,18160
CHEMBL19846,0,0.15277958,18161
CHEMBL1162315,0,0.15277958,18162
CHEMBL264784,0,0.15277958,18163
CHEMBL38946,0,0.15277958,18164
CHEMBL24990,0,0.15277958,18165
CHEMBL7112,0,0.15277958,18166
CHEMBL41002,0,0.15277958,18167
CHEMBL30292,0,0.15277958,18168
CHEMBL41107,0,0.15277958,18169
CHEMBL23679,0,0.15277958,18170
CHEMBL38525,0,0.15277958,18171
CHEMBL7738,0,0.15277958,18172
CHEMBL7761,0,0.15277958,18173
CHEMBL4303145,0,0.15277958,18174
CHEMBL4435933,0,0.15277958,18175
CHEMBL42720,0,0.15277958,18176
CHEMBL36039,0,0.15277958,18177
CHEMBL15092,0,0.15277958,18178
CHEMBL28536,0,0.15277958,18179
CHEMBL4543489,0,0.15277958,18180
CHEMBL6670,0,0.15277958,18181
CHEMBL29589,0,0.15277958,18182
CHEMBL6734,0,0.15277958,18183
CHEMBL23433,0,0.15277958,18184
CHEMBL31608,0,0.15277958,18185
CHEMBL14985,0,0.15277958,18186
CHEMBL9073,0,0.15277958,18187
CHEMBL21565,0,0.15277958,18188
CHEMBL23328,0,0.15277958,18189
CHEMBL13887,0,0.15277958,18190
CHEMBL37437,0,0.15277958,18191
CHEMBL11393,0,0.15277958,18192
CHEMBL23247,0,0.15277958,18193
CHEMBL19169,0,0.15277958,18194
CHEMBL4559948,0,0.15277958,18195
CHEMBL20485,0,0.15277958,18196
CHEMBL14226,0,0.15277958,18197
CHEMBL19680,0,0.15277958,18198
CHEMBL38427,0,0.15277958,18199
CHEMBL9729,0,0.15277958,18200
CHEMBL23896,0,0.15277958,18201
CHEMBL23915,0,0.15277958,18202
CHEMBL24658,0,0.15277958,18203
CHEMBL41528,0,0.15277958,18204
CHEMBL31456,0,0.15277958,18205
CHEMBL27596,0,0.15277958,18206
CHEMBL13939,0,0.15277958,18207
CHEMBL7438,0,0.15277958,18208
CHEMBL17362,0,0.15277958,18209
CHEMBL3310178,0,0.15277958,18210
CHEMBL8516,0,0.15277958,18211
CHEMBL8608,0,0.15277958,18212
CHEMBL586,0,0.15277958,18213
CHEMBL13852,0,0.15277958,18214
CHEMBL6995,0,0.15277958,18215
CHEMBL42533,0,0.15277958,18216
CHEMBL23094,0,0.15277958,18217
CHEMBL25998,0,0.15277958,18218
CHEMBL24122,0,0.15277958,18219
CHEMBL19591,0,0.15277958,18220
CHEMBL40323,0,0.15277958,18221
CHEMBL23579,0,0.15277958,18222
CHEMBL31036,0,0.15277958,18223
CHEMBL23507,0,0.15277958,18224
CHEMBL31115,0,0.15277958,18225
CHEMBL36937,0,0.15277958,18226
CHEMBL6529,0,0.15277958,18227
CHEMBL7505,0,0.15277958,18228
CHEMBL21641,0,0.15277958,18229
CHEMBL1185211,0,0.15277958,18230
CHEMBL14324,0,0.15277958,18231
CHEMBL12856,0,0.15277958,18232
CHEMBL3309640,0,0.15277958,18233
CHEMBL25984,0,0.15277958,18234
CHEMBL27622,0,0.15277958,18235
CHEMBL21918,0,0.15277958,18236
CHEMBL24375,0,0.15277958,18237
CHEMBL3309641,0,0.15277958,18238
CHEMBL19287,0,0.15277958,18239
CHEMBL29832,0,0.15277958,18240
CHEMBL18947,0,0.15277958,18241
CHEMBL20167,0,0.15277958,18242
CHEMBL4434954,0,0.15277958,18243
CHEMBL33210,0,0.15277958,18244
CHEMBL29125,0,0.15277958,18245
CHEMBL14869,0,0.15277958,18246
CHEMBL22169,0,0.15277958,18247
CHEMBL40081,0,0.15277958,18248
CHEMBL162280,0,0.15277958,18249
CHEMBL24196,0,0.15277958,18250
CHEMBL19809,0,0.15277958,18251
CHEMBL11621,0,0.15277958,18252
CHEMBL36773,0,0.15277958,18253
CHEMBL12226,0,0.15277958,18254
CHEMBL37925,0,0.15277958,18255
CHEMBL28694,0,0.15277958,18256
CHEMBL23712,0,0.15277958,18257
CHEMBL40105,0,0.15277958,18258
CHEMBL12651,0,0.15277958,18259
CHEMBL14803,0,0.15277958,18260
CHEMBL21083,0,0.15277958,18261
CHEMBL28018,0,0.15277958,18262
CHEMBL9010,0,0.15274741,18263
CHEMBL38539,0,0.1527445,18264
CHEMBL8537,0,0.1526996,18265
CHEMBL7699,0,0.1526996,18266
CHEMBL3310143,0,0.15257809,18267
CHEMBL22048,0,0.15257809,18268
CHEMBL15143,0,0.15256153,18269
CHEMBL18415,0,0.15256153,18270
CHEMBL25282,0,0.15255329,18271
CHEMBL30420,0,0.15251084,18272
CHEMBL4434669,0,0.15251084,18273
CHEMBL7821,0,0.15251084,18274
CHEMBL21130,0,0.15251084,18275
CHEMBL22975,0,0.15251084,18276
CHEMBL3310451,0,0.15251084,18277
CHEMBL16185,0,0.15251084,18278
CHEMBL23796,0,0.15251084,18279
CHEMBL26661,0,0.15251084,18280
CHEMBL34729,0,0.15251084,18281
CHEMBL11891,0,0.15251084,18282
CHEMBL30546,0,0.15248832,18283
CHEMBL39279,0,0.1524303,18284
CHEMBL30908,0,0.15242012,18285
CHEMBL16065,0,0.15242012,18286
CHEMBL41923,0,0.15242012,18287
CHEMBL42698,0,0.15240023,18288
CHEMBL15426,0,0.1523245,18289
CHEMBL10649,0,0.15232162,18290
CHEMBL32536,0,0.15228367,18291
CHEMBL33595,0,0.15225519,18292
CHEMBL42069,0,0.1522458,18293
CHEMBL25659,0,0.15219563,18294
CHEMBL40959,0,0.15219563,18295
CHEMBL38950,0,0.15219563,18296
CHEMBL40685,0,0.1521656,18297
CHEMBL13377,0,0.15211125,18298
CHEMBL23326,0,0.15203196,18299
CHEMBL40341,0,0.15202528,18300
CHEMBL37363,0,0.15202413,18301
CHEMBL19679,0,0.15200134,18302
CHEMBL15220,0,0.15192696,18303
CHEMBL41795,0,0.15191385,18304
CHEMBL21066,0,0.15190418,18305
CHEMBL16267,0,0.15184325,18306
CHEMBL8831,0,0.15184325,18307
CHEMBL20895,0,0.15160823,18308
CHEMBL19414,0,0.15157668,18309
CHEMBL17515,0,0.15157484,18310
CHEMBL16725,0,0.15157416,18311
CHEMBL27184,0,0.15157416,18312
CHEMBL27263,0,0.15157416,18313
CHEMBL40410,0,0.15157416,18314
CHEMBL40357,0,0.15157416,18315
CHEMBL33654,0,0.15157416,18316
CHEMBL23384,0,0.15157416,18317
CHEMBL10382,0,0.15157416,18318
CHEMBL17289,0,0.15157416,18319
CHEMBL25888,0,0.15157416,18320
CHEMBL29303,0,0.15157416,18321
CHEMBL32509,0,0.15157416,18322
CHEMBL7911,0,0.15157416,18323
CHEMBL32042,0,0.15157416,18324
CHEMBL16218,0,0.15157416,18325
CHEMBL12609,0,0.15157416,18326
CHEMBL29102,0,0.15157416,18327
CHEMBL14740,0,0.15157416,18328
CHEMBL3309505,0,0.15157416,18329
CHEMBL6264,0,0.15157416,18330
CHEMBL30357,0,0.15157416,18331
CHEMBL23755,0,0.15157416,18332
CHEMBL39135,0,0.15157416,18333
CHEMBL19563,0,0.15157416,18334
CHEMBL23758,0,0.15157416,18335
CHEMBL15523,0,0.15157416,18336
CHEMBL3310154,0,0.1515591,18337
CHEMBL4436244,0,0.1515591,18338
CHEMBL14115,0,0.1515591,18339
CHEMBL12316,0,0.15154968,18340
CHEMBL36831,0,0.15152426,18341
CHEMBL40517,0,0.15152426,18342
CHEMBL20285,0,0.15152426,18343
CHEMBL4435621,0,0.15152426,18344
CHEMBL15668,0,0.15152426,18345
CHEMBL21495,0,0.15152426,18346
CHEMBL14900,0,0.15152426,18347
CHEMBL37049,0,0.15152426,18348
CHEMBL20110,0,0.15152426,18349
CHEMBL34878,0,0.15152426,18350
CHEMBL10481,0,0.15152426,18351
CHEMBL32275,0,0.15152426,18352
CHEMBL40204,0,0.15152426,18353
CHEMBL35203,0,0.15152426,18354
CHEMBL34487,0,0.15144938,18355
CHEMBL7372,0,0.15144938,18356
CHEMBL21272,0,0.15139377,18357
CHEMBL27433,0,0.15124898,18358
CHEMBL16604,0,0.15086335,18359
CHEMBL25162,0,0.15080664,18360
CHEMBL32074,0,0.1507484,18361
CHEMBL25972,0,0.1507331,18362
CHEMBL18710,0,0.15067296,18363
CHEMBL33415,0,0.15067296,18364
CHEMBL21087,0,0.15067296,18365
CHEMBL3310333,0,0.15061627,18366
CHEMBL36288,0,0.1505086,18367
CHEMBL12444,0,0.1505086,18368
CHEMBL15156,0,0.1505086,18369
CHEMBL10308,0,0.1505086,18370
CHEMBL30132,0,0.1505086,18371
CHEMBL24171,0,0.1505086,18372
CHEMBL35245,0,0.1504938,18373
CHEMBL13289,0,0.1504938,18374
CHEMBL15753,0,0.1504938,18375
CHEMBL34534,0,0.1504938,18376
CHEMBL2094221,0,0.1504938,18377
CHEMBL1094711,0,0.1504938,18378
CHEMBL7322,0,0.1504938,18379
CHEMBL18172,0,0.1504938,18380
CHEMBL26706,0,0.1504938,18381
CHEMBL39867,0,0.1504938,18382
CHEMBL6672,0,0.1504938,18383
CHEMBL3309702,0,0.1504938,18384
CHEMBL16108,0,0.1504938,18385
CHEMBL37397,0,0.1504938,18386
CHEMBL19571,0,0.1504938,18387
CHEMBL42187,0,0.1504938,18388
CHEMBL3309636,0,0.1504938,18389
CHEMBL23922,0,0.1504938,18390
CHEMBL20292,0,0.1504938,18391
CHEMBL16971,0,0.1504938,18392
CHEMBL23019,0,0.1504938,18393
CHEMBL19498,0,0.1504938,18394
CHEMBL4435965,0,0.1504938,18395
CHEMBL19504,0,0.1504938,18396
CHEMBL38825,0,0.1504938,18397
CHEMBL16322,0,0.15048565,18398
CHEMBL18926,0,0.15047657,18399
CHEMBL610630,0,0.15040107,18400
CHEMBL43763,0,0.15037262,18401
CHEMBL23718,0,0.15037262,18402
CHEMBL23928,0,0.15036528,18403
CHEMBL570178,0,0.15036479,18404
CHEMBL18504,0,0.15031427,18405
CHEMBL22956,0,0.15028594,18406
CHEMBL42440,0,0.15021789,18407
CHEMBL12410,0,0.15021789,18408
CHEMBL24465,0,0.15019546,18409
CHEMBL4434704,0,0.15019546,18410
CHEMBL3310142,0,0.15018292,18411
CHEMBL7430,0,0.15018292,18412
CHEMBL17225,0,0.150116,18413
CHEMBL14328,0,0.14988953,18414
CHEMBL40885,0,0.14986819,18415
CHEMBL17454,0,0.14985326,18416
CHEMBL10057,0,0.14979362,18417
CHEMBL22285,0,0.14979362,18418
CHEMBL7133,0,0.14979362,18419
CHEMBL20186,0,0.14979362,18420
CHEMBL40255,0,0.14979362,18421
CHEMBL21744,0,0.14979362,18422
CHEMBL31258,0,0.14979362,18423
CHEMBL4543366,0,0.14979362,18424
CHEMBL40602,0,0.14979362,18425
CHEMBL4543222,0,0.14979362,18426
CHEMBL3310429,0,0.14979362,18427
CHEMBL30158,0,0.14979362,18428
CHEMBL18875,0,0.14979362,18429
CHEMBL30101,0,0.14979362,18430
CHEMBL13352,0,0.14979362,18431
CHEMBL8195,0,0.14979362,18432
CHEMBL15228,0,0.14979362,18433
CHEMBL16140,0,0.14979362,18434
CHEMBL22608,0,0.14979362,18435
CHEMBL4543298,0,0.14979362,18436
CHEMBL33836,0,0.14979362,18437
CHEMBL41265,0,0.14979362,18438
CHEMBL40630,0,0.14979362,18439
CHEMBL26879,0,0.14979362,18440
CHEMBL29866,0,0.14979362,18441
CHEMBL36167,0,0.14979362,18442
CHEMBL24207,0,0.14979362,18443
CHEMBL13792,0,0.14979362,18444
CHEMBL39936,0,0.14979362,18445
CHEMBL26803,0,0.14979362,18446
CHEMBL39761,0,0.14979362,18447
CHEMBL33736,0,0.14979362,18448
CHEMBL3310226,0,0.14979362,18449
CHEMBL3310271,0,0.14979362,18450
CHEMBL19555,0,0.14979362,18451
CHEMBL29431,0,0.14979362,18452
CHEMBL12990,0,0.14979362,18453
CHEMBL35993,0,0.14979362,18454
CHEMBL18019,0,0.14979362,18455
CHEMBL3309914,0,0.14979362,18456
CHEMBL25934,0,0.14979362,18457
CHEMBL20767,0,0.14979362,18458
CHEMBL1095997,0,0.14979362,18459
CHEMBL29668,0,0.14979362,18460
CHEMBL13044,0,0.14979362,18461
CHEMBL29516,0,0.14979362,18462
CHEMBL4553606,0,0.14979362,18463
CHEMBL14003,0,0.14979362,18464
CHEMBL8560,0,0.14979362,18465
CHEMBL7310,0,0.14979362,18466
CHEMBL8785,0,0.14979362,18467
CHEMBL6909,0,0.14979362,18468
CHEMBL26490,0,0.14979362,18469
CHEMBL4553603,0,0.14979362,18470
CHEMBL26438,0,0.14979362,18471
CHEMBL25853,0,0.14979362,18472
CHEMBL23242,0,0.14979362,18473
CHEMBL37361,0,0.14979362,18474
CHEMBL14986,0,0.14979362,18475
CHEMBL14294,0,0.14979362,18476
CHEMBL42169,0,0.14979362,18477
CHEMBL42198,0,0.14979362,18478
CHEMBL12920,0,0.14979362,18479
CHEMBL42791,0,0.14979362,18480
CHEMBL37528,0,0.14979362,18481
CHEMBL37816,0,0.14979362,18482
CHEMBL37833,0,0.14979362,18483
CHEMBL7173,0,0.14979362,18484
CHEMBL23141,0,0.14979362,18485
CHEMBL423,0,0.14979362,18486
CHEMBL38305,0,0.14979362,18487
CHEMBL500090,0,0.14979362,18488
CHEMBL10421,0,0.14979362,18489
CHEMBL37400,0,0.14979362,18490
CHEMBL28609,0,0.14979362,18491
CHEMBL14535,0,0.14979362,18492
CHEMBL17822,0,0.14979362,18493
CHEMBL503508,0,0.14979362,18494
CHEMBL37988,0,0.14979362,18495
CHEMBL9057,0,0.14979362,18496
CHEMBL12694,0,0.14979362,18497
CHEMBL511,0,0.14979362,18498
CHEMBL12637,0,0.14979362,18499
CHEMBL37625,0,0.14979362,18500
CHEMBL37743,0,0.14979362,18501
CHEMBL28724,0,0.14979362,18502
CHEMBL624,0,0.14979362,18503
CHEMBL33151,0,0.14979362,18504
CHEMBL16968,0,0.14979362,18505
CHEMBL6309,0,0.14979362,18506
CHEMBL15863,0,0.14979362,18507
CHEMBL1207630,0,0.14975621,18508
CHEMBL40676,0,0.14966318,18509
CHEMBL29846,0,0.14965259,18510
CHEMBL9677,0,0.14949906,18511
CHEMBL38926,0,0.14949906,18512
CHEMBL533010,0,0.14932078,18513
CHEMBL10315,0,0.14927898,18514
CHEMBL35233,0,0.14920722,18515
CHEMBL23768,0,0.1492018,18516
CHEMBL25413,0,0.1492018,18517
CHEMBL38302,0,0.1492018,18518
CHEMBL6245,0,0.14914437,18519
CHEMBL13471,0,0.14914437,18520
CHEMBL9804,0,0.14914437,18521
CHEMBL17878,0,0.14914437,18522
CHEMBL14852,0,0.14914437,18523
CHEMBL38258,0,0.14914437,18524
CHEMBL4434670,0,0.14914437,18525
CHEMBL33405,0,0.14914437,18526
CHEMBL12775,0,0.14914437,18527
CHEMBL28732,0,0.14914437,18528
CHEMBL35851,0,0.14914437,18529
CHEMBL20346,0,0.14914437,18530
CHEMBL24454,0,0.14914437,18531
CHEMBL30636,0,0.14914437,18532
CHEMBL13300,0,0.14914437,18533
CHEMBL41340,0,0.14914437,18534
CHEMBL39347,0,0.14914437,18535
CHEMBL4434938,0,0.14914437,18536
CHEMBL39388,0,0.14914437,18537
CHEMBL746,0,0.14914437,18538
CHEMBL12972,0,0.14914437,18539
CHEMBL37482,0,0.14914437,18540
CHEMBL42190,0,0.14914437,18541
CHEMBL17246,0,0.14914437,18542
CHEMBL21323,0,0.14914437,18543
CHEMBL3309720,0,0.14914437,18544
CHEMBL32227,0,0.14914437,18545
CHEMBL29239,0,0.14914437,18546
CHEMBL15357,0,0.14914437,18547
CHEMBL3309453,0,0.14914437,18548
CHEMBL430,0,0.14914437,18549
CHEMBL6290,0,0.14914437,18550
CHEMBL16632,0,0.14914437,18551
CHEMBL41000,0,0.14914437,18552
CHEMBL13428,0,0.14914437,18553
CHEMBL17385,0,0.14914437,18554
CHEMBL14058,0,0.14914437,18555
CHEMBL29761,0,0.14914437,18556
CHEMBL41517,0,0.14914437,18557
CHEMBL3309723,0,0.14914437,18558
CHEMBL15661,0,0.14914437,18559
CHEMBL20082,0,0.14914437,18560
CHEMBL40494,0,0.14910057,18561
CHEMBL1163447,0,0.1490941,18562
CHEMBL9721,0,0.1490941,18563
CHEMBL22142,0,0.14903402,18564
CHEMBL25627,0,0.14903402,18565
CHEMBL17630,0,0.14903402,18566
CHEMBL29604,0,0.14903043,18567
CHEMBL14223,0,0.14903043,18568
CHEMBL34252,0,0.14901969,18569
CHEMBL14652,0,0.14901969,18570
CHEMBL7211,0,0.14900954,18571
CHEMBL3309463,0,0.14900954,18572
CHEMBL41940,0,0.14900954,18573
CHEMBL19268,0,0.14900954,18574
CHEMBL17823,0,0.14891447,18575
CHEMBL4436334,0,0.14887486,18576
CHEMBL4435596,0,0.14887486,18577
CHEMBL405398,0,0.14887486,18578
CHEMBL15638,0,0.14881836,18579
CHEMBL14894,0,0.14881836,18580
CHEMBL4560022,0,0.14881836,18581
CHEMBL538692,0,0.14881836,18582
CHEMBL1097360,0,0.14881836,18583
CHEMBL17967,0,0.14881836,18584
CHEMBL22126,0,0.14879982,18585
CHEMBL13096,0,0.14879982,18586
CHEMBL10910,0,0.14879982,18587
CHEMBL17717,0,0.14879982,18588
CHEMBL4434673,0,0.14879982,18589
CHEMBL17714,0,0.14879982,18590
CHEMBL3309364,0,0.14879982,18591
CHEMBL16889,0,0.14879982,18592
CHEMBL42595,0,0.14879982,18593
CHEMBL30501,0,0.14879982,18594
CHEMBL33928,0,0.14879982,18595
CHEMBL32897,0,0.14879982,18596
CHEMBL15094,0,0.14879982,18597
CHEMBL10537,0,0.14879982,18598
CHEMBL728,0,0.14879982,18599
CHEMBL12545,0,0.14879982,18600
CHEMBL21879,0,0.14879982,18601
CHEMBL19838,0,0.14879982,18602
CHEMBL22429,0,0.14879982,18603
CHEMBL3309805,0,0.14879982,18604
CHEMBL13227,0,0.14879982,18605
CHEMBL29766,0,0.14879982,18606
CHEMBL1078134,0,0.14879982,18607
CHEMBL12464,0,0.14879982,18608
CHEMBL31143,0,0.14879982,18609
CHEMBL25653,0,0.14879982,18610
CHEMBL41244,0,0.14879982,18611
CHEMBL36700,0,0.14879982,18612
CHEMBL606119,0,0.14879982,18613
CHEMBL36581,0,0.14877437,18614
CHEMBL6244,0,0.1487597,18615
CHEMBL15135,0,0.1487597,18616
CHEMBL10018,0,0.1487597,18617
CHEMBL4435867,0,0.1486587,18618
CHEMBL10989,0,0.1485982,18619
CHEMBL41375,0,0.14852262,18620
CHEMBL15356,0,0.14844638,18621
CHEMBL22765,0,0.14843,18622
CHEMBL10064,0,0.14841187,18623
CHEMBL14169,0,0.14841187,18624
CHEMBL22932,0,0.14841187,18625
CHEMBL7826,0,0.14841187,18626
CHEMBL16863,0,0.14841187,18627
CHEMBL12572,0,0.14841187,18628
CHEMBL27234,0,0.14840586,18629
CHEMBL23913,0,0.14837298,18630
CHEMBL23249,0,0.14837298,18631
CHEMBL28286,0,0.14837298,18632
CHEMBL23614,0,0.14837298,18633
CHEMBL20961,0,0.14837298,18634
CHEMBL25078,0,0.14834061,18635
CHEMBL43750,0,0.14834061,18636
CHEMBL40190,0,0.14829771,18637
CHEMBL37966,0,0.14829771,18638
CHEMBL27168,0,0.14829771,18639
CHEMBL25191,0,0.14829771,18640
CHEMBL39284,0,0.14829771,18641
CHEMBL7099,0,0.14829771,18642
CHEMBL10384,0,0.14829771,18643
CHEMBL16395,0,0.14828621,18644
CHEMBL15606,0,0.14828621,18645
CHEMBL41673,0,0.14828621,18646
CHEMBL258525,0,0.14828621,18647
CHEMBL6482,0,0.14811963,18648
CHEMBL25529,0,0.14810939,18649
CHEMBL17537,0,0.14810726,18650
CHEMBL18975,0,0.14810137,18651
CHEMBL33969,0,0.14798482,18652
CHEMBL6527,0,0.14798482,18653
CHEMBL4435928,0,0.14784971,18654
CHEMBL34049,0,0.14779489,18655
CHEMBL18534,0,0.14775966,18656
CHEMBL25512,0,0.14775966,18657
CHEMBL4435130,0,0.14775966,18658
CHEMBL20398,0,0.14774518,18659
CHEMBL11806,0,0.14774518,18660
CHEMBL20332,0,0.14774518,18661
CHEMBL41589,0,0.14774518,18662
CHEMBL23720,0,0.14774518,18663
CHEMBL37824,0,0.14774518,18664
CHEMBL26902,0,0.14774518,18665
CHEMBL25935,0,0.147744,18666
CHEMBL41086,0,0.14769147,18667
CHEMBL40451,0,0.14768285,18668
CHEMBL31496,0,0.14768285,18669
CHEMBL15949,0,0.14768285,18670
CHEMBL21005,0,0.14768285,18671
CHEMBL10961,0,0.14768285,18672
CHEMBL16622,0,0.14768285,18673
CHEMBL582894,0,0.14768285,18674
CHEMBL37667,0,0.1476136,18675
CHEMBL9843,0,0.1476136,18676
CHEMBL717,0,0.14758432,18677
CHEMBL32992,0,0.14757775,18678
CHEMBL22525,0,0.14756449,18679
CHEMBL34203,0,0.14754882,18680
CHEMBL23535,0,0.14754882,18681
CHEMBL26745,0,0.14754882,18682
CHEMBL24493,0,0.14754882,18683
CHEMBL24125,0,0.14754882,18684
CHEMBL14825,0,0.14754882,18685
CHEMBL8511,0,0.14754882,18686
CHEMBL4435667,0,0.14754882,18687
CHEMBL20980,0,0.14754882,18688
CHEMBL32808,0,0.14754882,18689
CHEMBL34747,0,0.14754882,18690
CHEMBL7529,0,0.14754882,18691
CHEMBL17029,0,0.14754882,18692
CHEMBL568755,0,0.14754882,18693
CHEMBL265130,0,0.14754882,18694
CHEMBL31756,0,0.14754882,18695
CHEMBL23493,0,0.14754882,18696
CHEMBL4559952,0,0.14754882,18697
CHEMBL1078396,0,0.14754882,18698
CHEMBL14325,0,0.14754882,18699
CHEMBL19475,0,0.14754882,18700
CHEMBL25007,0,0.14754882,18701
CHEMBL14064,0,0.1474836,18702
CHEMBL3309652,0,0.14743632,18703
CHEMBL32557,0,0.14742698,18704
CHEMBL36557,0,0.14742698,18705
CHEMBL8301,0,0.14742698,18706
CHEMBL40024,0,0.14742698,18707
CHEMBL30503,0,0.14742698,18708
CHEMBL36122,0,0.14742698,18709
CHEMBL13630,0,0.14738673,18710
CHEMBL42516,0,0.14738673,18711
CHEMBL28869,0,0.14738673,18712
CHEMBL23575,0,0.14730074,18713
CHEMBL3310274,0,0.14729516,18714
CHEMBL4435761,0,0.14719437,18715
CHEMBL612001,0,0.14714125,18716
CHEMBL23413,0,0.14714125,18717
CHEMBL7736,0,0.14714125,18718
CHEMBL33051,0,0.14714125,18719
CHEMBL13749,0,0.14714125,18720
CHEMBL16044,0,0.14714125,18721
CHEMBL6704,0,0.14714125,18722
CHEMBL23549,0,0.14714125,18723
CHEMBL37259,0,0.14709438,18724
CHEMBL13164,0,0.1470071,18725
CHEMBL39973,0,0.14692613,18726
CHEMBL20552,0,0.14691116,18727
CHEMBL10523,0,0.14691116,18728
CHEMBL28357,0,0.14691116,18729
CHEMBL3309449,0,0.14674763,18730
CHEMBL7831,0,0.14665495,18731
CHEMBL27167,0,0.14658418,18732
CHEMBL25307,0,0.14653327,18733
CHEMBL23452,0,0.14651339,18734
CHEMBL38391,0,0.14647344,18735
CHEMBL10644,0,0.14638372,18736
CHEMBL21048,0,0.14637287,18737
CHEMBL499809,0,0.14637287,18738
CHEMBL14329,0,0.14629719,18739
CHEMBL4436393,0,0.14629719,18740
CHEMBL21639,0,0.14629719,18741
CHEMBL14890,0,0.14629719,18742
CHEMBL21169,0,0.14617187,18743
CHEMBL26987,0,0.14610003,18744
CHEMBL41033,0,0.14606905,18745
CHEMBL27413,0,0.14606905,18746
CHEMBL15653,0,0.14606905,18747
CHEMBL42061,0,0.14606905,18748
CHEMBL20487,0,0.14605705,18749
CHEMBL14608,0,0.14605705,18750
CHEMBL4435690,0,0.14605467,18751
CHEMBL31113,0,0.14602545,18752
CHEMBL4543314,0,0.14602545,18753
CHEMBL35652,0,0.14602545,18754
CHEMBL25353,0,0.14599085,18755
CHEMBL9577,0,0.14597678,18756
CHEMBL25217,0,0.14597186,18757
CHEMBL3311452,0,0.14595558,18758
CHEMBL12550,0,0.14589576,18759
CHEMBL13616,0,0.14580391,18760
CHEMBL1198802,0,0.14549264,18761
CHEMBL22919,0,0.145471,18762
CHEMBL9566,0,0.14545497,18763
CHEMBL42694,0,0.14532623,18764
CHEMBL30644,0,0.14532623,18765
CHEMBL3310100,0,0.14532623,18766
CHEMBL4543284,0,0.14532623,18767
CHEMBL27495,0,0.14529823,18768
CHEMBL20440,0,0.14512143,18769
CHEMBL27935,0,0.14512143,18770
CHEMBL22545,0,0.14512143,18771
CHEMBL14956,0,0.14512143,18772
CHEMBL10940,0,0.14512143,18773
CHEMBL9766,0,0.14512143,18774
CHEMBL10163,0,0.14508355,18775
CHEMBL9125,0,0.14485653,18776
CHEMBL31245,0,0.1448563,18777
CHEMBL25139,0,0.14483637,18778
CHEMBL29758,0,0.14483637,18779
CHEMBL36638,0,0.14482103,18780
CHEMBL13631,0,0.1448057,18781
CHEMBL24450,0,0.1448057,18782
CHEMBL11596,0,0.1448057,18783
CHEMBL39758,0,0.1448057,18784
CHEMBL17051,0,0.1448057,18785
CHEMBL3309943,0,0.1448057,18786
CHEMBL500064,0,0.1447943,18787
CHEMBL34744,0,0.14478275,18788
CHEMBL38394,0,0.14473638,18789
CHEMBL40037,0,0.14470866,18790
CHEMBL33321,0,0.14463793,18791
CHEMBL4543465,0,0.14463793,18792
CHEMBL503770,0,0.14458229,18793
CHEMBL26092,0,0.14458229,18794
CHEMBL37934,0,0.1445521,18795
CHEMBL27980,0,0.1445521,18796
CHEMBL22447,0,0.1445521,18797
CHEMBL14198,0,0.1445521,18798
CHEMBL17223,0,0.1445521,18799
CHEMBL8041,0,0.1445521,18800
CHEMBL24316,0,0.1445521,18801
CHEMBL35237,0,0.1445521,18802
CHEMBL27237,0,0.1445521,18803
CHEMBL6391,0,0.1445521,18804
CHEMBL25140,0,0.1445521,18805
CHEMBL31171,0,0.1445521,18806
CHEMBL20971,0,0.1445521,18807
CHEMBL768,0,0.1445521,18808
CHEMBL20137,0,0.1445521,18809
CHEMBL26516,0,0.1445521,18810
CHEMBL1163193,0,0.1445521,18811
CHEMBL18551,0,0.14455064,18812
CHEMBL4543549,0,0.14452778,18813
CHEMBL40045,0,0.14452778,18814
CHEMBL22211,0,0.14447112,18815
CHEMBL1086503,0,0.14447112,18816
CHEMBL22377,0,0.14447112,18817
CHEMBL41064,0,0.14447112,18818
CHEMBL18115,0,0.14447112,18819
CHEMBL39287,0,0.14447112,18820
CHEMBL16490,0,0.14447112,18821
CHEMBL27223,0,0.14447112,18822
CHEMBL22066,0,0.14447112,18823
CHEMBL20911,0,0.14447112,18824
CHEMBL8069,0,0.14447112,18825
CHEMBL11306,0,0.14447112,18826
CHEMBL7306,0,0.14447112,18827
CHEMBL34296,0,0.14447112,18828
CHEMBL16411,0,0.14447112,18829
CHEMBL35143,0,0.14447112,18830
CHEMBL17460,0,0.14447112,18831
CHEMBL265174,0,0.14447112,18832
CHEMBL11353,0,0.14447112,18833
CHEMBL23113,0,0.14447112,18834
CHEMBL21146,0,0.14447112,18835
CHEMBL10705,0,0.14447112,18836
CHEMBL21668,0,0.14447112,18837
CHEMBL21208,0,0.14447112,18838
CHEMBL41540,0,0.14444923,18839
CHEMBL42350,0,0.14436081,18840
CHEMBL22062,0,0.14432895,18841
CHEMBL29694,0,0.14429681,18842
CHEMBL27260,0,0.14423291,18843
CHEMBL14516,0,0.14423291,18844
CHEMBL18675,0,0.14423291,18845
CHEMBL40675,0,0.14423291,18846
CHEMBL38077,0,0.14423291,18847
CHEMBL22835,0,0.14423291,18848
CHEMBL35023,0,0.14423291,18849
CHEMBL26707,0,0.14423291,18850
CHEMBL14087,0,0.14423291,18851
CHEMBL24917,0,0.14423291,18852
CHEMBL6997,0,0.14423291,18853
CHEMBL36687,0,0.14423291,18854
CHEMBL39775,0,0.14423291,18855
CHEMBL3310799,0,0.14423291,18856
CHEMBL12117,0,0.14423291,18857
CHEMBL37980,0,0.14423291,18858
CHEMBL29006,0,0.14423291,18859
CHEMBL37417,0,0.14423291,18860
CHEMBL14949,0,0.14423291,18861
CHEMBL11500,0,0.14423291,18862
CHEMBL22491,0,0.14423291,18863
CHEMBL4434918,0,0.14423291,18864
CHEMBL30272,0,0.14423291,18865
CHEMBL31198,0,0.14423291,18866
CHEMBL21144,0,0.14423291,18867
CHEMBL594149,0,0.14423291,18868
CHEMBL33635,0,0.14423291,18869
CHEMBL9494,0,0.14423291,18870
CHEMBL9829,0,0.14423291,18871
CHEMBL7991,0,0.14423291,18872
CHEMBL18577,0,0.14423291,18873
CHEMBL26750,0,0.14423291,18874
CHEMBL34803,0,0.14420252,18875
CHEMBL42401,0,0.14419188,18876
CHEMBL19286,0,0.1441486,18877
CHEMBL14202,0,0.14408326,18878
CHEMBL15346,0,0.144036,18879
CHEMBL11705,0,0.144036,18880
CHEMBL17902,0,0.14400314,18881
CHEMBL33294,0,0.14396332,18882
CHEMBL4434797,0,0.14396332,18883
CHEMBL7495,0,0.14396332,18884
CHEMBL16198,0,0.14396332,18885
CHEMBL6969,0,0.14396332,18886
CHEMBL4435087,0,0.14396332,18887
CHEMBL16754,0,0.14396332,18888
CHEMBL6947,0,0.14396332,18889
CHEMBL38227,0,0.14394881,18890
CHEMBL33218,0,0.14394881,18891
CHEMBL10093,0,0.14394881,18892
CHEMBL8620,0,0.14394446,18893
CHEMBL9665,0,0.14390102,18894
CHEMBL19689,0,0.1438942,18895
CHEMBL20553,0,0.14380924,18896
CHEMBL4435850,0,0.14374575,18897
CHEMBL8188,0,0.14374575,18898
CHEMBL38091,0,0.14371309,18899
CHEMBL14879,0,0.14366995,18900
CHEMBL10270,0,0.14346865,18901
CHEMBL37140,0,0.14344378,18902
CHEMBL37167,0,0.14342491,18903
CHEMBL40785,0,0.14342491,18904
CHEMBL17489,0,0.14335684,18905
CHEMBL7052,0,0.14335296,18906
CHEMBL15989,0,0.14335296,18907
CHEMBL23540,0,0.14334543,18908
CHEMBL34181,0,0.14334543,18909
CHEMBL40551,0,0.14324552,18910
CHEMBL34860,0,0.14324552,18911
CHEMBL7022,0,0.14323896,18912
CHEMBL526533,0,0.14319013,18913
CHEMBL15071,0,0.14317635,18914
CHEMBL18063,0,0.14317635,18915
CHEMBL19423,0,0.14310807,18916
CHEMBL19749,0,0.14308344,18917
CHEMBL37700,0,0.1429615,18918
CHEMBL37862,0,0.14294814,18919
CHEMBL41759,0,0.14287387,18920
CHEMBL23230,0,0.14279146,18921
CHEMBL24286,0,0.14279146,18922
CHEMBL156263,0,0.14273487,18923
CHEMBL3310485,0,0.14273487,18924
CHEMBL32144,0,0.14273487,18925
CHEMBL107,0,0.14271958,18926
CHEMBL36624,0,0.14271958,18927
CHEMBL36807,0,0.14267284,18928
CHEMBL20333,0,0.14267075,18929
CHEMBL4435705,0,0.14267075,18930
CHEMBL19616,0,0.14253199,18931
CHEMBL35467,0,0.14234619,18932
CHEMBL22050,0,0.14234619,18933
CHEMBL39415,0,0.14234619,18934
CHEMBL40515,0,0.14234619,18935
CHEMBL34553,0,0.14225942,18936
CHEMBL3311271,0,0.1422164,18937
CHEMBL570872,0,0.14220692,18938
CHEMBL23190,0,0.1421266,18939
CHEMBL27030,0,0.14206946,18940
CHEMBL31939,0,0.14200471,18941
CHEMBL38191,0,0.14194104,18942
CHEMBL10658,0,0.14192039,18943
CHEMBL18216,0,0.14192039,18944
CHEMBL37306,0,0.14185111,18945
CHEMBL3309362,0,0.14185111,18946
CHEMBL8410,0,0.14185111,18947
CHEMBL1163450,0,0.14185111,18948
CHEMBL40286,0,0.14176875,18949
CHEMBL23076,0,0.14171027,18950
CHEMBL19812,0,0.14166225,18951
CHEMBL1163538,0,0.14165403,18952
CHEMBL39379,0,0.14165403,18953
CHEMBL20368,0,0.14165403,18954
CHEMBL7651,0,0.14165403,18955
CHEMBL6599,0,0.14165403,18956
CHEMBL4434647,0,0.14165403,18957
CHEMBL23890,0,0.14165403,18958
CHEMBL4436216,0,0.14165403,18959
CHEMBL38655,0,0.14165403,18960
CHEMBL22387,0,0.14165403,18961
CHEMBL38131,0,0.14165403,18962
CHEMBL4436043,0,0.1416316,18963
CHEMBL33006,0,0.14162183,18964
CHEMBL26254,0,0.14149079,18965
CHEMBL35119,0,0.1414741,18966
CHEMBL33246,0,0.1414741,18967
CHEMBL16053,0,0.14143978,18968
CHEMBL32068,0,0.14133933,18969
CHEMBL7032,0,0.14133933,18970
CHEMBL43766,0,0.141323,18971
CHEMBL26684,0,0.14130493,18972
CHEMBL21529,0,0.14130384,18973
CHEMBL28384,0,0.14130384,18974
CHEMBL33049,0,0.14130384,18975
CHEMBL3309580,0,0.14130384,18976
CHEMBL3310394,0,0.14130384,18977
CHEMBL29246,0,0.14130384,18978
CHEMBL32368,0,0.14130384,18979
CHEMBL1205279,0,0.14130384,18980
CHEMBL34991,0,0.14130384,18981
CHEMBL33970,0,0.14130384,18982
CHEMBL42320,0,0.14130384,18983
CHEMBL39470,0,0.14130384,18984
CHEMBL31699,0,0.14130384,18985
CHEMBL38812,0,0.14130384,18986
CHEMBL36740,0,0.14130384,18987
CHEMBL16107,0,0.14130384,18988
CHEMBL6879,0,0.14128223,18989
CHEMBL18248,0,0.14127922,18990
CHEMBL37678,0,0.1411329,18991
CHEMBL21826,0,0.1411329,18992
CHEMBL541969,0,0.1411329,18993
CHEMBL405416,0,0.14103031,18994
CHEMBL17466,0,0.14098935,18995
CHEMBL37907,0,0.14098935,18996
CHEMBL29154,0,0.14098874,18997
CHEMBL36282,0,0.14098097,18998
CHEMBL22548,0,0.14092919,18999
CHEMBL13014,0,0.14092919,19000
CHEMBL10862,0,0.14090835,19001
CHEMBL8289,0,0.14085653,19002
CHEMBL40884,0,0.14082621,19003
CHEMBL9917,0,0.14082621,19004
CHEMBL11998,0,0.14081267,19005
CHEMBL17158,0,0.1407756,19006
CHEMBL4553696,0,0.14064117,19007
CHEMBL28027,0,0.14058016,19008
CHEMBL15282,0,0.1405423,19009
CHEMBL39244,0,0.14040187,19010
CHEMBL8209,0,0.14040187,19011
CHEMBL32693,0,0.14040187,19012
CHEMBL6619,0,0.14040187,19013
CHEMBL25660,0,0.14040187,19014
CHEMBL7866,0,0.14040187,19015
CHEMBL29293,0,0.14040187,19016
CHEMBL37379,0,0.14040187,19017
CHEMBL12959,0,0.14040187,19018
CHEMBL3310449,0,0.14040187,19019
CHEMBL40625,0,0.14028454,19020
CHEMBL34046,0,0.14028454,19021
CHEMBL40018,0,0.14028454,19022
CHEMBL11348,0,0.14028454,19023
CHEMBL34095,0,0.14025518,19024
CHEMBL29836,0,0.14015473,19025
CHEMBL15480,0,0.14009836,19026
CHEMBL22700,0,0.14009836,19027
CHEMBL1163439,0,0.14009836,19028
CHEMBL4435971,0,0.14009836,19029
CHEMBL6752,0,0.14009836,19030
CHEMBL37775,0,0.14009066,19031
CHEMBL19129,0,0.14009066,19032
CHEMBL34275,0,0.14009066,19033
CHEMBL15894,0,0.14009066,19034
CHEMBL19597,0,0.13998766,19035
CHEMBL7158,0,0.1399749,19036
CHEMBL25722,0,0.13992189,19037
CHEMBL24159,0,0.13987847,19038
CHEMBL20400,0,0.13980569,19039
CHEMBL9528,0,0.1397497,19040
CHEMBL14391,0,0.1397497,19041
CHEMBL19640,0,0.13969512,19042
CHEMBL11012,0,0.13959278,19043
CHEMBL24903,0,0.13959278,19044
CHEMBL24436,0,0.13959278,19045
CHEMBL41893,0,0.1395013,19046
CHEMBL30997,0,0.13948864,19047
CHEMBL28783,0,0.13941577,19048
CHEMBL40503,0,0.1393919,19049
CHEMBL4434778,0,0.13936497,19050
CHEMBL34264,0,0.13936497,19051
CHEMBL3310174,0,0.13936497,19052
CHEMBL38874,0,0.13936497,19053
CHEMBL17434,0,0.13936497,19054
CHEMBL18079,0,0.13936497,19055
CHEMBL26963,0,0.13936497,19056
CHEMBL3310310,0,0.13936497,19057
CHEMBL23760,0,0.13936497,19058
CHEMBL10744,0,0.13936497,19059
CHEMBL4435482,0,0.13936497,19060
CHEMBL40886,0,0.13936497,19061
CHEMBL29175,0,0.13936497,19062
CHEMBL4436283,0,0.13936497,19063
CHEMBL34598,0,0.13936497,19064
CHEMBL38699,0,0.13936497,19065
CHEMBL12305,0,0.13936497,19066
CHEMBL4435792,0,0.13936497,19067
CHEMBL3310353,0,0.13936497,19068
CHEMBL29718,0,0.13936497,19069
CHEMBL14804,0,0.13936497,19070
CHEMBL14349,0,0.13936497,19071
CHEMBL3310014,0,0.13935329,19072
CHEMBL36564,0,0.13935329,19073
CHEMBL4436324,0,0.13935329,19074
CHEMBL36846,0,0.13930799,19075
CHEMBL36856,0,0.13930799,19076
CHEMBL13515,0,0.13930799,19077
CHEMBL36017,0,0.13929032,19078
CHEMBL1199367,0,0.13929032,19079
CHEMBL10293,0,0.13927324,19080
CHEMBL3309696,0,0.13925865,19081
CHEMBL41682,0,0.13925865,19082
CHEMBL31870,0,0.13925865,19083
CHEMBL23244,0,0.13923542,19084
CHEMBL25017,0,0.1391624,19085
CHEMBL39010,0,0.13913445,19086
CHEMBL8609,0,0.13911158,19087
CHEMBL6756,0,0.13911158,19088
CHEMBL14745,0,0.13909228,19089
CHEMBL3309279,0,0.13903736,19090
CHEMBL3311088,0,0.13903736,19091
CHEMBL38785,0,0.13895611,19092
CHEMBL1203224,0,0.13892044,19093
CHEMBL3309471,0,0.13890369,19094
CHEMBL9821,0,0.13890307,19095
CHEMBL23368,0,0.13890307,19096
CHEMBL14782,0,0.13890128,19097
CHEMBL4436079,0,0.13884258,19098
CHEMBL6519,0,0.13876016,19099
CHEMBL30083,0,0.13862419,19100
CHEMBL14944,0,0.1386219,19101
CHEMBL34708,0,0.13851951,19102
CHEMBL7391,0,0.13851951,19103
CHEMBL21812,0,0.13851951,19104
CHEMBL32333,0,0.13847326,19105
CHEMBL27443,0,0.13842352,19106
CHEMBL37096,0,0.1383919,19107
CHEMBL16948,0,0.1383919,19108
CHEMBL42857,0,0.13838354,19109
CHEMBL11903,0,0.13838354,19110
CHEMBL41357,0,0.13832197,19111
CHEMBL39096,0,0.13825183,19112
CHEMBL31766,0,0.13817824,19113
CHEMBL1076212,0,0.138023,19114
CHEMBL9020,0,0.13802004,19115
CHEMBL15160,0,0.13798606,19116
CHEMBL41174,0,0.13796742,19117
CHEMBL1089152,0,0.13794294,19118
CHEMBL36226,0,0.13792641,19119
CHEMBL34075,0,0.13792641,19120
CHEMBL32301,0,0.13786964,19121
CHEMBL15091,0,0.13786212,19122
CHEMBL4543256,0,0.13783903,19123
CHEMBL13893,0,0.13782729,19124
CHEMBL31387,0,0.13777333,19125
CHEMBL21837,0,0.13777333,19126
CHEMBL13277,0,0.13777333,19127
CHEMBL31868,0,0.13777333,19128
CHEMBL18502,0,0.13777333,19129
CHEMBL3309732,0,0.13777333,19130
CHEMBL25812,0,0.13777333,19131
CHEMBL42322,0,0.13777333,19132
CHEMBL7157,0,0.13776764,19133
CHEMBL35913,0,0.13776353,19134
CHEMBL9672,0,0.13776012,19135
CHEMBL6383,0,0.13770583,19136
CHEMBL14762,0,0.13770583,19137
CHEMBL33391,0,0.13765378,19138
CHEMBL23099,0,0.13765378,19139
CHEMBL40780,0,0.13764095,19140
CHEMBL35463,0,0.13764095,19141
CHEMBL18483,0,0.13752149,19142
CHEMBL19282,0,0.13752149,19143
CHEMBL39677,0,0.13752149,19144
CHEMBL27719,0,0.13752149,19145
CHEMBL1092064,0,0.13752149,19146
CHEMBL3309510,0,0.13742733,19147
CHEMBL1084477,0,0.13739033,19148
CHEMBL20240,0,0.13737446,19149
CHEMBL41473,0,0.13736142,19150
CHEMBL25989,0,0.13736142,19151
CHEMBL23587,0,0.13736142,19152
CHEMBL10817,0,0.1373533,19153
CHEMBL4434678,0,0.13729715,19154
CHEMBL538627,0,0.13729715,19155
CHEMBL22893,0,0.13729715,19156
CHEMBL22520,0,0.13729715,19157
CHEMBL25531,0,0.13729715,19158
CHEMBL9906,0,0.13729715,19159
CHEMBL35407,0,0.13729715,19160
CHEMBL16826,0,0.13729715,19161
CHEMBL35966,0,0.13729715,19162
CHEMBL3310330,0,0.13729715,19163
CHEMBL41339,0,0.13729715,19164
CHEMBL41286,0,0.13729715,19165
CHEMBL41925,0,0.13729715,19166
CHEMBL26984,0,0.13729715,19167
CHEMBL32482,0,0.13729715,19168
CHEMBL13909,0,0.13729715,19169
CHEMBL13869,0,0.13729715,19170
CHEMBL22694,0,0.13729715,19171
CHEMBL1163335,0,0.13729715,19172
CHEMBL24153,0,0.13729715,19173
CHEMBL7454,0,0.13729715,19174
CHEMBL15048,0,0.13729715,19175
CHEMBL15066,0,0.13729715,19176
CHEMBL3309806,0,0.13729386,19177
CHEMBL12172,0,0.13729386,19178
CHEMBL20877,0,0.13726437,19179
CHEMBL3309303,0,0.13726437,19180
CHEMBL22254,0,0.1372487,19181
CHEMBL37587,0,0.13720721,19182
CHEMBL31994,0,0.13706261,19183
CHEMBL9056,0,0.13696548,19184
CHEMBL18106,0,0.13691482,19185
CHEMBL28167,0,0.13691482,19186
CHEMBL18126,0,0.13691482,19187
CHEMBL17908,0,0.13691482,19188
CHEMBL27215,0,0.13691482,19189
CHEMBL19718,0,0.13691482,19190
CHEMBL216546,0,0.13691482,19191
CHEMBL10475,0,0.13691482,19192
CHEMBL11388,0,0.13687392,19193
CHEMBL11594,0,0.13684835,19194
CHEMBL34241,0,0.13681474,19195
CHEMBL3310325,0,0.13681474,19196
CHEMBL15791,0,0.13679886,19197
CHEMBL26939,0,0.13677083,19198
CHEMBL39390,0,0.13675773,19199
CHEMBL22856,0,0.13675773,19200
CHEMBL11770,0,0.13675773,19201
CHEMBL39023,0,0.13675773,19202
CHEMBL24137,0,0.13673556,19203
CHEMBL33339,0,0.1366973,19204
CHEMBL8675,0,0.1366973,19205
CHEMBL4436575,0,0.13668595,19206
CHEMBL3311316,0,0.13668595,19207
CHEMBL35340,0,0.13668595,19208
CHEMBL3309419,0,0.13668595,19209
CHEMBL31212,0,0.13668595,19210
CHEMBL15383,0,0.13668595,19211
CHEMBL38796,0,0.13668595,19212
CHEMBL28996,0,0.13668595,19213
CHEMBL1091275,0,0.13668595,19214
CHEMBL39602,0,0.13668595,19215
CHEMBL8867,0,0.13668595,19216
CHEMBL28117,0,0.13668595,19217
CHEMBL39299,0,0.13668595,19218
CHEMBL30113,0,0.13668595,19219
CHEMBL4543363,0,0.13668595,19220
CHEMBL1161048,0,0.13668595,19221
CHEMBL21202,0,0.13668595,19222
CHEMBL3309587,0,0.13668595,19223
CHEMBL3311361,0,0.13668595,19224
CHEMBL16724,0,0.13668595,19225
CHEMBL31399,0,0.13668595,19226
CHEMBL40489,0,0.13668595,19227
CHEMBL3311183,0,0.13668595,19228
CHEMBL21014,0,0.13668595,19229
CHEMBL23881,0,0.13668595,19230
CHEMBL3309503,0,0.13668595,19231
CHEMBL20214,0,0.13668595,19232
CHEMBL31118,0,0.13666594,19233
CHEMBL17213,0,0.13662972,19234
CHEMBL22167,0,0.13662972,19235
CHEMBL16512,0,0.13662972,19236
CHEMBL7865,0,0.13662972,19237
CHEMBL12840,0,0.13658468,19238
CHEMBL14935,0,0.13654302,19239
CHEMBL36533,0,0.13649726,19240
CHEMBL3142656,0,0.13648862,19241
CHEMBL11611,0,0.13648862,19242
CHEMBL17490,0,0.13646248,19243
CHEMBL23378,0,0.13644086,19244
CHEMBL31581,0,0.13640645,19245
CHEMBL4559966,0,0.13638043,19246
CHEMBL29876,0,0.13626981,19247
CHEMBL10674,0,0.13626803,19248
CHEMBL15754,0,0.13625257,19249
CHEMBL6569,0,0.13623962,19250
CHEMBL31708,0,0.13618904,19251
CHEMBL8307,0,0.13618904,19252
CHEMBL40060,0,0.13614789,19253
CHEMBL41050,0,0.13614473,19254
CHEMBL21663,0,0.13614473,19255
CHEMBL6561,0,0.13614473,19256
CHEMBL18805,0,0.13614473,19257
CHEMBL15655,0,0.13614473,19258
CHEMBL36917,0,0.13614473,19259
CHEMBL7304,0,0.13614473,19260
CHEMBL1092016,0,0.13614473,19261
CHEMBL13996,0,0.13614473,19262
CHEMBL26014,0,0.13614473,19263
CHEMBL18191,0,0.13614473,19264
CHEMBL27540,0,0.13614473,19265
CHEMBL9850,0,0.13614473,19266
CHEMBL594,0,0.13614473,19267
CHEMBL36257,0,0.13614473,19268
CHEMBL30955,0,0.13614473,19269
CHEMBL37908,0,0.13614473,19270
CHEMBL22170,0,0.13614473,19271
CHEMBL650,0,0.13612922,19272
CHEMBL26429,0,0.13612922,19273
CHEMBL39760,0,0.13612285,19274
CHEMBL26655,0,0.13609754,19275
CHEMBL38554,0,0.13594487,19276
CHEMBL31185,0,0.13589619,19277
CHEMBL20850,0,0.13577147,19278
CHEMBL3310010,0,0.13573778,19279
CHEMBL562953,0,0.13568456,19280
CHEMBL27150,0,0.13568343,19281
CHEMBL41531,0,0.13568343,19282
CHEMBL4436302,0,0.13568343,19283
CHEMBL40841,0,0.13568343,19284
CHEMBL22277,0,0.13568343,19285
CHEMBL7228,0,0.13568343,19286
CHEMBL39368,0,0.13568343,19287
CHEMBL22003,0,0.1356404,19288
CHEMBL12279,0,0.1355643,19289
CHEMBL10888,0,0.1355643,19290
CHEMBL36657,0,0.13550133,19291
CHEMBL40864,0,0.13550133,19292
CHEMBL28470,0,0.13550133,19293
CHEMBL20793,0,0.13550133,19294
CHEMBL19358,0,0.13550133,19295
CHEMBL22043,0,0.13550133,19296
CHEMBL39670,0,0.13547997,19297
CHEMBL9706,0,0.13537562,19298
CHEMBL15450,0,0.13520217,19299
CHEMBL23581,0,0.13512275,19300
CHEMBL10019,0,0.13512275,19301
CHEMBL28164,0,0.13505964,19302
CHEMBL24440,0,0.13505964,19303
CHEMBL7908,0,0.13505964,19304
CHEMBL37510,0,0.13497344,19305
CHEMBL10034,0,0.13493666,19306
CHEMBL29124,0,0.13489495,19307
CHEMBL4553671,0,0.13488393,19308
CHEMBL28061,0,0.13488266,19309
CHEMBL14910,0,0.13485359,19310
CHEMBL41162,0,0.13485359,19311
CHEMBL30765,0,0.13482638,19312
CHEMBL35293,0,0.13482638,19313
CHEMBL13595,0,0.13472964,19314
CHEMBL8801,0,0.13468955,19315
CHEMBL21422,0,0.13467453,19316
CHEMBL1161558,0,0.13467453,19317
CHEMBL31700,0,0.13467453,19318
CHEMBL19907,0,0.13467453,19319
CHEMBL22223,0,0.13467453,19320
CHEMBL1213533,0,0.13467453,19321
CHEMBL10227,0,0.13467453,19322
CHEMBL17508,0,0.1346702,19323
CHEMBL16190,0,0.1346498,19324
CHEMBL19099,0,0.1346498,19325
CHEMBL34183,0,0.1346498,19326
CHEMBL11176,0,0.13462415,19327
CHEMBL3310365,0,0.13462415,19328
CHEMBL15384,0,0.13462415,19329
CHEMBL10723,0,0.13457991,19330
CHEMBL22944,0,0.13457991,19331
CHEMBL1076755,0,0.13457991,19332
CHEMBL13770,0,0.13456003,19333
CHEMBL26496,0,0.13447864,19334
CHEMBL9981,0,0.13446258,19335
CHEMBL17467,0,0.13446258,19336
CHEMBL35464,0,0.134427,19337
CHEMBL23700,0,0.13442014,19338
CHEMBL8063,0,0.13436255,19339
CHEMBL7319,0,0.13425471,19340
CHEMBL3310395,0,0.13421348,19341
CHEMBL10698,0,0.13420774,19342
CHEMBL3309941,0,0.13415654,19343
CHEMBL39151,0,0.13414873,19344
CHEMBL27513,0,0.1341139,19345
CHEMBL34571,0,0.1341018,19346
CHEMBL10571,0,0.1341018,19347
CHEMBL34092,0,0.1341018,19348
CHEMBL35866,0,0.1340343,19349
CHEMBL37524,0,0.1339643,19350
CHEMBL35281,0,0.13393722,19351
CHEMBL32898,0,0.13393697,19352
CHEMBL10455,0,0.13393697,19353
CHEMBL10761,0,0.13393697,19354
CHEMBL38113,0,0.13393697,19355
CHEMBL18368,0,0.13386361,19356
CHEMBL22988,0,0.13385145,19357
CHEMBL8972,0,0.13385145,19358
CHEMBL20547,0,0.13385145,19359
CHEMBL24883,0,0.13385145,19360
CHEMBL40254,0,0.13385145,19361
CHEMBL26696,0,0.13380511,19362
CHEMBL7916,0,0.13378868,19363
CHEMBL40472,0,0.13378002,19364
CHEMBL4553698,0,0.1336339,19365
CHEMBL796,0,0.13361807,19366
CHEMBL11729,0,0.13361807,19367
CHEMBL27618,0,0.13354598,19368
CHEMBL12431,0,0.13350847,19369
CHEMBL14591,0,0.13350847,19370
CHEMBL10105,0,0.13347091,19371
CHEMBL18427,0,0.13342012,19372
CHEMBL1182827,0,0.13342012,19373
CHEMBL32689,0,0.13342012,19374
CHEMBL829,0,0.13342012,19375
CHEMBL43567,0,0.13342012,19376
CHEMBL16181,0,0.13342012,19377
CHEMBL24945,0,0.13342012,19378
CHEMBL3309459,0,0.13342012,19379
CHEMBL34459,0,0.13342012,19380
CHEMBL24349,0,0.13342012,19381
CHEMBL22338,0,0.13342012,19382
CHEMBL42843,0,0.13342012,19383
CHEMBL32126,0,0.13342012,19384
CHEMBL28137,0,0.13342012,19385
CHEMBL16651,0,0.13342012,19386
CHEMBL15667,0,0.13342012,19387
CHEMBL7535,0,0.13334659,19388
CHEMBL4435686,0,0.1331817,19389
CHEMBL3310173,0,0.1331817,19390
CHEMBL30707,0,0.1331817,19391
CHEMBL23730,0,0.1331817,19392
CHEMBL4435553,0,0.1331817,19393
CHEMBL18741,0,0.1331817,19394
CHEMBL4436457,0,0.1331817,19395
CHEMBL10741,0,0.1331817,19396
CHEMBL16692,0,0.1331817,19397
CHEMBL37918,0,0.13312165,19398
CHEMBL21956,0,0.13281246,19399
CHEMBL25587,0,0.13281246,19400
CHEMBL15854,0,0.13276629,19401
CHEMBL15060,0,0.13271111,19402
CHEMBL8666,0,0.13271111,19403
CHEMBL3309351,0,0.13271111,19404
CHEMBL36370,0,0.13271111,19405
CHEMBL38802,0,0.13271111,19406
CHEMBL25897,0,0.13271111,19407
CHEMBL35606,0,0.13271111,19408
CHEMBL28599,0,0.13271111,19409
CHEMBL20397,0,0.13271111,19410
CHEMBL40553,0,0.13271111,19411
CHEMBL28021,0,0.13262552,19412
CHEMBL29033,0,0.13262552,19413
CHEMBL4435010,0,0.13262552,19414
CHEMBL3311045,0,0.13261795,19415
CHEMBL21194,0,0.13257118,19416
CHEMBL1163522,0,0.13255267,19417
CHEMBL4559946,0,0.13255267,19418
CHEMBL622,0,0.13223588,19419
CHEMBL14070,0,0.13220374,19420
CHEMBL4553157,0,0.13216035,19421
CHEMBL19311,0,0.13216035,19422
CHEMBL29081,0,0.1321586,19423
CHEMBL13757,0,0.13213575,19424
CHEMBL22357,0,0.13213575,19425
CHEMBL21586,0,0.13213575,19426
CHEMBL7469,0,0.13213575,19427
CHEMBL29051,0,0.13211924,19428
CHEMBL4543515,0,0.1320872,19429
CHEMBL3310453,0,0.13200839,19430
CHEMBL41832,0,0.13200839,19431
CHEMBL17034,0,0.13200839,19432
CHEMBL39201,0,0.13200839,19433
CHEMBL41991,0,0.13200839,19434
CHEMBL26303,0,0.13200839,19435
CHEMBL6840,0,0.13200839,19436
CHEMBL10561,0,0.13200839,19437
CHEMBL38963,0,0.13200839,19438
CHEMBL32105,0,0.13200839,19439
CHEMBL16014,0,0.13200839,19440
CHEMBL18928,0,0.13200839,19441
CHEMBL4543451,0,0.13200839,19442
CHEMBL29248,0,0.13200839,19443
CHEMBL37017,0,0.13200839,19444
CHEMBL17517,0,0.13200839,19445
CHEMBL20942,0,0.13200839,19446
CHEMBL22565,0,0.13200839,19447
CHEMBL11582,0,0.13200839,19448
CHEMBL26960,0,0.13200839,19449
CHEMBL23488,0,0.13200839,19450
CHEMBL23735,0,0.13200839,19451
CHEMBL31402,0,0.13200839,19452
CHEMBL33263,0,0.131986,19453
CHEMBL24457,0,0.13194217,19454
CHEMBL39560,0,0.13194217,19455
CHEMBL35637,0,0.13194217,19456
CHEMBL7906,0,0.13191667,19457
CHEMBL27245,0,0.13191667,19458
CHEMBL6473,0,0.13191667,19459
CHEMBL11963,0,0.13191667,19460
CHEMBL7847,0,0.13191667,19461
CHEMBL13219,0,0.13181883,19462
CHEMBL23440,0,0.13181883,19463
CHEMBL40062,0,0.13181883,19464
CHEMBL19032,0,0.13181883,19465
CHEMBL12516,0,0.13181883,19466
CHEMBL35004,0,0.13181883,19467
CHEMBL30128,0,0.13181883,19468
CHEMBL19319,0,0.13181883,19469
CHEMBL468771,0,0.13181883,19470
CHEMBL4553550,0,0.13181883,19471
CHEMBL40486,0,0.13181883,19472
CHEMBL32582,0,0.13171306,19473
CHEMBL26500,0,0.13170275,19474
CHEMBL36070,0,0.13170275,19475
CHEMBL4434972,0,0.13170275,19476
CHEMBL524505,0,0.13170275,19477
CHEMBL39845,0,0.13167234,19478
CHEMBL12937,0,0.13167234,19479
CHEMBL34103,0,0.13167234,19480
CHEMBL26722,0,0.13167234,19481
CHEMBL34652,0,0.13167234,19482
CHEMBL26486,0,0.13166231,19483
CHEMBL26141,0,0.13159606,19484
CHEMBL826,0,0.13159606,19485
CHEMBL1163461,0,0.13159606,19486
CHEMBL1163535,0,0.13159606,19487
CHEMBL22343,0,0.13159606,19488
CHEMBL16594,0,0.13159606,19489
CHEMBL35930,0,0.13159606,19490
CHEMBL15089,0,0.13159606,19491
CHEMBL26577,0,0.13141388,19492
CHEMBL3311539,0,0.13131112,19493
CHEMBL24922,0,0.13131112,19494
CHEMBL31,0,0.1311981,19495
CHEMBL35317,0,0.1311981,19496
CHEMBL27638,0,0.1311981,19497
CHEMBL1086220,0,0.1311981,19498
CHEMBL4436348,0,0.1311981,19499
CHEMBL22997,0,0.1311981,19500
CHEMBL36489,0,0.1311981,19501
CHEMBL6659,0,0.1311981,19502
CHEMBL26806,0,0.13117549,19503
CHEMBL4436111,0,0.13113447,19504
CHEMBL25661,0,0.13113447,19505
CHEMBL15217,0,0.1311327,19506
CHEMBL15378,0,0.13109565,19507
CHEMBL4543257,0,0.13109565,19508
CHEMBL18547,0,0.13109565,19509
CHEMBL28636,0,0.13109565,19510
CHEMBL22163,0,0.13109565,19511
CHEMBL12912,0,0.13109565,19512
CHEMBL30655,0,0.13109565,19513
CHEMBL39373,0,0.13109565,19514
CHEMBL39604,0,0.13109565,19515
CHEMBL19229,0,0.13109565,19516
CHEMBL3310092,0,0.13109565,19517
CHEMBL3309779,0,0.13109565,19518
CHEMBL17083,0,0.13105007,19519
CHEMBL18608,0,0.13105007,19520
CHEMBL6210,0,0.13105007,19521
CHEMBL8144,0,0.13105007,19522
CHEMBL34005,0,0.13105007,19523
CHEMBL23651,0,0.13101451,19524
CHEMBL21607,0,0.13101451,19525
CHEMBL21455,0,0.13101451,19526
CHEMBL36663,0,0.13101451,19527
CHEMBL39191,0,0.13101451,19528
CHEMBL35699,0,0.13101451,19529
CHEMBL24810,0,0.13082491,19530
CHEMBL1163531,0,0.13079868,19531
CHEMBL43661,0,0.13078773,19532
CHEMBL16926,0,0.13077603,19533
CHEMBL31385,0,0.13075688,19534
CHEMBL9763,0,0.13075688,19535
CHEMBL4543547,0,0.13075688,19536
CHEMBL13955,0,0.13075688,19537
CHEMBL19409,0,0.13075688,19538
CHEMBL41081,0,0.13075688,19539
CHEMBL19069,0,0.13075688,19540
CHEMBL6615,0,0.13075688,19541
CHEMBL39984,0,0.13075688,19542
CHEMBL42151,0,0.13074401,19543
CHEMBL4543328,0,0.13070239,19544
CHEMBL29294,0,0.13070239,19545
CHEMBL26991,0,0.13068466,19546
CHEMBL18744,0,0.13062304,19547
CHEMBL10646,0,0.13061723,19548
CHEMBL39382,0,0.13059485,19549
CHEMBL1093521,0,0.13057269,19550
CHEMBL3310077,0,0.13054362,19551
CHEMBL39350,0,0.13052797,19552
CHEMBL3309464,0,0.13049103,19553
CHEMBL28643,0,0.13049103,19554
CHEMBL38895,0,0.13049103,19555
CHEMBL31006,0,0.13049103,19556
CHEMBL30329,0,0.13049103,19557
CHEMBL14780,0,0.13049103,19558
CHEMBL21491,0,0.13049103,19559
CHEMBL41833,0,0.13049103,19560
CHEMBL526908,0,0.13049103,19561
CHEMBL506982,0,0.13049103,19562
CHEMBL6591,0,0.13049103,19563
CHEMBL30156,0,0.13047625,19564
CHEMBL18445,0,0.13047625,19565
CHEMBL24323,0,0.13047625,19566
CHEMBL3314553,0,0.13047625,19567
CHEMBL9955,0,0.13047597,19568
CHEMBL41404,0,0.13044025,19569
CHEMBL27976,0,0.1304104,19570
CHEMBL10715,0,0.1304104,19571
CHEMBL23481,0,0.13037558,19572
CHEMBL17777,0,0.13037558,19573
CHEMBL38606,0,0.13037558,19574
CHEMBL34704,0,0.13037558,19575
CHEMBL1163284,0,0.13037558,19576
CHEMBL12626,0,0.13037558,19577
CHEMBL32951,0,0.13037558,19578
CHEMBL15059,0,0.13037558,19579
CHEMBL30553,0,0.13037558,19580
CHEMBL39407,0,0.13037558,19581
CHEMBL16615,0,0.13037558,19582
CHEMBL35755,0,0.13037558,19583
CHEMBL4543548,0,0.13037558,19584
CHEMBL7484,0,0.13037558,19585
CHEMBL40866,0,0.13037558,19586
CHEMBL29413,0,0.13037558,19587
CHEMBL9302,0,0.13037558,19588
CHEMBL26504,0,0.13037558,19589
CHEMBL16404,0,0.13037558,19590
CHEMBL42840,0,0.13037558,19591
CHEMBL17315,0,0.13037558,19592
CHEMBL13004,0,0.13037558,19593
CHEMBL33441,0,0.13037558,19594
CHEMBL3310273,0,0.13037558,19595
CHEMBL28354,0,0.13037558,19596
CHEMBL9568,0,0.13037558,19597
CHEMBL607490,0,0.13037558,19598
CHEMBL28228,0,0.13037558,19599
CHEMBL4543439,0,0.13037558,19600
CHEMBL6746,0,0.13037558,19601
CHEMBL11212,0,0.13037558,19602
CHEMBL6885,0,0.13037558,19603
CHEMBL14717,0,0.13037558,19604
CHEMBL26361,0,0.13037558,19605
CHEMBL39046,0,0.13037558,19606
CHEMBL35594,0,0.13037558,19607
CHEMBL27068,0,0.13037558,19608
CHEMBL22590,0,0.13037558,19609
CHEMBL39998,0,0.13037558,19610
CHEMBL30534,0,0.13037558,19611
CHEMBL8489,0,0.13037558,19612
CHEMBL1089598,0,0.13037558,19613
CHEMBL4543244,0,0.13037558,19614
CHEMBL4543176,0,0.13037558,19615
CHEMBL2310848,0,0.13037558,19616
CHEMBL4543261,0,0.13037558,19617
CHEMBL9983,0,0.13036463,19618
CHEMBL3310216,0,0.13027021,19619
CHEMBL39579,0,0.13014764,19620
CHEMBL10582,0,0.13013501,19621
CHEMBL21396,0,0.13013501,19622
CHEMBL19845,0,0.13013501,19623
CHEMBL29651,0,0.13013501,19624
CHEMBL37870,0,0.1300243,19625
CHEMBL20700,0,0.12994246,19626
CHEMBL40946,0,0.12989266,19627
CHEMBL6331,0,0.12982991,19628
CHEMBL33099,0,0.12981895,19629
CHEMBL7162,0,0.1298066,19630
CHEMBL42237,0,0.129685,19631
CHEMBL42785,0,0.12967512,19632
CHEMBL19074,0,0.12965468,19633
CHEMBL15082,0,0.12963943,19634
CHEMBL3310141,0,0.12961543,19635
CHEMBL26462,0,0.12941769,19636
CHEMBL35127,0,0.12937188,19637
CHEMBL3310467,0,0.1293694,19638
CHEMBL3310413,0,0.12935834,19639
CHEMBL33601,0,0.1293556,19640
CHEMBL13105,0,0.1293231,19641
CHEMBL3309460,0,0.1293231,19642
CHEMBL40233,0,0.12931503,19643
CHEMBL32731,0,0.12931503,19644
CHEMBL33733,0,0.12930943,19645
CHEMBL3311509,0,0.12930375,19646
CHEMBL16902,0,0.1292387,19647
CHEMBL26978,0,0.1291437,19648
CHEMBL37313,0,0.1291437,19649
CHEMBL22522,0,0.12913872,19650
CHEMBL37135,0,0.12907062,19651
CHEMBL31287,0,0.12907062,19652
CHEMBL37028,0,0.12907062,19653
CHEMBL7079,0,0.12907062,19654
CHEMBL4543444,0,0.12907062,19655
CHEMBL8134,0,0.12907062,19656
CHEMBL27099,0,0.12907062,19657
CHEMBL33128,0,0.12907062,19658
CHEMBL34471,0,0.12907062,19659
CHEMBL20399,0,0.12907062,19660
CHEMBL19212,0,0.12907062,19661
CHEMBL15720,0,0.12896742,19662
CHEMBL37380,0,0.12896742,19663
CHEMBL4434996,0,0.12895033,19664
CHEMBL10469,0,0.12895033,19665
CHEMBL16371,0,0.12894635,19666
CHEMBL17075,0,0.12894635,19667
CHEMBL34330,0,0.12886098,19668
CHEMBL9993,0,0.12886098,19669
CHEMBL40891,0,0.12886098,19670
CHEMBL25177,0,0.12886098,19671
CHEMBL41379,0,0.12882096,19672
CHEMBL27189,0,0.12876168,19673
CHEMBL18539,0,0.12875341,19674
CHEMBL16544,0,0.128676,19675
CHEMBL7024,0,0.12865536,19676
CHEMBL33797,0,0.12865536,19677
CHEMBL41505,0,0.12865536,19678
CHEMBL11448,0,0.12865536,19679
CHEMBL33079,0,0.12865223,19680
CHEMBL29576,0,0.12865223,19681
CHEMBL3310158,0,0.12865223,19682
CHEMBL15703,0,0.12865223,19683
CHEMBL30114,0,0.12865223,19684
CHEMBL15496,0,0.12864934,19685
CHEMBL7885,0,0.12864055,19686
CHEMBL40356,0,0.12864055,19687
CHEMBL29443,0,0.12864055,19688
CHEMBL22437,0,0.12864055,19689
CHEMBL37216,0,0.12864055,19690
CHEMBL12269,0,0.12864055,19691
CHEMBL9562,0,0.12864055,19692
CHEMBL36918,0,0.12855083,19693
CHEMBL7689,0,0.12845989,19694
CHEMBL41104,0,0.12845989,19695
CHEMBL18820,0,0.12845246,19696
CHEMBL4434942,0,0.12844248,19697
CHEMBL42011,0,0.12839313,19698
CHEMBL4435170,0,0.12839313,19699
CHEMBL4436173,0,0.12834814,19700
CHEMBL41579,0,0.12834814,19701
CHEMBL13928,0,0.12831505,19702
CHEMBL8794,0,0.12831505,19703
CHEMBL7077,0,0.12831505,19704
CHEMBL27779,0,0.12831505,19705
CHEMBL15549,0,0.12831505,19706
CHEMBL9,0,0.12831505,19707
CHEMBL35834,0,0.12831505,19708
CHEMBL6395,0,0.12831505,19709
CHEMBL19751,0,0.12831505,19710
CHEMBL12544,0,0.12831505,19711
CHEMBL508224,0,0.12831505,19712
CHEMBL503315,0,0.12831505,19713
CHEMBL14480,0,0.12831505,19714
CHEMBL37684,0,0.12828736,19715
CHEMBL28617,0,0.12826385,19716
CHEMBL18092,0,0.12817822,19717
CHEMBL14518,0,0.12817822,19718
CHEMBL3311229,0,0.12817822,19719
CHEMBL444145,0,0.1281639,19720
CHEMBL36027,0,0.12806691,19721
CHEMBL34898,0,0.12801142,19722
CHEMBL21513,0,0.12801142,19723
CHEMBL13143,0,0.12801142,19724
CHEMBL20220,0,0.12801142,19725
CHEMBL36642,0,0.12801142,19726
CHEMBL17388,0,0.12801142,19727
CHEMBL22609,0,0.12801142,19728
CHEMBL26226,0,0.12801142,19729
CHEMBL13174,0,0.1280113,19730
CHEMBL33069,0,0.12795702,19731
CHEMBL20786,0,0.12795524,19732
CHEMBL39764,0,0.12795524,19733
CHEMBL4436032,0,0.12795524,19734
CHEMBL9035,0,0.12795159,19735
CHEMBL3310361,0,0.12784658,19736
CHEMBL17151,0,0.127808,19737
CHEMBL4436583,0,0.127808,19738
CHEMBL28090,0,0.12780042,19739
CHEMBL33551,0,0.12780042,19740
CHEMBL12138,0,0.12776229,19741
CHEMBL10048,0,0.12773708,19742
CHEMBL37016,0,0.12773708,19743
CHEMBL25173,0,0.12767053,19744
CHEMBL8054,0,0.12767053,19745
CHEMBL6875,0,0.12767053,19746
CHEMBL12734,0,0.12767053,19747
CHEMBL20244,0,0.12763529,19748
CHEMBL40725,0,0.12754984,19749
CHEMBL29962,0,0.12748295,19750
CHEMBL14108,0,0.12745528,19751
CHEMBL3309466,0,0.12745394,19752
CHEMBL40868,0,0.12745394,19753
CHEMBL17542,0,0.12745394,19754
CHEMBL4553552,0,0.12745394,19755
CHEMBL1160680,0,0.12745394,19756
CHEMBL23848,0,0.12745394,19757
CHEMBL42461,0,0.12742582,19758
CHEMBL41895,0,0.12742582,19759
CHEMBL3348570,0,0.12740344,19760
CHEMBL1093690,0,0.12740344,19761
CHEMBL40506,0,0.12740344,19762
CHEMBL18561,0,0.12738697,19763
CHEMBL10721,0,0.12738697,19764
CHEMBL16230,0,0.12738697,19765
CHEMBL4553578,0,0.12738697,19766
CHEMBL35990,0,0.12738697,19767
CHEMBL24386,0,0.12738697,19768
CHEMBL40951,0,0.12738697,19769
CHEMBL15532,0,0.12738697,19770
CHEMBL4436058,0,0.12738697,19771
CHEMBL1163183,0,0.12738697,19772
CHEMBL22750,0,0.12738697,19773
CHEMBL39056,0,0.12738697,19774
CHEMBL23557,0,0.12738498,19775
CHEMBL13585,0,0.12738498,19776
CHEMBL38415,0,0.12736462,19777
CHEMBL32836,0,0.12736462,19778
CHEMBL11926,0,0.12734407,19779
CHEMBL41058,0,0.12727307,19780
CHEMBL14492,0,0.12727307,19781
CHEMBL36184,0,0.12727307,19782
CHEMBL17376,0,0.12727307,19783
CHEMBL24895,0,0.12727307,19784
CHEMBL12360,0,0.12720373,19785
CHEMBL20060,0,0.12720373,19786
CHEMBL11576,0,0.1270663,19787
CHEMBL34026,0,0.1270663,19788
CHEMBL17468,0,0.12700589,19789
CHEMBL40285,0,0.12700589,19790
CHEMBL9157,0,0.12700589,19791
CHEMBL4435269,0,0.1269802,19792
CHEMBL1198796,0,0.12671848,19793
CHEMBL3310096,0,0.12671848,19794
CHEMBL32311,0,0.12671848,19795
CHEMBL3310465,0,0.12671848,19796
CHEMBL32267,0,0.12670717,19797
CHEMBL10394,0,0.12670717,19798
CHEMBL30254,0,0.12670717,19799
CHEMBL33999,0,0.12670717,19800
CHEMBL9488,0,0.12670717,19801
CHEMBL28604,0,0.1266062,19802
CHEMBL40758,0,0.1266062,19803
CHEMBL26176,0,0.1266062,19804
CHEMBL17893,0,0.1266062,19805
CHEMBL9633,0,0.1266062,19806
CHEMBL28295,0,0.1266062,19807
CHEMBL30506,0,0.1266062,19808
CHEMBL6941,0,0.1266062,19809
CHEMBL24444,0,0.1266062,19810
CHEMBL25423,0,0.1266062,19811
CHEMBL30387,0,0.1266062,19812
CHEMBL29052,0,0.1266062,19813
CHEMBL42367,0,0.1266062,19814
CHEMBL7732,0,0.1266062,19815
CHEMBL29664,0,0.1266062,19816
CHEMBL36098,0,0.12660448,19817
CHEMBL41269,0,0.12658176,19818
CHEMBL38425,0,0.1265782,19819
CHEMBL20208,0,0.1265782,19820
CHEMBL26389,0,0.1265782,19821
CHEMBL13532,0,0.12657787,19822
CHEMBL38732,0,0.12654941,19823
CHEMBL4553154,0,0.12653868,19824
CHEMBL43520,0,0.12653868,19825
CHEMBL23511,0,0.12653868,19826
CHEMBL15848,0,0.12653868,19827
CHEMBL20638,0,0.12653868,19828
CHEMBL41738,0,0.12653868,19829
CHEMBL42782,0,0.12653778,19830
CHEMBL24961,0,0.1265272,19831
CHEMBL15348,0,0.12649368,19832
CHEMBL40803,0,0.12649368,19833
CHEMBL34987,0,0.12649368,19834
CHEMBL29535,0,0.12649368,19835
CHEMBL41769,0,0.12649368,19836
CHEMBL14612,0,0.12639743,19837
CHEMBL7823,0,0.12639743,19838
CHEMBL31353,0,0.12636383,19839
CHEMBL30268,0,0.12632582,19840
CHEMBL7978,0,0.12632582,19841
CHEMBL39332,0,0.12632182,19842
CHEMBL17531,0,0.12632182,19843
CHEMBL17982,0,0.12632182,19844
CHEMBL19016,0,0.12632182,19845
CHEMBL24398,0,0.12629656,19846
CHEMBL39992,0,0.12629656,19847
CHEMBL35428,0,0.12629531,19848
CHEMBL27910,0,0.12625252,19849
CHEMBL19449,0,0.12617293,19850
CHEMBL29011,0,0.12617293,19851
CHEMBL35885,0,0.12612168,19852
CHEMBL12216,0,0.12612168,19853
CHEMBL7255,0,0.12612168,19854
CHEMBL9613,0,0.12612168,19855
CHEMBL34133,0,0.12612168,19856
CHEMBL33785,0,0.12612168,19857
CHEMBL13125,0,0.12612168,19858
CHEMBL35491,0,0.12612168,19859
CHEMBL12441,0,0.12612168,19860
CHEMBL30563,0,0.12605774,19861
CHEMBL15840,0,0.1260555,19862
CHEMBL28795,0,0.1260555,19863
CHEMBL40405,0,0.1260555,19864
CHEMBL32145,0,0.1260555,19865
CHEMBL1163431,0,0.1260555,19866
CHEMBL4553623,0,0.12596418,19867
CHEMBL11124,0,0.12596418,19868
CHEMBL21300,0,0.12594326,19869
CHEMBL37311,0,0.12594326,19870
CHEMBL15904,0,0.12594326,19871
CHEMBL35875,0,0.12594326,19872
CHEMBL23455,0,0.12594326,19873
CHEMBL28504,0,0.12594326,19874
CHEMBL42005,0,0.12594326,19875
CHEMBL19852,0,0.12594326,19876
CHEMBL8143,0,0.12594326,19877
CHEMBL15341,0,0.12594326,19878
CHEMBL28728,0,0.12594287,19879
CHEMBL42762,0,0.12590958,19880
CHEMBL10251,0,0.12590958,19881
CHEMBL6696,0,0.12584373,19882
CHEMBL29775,0,0.12571798,19883
CHEMBL32586,0,0.12567757,19884
CHEMBL33100,0,0.12567757,19885
CHEMBL14484,0,0.12567757,19886
CHEMBL11436,0,0.12567757,19887
CHEMBL27783,0,0.12567757,19888
CHEMBL30668,0,0.12567757,19889
CHEMBL19396,0,0.12565723,19890
CHEMBL32277,0,0.12565723,19891
CHEMBL29776,0,0.12565723,19892
CHEMBL8244,0,0.12565723,19893
CHEMBL41290,0,0.1256359,19894
CHEMBL32805,0,0.1256344,19895
CHEMBL37666,0,0.1256344,19896
CHEMBL26559,0,0.1256344,19897
CHEMBL1163329,0,0.1256344,19898
CHEMBL4436018,0,0.1256344,19899
CHEMBL6924,0,0.12562571,19900
CHEMBL8934,0,0.12562571,19901
CHEMBL12044,0,0.12562571,19902
CHEMBL8325,0,0.12562571,19903
CHEMBL37300,0,0.12562571,19904
CHEMBL11363,0,0.12562571,19905
CHEMBL32125,0,0.12562571,19906
CHEMBL6959,0,0.12562571,19907
CHEMBL7830,0,0.12562571,19908
CHEMBL3310963,0,0.12562571,19909
CHEMBL4553708,0,0.12562571,19910
CHEMBL18612,0,0.12562571,19911
CHEMBL4434829,0,0.12562571,19912
CHEMBL16998,0,0.12562571,19913
CHEMBL23678,0,0.12562571,19914
CHEMBL4435866,0,0.12562571,19915
CHEMBL8951,0,0.12562571,19916
CHEMBL24011,0,0.12562571,19917
CHEMBL27425,0,0.12562571,19918
CHEMBL24685,0,0.12562571,19919
CHEMBL29841,0,0.12562571,19920
CHEMBL12366,0,0.12553184,19921
CHEMBL43819,0,0.12549813,19922
CHEMBL4435831,0,0.12549813,19923
CHEMBL7238,0,0.12546343,19924
CHEMBL20582,0,0.12546343,19925
CHEMBL42172,0,0.12546343,19926
CHEMBL17438,0,0.12546343,19927
CHEMBL3310085,0,0.12544714,19928
CHEMBL33480,0,0.12521914,19929
CHEMBL42617,0,0.12521914,19930
CHEMBL4435287,0,0.12521914,19931
CHEMBL9620,0,0.12521914,19932
CHEMBL17262,0,0.12521914,19933
CHEMBL35679,0,0.12521914,19934
CHEMBL22182,0,0.12521914,19935
CHEMBL11828,0,0.12521914,19936
CHEMBL37315,0,0.12521914,19937
CHEMBL12953,0,0.12521914,19938
CHEMBL7369,0,0.12521914,19939
CHEMBL23893,0,0.12521914,19940
CHEMBL22323,0,0.12521914,19941
CHEMBL3310307,0,0.12521914,19942
CHEMBL20014,0,0.12521914,19943
CHEMBL1095673,0,0.12521914,19944
CHEMBL39622,0,0.12521914,19945
CHEMBL25928,0,0.12521914,19946
CHEMBL16251,0,0.12521914,19947
CHEMBL16205,0,0.12521914,19948
CHEMBL40639,0,0.12521914,19949
CHEMBL4435187,0,0.12513924,19950
CHEMBL7960,0,0.12513924,19951
CHEMBL7550,0,0.12513326,19952
CHEMBL16279,0,0.12509443,19953
CHEMBL3310204,0,0.12509443,19954
CHEMBL37012,0,0.124943934,19955
CHEMBL11662,0,0.124943934,19956
CHEMBL40042,0,0.124943934,19957
CHEMBL10040,0,0.124943934,19958
CHEMBL29835,0,0.124943934,19959
CHEMBL36839,0,0.124943934,19960
CHEMBL37874,0,0.124943934,19961
CHEMBL8738,0,0.124943934,19962
CHEMBL41811,0,0.124943934,19963
CHEMBL521,0,0.124943934,19964
CHEMBL22111,0,0.124943934,19965
CHEMBL39581,0,0.124943934,19966
CHEMBL21152,0,0.12493849,19967
CHEMBL21149,0,0.12493849,19968
CHEMBL33361,0,0.124934725,19969
CHEMBL28675,0,0.12488813,19970
CHEMBL32075,0,0.12486582,19971
CHEMBL26859,0,0.12477629,19972
CHEMBL24314,0,0.124652594,19973
CHEMBL18123,0,0.12464668,19974
CHEMBL27484,0,0.12464668,19975
CHEMBL14822,0,0.12464668,19976
CHEMBL36697,0,0.12462245,19977
CHEMBL39372,0,0.12449764,19978
CHEMBL8275,0,0.12449764,19979
CHEMBL14390,0,0.12449764,19980
CHEMBL13962,0,0.12449764,19981
CHEMBL11208,0,0.12449764,19982
CHEMBL24517,0,0.12449764,19983
CHEMBL30012,0,0.12449764,19984
CHEMBL3309643,0,0.12449764,19985
CHEMBL8830,0,0.12449764,19986
CHEMBL39398,0,0.12449764,19987
CHEMBL28510,0,0.12449764,19988
CHEMBL38245,0,0.12449764,19989
CHEMBL22643,0,0.12449764,19990
CHEMBL40125,0,0.12449764,19991
CHEMBL37249,0,0.12449764,19992
CHEMBL37332,0,0.12449764,19993
CHEMBL23034,0,0.12449764,19994
CHEMBL36347,0,0.124361016,19995
CHEMBL40112,0,0.124361016,19996
CHEMBL36885,0,0.12425704,19997
CHEMBL32238,0,0.124229,19998
CHEMBL37799,0,0.12420478,19999
CHEMBL16280,0,0.1241811,20000
CHEMBL1098265,0,0.1241811,20001
CHEMBL17054,0,0.1241811,20002
CHEMBL15536,0,0.1241811,20003
CHEMBL24300,0,0.1241811,20004
CHEMBL32392,0,0.1241811,20005
CHEMBL22399,0,0.1241811,20006
CHEMBL585178,0,0.1241811,20007
CHEMBL39572,0,0.1241811,20008
CHEMBL31251,0,0.124178335,20009
CHEMBL14014,0,0.124178335,20010
CHEMBL32486,0,0.124147035,20011
CHEMBL30369,0,0.124147035,20012
CHEMBL10664,0,0.124147035,20013
CHEMBL3310117,0,0.124130145,20014
CHEMBL1163230,0,0.124130145,20015
CHEMBL31829,0,0.124130145,20016
CHEMBL9759,0,0.124130145,20017
CHEMBL3309494,0,0.124130145,20018
CHEMBL23908,0,0.124130145,20019
CHEMBL4436579,0,0.124130145,20020
CHEMBL1186168,0,0.12394685,20021
CHEMBL9543,0,0.12394685,20022
CHEMBL40849,0,0.12394685,20023
CHEMBL20463,0,0.12394685,20024
CHEMBL39004,0,0.12394685,20025
CHEMBL35154,0,0.12394685,20026
CHEMBL28074,0,0.12394685,20027
CHEMBL4553688,0,0.12394685,20028
CHEMBL4435007,0,0.12394685,20029
CHEMBL3309441,0,0.12394685,20030
CHEMBL33433,0,0.12394685,20031
CHEMBL33837,0,0.12394685,20032
CHEMBL6349,0,0.12394685,20033
CHEMBL3310013,0,0.12394685,20034
CHEMBL36532,0,0.12394685,20035
CHEMBL3310415,0,0.12394685,20036
CHEMBL3310145,0,0.12394685,20037
CHEMBL39428,0,0.12394685,20038
CHEMBL32045,0,0.12383362,20039
CHEMBL7182,0,0.12376536,20040
CHEMBL18915,0,0.123750545,20041
CHEMBL20211,0,0.123750545,20042
CHEMBL20153,0,0.123750545,20043
CHEMBL43762,0,0.123750545,20044
CHEMBL30458,0,0.12372708,20045
CHEMBL31167,0,0.12369316,20046
CHEMBL39697,0,0.12361347,20047
CHEMBL9465,0,0.12358332,20048
CHEMBL17363,0,0.12358332,20049
CHEMBL18671,0,0.12358332,20050
CHEMBL9510,0,0.12358332,20051
CHEMBL19400,0,0.12358332,20052
CHEMBL11950,0,0.12358332,20053
CHEMBL14846,0,0.12358332,20054
CHEMBL267740,0,0.12358332,20055
CHEMBL19034,0,0.12358332,20056
CHEMBL4434937,0,0.12358332,20057
CHEMBL12212,0,0.12358332,20058
CHEMBL35842,0,0.12358332,20059
CHEMBL4434992,0,0.12358332,20060
CHEMBL18204,0,0.12358332,20061
CHEMBL19473,0,0.12358332,20062
CHEMBL529450,0,0.12358332,20063
CHEMBL16377,0,0.12358332,20064
CHEMBL9174,0,0.12358332,20065
CHEMBL21759,0,0.12358332,20066
CHEMBL32255,0,0.12350029,20067
CHEMBL3309870,0,0.12349998,20068
CHEMBL35259,0,0.12347272,20069
CHEMBL24065,0,0.12347272,20070
CHEMBL19976,0,0.12347272,20071
CHEMBL9432,0,0.12347272,20072
CHEMBL23538,0,0.12347272,20073
CHEMBL17219,0,0.12347272,20074
CHEMBL7060,0,0.12345577,20075
CHEMBL4436363,0,0.12345577,20076
CHEMBL8622,0,0.12341488,20077
CHEMBL29911,0,0.12341488,20078
CHEMBL18284,0,0.123382956,20079
CHEMBL24852,0,0.123382956,20080
CHEMBL22778,0,0.123382956,20081
CHEMBL40095,0,0.12337291,20082
CHEMBL35583,0,0.12337291,20083
CHEMBL35199,0,0.12337291,20084
CHEMBL17128,0,0.12329841,20085
CHEMBL28250,0,0.12321557,20086
CHEMBL26129,0,0.1232146,20087
CHEMBL26809,0,0.1232111,20088
CHEMBL36221,0,0.1232111,20089
CHEMBL4435664,0,0.12317353,20090
CHEMBL9405,0,0.12317353,20091
CHEMBL6201,0,0.12316738,20092
CHEMBL30842,0,0.123124614,20093
CHEMBL13404,0,0.12311305,20094
CHEMBL4435485,0,0.12311305,20095
CHEMBL11041,0,0.123103425,20096
CHEMBL24937,0,0.123089634,20097
CHEMBL25555,0,0.12301599,20098
CHEMBL3310133,0,0.12301599,20099
CHEMBL41495,0,0.12296576,20100
CHEMBL26825,0,0.12295956,20101
CHEMBL34209,0,0.12295956,20102
CHEMBL9683,0,0.12295956,20103
CHEMBL35662,0,0.122893065,20104
CHEMBL6426,0,0.122893065,20105
CHEMBL28684,0,0.122874275,20106
CHEMBL4543191,0,0.122874275,20107
CHEMBL555862,0,0.122874275,20108
CHEMBL38700,0,0.122874275,20109
CHEMBL9576,0,0.122874275,20110
CHEMBL13070,0,0.122874275,20111
CHEMBL14664,0,0.122874275,20112
CHEMBL25690,0,0.122859664,20113
CHEMBL27829,0,0.122844666,20114
CHEMBL19073,0,0.122720286,20115
CHEMBL29476,0,0.122720286,20116
CHEMBL24794,0,0.122720286,20117
CHEMBL3310410,0,0.122632004,20118
CHEMBL3309656,0,0.122632004,20119
CHEMBL31710,0,0.122632004,20120
CHEMBL4435728,0,0.122632004,20121
CHEMBL3309742,0,0.122632004,20122
CHEMBL22674,0,0.122632004,20123
CHEMBL18617,0,0.122632004,20124
CHEMBL32828,0,0.122587964,20125
CHEMBL34091,0,0.122587964,20126
CHEMBL14922,0,0.1225497,20127
CHEMBL34686,0,0.1225497,20128
CHEMBL4435129,0,0.1225497,20129
CHEMBL18626,0,0.1225497,20130
CHEMBL22920,0,0.1225497,20131
CHEMBL38492,0,0.1225497,20132
CHEMBL40905,0,0.1225497,20133
CHEMBL7953,0,0.1225497,20134
CHEMBL31066,0,0.1225497,20135
CHEMBL2110369,0,0.1225497,20136
CHEMBL501691,0,0.1225497,20137
CHEMBL579,0,0.1225497,20138
CHEMBL11162,0,0.1225497,20139
CHEMBL37782,0,0.1225497,20140
CHEMBL27940,0,0.1225497,20141
CHEMBL6815,0,0.1225497,20142
CHEMBL7178,0,0.1225497,20143
CHEMBL32350,0,0.1225497,20144
CHEMBL36177,0,0.1225497,20145
CHEMBL13060,0,0.1225497,20146
CHEMBL4435927,0,0.1225497,20147
CHEMBL43103,0,0.1225497,20148
CHEMBL4559927,0,0.1225497,20149
CHEMBL31045,0,0.1225497,20150
CHEMBL4434854,0,0.1225497,20151
CHEMBL15477,0,0.1225497,20152
CHEMBL25926,0,0.1225497,20153
CHEMBL39826,0,0.1225497,20154
CHEMBL27091,0,0.1225497,20155
CHEMBL37518,0,0.1225497,20156
CHEMBL7608,0,0.1225497,20157
CHEMBL35716,0,0.1225497,20158
CHEMBL21480,0,0.1225497,20159
CHEMBL8417,0,0.1225497,20160
CHEMBL1076614,0,0.1225497,20161
CHEMBL6890,0,0.1225497,20162
CHEMBL16074,0,0.1225497,20163
CHEMBL17604,0,0.1225497,20164
CHEMBL24590,0,0.1225497,20165
CHEMBL19906,0,0.1225497,20166
CHEMBL26891,0,0.12254206,20167
CHEMBL30227,0,0.12246798,20168
CHEMBL6976,0,0.12246798,20169
CHEMBL41684,0,0.12245157,20170
CHEMBL33042,0,0.12245157,20171
CHEMBL32454,0,0.12245157,20172
CHEMBL29566,0,0.12245157,20173
CHEMBL4543282,0,0.12245157,20174
CHEMBL715,0,0.12245157,20175
CHEMBL24886,0,0.12245157,20176
CHEMBL3310402,0,0.12235129,20177
CHEMBL13599,0,0.12232548,20178
CHEMBL13139,0,0.12232548,20179
CHEMBL25317,0,0.12230753,20180
CHEMBL40013,0,0.12230391,20181
CHEMBL501571,0,0.12228862,20182
CHEMBL34771,0,0.12228862,20183
CHEMBL456,0,0.122259334,20184
CHEMBL7101,0,0.122259334,20185
CHEMBL15453,0,0.122259334,20186
CHEMBL22965,0,0.122259334,20187
CHEMBL8723,0,0.122259334,20188
CHEMBL37856,0,0.122259334,20189
CHEMBL25024,0,0.122259334,20190
CHEMBL27249,0,0.122259334,20191
CHEMBL38467,0,0.12222784,20192
CHEMBL27191,0,0.12222784,20193
CHEMBL24841,0,0.12221694,20194
CHEMBL12078,0,0.12220593,20195
CHEMBL13420,0,0.12218802,20196
CHEMBL14899,0,0.12216763,20197
CHEMBL35585,0,0.12214352,20198
CHEMBL31930,0,0.12213669,20199
CHEMBL9205,0,0.12213669,20200
CHEMBL8996,0,0.122086726,20201
CHEMBL17764,0,0.122086726,20202
CHEMBL18134,0,0.122086726,20203
CHEMBL3311372,0,0.12206765,20204
CHEMBL8639,0,0.12206765,20205
CHEMBL8499,0,0.12206765,20206
CHEMBL9918,0,0.12206765,20207
CHEMBL30750,0,0.12206765,20208
CHEMBL39655,0,0.12206765,20209
CHEMBL7380,0,0.12206765,20210
CHEMBL8150,0,0.12206765,20211
CHEMBL27064,0,0.12206765,20212
CHEMBL13621,0,0.12206765,20213
CHEMBL8346,0,0.12206501,20214
CHEMBL24488,0,0.12206501,20215
CHEMBL24453,0,0.12206501,20216
CHEMBL31723,0,0.1220495,20217
CHEMBL4543193,0,0.12196602,20218
CHEMBL3310134,0,0.12196602,20219
CHEMBL34698,0,0.12193538,20220
CHEMBL20601,0,0.12183979,20221
CHEMBL15283,0,0.12182562,20222
CHEMBL4436560,0,0.1218202,20223
CHEMBL16097,0,0.121801786,20224
CHEMBL39002,0,0.12180105,20225
CHEMBL41453,0,0.12180105,20226
CHEMBL10579,0,0.121783964,20227
CHEMBL18332,0,0.12176609,20228
CHEMBL7349,0,0.1217047,20229
CHEMBL4434864,0,0.12170188,20230
CHEMBL38626,0,0.12170188,20231
CHEMBL16721,0,0.12170188,20232
CHEMBL38495,0,0.12170188,20233
CHEMBL18961,0,0.12157985,20234
CHEMBL4553565,0,0.12157985,20235
CHEMBL3310097,0,0.12157985,20236
CHEMBL25442,0,0.12157985,20237
CHEMBL36381,0,0.12157985,20238
CHEMBL13919,0,0.12157985,20239
CHEMBL37134,0,0.12157985,20240
CHEMBL37343,0,0.12156886,20241
CHEMBL26118,0,0.12156886,20242
CHEMBL41980,0,0.12156886,20243
CHEMBL22094,0,0.12156886,20244
CHEMBL1184569,0,0.12156886,20245
CHEMBL22704,0,0.12156886,20246
CHEMBL25370,0,0.12156886,20247
CHEMBL25667,0,0.12156886,20248
CHEMBL39574,0,0.12156886,20249
CHEMBL4543434,0,0.12156886,20250
CHEMBL31838,0,0.12156886,20251
CHEMBL14063,0,0.12156886,20252
CHEMBL21985,0,0.12156886,20253
CHEMBL3310281,0,0.1214971,20254
CHEMBL1163282,0,0.12147576,20255
CHEMBL35937,0,0.12145972,20256
CHEMBL9134,0,0.12145954,20257
CHEMBL30841,0,0.12145954,20258
CHEMBL15239,0,0.12140886,20259
CHEMBL37533,0,0.12140886,20260
CHEMBL14946,0,0.12140886,20261
CHEMBL11454,0,0.12134236,20262
CHEMBL18225,0,0.12133527,20263
CHEMBL9816,0,0.12130672,20264
CHEMBL13854,0,0.12130408,20265
CHEMBL28612,0,0.12130408,20266
CHEMBL32113,0,0.12129469,20267
CHEMBL4435731,0,0.12129469,20268
CHEMBL26758,0,0.12129469,20269
CHEMBL4543221,0,0.12129469,20270
CHEMBL22633,0,0.12129469,20271
CHEMBL4434681,0,0.12129469,20272
CHEMBL36416,0,0.12129469,20273
CHEMBL26409,0,0.12110928,20274
CHEMBL38563,0,0.12110928,20275
CHEMBL503907,0,0.12107748,20276
CHEMBL28958,0,0.12101116,20277
CHEMBL35840,0,0.1209782,20278
CHEMBL4435179,0,0.1209782,20279
CHEMBL7298,0,0.1209782,20280
CHEMBL10626,0,0.1209782,20281
CHEMBL37125,0,0.1209782,20282
CHEMBL23229,0,0.1209782,20283
CHEMBL40645,0,0.1209782,20284
CHEMBL4436287,0,0.1209782,20285
CHEMBL19253,0,0.1209782,20286
CHEMBL28443,0,0.1209782,20287
CHEMBL6685,0,0.12094824,20288
CHEMBL31246,0,0.12092729,20289
CHEMBL17812,0,0.1208967,20290
CHEMBL4435687,0,0.1208967,20291
CHEMBL18049,0,0.1207956,20292
CHEMBL30079,0,0.1207956,20293
CHEMBL9697,0,0.1207956,20294
CHEMBL18691,0,0.1207956,20295
CHEMBL24101,0,0.1207956,20296
CHEMBL32588,0,0.1207956,20297
CHEMBL28827,0,0.1207956,20298
CHEMBL801,0,0.1207956,20299
CHEMBL36081,0,0.1207956,20300
CHEMBL23351,0,0.1207956,20301
CHEMBL24593,0,0.12077374,20302
CHEMBL33096,0,0.120757274,20303
CHEMBL40880,0,0.120757274,20304
CHEMBL39837,0,0.12065065,20305
CHEMBL17125,0,0.12065065,20306
CHEMBL25953,0,0.12054683,20307
CHEMBL31720,0,0.12037099,20308
CHEMBL37193,0,0.120370105,20309
CHEMBL24056,0,0.120359026,20310
CHEMBL35816,0,0.120284855,20311
CHEMBL11030,0,0.120284855,20312
CHEMBL36933,0,0.120284855,20313
CHEMBL38000,0,0.12027762,20314
CHEMBL20364,0,0.12027279,20315
CHEMBL33429,0,0.12024815,20316
CHEMBL31931,0,0.12024815,20317
CHEMBL8591,0,0.12024815,20318
CHEMBL38344,0,0.12024815,20319
CHEMBL15121,0,0.12024815,20320
CHEMBL33376,0,0.12024815,20321
CHEMBL26872,0,0.12020748,20322
CHEMBL36602,0,0.120189264,20323
CHEMBL24802,0,0.12013738,20324
CHEMBL39862,0,0.1200741,20325
CHEMBL6380,0,0.12006968,20326
CHEMBL29423,0,0.12006968,20327
CHEMBL29372,0,0.12002557,20328
CHEMBL23417,0,0.12002557,20329
CHEMBL21730,0,0.12002557,20330
CHEMBL30328,0,0.12002557,20331
CHEMBL34440,0,0.12002557,20332
CHEMBL27995,0,0.12002557,20333
CHEMBL38577,0,0.12002557,20334
CHEMBL6376,0,0.12002557,20335
CHEMBL14015,0,0.12002557,20336
CHEMBL36793,0,0.12002557,20337
CHEMBL13206,0,0.12002557,20338
CHEMBL40973,0,0.12002557,20339
CHEMBL14194,0,0.12002557,20340
CHEMBL1744202,0,0.12002557,20341
CHEMBL8681,0,0.12002557,20342
CHEMBL12596,0,0.12002557,20343
CHEMBL13964,0,0.12002557,20344
CHEMBL27152,0,0.12002557,20345
CHEMBL13639,0,0.12002557,20346
CHEMBL17160,0,0.12002557,20347
CHEMBL13294,0,0.12002557,20348
CHEMBL41293,0,0.12002557,20349
CHEMBL8390,0,0.12002557,20350
CHEMBL7730,0,0.12002557,20351
CHEMBL26739,0,0.12002557,20352
CHEMBL9637,0,0.12002557,20353
CHEMBL20425,0,0.12002557,20354
CHEMBL3309757,0,0.11995603,20355
CHEMBL3309756,0,0.11995603,20356
CHEMBL39326,0,0.119948655,20357
CHEMBL4436497,0,0.11986205,20358
CHEMBL13402,0,0.11980628,20359
CHEMBL8614,0,0.11979123,20360
CHEMBL11574,0,0.11979123,20361
CHEMBL8607,0,0.11979123,20362
CHEMBL11599,0,0.11979123,20363
CHEMBL30861,0,0.11979123,20364
CHEMBL35192,0,0.11979123,20365
CHEMBL35121,0,0.11979123,20366
CHEMBL37484,0,0.11979123,20367
CHEMBL27648,0,0.11979123,20368
CHEMBL25877,0,0.11979123,20369
CHEMBL553616,0,0.11979123,20370
CHEMBL32242,0,0.11979123,20371
CHEMBL19413,0,0.11979123,20372
CHEMBL26905,0,0.11979123,20373
CHEMBL13261,0,0.11979123,20374
CHEMBL21816,0,0.11979123,20375
CHEMBL17740,0,0.11979123,20376
CHEMBL23906,0,0.11979123,20377
CHEMBL463,0,0.11979123,20378
CHEMBL33637,0,0.11979123,20379
CHEMBL14996,0,0.11979123,20380
CHEMBL9031,0,0.11979123,20381
CHEMBL6915,0,0.11979123,20382
CHEMBL14168,0,0.11979123,20383
CHEMBL483,0,0.11979123,20384
CHEMBL10452,0,0.11979123,20385
CHEMBL31021,0,0.11979123,20386
CHEMBL11076,0,0.11979123,20387
CHEMBL31179,0,0.11979123,20388
CHEMBL41171,0,0.11979123,20389
CHEMBL20092,0,0.11979123,20390
CHEMBL14155,0,0.11979123,20391
CHEMBL29771,0,0.11979123,20392
CHEMBL8755,0,0.11979123,20393
CHEMBL17087,0,0.11979123,20394
CHEMBL26833,0,0.11979123,20395
CHEMBL9731,0,0.11979123,20396
CHEMBL36788,0,0.11979123,20397
CHEMBL30244,0,0.11979123,20398
CHEMBL16593,0,0.11979123,20399
CHEMBL37160,0,0.11979123,20400
CHEMBL24645,0,0.11979123,20401
CHEMBL30265,0,0.11979123,20402
CHEMBL8441,0,0.11979123,20403
CHEMBL11450,0,0.11979123,20404
CHEMBL7206,0,0.11975,20405
CHEMBL28737,0,0.119741574,20406
CHEMBL41087,0,0.11963882,20407
CHEMBL10603,0,0.11963882,20408
CHEMBL41507,0,0.11963882,20409
CHEMBL41496,0,0.11963882,20410
CHEMBL34846,0,0.11963882,20411
CHEMBL4435438,0,0.11963882,20412
CHEMBL37930,0,0.11963882,20413
CHEMBL17104,0,0.11963882,20414
CHEMBL41534,0,0.11963882,20415
CHEMBL18052,0,0.11963882,20416
CHEMBL38907,0,0.11963882,20417
CHEMBL19958,0,0.11963882,20418
CHEMBL16780,0,0.11963882,20419
CHEMBL6770,0,0.11963882,20420
CHEMBL13057,0,0.11963882,20421
CHEMBL39057,0,0.11963882,20422
CHEMBL14151,0,0.11963882,20423
CHEMBL37619,0,0.11963882,20424
CHEMBL6441,0,0.11963882,20425
CHEMBL41883,0,0.11963882,20426
CHEMBL15103,0,0.11963882,20427
CHEMBL504419,0,0.11963882,20428
CHEMBL501070,0,0.11963882,20429
CHEMBL10911,0,0.11963882,20430
CHEMBL22716,0,0.11963882,20431
CHEMBL36732,0,0.11963882,20432
CHEMBL17364,0,0.11963882,20433
CHEMBL34301,0,0.11963882,20434
CHEMBL13725,0,0.11963882,20435
CHEMBL11493,0,0.11963882,20436
CHEMBL42175,0,0.11963882,20437
CHEMBL12302,0,0.11963882,20438
CHEMBL1088337,0,0.11962116,20439
CHEMBL8727,0,0.11958985,20440
CHEMBL3310651,0,0.11958925,20441
CHEMBL4543382,0,0.11958925,20442
CHEMBL6750,0,0.11958925,20443
CHEMBL22114,0,0.11958925,20444
CHEMBL6554,0,0.11958925,20445
CHEMBL4435224,0,0.11958925,20446
CHEMBL40334,0,0.11958925,20447
CHEMBL1183536,0,0.11958925,20448
CHEMBL29903,0,0.11958925,20449
CHEMBL4543311,0,0.11958925,20450
CHEMBL35266,0,0.119518995,20451
CHEMBL35800,0,0.11950941,20452
CHEMBL13951,0,0.11949345,20453
CHEMBL40452,0,0.11948302,20454
CHEMBL13050,0,0.11948302,20455
CHEMBL21801,0,0.11945576,20456
CHEMBL28098,0,0.11942674,20457
CHEMBL598,0,0.1194106,20458
CHEMBL31780,0,0.11927542,20459
CHEMBL8473,0,0.11927534,20460
CHEMBL39248,0,0.119226344,20461
CHEMBL9152,0,0.119226344,20462
CHEMBL7840,0,0.119226344,20463
CHEMBL3309457,0,0.119226344,20464
CHEMBL1163158,0,0.119226344,20465
CHEMBL4543203,0,0.11922307,20466
CHEMBL3310118,0,0.11921098,20467
CHEMBL1086957,0,0.11916043,20468
CHEMBL15136,0,0.11900158,20469
CHEMBL6930,0,0.11900158,20470
CHEMBL41111,0,0.11900158,20471
CHEMBL16503,0,0.11900158,20472
CHEMBL31091,0,0.118912,20473
CHEMBL40177,0,0.118912,20474
CHEMBL22099,0,0.118912,20475
CHEMBL15096,0,0.118912,20476
CHEMBL3310705,0,0.118912,20477
CHEMBL576493,0,0.11887188,20478
CHEMBL20834,0,0.11878863,20479
CHEMBL35784,0,0.11878863,20480
CHEMBL4543181,0,0.11878863,20481
CHEMBL30977,0,0.11878863,20482
CHEMBL3309989,0,0.11878863,20483
CHEMBL12139,0,0.11878863,20484
CHEMBL4435755,0,0.118774354,20485
CHEMBL24753,0,0.11876156,20486
CHEMBL12095,0,0.118664846,20487
CHEMBL42313,0,0.118664846,20488
CHEMBL9774,0,0.118664846,20489
CHEMBL3310128,0,0.1186486,20490
CHEMBL4435610,0,0.1186486,20491
CHEMBL14339,0,0.1186486,20492
CHEMBL33327,0,0.1186486,20493
CHEMBL34407,0,0.11863652,20494
CHEMBL43761,0,0.118611656,20495
CHEMBL26481,0,0.118535936,20496
CHEMBL26000,0,0.118504025,20497
CHEMBL16583,0,0.11844882,20498
CHEMBL26638,0,0.118408345,20499
CHEMBL8991,0,0.118388906,20500
CHEMBL35696,0,0.118374236,20501
CHEMBL3309519,0,0.118374236,20502
CHEMBL7858,0,0.118374236,20503
CHEMBL4434851,0,0.118374236,20504
CHEMBL29361,0,0.11829022,20505
CHEMBL3310135,0,0.11825974,20506
CHEMBL16196,0,0.11825974,20507
CHEMBL12102,0,0.11824592,20508
CHEMBL17398,0,0.118241094,20509
CHEMBL33569,0,0.11821246,20510
CHEMBL37959,0,0.11821246,20511
CHEMBL1089470,0,0.11821246,20512
CHEMBL24397,0,0.11821246,20513
CHEMBL35817,0,0.11821246,20514
CHEMBL14564,0,0.11821246,20515
CHEMBL13103,0,0.11820825,20516
CHEMBL25489,0,0.11820825,20517
CHEMBL503330,0,0.11808517,20518
CHEMBL21768,0,0.11801887,20519
CHEMBL32644,0,0.11801887,20520
CHEMBL33700,0,0.117991224,20521
CHEMBL21470,0,0.11794219,20522
CHEMBL36329,0,0.11794219,20523
CHEMBL37794,0,0.11794219,20524
CHEMBL4435919,0,0.11794219,20525
CHEMBL34064,0,0.11791292,20526
CHEMBL9992,0,0.117873155,20527
CHEMBL4435662,0,0.117702946,20528
CHEMBL13290,0,0.117693484,20529
CHEMBL503463,0,0.117693484,20530
CHEMBL39844,0,0.117693484,20531
CHEMBL35104,0,0.117693484,20532
CHEMBL16734,0,0.117693484,20533
CHEMBL16985,0,0.117693484,20534
CHEMBL4435445,0,0.11768408,20535
CHEMBL4436294,0,0.11768408,20536
CHEMBL12599,0,0.11766108,20537
CHEMBL43670,0,0.117629215,20538
CHEMBL23811,0,0.117629215,20539
CHEMBL17371,0,0.117629215,20540
CHEMBL37631,0,0.117629215,20541
CHEMBL37133,0,0.117590904,20542
CHEMBL22555,0,0.117590904,20543
CHEMBL4553543,0,0.117590904,20544
CHEMBL4553553,0,0.117590904,20545
CHEMBL33171,0,0.117590904,20546
CHEMBL36364,0,0.117590904,20547
CHEMBL23728,0,0.117590904,20548
CHEMBL35920,0,0.117590904,20549
CHEMBL37648,0,0.117590904,20550
CHEMBL7333,0,0.117590904,20551
CHEMBL41412,0,0.117590904,20552
CHEMBL30116,0,0.117590904,20553
CHEMBL38164,0,0.117590904,20554
CHEMBL25384,0,0.117590904,20555
CHEMBL28811,0,0.117590904,20556
CHEMBL4435969,0,0.117590904,20557
CHEMBL42975,0,0.117590904,20558
CHEMBL23951,0,0.117590904,20559
CHEMBL27640,0,0.117590904,20560
CHEMBL27720,0,0.117590904,20561
CHEMBL21534,0,0.117590904,20562
CHEMBL4116104,0,0.117590904,20563
CHEMBL4435617,0,0.117590904,20564
CHEMBL628,0,0.117590904,20565
CHEMBL9171,0,0.117583655,20566
CHEMBL41448,0,0.11753133,20567
CHEMBL38108,0,0.11747129,20568
CHEMBL1163364,0,0.11747129,20569
CHEMBL31964,0,0.11746748,20570
CHEMBL10071,0,0.11746748,20571
CHEMBL36115,0,0.11746748,20572
CHEMBL1163462,0,0.11746748,20573
CHEMBL40798,0,0.11746748,20574
CHEMBL28078,0,0.11746748,20575
CHEMBL15663,0,0.11746748,20576
CHEMBL3310149,0,0.117376834,20577
CHEMBL16166,0,0.117365785,20578
CHEMBL13466,0,0.117365785,20579
CHEMBL10245,0,0.117365785,20580
CHEMBL7434,0,0.117365785,20581
CHEMBL1088204,0,0.117365785,20582
CHEMBL39207,0,0.117365785,20583
CHEMBL27590,0,0.117365785,20584
CHEMBL36580,0,0.117365785,20585
CHEMBL33333,0,0.117365785,20586
CHEMBL18119,0,0.11736072,20587
CHEMBL33192,0,0.11736072,20588
CHEMBL26084,0,0.11736072,20589
CHEMBL4553595,0,0.11736072,20590
CHEMBL36025,0,0.11736072,20591
CHEMBL7752,0,0.11736072,20592
CHEMBL12687,0,0.11736072,20593
CHEMBL28691,0,0.11736072,20594
CHEMBL13074,0,0.11736072,20595
CHEMBL28713,0,0.11736072,20596
CHEMBL18890,0,0.11736072,20597
CHEMBL6943,0,0.11736072,20598
CHEMBL30965,0,0.11736072,20599
CHEMBL7872,0,0.11736072,20600
CHEMBL21827,0,0.11736072,20601
CHEMBL24447,0,0.11736072,20602
CHEMBL23970,0,0.11736072,20603
CHEMBL18659,0,0.11736072,20604
CHEMBL36488,0,0.11736072,20605
CHEMBL38935,0,0.11736072,20606
CHEMBL38176,0,0.11733231,20607
CHEMBL23324,0,0.117298216,20608
CHEMBL14854,0,0.11729403,20609
CHEMBL38709,0,0.117230035,20610
CHEMBL9447,0,0.11721971,20611
CHEMBL19844,0,0.117176615,20612
CHEMBL38402,0,0.117176615,20613
CHEMBL25969,0,0.117176615,20614
CHEMBL20517,0,0.11715322,20615
CHEMBL3309366,0,0.11714338,20616
CHEMBL12077,0,0.11713716,20617
CHEMBL30224,0,0.11710788,20618
CHEMBL7576,0,0.11710788,20619
CHEMBL13734,0,0.1169293,20620
CHEMBL26892,0,0.11690214,20621
CHEMBL32467,0,0.11687138,20622
CHEMBL39961,0,0.11687138,20623
CHEMBL39863,0,0.11687138,20624
CHEMBL34248,0,0.11687138,20625
CHEMBL30445,0,0.11687138,20626
CHEMBL10869,0,0.11687138,20627
CHEMBL10964,0,0.11687138,20628
CHEMBL21045,0,0.11687138,20629
CHEMBL14888,0,0.11687138,20630
CHEMBL16769,0,0.11687138,20631
CHEMBL22264,0,0.11687138,20632
CHEMBL12936,0,0.11687138,20633
CHEMBL10416,0,0.11687138,20634
CHEMBL35443,0,0.11687138,20635
CHEMBL16000,0,0.11687138,20636
CHEMBL17077,0,0.11687138,20637
CHEMBL12715,0,0.11687138,20638
CHEMBL19421,0,0.11687138,20639
CHEMBL42034,0,0.11687138,20640
CHEMBL32672,0,0.11687138,20641
CHEMBL26169,0,0.11687138,20642
CHEMBL17666,0,0.1168555,20643
CHEMBL30976,0,0.1168555,20644
CHEMBL28261,0,0.1168555,20645
CHEMBL35829,0,0.1168555,20646
CHEMBL25763,0,0.1168555,20647
CHEMBL34474,0,0.116829336,20648
CHEMBL8704,0,0.116829336,20649
CHEMBL3310681,0,0.116829336,20650
CHEMBL3310676,0,0.116829336,20651
CHEMBL7545,0,0.116829336,20652
CHEMBL4436460,0,0.11681111,20653
CHEMBL7609,0,0.11679596,20654
CHEMBL33966,0,0.11676148,20655
CHEMBL24763,0,0.11676148,20656
CHEMBL11018,0,0.11676148,20657
CHEMBL23237,0,0.11676148,20658
CHEMBL9301,0,0.11673725,20659
CHEMBL26419,0,0.11664798,20660
CHEMBL20076,0,0.11664798,20661
CHEMBL22405,0,0.11662831,20662
CHEMBL21379,0,0.11662831,20663
CHEMBL23406,0,0.1166205,20664
CHEMBL8077,0,0.116562866,20665
CHEMBL36891,0,0.116562866,20666
CHEMBL4553689,0,0.116562866,20667
CHEMBL18639,0,0.116478056,20668
CHEMBL13541,0,0.116478056,20669
CHEMBL4436106,0,0.11645375,20670
CHEMBL31638,0,0.11645375,20671
CHEMBL7746,0,0.11645375,20672
CHEMBL39613,0,0.11641058,20673
CHEMBL14032,0,0.11641058,20674
CHEMBL8097,0,0.11641058,20675
CHEMBL37589,0,0.11641058,20676
CHEMBL32198,0,0.1163851,20677
CHEMBL37719,0,0.1163851,20678
CHEMBL37068,0,0.1163851,20679
CHEMBL37734,0,0.11637162,20680
CHEMBL156037,0,0.1163059,20681
CHEMBL4116135,0,0.11628648,20682
CHEMBL7937,0,0.116286375,20683
CHEMBL44,0,0.11619088,20684
CHEMBL7264,0,0.11619088,20685
CHEMBL4435148,0,0.11619088,20686
CHEMBL24971,0,0.11616761,20687
CHEMBL27441,0,0.11610556,20688
CHEMBL29101,0,0.11610556,20689
CHEMBL41702,0,0.11610556,20690
CHEMBL32341,0,0.11610556,20691
CHEMBL25547,0,0.11610556,20692
CHEMBL23206,0,0.116096355,20693
CHEMBL4436298,0,0.116096355,20694
CHEMBL25906,0,0.116096355,20695
CHEMBL36417,0,0.116096355,20696
CHEMBL13476,0,0.116096355,20697
CHEMBL4435259,0,0.11607204,20698
CHEMBL405667,0,0.11607204,20699
CHEMBL580,0,0.11604319,20700
CHEMBL4436378,0,0.11595326,20701
CHEMBL23138,0,0.11594554,20702
CHEMBL24884,0,0.11592125,20703
CHEMBL38910,0,0.115883194,20704
CHEMBL12250,0,0.115883194,20705
CHEMBL4559974,0,0.115883194,20706
CHEMBL38919,0,0.115883194,20707
CHEMBL15688,0,0.115883194,20708
CHEMBL13860,0,0.11586599,20709
CHEMBL1237064,0,0.11585479,20710
CHEMBL41059,0,0.11584479,20711
CHEMBL9025,0,0.11584479,20712
CHEMBL37768,0,0.115818806,20713
CHEMBL33459,0,0.115818806,20714
CHEMBL15316,0,0.1158048,20715
CHEMBL27302,0,0.1158048,20716
CHEMBL34375,0,0.1158048,20717
CHEMBL28531,0,0.1158048,20718
CHEMBL23308,0,0.1158048,20719
CHEMBL23175,0,0.1158048,20720
CHEMBL28084,0,0.1158048,20721
CHEMBL41530,0,0.115767695,20722
CHEMBL22741,0,0.115767695,20723
CHEMBL18530,0,0.115767695,20724
CHEMBL40623,0,0.115767695,20725
CHEMBL40455,0,0.115686044,20726
CHEMBL1096298,0,0.115591995,20727
CHEMBL26747,0,0.11547535,20728
CHEMBL4436201,0,0.11547535,20729
CHEMBL39245,0,0.11547535,20730
CHEMBL19999,0,0.11547535,20731
CHEMBL13506,0,0.11547535,20732
CHEMBL7269,0,0.11547535,20733
CHEMBL31743,0,0.11547535,20734
CHEMBL14172,0,0.11534841,20735
CHEMBL34965,0,0.115275815,20736
CHEMBL3310432,0,0.11518167,20737
CHEMBL14027,0,0.11510941,20738
CHEMBL609524,0,0.11501662,20739
CHEMBL42512,0,0.11501662,20740
CHEMBL40709,0,0.11501662,20741
CHEMBL26208,0,0.114960164,20742
CHEMBL32147,0,0.114960164,20743
CHEMBL36691,0,0.114960164,20744
CHEMBL29328,0,0.114960164,20745
CHEMBL7547,0,0.114960164,20746
CHEMBL11811,0,0.114960164,20747
CHEMBL34161,0,0.114960164,20748
CHEMBL9169,0,0.114960164,20749
CHEMBL9146,0,0.114818245,20750
CHEMBL24538,0,0.114818245,20751
CHEMBL16091,0,0.114818245,20752
CHEMBL3310285,0,0.114818245,20753
CHEMBL10222,0,0.114818245,20754
CHEMBL31003,0,0.114818245,20755
CHEMBL3309690,0,0.114818245,20756
CHEMBL10638,0,0.114818245,20757
CHEMBL6221,0,0.114788204,20758
CHEMBL26528,0,0.114788204,20759
CHEMBL42415,0,0.114788204,20760
CHEMBL34866,0,0.11473181,20761
CHEMBL3309784,0,0.11473181,20762
CHEMBL1237046,0,0.11472204,20763
CHEMBL41119,0,0.11467,20764
CHEMBL499823,0,0.11458187,20765
CHEMBL35823,0,0.11453043,20766
CHEMBL39147,0,0.11448435,20767
CHEMBL6279,0,0.114465274,20768
CHEMBL18209,0,0.11442934,20769
CHEMBL8630,0,0.11442934,20770
CHEMBL26427,0,0.11442934,20771
CHEMBL38411,0,0.11442934,20772
CHEMBL541185,0,0.11442934,20773
CHEMBL21287,0,0.11442934,20774
CHEMBL4553596,0,0.11427057,20775
CHEMBL8534,0,0.11408089,20776
CHEMBL19892,0,0.11407646,20777
CHEMBL32946,0,0.11407646,20778
CHEMBL26323,0,0.11407646,20779
CHEMBL41341,0,0.11407646,20780
CHEMBL17524,0,0.11407646,20781
CHEMBL4434960,0,0.114039764,20782
CHEMBL31872,0,0.114039764,20783
CHEMBL9932,0,0.114016205,20784
CHEMBL43770,0,0.11397038,20785
CHEMBL41884,0,0.11393216,20786
CHEMBL15472,0,0.11390602,20787
CHEMBL9409,0,0.11388554,20788
CHEMBL16317,0,0.113878705,20789
CHEMBL8845,0,0.11374628,20790
CHEMBL32166,0,0.11373256,20791
CHEMBL21291,0,0.11371918,20792
CHEMBL32325,0,0.113716036,20793
CHEMBL13965,0,0.11368864,20794
CHEMBL9344,0,0.11363911,20795
CHEMBL1096596,0,0.11362621,20796
CHEMBL22899,0,0.11362621,20797
CHEMBL34840,0,0.11360456,20798
CHEMBL14919,0,0.11354647,20799
CHEMBL39957,0,0.11354647,20800
CHEMBL33362,0,0.11354647,20801
CHEMBL37797,0,0.11354647,20802
CHEMBL11111,0,0.11354647,20803
CHEMBL26387,0,0.11354647,20804
CHEMBL4543315,0,0.11354647,20805
CHEMBL20073,0,0.11354647,20806
CHEMBL32117,0,0.11354647,20807
CHEMBL7834,0,0.11354647,20808
CHEMBL39380,0,0.11354647,20809
CHEMBL3310447,0,0.11354647,20810
CHEMBL6907,0,0.11354647,20811
CHEMBL24093,0,0.11354647,20812
CHEMBL27185,0,0.11354647,20813
CHEMBL12841,0,0.11354647,20814
CHEMBL33996,0,0.11354647,20815
CHEMBL18571,0,0.11354647,20816
CHEMBL18580,0,0.11354647,20817
CHEMBL23528,0,0.113450326,20818
CHEMBL3310079,0,0.11341791,20819
CHEMBL41241,0,0.11338034,20820
CHEMBL3310201,0,0.11338034,20821
CHEMBL26063,0,0.11338034,20822
CHEMBL26760,0,0.11335585,20823
CHEMBL37574,0,0.11333328,20824
CHEMBL30982,0,0.11331177,20825
CHEMBL31391,0,0.113285616,20826
CHEMBL22025,0,0.113266066,20827
CHEMBL39659,0,0.11326376,20828
CHEMBL1615357,0,0.11326264,20829
CHEMBL32814,0,0.11326264,20830
CHEMBL39809,0,0.11320898,20831
CHEMBL41017,0,0.11320749,20832
CHEMBL23780,0,0.113178894,20833
CHEMBL17588,0,0.11307579,20834
CHEMBL3310120,0,0.113029435,20835
CHEMBL8014,0,0.1129388,20836
CHEMBL3310148,0,0.11291352,20837
CHEMBL37845,0,0.11291352,20838
CHEMBL437851,0,0.11291352,20839
CHEMBL4436208,0,0.11287546,20840
CHEMBL4434660,0,0.11281321,20841
CHEMBL30099,0,0.11279973,20842
CHEMBL8424,0,0.11279521,20843
CHEMBL10592,0,0.112762466,20844
CHEMBL4434875,0,0.112750545,20845
CHEMBL21600,0,0.112750545,20846
CHEMBL28633,0,0.112750545,20847
CHEMBL22124,0,0.112750545,20848
CHEMBL12363,0,0.112750545,20849
CHEMBL15052,0,0.1127435,20850
CHEMBL15642,0,0.112731926,20851
CHEMBL13329,0,0.11273122,20852
CHEMBL35445,0,0.11270115,20853
CHEMBL22503,0,0.11270115,20854
CHEMBL23640,0,0.11270115,20855
CHEMBL4435251,0,0.11267514,20856
CHEMBL4434814,0,0.11267514,20857
CHEMBL3309623,0,0.11267514,20858
CHEMBL20042,0,0.11264235,20859
CHEMBL13053,0,0.11264235,20860
CHEMBL9463,0,0.11264235,20861
CHEMBL32543,0,0.11260208,20862
CHEMBL12982,0,0.11260208,20863
CHEMBL15369,0,0.11260208,20864
CHEMBL25563,0,0.11260208,20865
CHEMBL139,0,0.11260208,20866
CHEMBL19864,0,0.11260208,20867
CHEMBL41744,0,0.11260208,20868
CHEMBL36298,0,0.112486295,20869
CHEMBL4543486,0,0.112486295,20870
CHEMBL7201,0,0.112486295,20871
CHEMBL6411,0,0.11231587,20872
CHEMBL16306,0,0.11230266,20873
CHEMBL26869,0,0.11213376,20874
CHEMBL35639,0,0.11213376,20875
CHEMBL4303152,0,0.11213376,20876
CHEMBL28468,0,0.11213376,20877
CHEMBL8737,0,0.11213376,20878
CHEMBL19097,0,0.11212722,20879
CHEMBL7170,0,0.11205453,20880
CHEMBL7879,0,0.11205453,20881
CHEMBL29198,0,0.11205453,20882
CHEMBL40925,0,0.11199215,20883
CHEMBL7688,0,0.11199215,20884
CHEMBL7036,0,0.111980736,20885
CHEMBL25073,0,0.11197531,20886
CHEMBL7941,0,0.11194961,20887
CHEMBL39059,0,0.11194961,20888
CHEMBL16625,0,0.11194961,20889
CHEMBL38187,0,0.11190291,20890
CHEMBL15707,0,0.111896485,20891
CHEMBL11717,0,0.111826874,20892
CHEMBL9838,0,0.111826874,20893
CHEMBL18142,0,0.1118165,20894
CHEMBL13533,0,0.111706816,20895
CHEMBL30214,0,0.111706816,20896
CHEMBL10677,0,0.111706816,20897
CHEMBL4434777,0,0.111706816,20898
CHEMBL30320,0,0.111706816,20899
CHEMBL4434979,0,0.111706816,20900
CHEMBL12040,0,0.111706816,20901
CHEMBL41971,0,0.111706816,20902
CHEMBL40353,0,0.111706816,20903
CHEMBL19371,0,0.111677855,20904
CHEMBL31705,0,0.111582436,20905
CHEMBL26263,0,0.11151621,20906
CHEMBL24716,0,0.11151488,20907
CHEMBL1163281,0,0.11148479,20908
CHEMBL10566,0,0.11148479,20909
CHEMBL34210,0,0.11148479,20910
CHEMBL35021,0,0.11148479,20911
CHEMBL12951,0,0.11148479,20912
CHEMBL33816,0,0.11148479,20913
CHEMBL34746,0,0.1113724,20914
CHEMBL15864,0,0.1113657,20915
CHEMBL41410,0,0.11135976,20916
CHEMBL3310463,0,0.11135764,20917
CHEMBL21364,0,0.11135764,20918
CHEMBL40894,0,0.11135764,20919
CHEMBL10374,0,0.11135764,20920
CHEMBL31307,0,0.11135764,20921
CHEMBL8722,0,0.11135764,20922
CHEMBL6647,0,0.11135764,20923
CHEMBL4435589,0,0.11135764,20924
CHEMBL28563,0,0.11135764,20925
CHEMBL3310462,0,0.11135764,20926
CHEMBL13286,0,0.11135764,20927
CHEMBL16747,0,0.11135764,20928
CHEMBL16952,0,0.11135764,20929
CHEMBL10919,0,0.11135764,20930
CHEMBL31014,0,0.11135764,20931
CHEMBL10635,0,0.11135764,20932
CHEMBL29801,0,0.11132893,20933
CHEMBL24092,0,0.11131931,20934
CHEMBL31936,0,0.11109063,20935
CHEMBL41997,0,0.1110716,20936
CHEMBL12046,0,0.11104823,20937
CHEMBL6310,0,0.11104823,20938
CHEMBL40879,0,0.11104823,20939
CHEMBL31670,0,0.11104249,20940
CHEMBL8523,0,0.11104249,20941
CHEMBL1163432,0,0.11104249,20942
CHEMBL19641,0,0.1108571,20943
CHEMBL10966,0,0.1108571,20944
CHEMBL32328,0,0.1108571,20945
CHEMBL41494,0,0.1108571,20946
CHEMBL41819,0,0.1108571,20947
CHEMBL18522,0,0.11079031,20948
CHEMBL10110,0,0.11074754,20949
CHEMBL31474,0,0.11069279,20950
CHEMBL31942,0,0.11069279,20951
CHEMBL20666,0,0.11061673,20952
CHEMBL488,0,0.11058172,20953
CHEMBL40790,0,0.110564254,20954
CHEMBL4435788,0,0.110564254,20955
CHEMBL32838,0,0.110564254,20956
CHEMBL38183,0,0.11048854,20957
CHEMBL4435612,0,0.11048854,20958
CHEMBL30505,0,0.11046342,20959
CHEMBL28419,0,0.11046342,20960
CHEMBL12635,0,0.110399626,20961
CHEMBL24362,0,0.110399626,20962
CHEMBL12246,0,0.110399626,20963
CHEMBL732,0,0.110399626,20964
CHEMBL4553664,0,0.110399626,20965
CHEMBL27207,0,0.110399626,20966
CHEMBL4436049,0,0.110399626,20967
CHEMBL38544,0,0.110399626,20968
CHEMBL10892,0,0.110399626,20969
CHEMBL32743,0,0.110399626,20970
CHEMBL11183,0,0.110399626,20971
CHEMBL14289,0,0.110399626,20972
CHEMBL8254,0,0.110399626,20973
CHEMBL4436513,0,0.110399626,20974
CHEMBL18206,0,0.110399626,20975
CHEMBL4434905,0,0.110399626,20976
CHEMBL740,0,0.110399626,20977
CHEMBL25074,0,0.110399626,20978
CHEMBL17649,0,0.110399626,20979
CHEMBL10794,0,0.110399626,20980
CHEMBL3310169,0,0.110399626,20981
CHEMBL22671,0,0.110399626,20982
CHEMBL40721,0,0.110399626,20983
CHEMBL28654,0,0.110399626,20984
CHEMBL33492,0,0.110399626,20985
CHEMBL3310093,0,0.110399626,20986
CHEMBL35626,0,0.110399626,20987
CHEMBL15915,0,0.110399626,20988
CHEMBL42272,0,0.110399626,20989
CHEMBL20862,0,0.110399626,20990
CHEMBL3309586,0,0.110399626,20991
CHEMBL40942,0,0.110338055,20992
CHEMBL14305,0,0.11027832,20993
CHEMBL32686,0,0.11019745,20994
CHEMBL38843,0,0.11019745,20995
CHEMBL18782,0,0.11019745,20996
CHEMBL16005,0,0.110134624,20997
CHEMBL26300,0,0.110117786,20998
CHEMBL20447,0,0.110117786,20999
CHEMBL7237,0,0.11006068,21000
CHEMBL41195,0,0.11003798,21001
CHEMBL4543537,0,0.10994749,21002
CHEMBL6332,0,0.10994749,21003
CHEMBL29822,0,0.10988761,21004
CHEMBL13353,0,0.10988761,21005
CHEMBL29992,0,0.10988761,21006
CHEMBL14285,0,0.109779246,21007
CHEMBL32234,0,0.109779246,21008
CHEMBL22433,0,0.109779246,21009
CHEMBL1200735,0,0.109779246,21010
CHEMBL39148,0,0.109779246,21011
CHEMBL20363,0,0.109779246,21012
CHEMBL35732,0,0.109779246,21013
CHEMBL3310818,0,0.109779246,21014
CHEMBL13282,0,0.109779246,21015
CHEMBL71,0,0.109779246,21016
CHEMBL26907,0,0.109777324,21017
CHEMBL11898,0,0.109719396,21018
CHEMBL19760,0,0.10967541,21019
CHEMBL4553582,0,0.10959093,21020
CHEMBL530151,0,0.10959093,21021
CHEMBL19614,0,0.10959093,21022
CHEMBL25698,0,0.10959093,21023
CHEMBL1076656,0,0.10959093,21024
CHEMBL4434725,0,0.10959093,21025
CHEMBL3309388,0,0.10959093,21026
CHEMBL7347,0,0.10959093,21027
CHEMBL4436416,0,0.10959093,21028
CHEMBL20897,0,0.10959093,21029
CHEMBL9250,0,0.10959093,21030
CHEMBL4436435,0,0.10959093,21031
CHEMBL28853,0,0.10959093,21032
CHEMBL4435542,0,0.109587796,21033
CHEMBL39034,0,0.10953723,21034
CHEMBL22416,0,0.109488964,21035
CHEMBL21476,0,0.10923263,21036
CHEMBL37175,0,0.10910332,21037
CHEMBL4553539,0,0.10909252,21038
CHEMBL4436202,0,0.109009705,21039
CHEMBL30111,0,0.108952455,21040
CHEMBL38208,0,0.108842574,21041
CHEMBL28829,0,0.108798094,21042
CHEMBL13527,0,0.10877699,21043
CHEMBL23269,0,0.10877699,21044
CHEMBL6979,0,0.10877699,21045
CHEMBL34085,0,0.10875118,21046
CHEMBL13359,0,0.10871444,21047
CHEMBL23119,0,0.10871444,21048
CHEMBL30243,0,0.10856216,21049
CHEMBL17149,0,0.10854366,21050
CHEMBL7069,0,0.10854366,21051
CHEMBL25711,0,0.10853495,21052
CHEMBL16418,0,0.10839673,21053
CHEMBL21610,0,0.10836594,21054
CHEMBL8823,0,0.10830279,21055
CHEMBL37659,0,0.10820108,21056
CHEMBL4434856,0,0.10816682,21057
CHEMBL10847,0,0.10816682,21058
CHEMBL39690,0,0.10815599,21059
CHEMBL7207,0,0.10814689,21060
CHEMBL3310312,0,0.10814689,21061
CHEMBL13473,0,0.10814689,21062
CHEMBL7499,0,0.10814689,21063
CHEMBL8880,0,0.10814689,21064
CHEMBL23097,0,0.10814689,21065
CHEMBL1095821,0,0.10814689,21066
CHEMBL37981,0,0.10814689,21067
CHEMBL15968,0,0.10814689,21068
CHEMBL4543316,0,0.10814689,21069
CHEMBL12296,0,0.10814689,21070
CHEMBL14447,0,0.1080645,21071
CHEMBL4436232,0,0.108039424,21072
CHEMBL35794,0,0.10803513,21073
CHEMBL20223,0,0.10803513,21074
CHEMBL40555,0,0.10803513,21075
CHEMBL35878,0,0.10803513,21076
CHEMBL4543565,0,0.10803513,21077
CHEMBL32511,0,0.10803513,21078
CHEMBL6278,0,0.10803513,21079
CHEMBL13478,0,0.10800157,21080
CHEMBL12494,0,0.1079959,21081
CHEMBL39074,0,0.1079959,21082
CHEMBL26362,0,0.1079959,21083
CHEMBL22813,0,0.1079959,21084
CHEMBL9819,0,0.1079959,21085
CHEMBL3309497,0,0.1079959,21086
CHEMBL32178,0,0.107954614,21087
CHEMBL31383,0,0.107954614,21088
CHEMBL13207,0,0.107944146,21089
CHEMBL42587,0,0.1079204,21090
CHEMBL30170,0,0.1079204,21091
CHEMBL23973,0,0.1079204,21092
CHEMBL23508,0,0.1079204,21093
CHEMBL13508,0,0.107892156,21094
CHEMBL18889,0,0.107892156,21095
CHEMBL1083881,0,0.107892156,21096
CHEMBL29578,0,0.107886344,21097
CHEMBL30010,0,0.10787969,21098
CHEMBL27255,0,0.10787969,21099
CHEMBL13189,0,0.10787969,21100
CHEMBL41937,0,0.10783734,21101
CHEMBL6323,0,0.10781298,21102
CHEMBL4116147,0,0.10781298,21103
CHEMBL38770,0,0.10781298,21104
CHEMBL11758,0,0.10781298,21105
CHEMBL4435207,0,0.10781298,21106
CHEMBL12794,0,0.10781298,21107
CHEMBL15752,0,0.10781298,21108
CHEMBL24965,0,0.10781298,21109
CHEMBL4435863,0,0.10781298,21110
CHEMBL22082,0,0.10779384,21111
CHEMBL17744,0,0.10779384,21112
CHEMBL15028,0,0.10779384,21113
CHEMBL16597,0,0.10779384,21114
CHEMBL28752,0,0.10779384,21115
CHEMBL13228,0,0.1077901,21116
CHEMBL22987,0,0.1077901,21117
CHEMBL23936,0,0.10772548,21118
CHEMBL26651,0,0.107709534,21119
CHEMBL37891,0,0.10770511,21120
CHEMBL9724,0,0.107660435,21121
CHEMBL27509,0,0.107642934,21122
CHEMBL7472,0,0.107598126,21123
CHEMBL39910,0,0.10757409,21124
CHEMBL4435899,0,0.10757409,21125
CHEMBL11593,0,0.10756938,21126
CHEMBL41082,0,0.107552916,21127
CHEMBL32755,0,0.107459925,21128
CHEMBL18128,0,0.107459925,21129
CHEMBL4435119,0,0.107459925,21130
CHEMBL4436451,0,0.107459925,21131
CHEMBL27518,0,0.107459925,21132
CHEMBL1163482,0,0.107459925,21133
CHEMBL18636,0,0.107459925,21134
CHEMBL12339,0,0.107459925,21135
CHEMBL18097,0,0.107459925,21136
CHEMBL12210,0,0.107459925,21137
CHEMBL13148,0,0.107459925,21138
CHEMBL30221,0,0.107459925,21139
CHEMBL4435560,0,0.107459925,21140
CHEMBL2111084,0,0.107459925,21141
CHEMBL10435,0,0.10744866,21142
CHEMBL19241,0,0.10744866,21143
CHEMBL7909,0,0.1074286,21144
CHEMBL40152,0,0.1074286,21145
CHEMBL22210,0,0.10741521,21146
CHEMBL36130,0,0.107412174,21147
CHEMBL35709,0,0.107412174,21148
CHEMBL9908,0,0.10740028,21149
CHEMBL10346,0,0.10740028,21150
CHEMBL18981,0,0.10738687,21151
CHEMBL13349,0,0.10737128,21152
CHEMBL36073,0,0.10734859,21153
CHEMBL35489,0,0.10734859,21154
CHEMBL4115942,0,0.10734859,21155
CHEMBL31737,0,0.10733891,21156
CHEMBL6968,0,0.1073036,21157
CHEMBL14594,0,0.107262634,21158
CHEMBL28840,0,0.10725735,21159
CHEMBL7933,0,0.10718346,21160
CHEMBL4435670,0,0.10718346,21161
CHEMBL34048,0,0.107149564,21162
CHEMBL21716,0,0.10710315,21163
CHEMBL15832,0,0.10710315,21164
CHEMBL31546,0,0.10710315,21165
CHEMBL8079,0,0.10701843,21166
CHEMBL37842,0,0.10701843,21167
CHEMBL14960,0,0.10701843,21168
CHEMBL28908,0,0.10701843,21169
CHEMBL6965,0,0.10701843,21170
CHEMBL28035,0,0.10701843,21171
CHEMBL25930,0,0.10701843,21172
CHEMBL555219,0,0.10701843,21173
CHEMBL12418,0,0.10701843,21174
CHEMBL39709,0,0.10701843,21175
CHEMBL28010,0,0.10701843,21176
CHEMBL10707,0,0.10701843,21177
CHEMBL17988,0,0.10701843,21178
CHEMBL32695,0,0.10701843,21179
CHEMBL24183,0,0.10701843,21180
CHEMBL38026,0,0.10701843,21181
CHEMBL36618,0,0.10691881,21182
CHEMBL29917,0,0.10691881,21183
CHEMBL30178,0,0.106916904,21184
CHEMBL29227,0,0.106916904,21185
CHEMBL25225,0,0.106916904,21186
CHEMBL18184,0,0.106916904,21187
CHEMBL29481,0,0.106916904,21188
CHEMBL31025,0,0.10691381,21189
CHEMBL20077,0,0.10679731,21190
CHEMBL30950,0,0.10674906,21191
CHEMBL15519,0,0.10665397,21192
CHEMBL11563,0,0.10665397,21193
CHEMBL16939,0,0.10664322,21194
CHEMBL35396,0,0.106616355,21195
CHEMBL35969,0,0.10657253,21196
CHEMBL595526,0,0.10657253,21197
CHEMBL23364,0,0.10657253,21198
CHEMBL9254,0,0.10657253,21199
CHEMBL1086527,0,0.10656228,21200
CHEMBL29416,0,0.106508695,21201
CHEMBL13410,0,0.106508695,21202
CHEMBL33055,0,0.106508695,21203
CHEMBL4436385,0,0.10650502,21204
CHEMBL20901,0,0.10650502,21205
CHEMBL23411,0,0.10647895,21206
CHEMBL30052,0,0.10644237,21207
CHEMBL40682,0,0.10644237,21208
CHEMBL1163205,0,0.1063583,21209
CHEMBL30947,0,0.106193975,21210
CHEMBL23484,0,0.106193975,21211
CHEMBL16119,0,0.106193975,21212
CHEMBL4543336,0,0.10615563,21213
CHEMBL3311012,0,0.10612833,21214
CHEMBL17281,0,0.10610467,21215
CHEMBL41210,0,0.10610467,21216
CHEMBL41950,0,0.10610467,21217
CHEMBL37588,0,0.10610467,21218
CHEMBL10267,0,0.10610467,21219
CHEMBL28941,0,0.10608037,21220
CHEMBL31603,0,0.10608037,21221
CHEMBL18590,0,0.10605013,21222
CHEMBL33502,0,0.10605013,21223
CHEMBL42039,0,0.106042415,21224
CHEMBL39416,0,0.10601873,21225
CHEMBL12747,0,0.10601113,21226
CHEMBL7019,0,0.10595816,21227
CHEMBL20025,0,0.10595816,21228
CHEMBL14035,0,0.10595816,21229
CHEMBL32417,0,0.105942175,21230
CHEMBL25504,0,0.105832465,21231
CHEMBL26548,0,0.105832465,21232
CHEMBL32058,0,0.10582825,21233
CHEMBL28013,0,0.1058061,21234
CHEMBL39340,0,0.105771765,21235
CHEMBL8074,0,0.10576609,21236
CHEMBL11695,0,0.10571381,21237
CHEMBL1171525,0,0.10571381,21238
CHEMBL20297,0,0.10571381,21239
CHEMBL14565,0,0.10571381,21240
CHEMBL20249,0,0.10571381,21241
CHEMBL41334,0,0.10571381,21242
CHEMBL4543462,0,0.10571381,21243
CHEMBL10625,0,0.10570181,21244
CHEMBL13336,0,0.10570181,21245
CHEMBL39091,0,0.1056878,21246
CHEMBL33032,0,0.1056878,21247
CHEMBL23073,0,0.10563895,21248
CHEMBL17240,0,0.105634406,21249
CHEMBL19299,0,0.10563124,21250
CHEMBL10444,0,0.10550993,21251
CHEMBL34013,0,0.10544972,21252
CHEMBL13677,0,0.10544972,21253
CHEMBL17757,0,0.10544972,21254
CHEMBL12796,0,0.10544972,21255
CHEMBL38724,0,0.10544972,21256
CHEMBL3309332,0,0.10539378,21257
CHEMBL4116123,0,0.10539378,21258
CHEMBL7458,0,0.10539378,21259
CHEMBL9718,0,0.10503205,21260
CHEMBL25190,0,0.104957245,21261
CHEMBL3310040,0,0.104837365,21262
CHEMBL153717,0,0.104837365,21263
CHEMBL4560048,0,0.104837365,21264
CHEMBL35475,0,0.104837365,21265
CHEMBL12846,0,0.104837365,21266
CHEMBL24214,0,0.1048063,21267
CHEMBL13464,0,0.1048063,21268
CHEMBL42352,0,0.1048063,21269
CHEMBL3311047,0,0.10479316,21270
CHEMBL20267,0,0.10479316,21271
CHEMBL41515,0,0.104786344,21272
CHEMBL31475,0,0.10471833,21273
CHEMBL30229,0,0.10471833,21274
CHEMBL12978,0,0.10470795,21275
CHEMBL592411,0,0.10470606,21276
CHEMBL42505,0,0.10470606,21277
CHEMBL22837,0,0.10470606,21278
CHEMBL10836,0,0.10470606,21279
CHEMBL23374,0,0.10470606,21280
CHEMBL27742,0,0.10469584,21281
CHEMBL33526,0,0.10462088,21282
CHEMBL33195,0,0.104586765,21283
CHEMBL20340,0,0.104586765,21284
CHEMBL58,0,0.104586765,21285
CHEMBL39018,0,0.104586765,21286
CHEMBL13567,0,0.104586765,21287
CHEMBL13084,0,0.104586765,21288
CHEMBL39607,0,0.104586765,21289
CHEMBL41654,0,0.104586765,21290
CHEMBL9313,0,0.104586765,21291
CHEMBL16415,0,0.10457198,21292
CHEMBL4543536,0,0.10457198,21293
CHEMBL33951,0,0.10455196,21294
CHEMBL11086,0,0.1045459,21295
CHEMBL33379,0,0.1045459,21296
CHEMBL35883,0,0.10448029,21297
CHEMBL8044,0,0.10441196,21298
CHEMBL24875,0,0.104318246,21299
CHEMBL1163331,0,0.104291104,21300
CHEMBL29794,0,0.10423465,21301
CHEMBL34578,0,0.10422698,21302
CHEMBL11944,0,0.10422698,21303
CHEMBL3310856,0,0.10422698,21304
CHEMBL37892,0,0.10419089,21305
CHEMBL15641,0,0.10417521,21306
CHEMBL20965,0,0.10412823,21307
CHEMBL43640,0,0.10402483,21308
CHEMBL28801,0,0.10402483,21309
CHEMBL31733,0,0.10402483,21310
CHEMBL39461,0,0.10400672,21311
CHEMBL6424,0,0.10399679,21312
CHEMBL7418,0,0.10399436,21313
CHEMBL4436567,0,0.10383097,21314
CHEMBL23576,0,0.10376272,21315
CHEMBL31659,0,0.10361052,21316
CHEMBL40162,0,0.10352825,21317
CHEMBL26156,0,0.10351192,21318
CHEMBL3309733,0,0.103374034,21319
CHEMBL3310430,0,0.103374034,21320
CHEMBL9581,0,0.103374034,21321
CHEMBL36089,0,0.103374034,21322
CHEMBL20069,0,0.10336546,21323
CHEMBL13112,0,0.10336546,21324
CHEMBL263879,0,0.103253014,21325
CHEMBL33088,0,0.103253014,21326
CHEMBL12861,0,0.103253014,21327
CHEMBL18122,0,0.103253014,21328
CHEMBL15230,0,0.10322604,21329
CHEMBL3310005,0,0.10321459,21330
CHEMBL4435744,0,0.10321406,21331
CHEMBL32725,0,0.10312567,21332
CHEMBL4436431,0,0.10312567,21333
CHEMBL40996,0,0.10312567,21334
CHEMBL20365,0,0.10312567,21335
CHEMBL27372,0,0.10312053,21336
CHEMBL38015,0,0.1030566,21337
CHEMBL574570,0,0.1030566,21338
CHEMBL22042,0,0.10297523,21339
CHEMBL6831,0,0.10297523,21340
CHEMBL23215,0,0.10294682,21341
CHEMBL35708,0,0.10294495,21342
CHEMBL32268,0,0.10289662,21343
CHEMBL35087,0,0.10289389,21344
CHEMBL6443,0,0.102839656,21345
CHEMBL32155,0,0.102839656,21346
CHEMBL16292,0,0.10283098,21347
CHEMBL1099016,0,0.10283098,21348
CHEMBL11170,0,0.102798045,21349
CHEMBL36477,0,0.10278087,21350
CHEMBL4435808,0,0.10278087,21351
CHEMBL3309513,0,0.102746576,21352
CHEMBL11909,0,0.102746576,21353
CHEMBL16232,0,0.102739595,21354
CHEMBL3311270,0,0.102739595,21355
CHEMBL37478,0,0.102739595,21356
CHEMBL34402,0,0.10273607,21357
CHEMBL7179,0,0.10272535,21358
CHEMBL14787,0,0.102653556,21359
CHEMBL12493,0,0.102653556,21360
CHEMBL14607,0,0.102587365,21361
CHEMBL38979,0,0.102587365,21362
CHEMBL42623,0,0.10255299,21363
CHEMBL23851,0,0.10249821,21364
CHEMBL34429,0,0.102465294,21365
CHEMBL31969,0,0.10243821,21366
CHEMBL27936,0,0.102435894,21367
CHEMBL12426,0,0.1023711,21368
CHEMBL20317,0,0.10234296,21369
CHEMBL27547,0,0.10230064,21370
CHEMBL43599,0,0.10230064,21371
CHEMBL28421,0,0.10230064,21372
CHEMBL3310288,0,0.10230064,21373
CHEMBL42630,0,0.102149196,21374
CHEMBL26549,0,0.102149196,21375
CHEMBL26523,0,0.102149196,21376
CHEMBL15393,0,0.102149196,21377
CHEMBL42776,0,0.102149196,21378
CHEMBL12817,0,0.102149196,21379
CHEMBL17698,0,0.102149196,21380
CHEMBL6231,0,0.102149196,21381
CHEMBL18348,0,0.102149196,21382
CHEMBL20394,0,0.102149196,21383
CHEMBL35656,0,0.102149196,21384
CHEMBL26699,0,0.102149196,21385
CHEMBL19366,0,0.102149196,21386
CHEMBL11387,0,0.102149196,21387
CHEMBL15345,0,0.102149196,21388
CHEMBL6273,0,0.102149196,21389
CHEMBL14445,0,0.102149196,21390
CHEMBL3310230,0,0.102149196,21391
CHEMBL34648,0,0.102149196,21392
CHEMBL4543299,0,0.102149196,21393
CHEMBL35620,0,0.102149196,21394
CHEMBL37809,0,0.102149196,21395
CHEMBL38400,0,0.102149196,21396
CHEMBL10568,0,0.102149196,21397
CHEMBL507542,0,0.102149196,21398
CHEMBL6452,0,0.102149196,21399
CHEMBL25371,0,0.102149196,21400
CHEMBL37683,0,0.102149196,21401
CHEMBL40133,0,0.102149196,21402
CHEMBL13660,0,0.102149196,21403
CHEMBL27345,0,0.102149196,21404
CHEMBL27313,0,0.102149196,21405
CHEMBL17574,0,0.102149196,21406
CHEMBL38329,0,0.102149196,21407
CHEMBL23010,0,0.102149196,21408
CHEMBL9114,0,0.102149196,21409
CHEMBL13028,0,0.102149196,21410
CHEMBL28852,0,0.102149196,21411
CHEMBL17596,0,0.102149196,21412
CHEMBL18166,0,0.102149196,21413
CHEMBL31199,0,0.102149196,21414
CHEMBL13082,0,0.102149196,21415
CHEMBL31270,0,0.102149196,21416
CHEMBL8995,0,0.102149196,21417
CHEMBL35515,0,0.102149196,21418
CHEMBL39927,0,0.102149196,21419
CHEMBL12540,0,0.102149196,21420
CHEMBL13545,0,0.102149196,21421
CHEMBL40495,0,0.102149196,21422
CHEMBL17527,0,0.102149196,21423
CHEMBL37601,0,0.102149196,21424
CHEMBL1201190,0,0.102149196,21425
CHEMBL33924,0,0.102149196,21426
CHEMBL15815,0,0.102149196,21427
CHEMBL38454,0,0.102149196,21428
CHEMBL17010,0,0.102149196,21429
CHEMBL531,0,0.102149196,21430
CHEMBL4436002,0,0.102149196,21431
CHEMBL13570,0,0.102149196,21432
CHEMBL41691,0,0.102149196,21433
CHEMBL41672,0,0.102149196,21434
CHEMBL17132,0,0.102149196,21435
CHEMBL37643,0,0.102149196,21436
CHEMBL22933,0,0.102149196,21437
CHEMBL8563,0,0.102149196,21438
CHEMBL27427,0,0.102149196,21439
CHEMBL38892,0,0.102149196,21440
CHEMBL22799,0,0.102149196,21441
CHEMBL33251,0,0.102149196,21442
CHEMBL12465,0,0.102149196,21443
CHEMBL32702,0,0.102149196,21444
CHEMBL17101,0,0.102149196,21445
CHEMBL17328,0,0.102149196,21446
CHEMBL27827,0,0.102149196,21447
CHEMBL3310650,0,0.102149196,21448
CHEMBL15260,0,0.102149196,21449
CHEMBL32285,0,0.102149196,21450
CHEMBL34024,0,0.102149196,21451
CHEMBL38586,0,0.102149196,21452
CHEMBL9607,0,0.102149196,21453
CHEMBL7416,0,0.102149196,21454
CHEMBL37387,0,0.102149196,21455
CHEMBL15516,0,0.102149196,21456
CHEMBL22057,0,0.102149196,21457
CHEMBL13387,0,0.102149196,21458
CHEMBL41004,0,0.102149196,21459
CHEMBL16086,0,0.102149196,21460
CHEMBL35081,0,0.102149196,21461
CHEMBL12317,0,0.102149196,21462
CHEMBL19806,0,0.102149196,21463
CHEMBL20758,0,0.102149196,21464
CHEMBL27944,0,0.102149196,21465
CHEMBL19889,0,0.102149196,21466
CHEMBL24666,0,0.102149196,21467
CHEMBL22651,0,0.102149196,21468
CHEMBL737,0,0.102149196,21469
CHEMBL13269,0,0.102149196,21470
CHEMBL22737,0,0.102149196,21471
CHEMBL10859,0,0.102149196,21472
CHEMBL22077,0,0.102149196,21473
CHEMBL16001,0,0.102149196,21474
CHEMBL41295,0,0.102149196,21475
CHEMBL36368,0,0.102149196,21476
CHEMBL42426,0,0.102149196,21477
CHEMBL11536,0,0.102149196,21478
CHEMBL38608,0,0.102149196,21479
CHEMBL3310223,0,0.102149196,21480
CHEMBL36936,0,0.102149196,21481
CHEMBL19309,0,0.102149196,21482
CHEMBL29189,0,0.102149196,21483
CHEMBL20314,0,0.10213715,21484
CHEMBL34324,0,0.10213715,21485
CHEMBL42796,0,0.1021063,21486
CHEMBL501650,0,0.102084056,21487
CHEMBL22358,0,0.102084056,21488
CHEMBL16220,0,0.102084056,21489
CHEMBL10083,0,0.10205984,21490
CHEMBL36971,0,0.101950385,21491
CHEMBL13871,0,0.101950385,21492
CHEMBL4435235,0,0.10194466,21493
CHEMBL39623,0,0.10194466,21494
CHEMBL27143,0,0.10194466,21495
CHEMBL11268,0,0.10194466,21496
CHEMBL26974,0,0.10194466,21497
CHEMBL15104,0,0.10194466,21498
CHEMBL18182,0,0.10194466,21499
CHEMBL37955,0,0.10194466,21500
CHEMBL7615,0,0.10194466,21501
CHEMBL4435954,0,0.10194466,21502
CHEMBL27449,0,0.10194466,21503
CHEMBL23327,0,0.10194466,21504
CHEMBL35472,0,0.10194466,21505
CHEMBL31116,0,0.10186768,21506
CHEMBL28131,0,0.10186768,21507
CHEMBL22489,0,0.10186768,21508
CHEMBL2113922,0,0.10186768,21509
CHEMBL34205,0,0.10182982,21510
CHEMBL489,0,0.10182982,21511
CHEMBL19799,0,0.10182982,21512
CHEMBL4435020,0,0.10182982,21513
CHEMBL30034,0,0.10182982,21514
CHEMBL28309,0,0.10182982,21515
CHEMBL13334,0,0.10182982,21516
CHEMBL16556,0,0.10182982,21517
CHEMBL24575,0,0.10182982,21518
CHEMBL36305,0,0.10182982,21519
CHEMBL18859,0,0.10182982,21520
CHEMBL1163169,0,0.10182982,21521
CHEMBL32857,0,0.10182982,21522
CHEMBL33374,0,0.10182982,21523
CHEMBL39858,0,0.10182982,21524
CHEMBL22095,0,0.10182982,21525
CHEMBL39650,0,0.10182982,21526
CHEMBL10177,0,0.10182982,21527
CHEMBL16250,0,0.10182982,21528
CHEMBL40228,0,0.10182982,21529
CHEMBL27450,0,0.10182982,21530
CHEMBL20101,0,0.10182982,21531
CHEMBL24914,0,0.10182982,21532
CHEMBL15556,0,0.10182982,21533
CHEMBL6455,0,0.10182982,21534
CHEMBL41429,0,0.10182982,21535
CHEMBL25609,0,0.10182982,21536
CHEMBL31356,0,0.10182982,21537
CHEMBL33709,0,0.10182982,21538
CHEMBL25344,0,0.10182982,21539
CHEMBL6367,0,0.10182982,21540
CHEMBL4435556,0,0.10182982,21541
CHEMBL30322,0,0.10182982,21542
CHEMBL14402,0,0.10182982,21543
CHEMBL24988,0,0.10182982,21544
CHEMBL4434692,0,0.10182982,21545
CHEMBL38992,0,0.10182982,21546
CHEMBL13736,0,0.10182982,21547
CHEMBL23898,0,0.10182982,21548
CHEMBL13465,0,0.10182982,21549
CHEMBL35180,0,0.10182982,21550
CHEMBL42864,0,0.10182982,21551
CHEMBL19379,0,0.10182982,21552
CHEMBL4435274,0,0.10182982,21553
CHEMBL29872,0,0.10182982,21554
CHEMBL40950,0,0.10182982,21555
CHEMBL37185,0,0.10182982,21556
CHEMBL9980,0,0.10182982,21557
CHEMBL6577,0,0.10182982,21558
CHEMBL34220,0,0.10182982,21559
CHEMBL635,0,0.10182982,21560
CHEMBL4559924,0,0.10182982,21561
CHEMBL9887,0,0.10182982,21562
CHEMBL29268,0,0.10182982,21563
CHEMBL37967,0,0.10182982,21564
CHEMBL18293,0,0.10182982,21565
CHEMBL35682,0,0.10182982,21566
CHEMBL7581,0,0.10182982,21567
CHEMBL6456,0,0.10182982,21568
CHEMBL12515,0,0.10182982,21569
CHEMBL40652,0,0.10182982,21570
CHEMBL786,0,0.10182982,21571
CHEMBL19605,0,0.10182982,21572
CHEMBL15806,0,0.10182982,21573
CHEMBL9947,0,0.10182982,21574
CHEMBL14603,0,0.10182982,21575
CHEMBL11066,0,0.10182982,21576
CHEMBL15592,0,0.10182982,21577
CHEMBL36935,0,0.10182982,21578
CHEMBL35193,0,0.10182428,21579
CHEMBL36377,0,0.10181835,21580
CHEMBL14307,0,0.10181835,21581
CHEMBL23367,0,0.10181835,21582
CHEMBL3310277,0,0.101762846,21583
CHEMBL29965,0,0.101762846,21584
CHEMBL36254,0,0.10171296,21585
CHEMBL7629,0,0.101699606,21586
CHEMBL40634,0,0.10167239,21587
CHEMBL8582,0,0.10167059,21588
CHEMBL18835,0,0.10167059,21589
CHEMBL25523,0,0.10159806,21590
CHEMBL41792,0,0.10159053,21591
CHEMBL26187,0,0.10159053,21592
CHEMBL21484,0,0.10159053,21593
CHEMBL9299,0,0.10159053,21594
CHEMBL17367,0,0.10153547,21595
CHEMBL32322,0,0.101445585,21596
CHEMBL20197,0,0.101362325,21597
CHEMBL23048,0,0.10126897,21598
CHEMBL6433,0,0.10125316,21599
CHEMBL38927,0,0.10110841,21600
CHEMBL22392,0,0.101005115,21601
CHEMBL29631,0,0.10097223,21602
CHEMBL28342,0,0.10095765,21603
CHEMBL6533,0,0.10093906,21604
CHEMBL12807,0,0.10093906,21605
CHEMBL21960,0,0.10092069,21606
CHEMBL32369,0,0.10092069,21607
CHEMBL41289,0,0.10091745,21608
CHEMBL30758,0,0.100869864,21609
CHEMBL21780,0,0.100869864,21610
CHEMBL11216,0,0.100869864,21611
CHEMBL4436105,0,0.100869864,21612
CHEMBL4436196,0,0.100869864,21613
CHEMBL35972,0,0.100869864,21614
CHEMBL4543529,0,0.100869864,21615
CHEMBL34123,0,0.100869864,21616
CHEMBL21142,0,0.100869864,21617
CHEMBL23245,0,0.100869864,21618
CHEMBL18937,0,0.100869864,21619
CHEMBL32359,0,0.100869864,21620
CHEMBL41206,0,0.100869864,21621
CHEMBL39061,0,0.100869864,21622
CHEMBL7653,0,0.100869864,21623
CHEMBL42351,0,0.100869864,21624
CHEMBL42355,0,0.100869864,21625
CHEMBL6618,0,0.100869864,21626
CHEMBL37351,0,0.100869864,21627
CHEMBL1096640,0,0.100869864,21628
CHEMBL10168,0,0.100869864,21629
CHEMBL17276,0,0.100869864,21630
CHEMBL27383,0,0.100869864,21631
CHEMBL7532,0,0.100869864,21632
CHEMBL4436155,0,0.100869864,21633
CHEMBL25772,0,0.100869864,21634
CHEMBL37697,0,0.100869864,21635
CHEMBL4435613,0,0.100869864,21636
CHEMBL21592,0,0.100869864,21637
CHEMBL37470,0,0.100869864,21638
CHEMBL24009,0,0.100869864,21639
CHEMBL4436407,0,0.100869864,21640
CHEMBL43568,0,0.100869864,21641
CHEMBL41564,0,0.100869864,21642
CHEMBL40598,0,0.100869864,21643
CHEMBL36250,0,0.100869864,21644
CHEMBL4435952,0,0.100869864,21645
CHEMBL32490,0,0.100869864,21646
CHEMBL20115,0,0.100869864,21647
CHEMBL4434650,0,0.1008027,21648
CHEMBL25715,0,0.10076807,21649
CHEMBL4435921,0,0.10064734,21650
CHEMBL11428,0,0.10064734,21651
CHEMBL18442,0,0.10064734,21652
CHEMBL21074,0,0.10064734,21653
CHEMBL37787,0,0.10064734,21654
CHEMBL38292,0,0.10063782,21655
CHEMBL24352,0,0.100631885,21656
CHEMBL6421,0,0.1005954,21657
CHEMBL27599,0,0.100594305,21658
CHEMBL19577,0,0.10058786,21659
CHEMBL24355,0,0.10058723,21660
CHEMBL13746,0,0.10055585,21661
CHEMBL3311525,0,0.10055585,21662
CHEMBL28809,0,0.10055576,21663
CHEMBL15417,0,0.100541145,21664
CHEMBL38635,0,0.100541145,21665
CHEMBL8602,0,0.100541145,21666
CHEMBL13730,0,0.100541145,21667
CHEMBL30827,0,0.100523815,21668
CHEMBL38811,0,0.10045373,21669
CHEMBL4435726,0,0.10045373,21670
CHEMBL17906,0,0.10045373,21671
CHEMBL28971,0,0.10045373,21672
CHEMBL8277,0,0.10045373,21673
CHEMBL10547,0,0.10045373,21674
CHEMBL37890,0,0.10045373,21675
CHEMBL37229,0,0.10045373,21676
CHEMBL6204,0,0.10045373,21677
CHEMBL6399,0,0.100404926,21678
CHEMBL18219,0,0.10040437,21679
CHEMBL40231,0,0.10028192,21680
CHEMBL32331,0,0.10028192,21681
CHEMBL18565,0,0.10028192,21682
CHEMBL32076,0,0.10024688,21683
CHEMBL15321,0,0.10023045,21684
CHEMBL26380,0,0.100181304,21685
CHEMBL38735,0,0.10013619,21686
CHEMBL17266,0,0.10013619,21687
CHEMBL14988,0,0.100044936,21688
CHEMBL12977,0,0.10000388,21689
CHEMBL18761,0,0.09981362,21690
CHEMBL516,0,0.09981362,21691
CHEMBL3310196,0,0.09979933,21692
CHEMBL27609,0,0.09979933,21693
CHEMBL17889,0,0.09973639,21694
CHEMBL23359,0,0.09963715,21695
CHEMBL31719,0,0.09960767,21696
CHEMBL12682,0,0.09960752,21697
CHEMBL12001,0,0.09960752,21698
CHEMBL33147,0,0.09946325,21699
CHEMBL3310015,0,0.09946325,21700
CHEMBL19130,0,0.09944824,21701
CHEMBL30077,0,0.09938168,21702
CHEMBL39634,0,0.09938168,21703
CHEMBL14504,0,0.09938168,21704
CHEMBL36888,0,0.09932169,21705
CHEMBL29695,0,0.09926473,21706
CHEMBL39286,0,0.09926473,21707
CHEMBL34212,0,0.09926473,21708
CHEMBL8111,0,0.09926473,21709
CHEMBL18949,0,0.09926473,21710
CHEMBL8315,0,0.099253595,21711
CHEMBL22347,0,0.099253595,21712
CHEMBL23126,0,0.099253595,21713
CHEMBL9379,0,0.09908179,21714
CHEMBL7935,0,0.09904522,21715
CHEMBL4436551,0,0.09903383,21716
CHEMBL34418,0,0.09902958,21717
CHEMBL3310102,0,0.09902626,21718
CHEMBL35683,0,0.09902626,21719
CHEMBL12262,0,0.098863885,21720
CHEMBL39705,0,0.09885515,21721
CHEMBL34966,0,0.09881434,21722
CHEMBL569907,0,0.09880899,21723
CHEMBL38657,0,0.09880899,21724
CHEMBL6389,0,0.09880899,21725
CHEMBL30378,0,0.09880899,21726
CHEMBL22731,0,0.09880591,21727
CHEMBL30590,0,0.09880591,21728
CHEMBL6973,0,0.09880591,21729
CHEMBL27984,0,0.09880591,21730
CHEMBL40394,0,0.09880591,21731
CHEMBL4435587,0,0.09880591,21732
CHEMBL11673,0,0.09879623,21733
CHEMBL33077,0,0.09875952,21734
CHEMBL18408,0,0.098718375,21735
CHEMBL35914,0,0.098718375,21736
CHEMBL41503,0,0.09868451,21737
CHEMBL33774,0,0.09866512,21738
CHEMBL4435146,0,0.09865993,21739
CHEMBL10924,0,0.098634616,21740
CHEMBL16944,0,0.098634616,21741
CHEMBL10589,0,0.098634616,21742
CHEMBL572530,0,0.098566,21743
CHEMBL36056,0,0.098566,21744
CHEMBL17202,0,0.09851736,21745
CHEMBL11279,0,0.098487906,21746
CHEMBL1215684,0,0.098443486,21747
CHEMBL28112,0,0.098443486,21748
CHEMBL3309515,0,0.09841987,21749
CHEMBL22559,0,0.0983969,21750
CHEMBL22105,0,0.09839389,21751
CHEMBL17475,0,0.098376535,21752
CHEMBL4436376,0,0.09835606,21753
CHEMBL9580,0,0.09835606,21754
CHEMBL38163,0,0.09835606,21755
CHEMBL28586,0,0.09834363,21756
CHEMBL12414,0,0.09834363,21757
CHEMBL30727,0,0.0982392,21758
CHEMBL14697,0,0.09818137,21759
CHEMBL32394,0,0.09815198,21760
CHEMBL20033,0,0.0981364,21761
CHEMBL8255,0,0.09782868,21762
CHEMBL436,0,0.09782868,21763
CHEMBL40146,0,0.09782868,21764
CHEMBL17285,0,0.0977404,21765
CHEMBL13790,0,0.0977404,21766
CHEMBL32498,0,0.0977404,21767
CHEMBL41803,0,0.097708926,21768
CHEMBL11991,0,0.097708926,21769
CHEMBL15769,0,0.097708926,21770
CHEMBL4553644,0,0.097708926,21771
CHEMBL12973,0,0.097708926,21772
CHEMBL28246,0,0.097708926,21773
CHEMBL22201,0,0.097708926,21774
CHEMBL12014,0,0.097708926,21775
CHEMBL10153,0,0.097708926,21776
CHEMBL7172,0,0.097708926,21777
CHEMBL17584,0,0.097708926,21778
CHEMBL31548,0,0.097708926,21779
CHEMBL15958,0,0.097708926,21780
CHEMBL19191,0,0.097708926,21781
CHEMBL30027,0,0.097708926,21782
CHEMBL21856,0,0.097708926,21783
CHEMBL604009,0,0.097708926,21784
CHEMBL27570,0,0.097708926,21785
CHEMBL39234,0,0.097708926,21786
CHEMBL20184,0,0.097708926,21787
CHEMBL41812,0,0.097694695,21788
CHEMBL30993,0,0.097674966,21789
CHEMBL14112,0,0.097674966,21790
CHEMBL39497,0,0.097674966,21791
CHEMBL19273,0,0.097674966,21792
CHEMBL3311319,0,0.097674966,21793
CHEMBL25656,0,0.09765685,21794
CHEMBL4435548,0,0.09763478,21795
CHEMBL10613,0,0.09761461,21796
CHEMBL8601,0,0.09761461,21797
CHEMBL27203,0,0.09761461,21798
CHEMBL25987,0,0.09761461,21799
CHEMBL32707,0,0.09761461,21800
CHEMBL6530,0,0.09761461,21801
CHEMBL21343,0,0.09761461,21802
CHEMBL31692,0,0.09761461,21803
CHEMBL6512,0,0.09761461,21804
CHEMBL16776,0,0.09761461,21805
CHEMBL1184883,0,0.09761461,21806
CHEMBL21172,0,0.09761461,21807
CHEMBL33501,0,0.09761461,21808
CHEMBL528112,0,0.09761461,21809
CHEMBL17026,0,0.09761461,21810
CHEMBL32776,0,0.09761461,21811
CHEMBL4543408,0,0.09761461,21812
CHEMBL20994,0,0.09761461,21813
CHEMBL26865,0,0.09761461,21814
CHEMBL10217,0,0.09761461,21815
CHEMBL23690,0,0.09761461,21816
CHEMBL19503,0,0.09761461,21817
CHEMBL1171705,0,0.0976118,21818
CHEMBL24057,0,0.09758372,21819
CHEMBL10464,0,0.09749153,21820
CHEMBL16282,0,0.097440034,21821
CHEMBL27132,0,0.09743097,21822
CHEMBL38718,0,0.09743097,21823
CHEMBL3309687,0,0.09743097,21824
CHEMBL18200,0,0.09743097,21825
CHEMBL4435301,0,0.09743097,21826
CHEMBL23170,0,0.09743097,21827
CHEMBL41960,0,0.09743097,21828
CHEMBL266960,0,0.09743097,21829
CHEMBL7794,0,0.09743097,21830
CHEMBL4435935,0,0.09743097,21831
CHEMBL17594,0,0.09743097,21832
CHEMBL14392,0,0.09741329,21833
CHEMBL29613,0,0.09740685,21834
CHEMBL8362,0,0.09740193,21835
CHEMBL31549,0,0.09740193,21836
CHEMBL37821,0,0.09740193,21837
CHEMBL8229,0,0.09740193,21838
CHEMBL38125,0,0.09740193,21839
CHEMBL1088996,0,0.09740193,21840
CHEMBL4436178,0,0.09740193,21841
CHEMBL6586,0,0.09740193,21842
CHEMBL10361,0,0.09740193,21843
CHEMBL40980,0,0.09740193,21844
CHEMBL20741,0,0.09740193,21845
CHEMBL29618,0,0.09740193,21846
CHEMBL19412,0,0.09740193,21847
CHEMBL42319,0,0.09727006,21848
CHEMBL34728,0,0.09727006,21849
CHEMBL582140,0,0.09727006,21850
CHEMBL10938,0,0.09727006,21851
CHEMBL38472,0,0.09727006,21852
CHEMBL16501,0,0.09725172,21853
CHEMBL30932,0,0.09725172,21854
CHEMBL31712,0,0.09724362,21855
CHEMBL43822,0,0.097239085,21856
CHEMBL37492,0,0.09717422,21857
CHEMBL23280,0,0.09716098,21858
CHEMBL23421,0,0.09716098,21859
CHEMBL14018,0,0.09716098,21860
CHEMBL17753,0,0.09714864,21861
CHEMBL4436509,0,0.09714864,21862
CHEMBL18351,0,0.09714864,21863
CHEMBL35103,0,0.097123295,21864
CHEMBL35476,0,0.097123295,21865
CHEMBL24348,0,0.097123295,21866
CHEMBL22360,0,0.097123295,21867
CHEMBL42025,0,0.097123295,21868
CHEMBL11674,0,0.097111925,21869
CHEMBL41175,0,0.09706733,21870
CHEMBL1163495,0,0.09697319,21871
CHEMBL18186,0,0.09697319,21872
CHEMBL17592,0,0.09697319,21873
CHEMBL22255,0,0.09697319,21874
CHEMBL3309421,0,0.0969603,21875
CHEMBL29466,0,0.09695645,21876
CHEMBL18328,0,0.09693486,21877
CHEMBL20372,0,0.09693486,21878
CHEMBL39954,0,0.09693486,21879
CHEMBL22776,0,0.09693486,21880
CHEMBL15766,0,0.09693486,21881
CHEMBL3309622,0,0.09686826,21882
CHEMBL32112,0,0.09686826,21883
CHEMBL4435754,0,0.096834145,21884
CHEMBL10870,0,0.096834145,21885
CHEMBL20978,0,0.09681229,21886
CHEMBL34326,0,0.09681229,21887
CHEMBL13645,0,0.09681229,21888
CHEMBL24432,0,0.09681229,21889
CHEMBL17683,0,0.09681229,21890
CHEMBL6532,0,0.09681229,21891
CHEMBL8586,0,0.09681229,21892
CHEMBL35928,0,0.09681229,21893
CHEMBL14134,0,0.09681229,21894
CHEMBL14124,0,0.09681229,21895
CHEMBL9849,0,0.09681229,21896
CHEMBL18346,0,0.09681229,21897
CHEMBL16575,0,0.09681229,21898
CHEMBL33644,0,0.09681229,21899
CHEMBL41550,0,0.09681229,21900
CHEMBL31502,0,0.09681229,21901
CHEMBL1183461,0,0.09681229,21902
CHEMBL3310155,0,0.09680712,21903
CHEMBL12828,0,0.09678127,21904
CHEMBL24335,0,0.09677536,21905
CHEMBL822,0,0.09677536,21906
CHEMBL23213,0,0.0967437,21907
CHEMBL11967,0,0.096708834,21908
CHEMBL32168,0,0.096708834,21909
CHEMBL27233,0,0.09669706,21910
CHEMBL20081,0,0.09669706,21911
CHEMBL12314,0,0.09669706,21912
CHEMBL38058,0,0.09669706,21913
CHEMBL30104,0,0.09669706,21914
CHEMBL37933,0,0.09669634,21915
CHEMBL11392,0,0.09665624,21916
CHEMBL30095,0,0.09665174,21917
CHEMBL40335,0,0.09658686,21918
CHEMBL33721,0,0.09658686,21919
CHEMBL40613,0,0.09658686,21920
CHEMBL34945,0,0.09658686,21921
CHEMBL19288,0,0.09653245,21922
CHEMBL12073,0,0.096529596,21923
CHEMBL31428,0,0.096529596,21924
CHEMBL4543259,0,0.096529596,21925
CHEMBL23184,0,0.096529596,21926
CHEMBL34543,0,0.096529596,21927
CHEMBL29231,0,0.09650781,21928
CHEMBL41737,0,0.09650781,21929
CHEMBL35078,0,0.09650781,21930
CHEMBL1163465,0,0.09650781,21931
CHEMBL29678,0,0.09650781,21932
CHEMBL35560,0,0.09650781,21933
CHEMBL37128,0,0.09650781,21934
CHEMBL15579,0,0.09650781,21935
CHEMBL1163157,0,0.09650781,21936
CHEMBL4434981,0,0.09650233,21937
CHEMBL17742,0,0.0964954,21938
CHEMBL574347,0,0.096378595,21939
CHEMBL584146,0,0.09637334,21940
CHEMBL20195,0,0.09637334,21941
CHEMBL12087,0,0.0963692,21942
CHEMBL24449,0,0.096359685,21943
CHEMBL9233,0,0.096359685,21944
CHEMBL32616,0,0.096359685,21945
CHEMBL6883,0,0.09627954,21946
CHEMBL24998,0,0.096276015,21947
CHEMBL24406,0,0.096276015,21948
CHEMBL35595,0,0.096175365,21949
CHEMBL6471,0,0.09614163,21950
CHEMBL3309343,0,0.09613595,21951
CHEMBL23360,0,0.09609293,21952
CHEMBL43425,0,0.09609293,21953
CHEMBL40320,0,0.09595707,21954
CHEMBL39182,0,0.09588471,21955
CHEMBL35959,0,0.09588226,21956
CHEMBL36301,0,0.09580656,21957
CHEMBL39417,0,0.09580656,21958
CHEMBL10695,0,0.09580656,21959
CHEMBL7588,0,0.095754385,21960
CHEMBL32221,0,0.09575044,21961
CHEMBL16444,0,0.09573106,21962
CHEMBL33738,0,0.09572645,21963
CHEMBL12681,0,0.09572645,21964
CHEMBL20409,0,0.09572645,21965
CHEMBL9147,0,0.09572645,21966
CHEMBL39230,0,0.09572645,21967
CHEMBL37573,0,0.0956387,21968
CHEMBL35989,0,0.09563794,21969
CHEMBL4435888,0,0.09563256,21970
CHEMBL25580,0,0.09563256,21971
CHEMBL2070335,0,0.09561864,21972
CHEMBL16288,0,0.09561864,21973
CHEMBL39324,0,0.09560163,21974
CHEMBL22019,0,0.09551424,21975
CHEMBL19869,0,0.09551424,21976
CHEMBL18112,0,0.09551424,21977
CHEMBL27487,0,0.09551424,21978
CHEMBL4436236,0,0.09550967,21979
CHEMBL13251,0,0.09550967,21980
CHEMBL36573,0,0.09549276,21981
CHEMBL25342,0,0.09542517,21982
CHEMBL24198,0,0.09542517,21983
CHEMBL9994,0,0.09542517,21984
CHEMBL22473,0,0.09542517,21985
CHEMBL21298,0,0.09542517,21986
CHEMBL24927,0,0.09542517,21987
CHEMBL30250,0,0.09536485,21988
CHEMBL30743,0,0.0953399,21989
CHEMBL23100,0,0.09532954,21990
CHEMBL40138,0,0.09532954,21991
CHEMBL4436563,0,0.09526392,21992
CHEMBL14357,0,0.09523173,21993
CHEMBL27597,0,0.09523173,21994
CHEMBL11019,0,0.09523173,21995
CHEMBL7054,0,0.09523173,21996
CHEMBL22829,0,0.09523173,21997
CHEMBL22812,0,0.09523173,21998
CHEMBL29263,0,0.09523173,21999
CHEMBL7712,0,0.09523173,22000
CHEMBL29993,0,0.09523173,22001
CHEMBL15770,0,0.09523173,22002
CHEMBL31954,0,0.095223926,22003
CHEMBL33561,0,0.095223926,22004
CHEMBL716,0,0.095223926,22005
CHEMBL7033,0,0.09514564,22006
CHEMBL7880,0,0.09514564,22007
CHEMBL26919,0,0.09514564,22008
CHEMBL8196,0,0.095059,22009
CHEMBL39467,0,0.095059,22010
CHEMBL36560,0,0.095059,22011
CHEMBL3309585,0,0.095059,22012
CHEMBL38744,0,0.095059,22013
CHEMBL28447,0,0.095059,22014
CHEMBL22645,0,0.095059,22015
CHEMBL12733,0,0.09497505,22016
CHEMBL9618,0,0.09496257,22017
CHEMBL36080,0,0.0948998,22018
CHEMBL6814,0,0.0948998,22019
CHEMBL13242,0,0.09489431,22020
CHEMBL35498,0,0.09485243,22021
CHEMBL40936,0,0.094726086,22022
CHEMBL19422,0,0.09472563,22023
CHEMBL39780,0,0.09472563,22024
CHEMBL39090,0,0.09460769,22025
CHEMBL564260,0,0.09460071,22026
CHEMBL16271,0,0.09460071,22027
CHEMBL11082,0,0.09456471,22028
CHEMBL1165401,0,0.09456471,22029
CHEMBL22253,0,0.094296366,22030
CHEMBL35263,0,0.09426076,22031
CHEMBL4436028,0,0.09423509,22032
CHEMBL29264,0,0.09423096,22033
CHEMBL15715,0,0.09423096,22034
CHEMBL42877,0,0.09423096,22035
CHEMBL20454,0,0.09423096,22036
CHEMBL11339,0,0.09423096,22037
CHEMBL24798,0,0.09423096,22038
CHEMBL40552,0,0.09415208,22039
CHEMBL18707,0,0.094113246,22040
CHEMBL27352,0,0.094113246,22041
CHEMBL8570,0,0.09406183,22042
CHEMBL111,0,0.09404749,22043
CHEMBL33452,0,0.09396452,22044
CHEMBL30204,0,0.09396452,22045
CHEMBL35660,0,0.09396452,22046
CHEMBL15767,0,0.09393375,22047
CHEMBL10401,0,0.09393375,22048
CHEMBL8616,0,0.09391399,22049
CHEMBL20822,0,0.09391399,22050
CHEMBL13364,0,0.09391399,22051
CHEMBL25302,0,0.093900256,22052
CHEMBL15684,0,0.093865775,22053
CHEMBL15639,0,0.09384907,22054
CHEMBL27436,0,0.093812644,22055
CHEMBL34804,0,0.093812644,22056
CHEMBL260023,0,0.09381008,22057
CHEMBL41518,0,0.09378587,22058
CHEMBL18144,0,0.09378587,22059
CHEMBL32733,0,0.09377049,22060
CHEMBL3309726,0,0.09372562,22061
CHEMBL35343,0,0.093720704,22062
CHEMBL3310083,0,0.093720704,22063
CHEMBL27895,0,0.0937177,22064
CHEMBL9393,0,0.09357217,22065
CHEMBL10787,0,0.09357217,22066
CHEMBL14459,0,0.09357217,22067
CHEMBL16031,0,0.09357217,22068
CHEMBL4435035,0,0.09350428,22069
CHEMBL38281,0,0.09345816,22070
CHEMBL4543226,0,0.09345816,22071
CHEMBL22339,0,0.09339151,22072
CHEMBL18268,0,0.09339151,22073
CHEMBL536166,0,0.09339151,22074
CHEMBL21855,0,0.09339151,22075
CHEMBL10288,0,0.09339151,22076
CHEMBL4435883,0,0.09339151,22077
CHEMBL28077,0,0.09339151,22078
CHEMBL14441,0,0.09339151,22079
CHEMBL38787,0,0.09339151,22080
CHEMBL33138,0,0.09339151,22081
CHEMBL1088641,0,0.09339151,22082
CHEMBL20633,0,0.09339151,22083
CHEMBL41306,0,0.09339151,22084
CHEMBL10563,0,0.09339151,22085
CHEMBL34062,0,0.09339151,22086
CHEMBL3309721,0,0.09339151,22087
CHEMBL27025,0,0.09339151,22088
CHEMBL503,0,0.09339151,22089
CHEMBL25013,0,0.09339151,22090
CHEMBL27765,0,0.09339151,22091
CHEMBL28634,0,0.09339151,22092
CHEMBL30011,0,0.09339151,22093
CHEMBL22540,0,0.09339151,22094
CHEMBL35178,0,0.09339151,22095
CHEMBL3310967,0,0.09339151,22096
CHEMBL3311179,0,0.09339151,22097
CHEMBL36271,0,0.09339151,22098
CHEMBL17119,0,0.09339151,22099
CHEMBL36959,0,0.09339151,22100
CHEMBL32098,0,0.09339151,22101
CHEMBL21216,0,0.09339151,22102
CHEMBL38417,0,0.09339151,22103
CHEMBL11692,0,0.09339151,22104
CHEMBL42442,0,0.09339151,22105
CHEMBL10901,0,0.09339151,22106
CHEMBL11577,0,0.09339151,22107
CHEMBL19146,0,0.09339151,22108
CHEMBL15151,0,0.09339151,22109
CHEMBL17815,0,0.093379185,22110
CHEMBL7852,0,0.09333041,22111
CHEMBL41760,0,0.093313105,22112
CHEMBL15908,0,0.093313105,22113
CHEMBL24064,0,0.093313105,22114
CHEMBL32087,0,0.0932514,22115
CHEMBL4436485,0,0.093251176,22116
CHEMBL9372,0,0.09324213,22117
CHEMBL18077,0,0.09324213,22118
CHEMBL16272,0,0.09324213,22119
CHEMBL22336,0,0.093212724,22120
CHEMBL23279,0,0.09316715,22121
CHEMBL29494,0,0.0931108,22122
CHEMBL21677,0,0.09310828,22123
CHEMBL15229,0,0.09310828,22124
CHEMBL18158,0,0.09310828,22125
CHEMBL25035,0,0.09308922,22126
CHEMBL4435076,0,0.09308922,22127
CHEMBL3310457,0,0.09307815,22128
CHEMBL35673,0,0.09307815,22129
CHEMBL18397,0,0.093016565,22130
CHEMBL4543563,0,0.093016565,22131
CHEMBL27861,0,0.09293395,22132
CHEMBL26113,0,0.09293395,22133
CHEMBL4434968,0,0.09291307,22134
CHEMBL42847,0,0.09284407,22135
CHEMBL38112,0,0.09284407,22136
CHEMBL41282,0,0.092829876,22137
CHEMBL37072,0,0.092829876,22138
CHEMBL25468,0,0.09280211,22139
CHEMBL10143,0,0.09279015,22140
CHEMBL17310,0,0.09267104,22141
CHEMBL11153,0,0.09261696,22142
CHEMBL4435829,0,0.09261696,22143
CHEMBL16175,0,0.09259137,22144
CHEMBL16719,0,0.092583105,22145
CHEMBL34504,0,0.0925816,22146
CHEMBL40580,0,0.0925816,22147
CHEMBL37362,0,0.09253573,22148
CHEMBL29214,0,0.09253573,22149
CHEMBL17380,0,0.09253573,22150
CHEMBL14636,0,0.09253573,22151
CHEMBL7086,0,0.09251435,22152
CHEMBL4553551,0,0.09250971,22153
CHEMBL1163191,0,0.09243183,22154
CHEMBL846,0,0.09241702,22155
CHEMBL39434,0,0.09237825,22156
CHEMBL30053,0,0.09237825,22157
CHEMBL14891,0,0.09237699,22158
CHEMBL23167,0,0.092349984,22159
CHEMBL14520,0,0.09233789,22160
CHEMBL15404,0,0.09233789,22161
CHEMBL13571,0,0.09233789,22162
CHEMBL10766,0,0.09233789,22163
CHEMBL14586,0,0.09233789,22164
CHEMBL26436,0,0.0922988,22165
CHEMBL8338,0,0.0922988,22166
CHEMBL8540,0,0.092292406,22167
CHEMBL27565,0,0.092292406,22168
CHEMBL37392,0,0.092292406,22169
CHEMBL31696,0,0.092292406,22170
CHEMBL15361,0,0.092157654,22171
CHEMBL10697,0,0.09209805,22172
CHEMBL40346,0,0.09209805,22173
CHEMBL25687,0,0.09209805,22174
CHEMBL41805,0,0.09209805,22175
CHEMBL31478,0,0.09209805,22176
CHEMBL27823,0,0.09209805,22177
CHEMBL35439,0,0.09209805,22178
CHEMBL3310327,0,0.09209805,22179
CHEMBL3309741,0,0.09209805,22180
CHEMBL35762,0,0.09209805,22181
CHEMBL6558,0,0.09209805,22182
CHEMBL42094,0,0.09209805,22183
CHEMBL22683,0,0.09209805,22184
CHEMBL4435107,0,0.09209805,22185
CHEMBL36685,0,0.09209805,22186
CHEMBL10139,0,0.09209805,22187
CHEMBL4434705,0,0.09209805,22188
CHEMBL4435640,0,0.09209805,22189
CHEMBL32438,0,0.09209805,22190
CHEMBL29748,0,0.09209805,22191
CHEMBL27251,0,0.09209805,22192
CHEMBL20099,0,0.09203117,22193
CHEMBL19897,0,0.09202953,22194
CHEMBL1173106,0,0.09198935,22195
CHEMBL16397,0,0.09198935,22196
CHEMBL32491,0,0.09198935,22197
CHEMBL34438,0,0.09198935,22198
CHEMBL36659,0,0.09198272,22199
CHEMBL26817,0,0.09198272,22200
CHEMBL19893,0,0.09194486,22201
CHEMBL14536,0,0.091937155,22202
CHEMBL29739,0,0.091888465,22203
CHEMBL40888,0,0.091888465,22204
CHEMBL578483,0,0.091856055,22205
CHEMBL30569,0,0.091798395,22206
CHEMBL7573,0,0.091757424,22207
CHEMBL20925,0,0.09165766,22208
CHEMBL42959,0,0.09165766,22209
CHEMBL3310293,0,0.09164845,22210
CHEMBL13512,0,0.0916271,22211
CHEMBL39487,0,0.091617554,22212
CHEMBL22787,0,0.091524735,22213
CHEMBL42849,0,0.09147237,22214
CHEMBL23709,0,0.09147237,22215
CHEMBL34874,0,0.09147237,22216
CHEMBL21766,0,0.09147237,22217
CHEMBL554494,0,0.09147237,22218
CHEMBL6575,0,0.09147237,22219
CHEMBL33449,0,0.09147237,22220
CHEMBL16894,0,0.09147237,22221
CHEMBL6503,0,0.091469675,22222
CHEMBL34073,0,0.091463,22223
CHEMBL17639,0,0.091463,22224
CHEMBL4435048,0,0.09144013,22225
CHEMBL21940,0,0.09144013,22226
CHEMBL16054,0,0.09144013,22227
CHEMBL35574,0,0.09144013,22228
CHEMBL15154,0,0.091439314,22229
CHEMBL9194,0,0.09142545,22230
CHEMBL7222,0,0.09138511,22231
CHEMBL23136,0,0.09138511,22232
CHEMBL15948,0,0.09138511,22233
CHEMBL37022,0,0.09138511,22234
CHEMBL4543567,0,0.09136908,22235
CHEMBL4435128,0,0.091319926,22236
CHEMBL7839,0,0.09130768,22237
CHEMBL753,0,0.09130768,22238
CHEMBL31398,0,0.09130768,22239
CHEMBL42795,0,0.09130768,22240
CHEMBL32416,0,0.09127765,22241
CHEMBL4303782,0,0.0912739,22242
CHEMBL438807,0,0.09127265,22243
CHEMBL11168,0,0.09127265,22244
CHEMBL30545,0,0.09127265,22245
CHEMBL26474,0,0.09127265,22246
CHEMBL16174,0,0.091258116,22247
CHEMBL33386,0,0.091258116,22248
CHEMBL8627,0,0.091258116,22249
CHEMBL4116161,0,0.09121976,22250
CHEMBL26800,0,0.09121976,22251
CHEMBL573444,0,0.09121976,22252
CHEMBL11884,0,0.09121976,22253
CHEMBL9485,0,0.09121976,22254
CHEMBL13073,0,0.09121976,22255
CHEMBL1237060,0,0.09121976,22256
CHEMBL14001,0,0.09121976,22257
CHEMBL33358,0,0.0909848,22258
CHEMBL39767,0,0.09089871,22259
CHEMBL22023,0,0.090863995,22260
CHEMBL16399,0,0.09086252,22261
CHEMBL3309739,0,0.09085007,22262
CHEMBL10890,0,0.09084629,22263
CHEMBL25312,0,0.09060479,22264
CHEMBL15042,0,0.090587184,22265
CHEMBL3310140,0,0.09054179,22266
CHEMBL4436023,0,0.09052481,22267
CHEMBL22529,0,0.09043353,22268
CHEMBL17209,0,0.09043353,22269
CHEMBL37275,0,0.09043353,22270
CHEMBL28961,0,0.09043353,22271
CHEMBL4436554,0,0.09043353,22272
CHEMBL476536,0,0.09043353,22273
CHEMBL16618,0,0.090382785,22274
CHEMBL12135,0,0.090318754,22275
CHEMBL11249,0,0.090318754,22276
CHEMBL28399,0,0.090318754,22277
CHEMBL26147,0,0.09031487,22278
CHEMBL21588,0,0.09018995,22279
CHEMBL27692,0,0.09018995,22280
CHEMBL41865,0,0.09018995,22281
CHEMBL24696,0,0.0901764,22282
CHEMBL7266,0,0.0901764,22283
CHEMBL16677,0,0.090134285,22284
CHEMBL21891,0,0.090080425,22285
CHEMBL8219,0,0.09002611,22286
CHEMBL9827,0,0.09000947,22287
CHEMBL36018,0,0.08999038,22288
CHEMBL4434755,0,0.08999038,22289
CHEMBL36320,0,0.08992644,22290
CHEMBL20646,0,0.08991157,22291
CHEMBL4436011,0,0.08981117,22292
CHEMBL28578,0,0.089757174,22293
CHEMBL36742,0,0.08973422,22294
CHEMBL265216,0,0.08969903,22295
CHEMBL13732,0,0.089653365,22296
CHEMBL8253,0,0.08950322,22297
CHEMBL24659,0,0.08950322,22298
CHEMBL10754,0,0.08950322,22299
CHEMBL3310520,0,0.08950322,22300
CHEMBL42859,0,0.08949298,22301
CHEMBL11799,0,0.0894775,22302
CHEMBL13039,0,0.0894775,22303
CHEMBL31284,0,0.0894775,22304
CHEMBL40354,0,0.0894775,22305
CHEMBL7782,0,0.0894775,22306
CHEMBL36789,0,0.08947385,22307
CHEMBL4435186,0,0.08947385,22308
CHEMBL30551,0,0.08946687,22309
CHEMBL7350,0,0.08946589,22310
CHEMBL29918,0,0.08946589,22311
CHEMBL3309509,0,0.08946589,22312
CHEMBL41716,0,0.089463264,22313
CHEMBL22235,0,0.089444354,22314
CHEMBL10624,0,0.089444354,22315
CHEMBL3309339,0,0.089444354,22316
CHEMBL4543389,0,0.08943175,22317
CHEMBL34584,0,0.0893477,22318
CHEMBL15050,0,0.08930929,22319
CHEMBL32581,0,0.08930929,22320
CHEMBL22815,0,0.08928554,22321
CHEMBL33937,0,0.08921128,22322
CHEMBL20041,0,0.08921128,22323
CHEMBL40423,0,0.08921128,22324
CHEMBL29462,0,0.08921128,22325
CHEMBL40249,0,0.08921128,22326
CHEMBL22149,0,0.08921128,22327
CHEMBL4435966,0,0.089159764,22328
CHEMBL39193,0,0.089159764,22329
CHEMBL39174,0,0.089159764,22330
CHEMBL603409,0,0.089159764,22331
CHEMBL15347,0,0.089159764,22332
CHEMBL39914,0,0.089159764,22333
CHEMBL8962,0,0.089159764,22334
CHEMBL14165,0,0.089159764,22335
CHEMBL3310868,0,0.089159764,22336
CHEMBL31114,0,0.089159764,22337
CHEMBL13249,0,0.089159764,22338
CHEMBL38458,0,0.089159764,22339
CHEMBL28619,0,0.089159764,22340
CHEMBL13363,0,0.089159764,22341
CHEMBL41032,0,0.089159764,22342
CHEMBL38340,0,0.089141294,22343
CHEMBL3310988,0,0.08906461,22344
CHEMBL42234,0,0.089010775,22345
CHEMBL609157,0,0.08900335,22346
CHEMBL40187,0,0.08895628,22347
CHEMBL4435362,0,0.08883483,22348
CHEMBL37353,0,0.08879828,22349
CHEMBL10581,0,0.088788114,22350
CHEMBL7288,0,0.08876982,22351
CHEMBL29406,0,0.08876982,22352
CHEMBL7313,0,0.08876982,22353
CHEMBL16607,0,0.08876982,22354
CHEMBL35563,0,0.08876982,22355
CHEMBL26266,0,0.08876982,22356
CHEMBL27361,0,0.08876982,22357
CHEMBL40673,0,0.08876982,22358
CHEMBL7665,0,0.08876982,22359
CHEMBL42966,0,0.08876982,22360
CHEMBL3309496,0,0.08876982,22361
CHEMBL30175,0,0.08876982,22362
CHEMBL41561,0,0.088758275,22363
CHEMBL12723,0,0.08872132,22364
CHEMBL35871,0,0.088682815,22365
CHEMBL24291,0,0.08865684,22366
CHEMBL14105,0,0.08865684,22367
CHEMBL25305,0,0.08862213,22368
CHEMBL9262,0,0.08853783,22369
CHEMBL12798,0,0.088499755,22370
CHEMBL23845,0,0.08848966,22371
CHEMBL39265,0,0.08848966,22372
CHEMBL12219,0,0.088475294,22373
CHEMBL9199,0,0.08844679,22374
CHEMBL3309905,0,0.08843894,22375
CHEMBL3309490,0,0.08841021,22376
CHEMBL3310329,0,0.08841021,22377
CHEMBL3310328,0,0.08841021,22378
CHEMBL34679,0,0.08841021,22379
CHEMBL13642,0,0.08841021,22380
CHEMBL27581,0,0.08840649,22381
CHEMBL6742,0,0.08833732,22382
CHEMBL25735,0,0.08833732,22383
CHEMBL14882,0,0.08828614,22384
CHEMBL32141,0,0.088191025,22385
CHEMBL29923,0,0.08813146,22386
CHEMBL15588,0,0.088005915,22387
CHEMBL35678,0,0.087941684,22388
CHEMBL41932,0,0.0879187,22389
CHEMBL4436148,0,0.0879187,22390
CHEMBL20531,0,0.08780413,22391
CHEMBL18726,0,0.08780413,22392
CHEMBL17523,0,0.08780413,22393
CHEMBL1183203,0,0.08780413,22394
CHEMBL31632,0,0.08780413,22395
CHEMBL6772,0,0.08780413,22396
CHEMBL27077,0,0.08780413,22397
CHEMBL12157,0,0.08780413,22398
CHEMBL4435887,0,0.08780413,22399
CHEMBL25800,0,0.08780413,22400
CHEMBL24224,0,0.08775759,22401
CHEMBL38591,0,0.087743886,22402
CHEMBL4435853,0,0.08772593,22403
CHEMBL13848,0,0.08772593,22404
CHEMBL24074,0,0.08770281,22405
CHEMBL4435709,0,0.087689646,22406
CHEMBL20796,0,0.087689646,22407
CHEMBL35250,0,0.087689646,22408
CHEMBL3310334,0,0.087689646,22409
CHEMBL25343,0,0.087689646,22410
CHEMBL11913,0,0.087689646,22411
CHEMBL30593,0,0.087689646,22412
CHEMBL7373,0,0.087689646,22413
CHEMBL6721,0,0.087689646,22414
CHEMBL37788,0,0.08767734,22415
CHEMBL13890,0,0.08767587,22416
CHEMBL42269,0,0.087626964,22417
CHEMBL28109,0,0.08761717,22418
CHEMBL10197,0,0.08761717,22419
CHEMBL3309654,0,0.08761551,22420
CHEMBL25641,0,0.0876068,22421
CHEMBL29142,0,0.08758801,22422
CHEMBL31617,0,0.08758801,22423
CHEMBL35356,0,0.08758775,22424
CHEMBL1082252,0,0.0875654,22425
CHEMBL17474,0,0.08756445,22426
CHEMBL14941,0,0.08756445,22427
CHEMBL15634,0,0.08756258,22428
CHEMBL18469,0,0.08754917,22429
CHEMBL37247,0,0.08753144,22430
CHEMBL30597,0,0.08752523,22431
CHEMBL33530,0,0.08752523,22432
CHEMBL19317,0,0.08752523,22433
CHEMBL50,0,0.087524965,22434
CHEMBL4435738,0,0.087524965,22435
CHEMBL39342,0,0.08747852,22436
CHEMBL41439,0,0.08747852,22437
CHEMBL39565,0,0.08742926,22438
CHEMBL34594,0,0.087390706,22439
CHEMBL4116125,0,0.087350495,22440
CHEMBL29265,0,0.08733725,22441
CHEMBL33455,0,0.08733674,22442
CHEMBL13811,0,0.08716208,22443
CHEMBL16743,0,0.08716208,22444
CHEMBL27350,0,0.08716208,22445
CHEMBL15521,0,0.08716208,22446
CHEMBL21616,0,0.087139495,22447
CHEMBL589268,0,0.08713617,22448
CHEMBL15303,0,0.08713617,22449
CHEMBL22422,0,0.08713617,22450
CHEMBL19054,0,0.08713617,22451
CHEMBL28437,0,0.08713617,22452
CHEMBL1096263,0,0.08713617,22453
CHEMBL25795,0,0.08713617,22454
CHEMBL24419,0,0.08713617,22455
CHEMBL42260,0,0.08713617,22456
CHEMBL25432,0,0.08713617,22457
CHEMBL34081,0,0.08713617,22458
CHEMBL32420,0,0.08713617,22459
CHEMBL29873,0,0.08713617,22460
CHEMBL42242,0,0.08713617,22461
CHEMBL16474,0,0.08713617,22462
CHEMBL503702,0,0.08713617,22463
CHEMBL14167,0,0.08713617,22464
CHEMBL20627,0,0.08713617,22465
CHEMBL20647,0,0.08713617,22466
CHEMBL9889,0,0.08713617,22467
CHEMBL22351,0,0.08713617,22468
CHEMBL12756,0,0.08713617,22469
CHEMBL41969,0,0.08713617,22470
CHEMBL39080,0,0.08713617,22471
CHEMBL1163167,0,0.08713617,22472
CHEMBL25852,0,0.08713617,22473
CHEMBL19764,0,0.08713617,22474
CHEMBL27001,0,0.08713617,22475
CHEMBL21979,0,0.08713617,22476
CHEMBL15025,0,0.08713617,22477
CHEMBL21134,0,0.08713617,22478
CHEMBL12371,0,0.08713617,22479
CHEMBL23255,0,0.08713617,22480
CHEMBL38818,0,0.08713617,22481
CHEMBL39930,0,0.08713617,22482
CHEMBL22808,0,0.08713617,22483
CHEMBL35273,0,0.08713617,22484
CHEMBL10645,0,0.08713617,22485
CHEMBL14056,0,0.08713617,22486
CHEMBL441131,0,0.08713617,22487
CHEMBL8946,0,0.08713617,22488
CHEMBL10795,0,0.08713617,22489
CHEMBL15535,0,0.08713617,22490
CHEMBL6871,0,0.08713617,22491
CHEMBL27600,0,0.08713617,22492
CHEMBL4435198,0,0.08713617,22493
CHEMBL14321,0,0.08713617,22494
CHEMBL4435406,0,0.08713617,22495
CHEMBL9435,0,0.08713617,22496
CHEMBL4434720,0,0.08709615,22497
CHEMBL23924,0,0.08707981,22498
CHEMBL4435693,0,0.08706705,22499
CHEMBL3309523,0,0.08703643,22500
CHEMBL21906,0,0.08703298,22501
CHEMBL24996,0,0.08703298,22502
CHEMBL16192,0,0.08703298,22503
CHEMBL18282,0,0.08703298,22504
CHEMBL1084042,0,0.08702383,22505
CHEMBL26841,0,0.08702383,22506
CHEMBL7140,0,0.08698781,22507
CHEMBL26337,0,0.08698449,22508
CHEMBL4435798,0,0.08698449,22509
CHEMBL9050,0,0.08688495,22510
CHEMBL39605,0,0.08688495,22511
CHEMBL7652,0,0.08688495,22512
CHEMBL36591,0,0.086813025,22513
CHEMBL28550,0,0.08679587,22514
CHEMBL43572,0,0.08678347,22515
CHEMBL3309657,0,0.08671241,22516
CHEMBL24626,0,0.08664286,22517
CHEMBL15415,0,0.08664286,22518
CHEMBL18683,0,0.08657651,22519
CHEMBL1199618,0,0.08657283,22520
CHEMBL34545,0,0.08657283,22521
CHEMBL18648,0,0.08657283,22522
CHEMBL18335,0,0.08657283,22523
CHEMBL19842,0,0.08657283,22524
CHEMBL33197,0,0.08657283,22525
CHEMBL35783,0,0.08655794,22526
CHEMBL9391,0,0.08652916,22527
CHEMBL39865,0,0.08652916,22528
CHEMBL36912,0,0.08652916,22529
CHEMBL34485,0,0.08651495,22530
CHEMBL3309783,0,0.08651495,22531
CHEMBL35139,0,0.08651495,22532
CHEMBL29546,0,0.086471334,22533
CHEMBL1163485,0,0.08642973,22534
CHEMBL1163246,0,0.08641811,22535
CHEMBL35171,0,0.08640015,22536
CHEMBL20674,0,0.08636941,22537
CHEMBL26342,0,0.08636941,22538
CHEMBL3309804,0,0.08636941,22539
CHEMBL9634,0,0.08636941,22540
CHEMBL37990,0,0.08636941,22541
CHEMBL25859,0,0.08636941,22542
CHEMBL32281,0,0.08636941,22543
CHEMBL40770,0,0.08636941,22544
CHEMBL38049,0,0.08636941,22545
CHEMBL41092,0,0.08636941,22546
CHEMBL6686,0,0.08636941,22547
CHEMBL1163362,0,0.086359195,22548
CHEMBL19927,0,0.08632581,22549
CHEMBL39414,0,0.08632581,22550
CHEMBL14817,0,0.08632581,22551
CHEMBL14942,0,0.08632581,22552
CHEMBL34426,0,0.08632581,22553
CHEMBL17226,0,0.0862678,22554
CHEMBL10294,0,0.0862678,22555
CHEMBL41167,0,0.0862678,22556
CHEMBL38711,0,0.0862678,22557
CHEMBL7341,0,0.0862678,22558
CHEMBL18272,0,0.0862678,22559
CHEMBL41126,0,0.0862678,22560
CHEMBL35542,0,0.0862678,22561
CHEMBL4435937,0,0.0862678,22562
CHEMBL36008,0,0.0862678,22563
CHEMBL10338,0,0.0862678,22564
CHEMBL40104,0,0.0862678,22565
CHEMBL25392,0,0.0862678,22566
CHEMBL18062,0,0.0862678,22567
CHEMBL28023,0,0.0862678,22568
CHEMBL26627,0,0.0862678,22569
CHEMBL40075,0,0.0862678,22570
CHEMBL1082938,0,0.0862678,22571
CHEMBL15434,0,0.0862678,22572
CHEMBL8809,0,0.0862678,22573
CHEMBL27713,0,0.0862678,22574
CHEMBL22733,0,0.0862678,22575
CHEMBL26317,0,0.0862678,22576
CHEMBL21734,0,0.0862678,22577
CHEMBL16535,0,0.0862678,22578
CHEMBL29482,0,0.0862678,22579
CHEMBL18668,0,0.0862678,22580
CHEMBL13878,0,0.0862678,22581
CHEMBL8771,0,0.0862678,22582
CHEMBL21003,0,0.0862678,22583
CHEMBL129,0,0.0862678,22584
CHEMBL42687,0,0.0862678,22585
CHEMBL34722,0,0.0862678,22586
CHEMBL25958,0,0.0862678,22587
CHEMBL28685,0,0.0862678,22588
CHEMBL26922,0,0.0862678,22589
CHEMBL32005,0,0.0862678,22590
CHEMBL19959,0,0.0862678,22591
CHEMBL35097,0,0.0862678,22592
CHEMBL16099,0,0.0862678,22593
CHEMBL4543335,0,0.0862678,22594
CHEMBL20992,0,0.0862678,22595
CHEMBL35483,0,0.0862678,22596
CHEMBL23555,0,0.0862678,22597
CHEMBL41966,0,0.0862678,22598
CHEMBL8724,0,0.0862678,22599
CHEMBL7518,0,0.0862678,22600
CHEMBL16487,0,0.0862678,22601
CHEMBL38961,0,0.086267754,22602
CHEMBL25911,0,0.08623767,22603
CHEMBL36240,0,0.08623767,22604
CHEMBL35631,0,0.08620702,22605
CHEMBL11159,0,0.08615664,22606
CHEMBL34802,0,0.08610086,22607
CHEMBL76,0,0.08598647,22608
CHEMBL31728,0,0.08598647,22609
CHEMBL38168,0,0.085967705,22610
CHEMBL41523,0,0.0859571,22611
CHEMBL43593,0,0.0859571,22612
CHEMBL24076,0,0.0859571,22613
CHEMBL9191,0,0.08593712,22614
CHEMBL36137,0,0.085920595,22615
CHEMBL14274,0,0.08590556,22616
CHEMBL31575,0,0.08590556,22617
CHEMBL10314,0,0.08586824,22618
CHEMBL4435985,0,0.08586824,22619
CHEMBL32129,0,0.08586824,22620
CHEMBL42450,0,0.0858554,22621
CHEMBL37091,0,0.08583338,22622
CHEMBL18163,0,0.08583338,22623
CHEMBL10407,0,0.08583338,22624
CHEMBL41316,0,0.085806385,22625
CHEMBL31945,0,0.085806385,22626
CHEMBL21342,0,0.08579195,22627
CHEMBL33830,0,0.085785516,22628
CHEMBL564,0,0.08578251,22629
CHEMBL27579,0,0.08577315,22630
CHEMBL30025,0,0.08576641,22631
CHEMBL22748,0,0.08576245,22632
CHEMBL42846,0,0.08574155,22633
CHEMBL9228,0,0.08574155,22634
CHEMBL8271,0,0.085731156,22635
CHEMBL4553153,0,0.08557601,22636
CHEMBL37943,0,0.08557601,22637
CHEMBL27544,0,0.08557601,22638
CHEMBL4559994,0,0.08557452,22639
CHEMBL9334,0,0.08556691,22640
CHEMBL15276,0,0.08554165,22641
CHEMBL4435480,0,0.08548259,22642
CHEMBL6713,0,0.08540266,22643
CHEMBL18262,0,0.08540266,22644
CHEMBL26775,0,0.08540266,22645
CHEMBL7571,0,0.08540266,22646
CHEMBL6862,0,0.08540266,22647
CHEMBL6407,0,0.08540266,22648
CHEMBL41076,0,0.08540266,22649
CHEMBL32428,0,0.08529242,22650
CHEMBL8161,0,0.08529231,22651
CHEMBL13319,0,0.08528777,22652
CHEMBL34359,0,0.085279986,22653
CHEMBL11300,0,0.085279986,22654
CHEMBL12015,0,0.085279986,22655
CHEMBL30542,0,0.085279986,22656
CHEMBL22538,0,0.08517173,22657
CHEMBL22368,0,0.08517173,22658
CHEMBL40070,0,0.08517173,22659
CHEMBL14203,0,0.08517173,22660
CHEMBL4434889,0,0.085130684,22661
CHEMBL14671,0,0.085130684,22662
CHEMBL12350,0,0.085130684,22663
CHEMBL41329,0,0.085130684,22664
CHEMBL22711,0,0.085130684,22665
CHEMBL4434696,0,0.085130684,22666
CHEMBL32455,0,0.085130684,22667
CHEMBL41084,0,0.085130684,22668
CHEMBL15273,0,0.08512812,22669
CHEMBL14296,0,0.08511396,22670
CHEMBL39005,0,0.08496125,22671
CHEMBL7214,0,0.08496125,22672
CHEMBL582854,0,0.08496125,22673
CHEMBL20533,0,0.08496125,22674
CHEMBL37288,0,0.08496125,22675
CHEMBL20618,0,0.08496125,22676
CHEMBL18702,0,0.08496125,22677
CHEMBL4435361,0,0.08496125,22678
CHEMBL29702,0,0.08496125,22679
CHEMBL1743869,0,0.08496125,22680
CHEMBL22980,0,0.08494023,22681
CHEMBL37404,0,0.08478327,22682
CHEMBL18497,0,0.08478327,22683
CHEMBL4553147,0,0.08477315,22684
CHEMBL4436482,0,0.08475445,22685
CHEMBL19901,0,0.084733225,22686
CHEMBL25843,0,0.08466891,22687
CHEMBL34696,0,0.08466891,22688
CHEMBL10491,0,0.08466891,22689
CHEMBL23832,0,0.08466891,22690
CHEMBL16507,0,0.08466891,22691
CHEMBL35447,0,0.08466891,22692
CHEMBL32003,0,0.08466891,22693
CHEMBL36707,0,0.08466891,22694
CHEMBL18749,0,0.08466891,22695
CHEMBL7234,0,0.08466891,22696
CHEMBL1075634,0,0.08466891,22697
CHEMBL11522,0,0.08466891,22698
CHEMBL7278,0,0.08466891,22699
CHEMBL9989,0,0.08466891,22700
CHEMBL12894,0,0.08466891,22701
CHEMBL35812,0,0.08466891,22702
CHEMBL18239,0,0.08466891,22703
CHEMBL27911,0,0.08466891,22704
CHEMBL1094936,0,0.08466891,22705
CHEMBL27582,0,0.08466891,22706
CHEMBL28115,0,0.08466891,22707
CHEMBL24175,0,0.08466891,22708
CHEMBL32111,0,0.08466891,22709
CHEMBL38181,0,0.08466891,22710
CHEMBL41066,0,0.08466891,22711
CHEMBL10229,0,0.08466891,22712
CHEMBL15211,0,0.08466891,22713
CHEMBL500377,0,0.08466891,22714
CHEMBL22531,0,0.08466891,22715
CHEMBL499906,0,0.08466891,22716
CHEMBL15627,0,0.08466891,22717
CHEMBL6712,0,0.08466891,22718
CHEMBL13676,0,0.08466891,22719
CHEMBL34004,0,0.08466891,22720
CHEMBL30097,0,0.08466891,22721
CHEMBL15979,0,0.08466891,22722
CHEMBL3309341,0,0.08466891,22723
CHEMBL39889,0,0.08466891,22724
CHEMBL38063,0,0.08466891,22725
CHEMBL35521,0,0.08466891,22726
CHEMBL16121,0,0.08466891,22727
CHEMBL31533,0,0.08466891,22728
CHEMBL31229,0,0.08466891,22729
CHEMBL37480,0,0.08466891,22730
CHEMBL26139,0,0.08466891,22731
CHEMBL26351,0,0.08466891,22732
CHEMBL16553,0,0.08466891,22733
CHEMBL17136,0,0.08466891,22734
CHEMBL40838,0,0.08466891,22735
CHEMBL34199,0,0.08466891,22736
CHEMBL14381,0,0.08466891,22737
CHEMBL22451,0,0.08466891,22738
CHEMBL35922,0,0.08466891,22739
CHEMBL41423,0,0.08466891,22740
CHEMBL17095,0,0.08466891,22741
CHEMBL41011,0,0.08466891,22742
CHEMBL28686,0,0.08466891,22743
CHEMBL19025,0,0.08466891,22744
CHEMBL4435742,0,0.08466891,22745
CHEMBL1184967,0,0.08466891,22746
CHEMBL17286,0,0.08466891,22747
CHEMBL25480,0,0.08466891,22748
CHEMBL10345,0,0.08466891,22749
CHEMBL4553538,0,0.08466891,22750
CHEMBL7070,0,0.08466891,22751
CHEMBL34084,0,0.08466891,22752
CHEMBL1206590,0,0.08466891,22753
CHEMBL4435782,0,0.08466891,22754
CHEMBL40679,0,0.08466891,22755
CHEMBL11744,0,0.08466891,22756
CHEMBL4434932,0,0.08466891,22757
CHEMBL17912,0,0.08466891,22758
CHEMBL20320,0,0.08466891,22759
CHEMBL4435658,0,0.08466891,22760
CHEMBL538338,0,0.08466891,22761
CHEMBL4435983,0,0.08466891,22762
CHEMBL30902,0,0.08466891,22763
CHEMBL38602,0,0.08466891,22764
CHEMBL39802,0,0.08466891,22765
CHEMBL38379,0,0.08466891,22766
CHEMBL18178,0,0.08466891,22767
CHEMBL34607,0,0.08466891,22768
CHEMBL23875,0,0.08466891,22769
CHEMBL23868,0,0.08466891,22770
CHEMBL156703,0,0.08466891,22771
CHEMBL35091,0,0.08466891,22772
CHEMBL4434757,0,0.08466891,22773
CHEMBL7004,0,0.08466891,22774
CHEMBL16153,0,0.08466891,22775
CHEMBL17507,0,0.08466891,22776
CHEMBL24044,0,0.08466891,22777
CHEMBL11721,0,0.08466891,22778
CHEMBL4543345,0,0.08466891,22779
CHEMBL31442,0,0.08466891,22780
CHEMBL10789,0,0.08466891,22781
CHEMBL16518,0,0.08466891,22782
CHEMBL22007,0,0.08466891,22783
CHEMBL31542,0,0.08466891,22784
CHEMBL4543406,0,0.08466891,22785
CHEMBL28845,0,0.08466891,22786
CHEMBL12774,0,0.08466891,22787
CHEMBL41663,0,0.08466891,22788
CHEMBL6878,0,0.08466891,22789
CHEMBL33189,0,0.08466891,22790
CHEMBL29882,0,0.08466891,22791
CHEMBL26386,0,0.08466891,22792
CHEMBL33849,0,0.08466891,22793
CHEMBL35655,0,0.08466891,22794
CHEMBL12220,0,0.08466891,22795
CHEMBL1163554,0,0.08466891,22796
CHEMBL32653,0,0.08466891,22797
CHEMBL34396,0,0.08466891,22798
CHEMBL16224,0,0.08466891,22799
CHEMBL12245,0,0.08466891,22800
CHEMBL14471,0,0.08466891,22801
CHEMBL21344,0,0.08466891,22802
CHEMBL40907,0,0.08466891,22803
CHEMBL16910,0,0.08466891,22804
CHEMBL14994,0,0.08466891,22805
CHEMBL37065,0,0.08466891,22806
CHEMBL36483,0,0.08466891,22807
CHEMBL7482,0,0.08466891,22808
CHEMBL18325,0,0.08466891,22809
CHEMBL3309360,0,0.08466891,22810
CHEMBL6277,0,0.08466891,22811
CHEMBL10259,0,0.08466891,22812
CHEMBL33846,0,0.08466891,22813
CHEMBL26149,0,0.08466891,22814
CHEMBL35764,0,0.08466891,22815
CHEMBL11814,0,0.08466891,22816
CHEMBL38815,0,0.08466891,22817
CHEMBL11613,0,0.08466891,22818
CHEMBL39729,0,0.08466891,22819
CHEMBL39115,0,0.08466891,22820
CHEMBL18201,0,0.08466891,22821
CHEMBL3309355,0,0.08466891,22822
CHEMBL19432,0,0.08466891,22823
CHEMBL11955,0,0.08466891,22824
CHEMBL27392,0,0.08466891,22825
CHEMBL28120,0,0.08466891,22826
CHEMBL40560,0,0.08466891,22827
CHEMBL31877,0,0.08466891,22828
CHEMBL26432,0,0.08466891,22829
CHEMBL40559,0,0.08466891,22830
CHEMBL14943,0,0.08466891,22831
CHEMBL24727,0,0.08466891,22832
CHEMBL30415,0,0.08466891,22833
CHEMBL33469,0,0.08466891,22834
CHEMBL34052,0,0.08466891,22835
CHEMBL35434,0,0.08466891,22836
CHEMBL29235,0,0.08466891,22837
CHEMBL31933,0,0.08466891,22838
CHEMBL3309736,0,0.08466891,22839
CHEMBL36924,0,0.08466891,22840
CHEMBL25602,0,0.08466891,22841
CHEMBL31613,0,0.08466891,22842
CHEMBL12881,0,0.08466891,22843
CHEMBL12324,0,0.08466891,22844
CHEMBL28085,0,0.08466891,22845
CHEMBL24804,0,0.08466891,22846
CHEMBL18700,0,0.08466891,22847
CHEMBL24222,0,0.08464564,22848
CHEMBL29858,0,0.08464564,22849
CHEMBL27541,0,0.08464564,22850
CHEMBL13849,0,0.08455826,22851
CHEMBL4435356,0,0.0845559,22852
CHEMBL24016,0,0.0845559,22853
CHEMBL110,0,0.0845559,22854
CHEMBL14039,0,0.0845559,22855
CHEMBL3311307,0,0.0845559,22856
CHEMBL8127,0,0.0845559,22857
CHEMBL8118,0,0.0845559,22858
CHEMBL20018,0,0.0845559,22859
CHEMBL40611,0,0.0845559,22860
CHEMBL12049,0,0.0845559,22861
CHEMBL19323,0,0.0845559,22862
CHEMBL19174,0,0.0845559,22863
CHEMBL28882,0,0.0845559,22864
CHEMBL38816,0,0.0845559,22865
CHEMBL3309377,0,0.0845559,22866
CHEMBL4436098,0,0.0845559,22867
CHEMBL16348,0,0.0845559,22868
CHEMBL16319,0,0.0845559,22869
CHEMBL36741,0,0.0845559,22870
CHEMBL7659,0,0.0845559,22871
CHEMBL42515,0,0.0845559,22872
CHEMBL33741,0,0.0845559,22873
CHEMBL23088,0,0.0845559,22874
CHEMBL30421,0,0.0845559,22875
CHEMBL3311007,0,0.0845559,22876
CHEMBL42117,0,0.0845559,22877
CHEMBL3310405,0,0.0845559,22878
CHEMBL39424,0,0.0845559,22879
CHEMBL23250,0,0.0845559,22880
CHEMBL40812,0,0.0845559,22881
CHEMBL41874,0,0.0845559,22882
CHEMBL26547,0,0.0845559,22883
CHEMBL26595,0,0.0845559,22884
CHEMBL39453,0,0.0845559,22885
CHEMBL29928,0,0.0845559,22886
CHEMBL13099,0,0.0845559,22887
CHEMBL9735,0,0.0845559,22888
CHEMBL34892,0,0.0845559,22889
CHEMBL37372,0,0.0845559,22890
CHEMBL17242,0,0.0845559,22891
CHEMBL15883,0,0.0845559,22892
CHEMBL34371,0,0.0845559,22893
CHEMBL39377,0,0.0845559,22894
CHEMBL8438,0,0.0845559,22895
CHEMBL40436,0,0.0845559,22896
CHEMBL30197,0,0.0845559,22897
CHEMBL11524,0,0.0845559,22898
CHEMBL26502,0,0.0845559,22899
CHEMBL11214,0,0.0845559,22900
CHEMBL14613,0,0.0845559,22901
CHEMBL11739,0,0.0845559,22902
CHEMBL3311249,0,0.0845559,22903
CHEMBL11047,0,0.0845559,22904
CHEMBL16970,0,0.0845559,22905
CHEMBL29863,0,0.0845559,22906
CHEMBL25565,0,0.0845559,22907
CHEMBL1082898,0,0.0845559,22908
CHEMBL15796,0,0.0845559,22909
CHEMBL36864,0,0.0845559,22910
CHEMBL19151,0,0.0845559,22911
CHEMBL4435531,0,0.0845559,22912
CHEMBL26608,0,0.0845559,22913
CHEMBL14439,0,0.0845559,22914
CHEMBL591437,0,0.0845559,22915
CHEMBL17372,0,0.0845559,22916
CHEMBL21256,0,0.0845559,22917
CHEMBL10734,0,0.0845559,22918
CHEMBL24726,0,0.0845559,22919
CHEMBL38864,0,0.0845559,22920
CHEMBL11624,0,0.0845559,22921
CHEMBL25542,0,0.0845559,22922
CHEMBL42615,0,0.0845559,22923
CHEMBL6613,0,0.0845559,22924
CHEMBL10747,0,0.0845559,22925
CHEMBL26985,0,0.0845559,22926
CHEMBL23225,0,0.0845559,22927
CHEMBL26371,0,0.0845559,22928
CHEMBL13287,0,0.0845559,22929
CHEMBL32496,0,0.0845559,22930
CHEMBL11413,0,0.0845559,22931
CHEMBL26519,0,0.0845559,22932
CHEMBL18844,0,0.0845559,22933
CHEMBL41435,0,0.0845559,22934
CHEMBL644,0,0.0845559,22935
CHEMBL34856,0,0.0845559,22936
CHEMBL10235,0,0.0845559,22937
CHEMBL4436222,0,0.0845559,22938
CHEMBL29532,0,0.0845559,22939
CHEMBL590,0,0.0845559,22940
CHEMBL23827,0,0.0845559,22941
CHEMBL21903,0,0.0845559,22942
CHEMBL21112,0,0.0845559,22943
CHEMBL13635,0,0.0845559,22944
CHEMBL36781,0,0.0845559,22945
CHEMBL17317,0,0.0845559,22946
CHEMBL16558,0,0.0845559,22947
CHEMBL11677,0,0.0845559,22948
CHEMBL11395,0,0.0845559,22949
CHEMBL16837,0,0.0845559,22950
CHEMBL33280,0,0.0845559,22951
CHEMBL26643,0,0.0845559,22952
CHEMBL17318,0,0.0845559,22953
CHEMBL13346,0,0.0845559,22954
CHEMBL40183,0,0.0845559,22955
CHEMBL37692,0,0.0845559,22956
CHEMBL12440,0,0.0845559,22957
CHEMBL10306,0,0.0845559,22958
CHEMBL35416,0,0.0845559,22959
CHEMBL26811,0,0.0845559,22960
CHEMBL27200,0,0.0845559,22961
CHEMBL542914,0,0.0845559,22962
CHEMBL29292,0,0.0845559,22963
CHEMBL30762,0,0.0845559,22964
CHEMBL4435936,0,0.0845559,22965
CHEMBL18682,0,0.0845559,22966
CHEMBL563935,0,0.0845559,22967
CHEMBL38675,0,0.0845559,22968
CHEMBL19303,0,0.0845559,22969
CHEMBL36925,0,0.0845559,22970
CHEMBL33959,0,0.0845559,22971
CHEMBL12875,0,0.0845559,22972
CHEMBL42439,0,0.0845559,22973
CHEMBL24273,0,0.0845559,22974
CHEMBL33222,0,0.084548615,22975
CHEMBL15129,0,0.084548615,22976
CHEMBL18233,0,0.084548615,22977
CHEMBL40270,0,0.08454324,22978
CHEMBL8938,0,0.0845378,22979
CHEMBL32327,0,0.08452136,22980
CHEMBL24620,0,0.08450629,22981
CHEMBL37780,0,0.08450629,22982
CHEMBL7270,0,0.08450629,22983
CHEMBL25603,0,0.08450629,22984
CHEMBL20278,0,0.08450629,22985
CHEMBL8632,0,0.0845062,22986
CHEMBL10771,0,0.08448671,22987
CHEMBL27486,0,0.08448671,22988
CHEMBL1077125,0,0.08448451,22989
CHEMBL36279,0,0.08445116,22990
CHEMBL30117,0,0.08445116,22991
CHEMBL12108,0,0.08445116,22992
CHEMBL4436029,0,0.08444805,22993
CHEMBL27227,0,0.08444805,22994
CHEMBL34656,0,0.08441363,22995
CHEMBL22472,0,0.0843799,22996
CHEMBL31771,0,0.084304295,22997
CHEMBL7253,0,0.084304295,22998
CHEMBL41105,0,0.084304295,22999
CHEMBL28597,0,0.084304295,23000
CHEMBL29245,0,0.084304295,23001
CHEMBL6538,0,0.084304295,23002
CHEMBL38612,0,0.084304295,23003
CHEMBL3310139,0,0.08427276,23004
CHEMBL29760,0,0.08427276,23005
CHEMBL38867,0,0.08427276,23006
CHEMBL4436475,0,0.08427276,23007
CHEMBL13921,0,0.08427276,23008
CHEMBL40230,0,0.084270604,23009
CHEMBL1173577,0,0.084248714,23010
CHEMBL42802,0,0.0842457,23011
CHEMBL15731,0,0.0842457,23012
CHEMBL38115,0,0.0842457,23013
CHEMBL20080,0,0.0842457,23014
CHEMBL42612,0,0.084241316,23015
CHEMBL25696,0,0.08417476,23016
CHEMBL14438,0,0.08415065,23017
CHEMBL27294,0,0.08414947,23018
CHEMBL8968,0,0.08411582,23019
CHEMBL15502,0,0.08411582,23020
CHEMBL6386,0,0.08411582,23021
CHEMBL7658,0,0.08411582,23022
CHEMBL25675,0,0.084058836,23023
CHEMBL4553557,0,0.08404766,23024
CHEMBL25037,0,0.0839872,23025
CHEMBL3347285,0,0.0839872,23026
CHEMBL6692,0,0.08398636,23027
CHEMBL36776,0,0.08393923,23028
CHEMBL13652,0,0.08393923,23029
CHEMBL6566,0,0.08393923,23030
CHEMBL26120,0,0.083936386,23031
CHEMBL23463,0,0.083936386,23032
CHEMBL4434994,0,0.08392142,23033
CHEMBL11502,0,0.08388714,23034
CHEMBL37576,0,0.08387273,23035
CHEMBL41209,0,0.08387273,23036
CHEMBL12412,0,0.08387273,23037
CHEMBL4543560,0,0.08387273,23038
CHEMBL12059,0,0.08383201,23039
CHEMBL29797,0,0.08383201,23040
CHEMBL24520,0,0.08383201,23041
CHEMBL3310366,0,0.08379275,23042
CHEMBL35766,0,0.08375651,23043
CHEMBL7378,0,0.08375651,23044
CHEMBL41019,0,0.08375651,23045
CHEMBL37644,0,0.08375651,23046
CHEMBL25691,0,0.08375651,23047
CHEMBL31292,0,0.08370797,23048
CHEMBL15339,0,0.083681375,23049
CHEMBL17876,0,0.083631404,23050
CHEMBL35855,0,0.08359624,23051
CHEMBL11930,0,0.08359401,23052
CHEMBL11313,0,0.08357269,23053
CHEMBL13229,0,0.08357269,23054
CHEMBL16663,0,0.08356448,23055
CHEMBL40715,0,0.08349848,23056
CHEMBL21326,0,0.08345078,23057
CHEMBL10364,0,0.083379015,23058
CHEMBL23916,0,0.08334654,23059
CHEMBL15744,0,0.08331632,23060
CHEMBL41968,0,0.08331632,23061
CHEMBL9497,0,0.08325468,23062
CHEMBL39423,0,0.08308764,23063
CHEMBL32794,0,0.08304517,23064
CHEMBL21671,0,0.0830378,23065
CHEMBL33132,0,0.0830378,23066
CHEMBL42963,0,0.0830378,23067
CHEMBL25746,0,0.0830378,23068
CHEMBL32313,0,0.0830378,23069
CHEMBL30746,0,0.0830378,23070
CHEMBL21283,0,0.08299076,23071
CHEMBL19284,0,0.08297209,23072
CHEMBL31924,0,0.08297209,23073
CHEMBL101,0,0.08297209,23074
CHEMBL40507,0,0.08297209,23075
CHEMBL16003,0,0.08297209,23076
CHEMBL18353,0,0.08297209,23077
CHEMBL25550,0,0.08297209,23078
CHEMBL33676,0,0.08297209,23079
CHEMBL37382,0,0.08297209,23080
CHEMBL4559969,0,0.08297209,23081
CHEMBL24503,0,0.08297209,23082
CHEMBL20798,0,0.08297209,23083
CHEMBL34446,0,0.08297209,23084
CHEMBL14506,0,0.08297209,23085
CHEMBL33611,0,0.08294921,23086
CHEMBL14530,0,0.08284763,23087
CHEMBL21934,0,0.08284763,23088
CHEMBL4435745,0,0.08284763,23089
CHEMBL23592,0,0.08284763,23090
CHEMBL40654,0,0.08284763,23091
CHEMBL7141,0,0.08284763,23092
CHEMBL37298,0,0.08284763,23093
CHEMBL39281,0,0.08284763,23094
CHEMBL4553665,0,0.08284763,23095
CHEMBL23783,0,0.08284763,23096
CHEMBL31798,0,0.08284763,23097
CHEMBL31835,0,0.08284763,23098
CHEMBL3311306,0,0.08284763,23099
CHEMBL18096,0,0.08284763,23100
CHEMBL30726,0,0.08284763,23101
CHEMBL9868,0,0.08284763,23102
CHEMBL19312,0,0.08284763,23103
CHEMBL17545,0,0.08284763,23104
CHEMBL12896,0,0.08284763,23105
CHEMBL27220,0,0.08284763,23106
CHEMBL6986,0,0.08284763,23107
CHEMBL4436286,0,0.08284763,23108
CHEMBL38159,0,0.08284763,23109
CHEMBL20964,0,0.08284763,23110
CHEMBL23687,0,0.08284763,23111
CHEMBL41447,0,0.08284763,23112
CHEMBL6346,0,0.08284763,23113
CHEMBL41500,0,0.08284763,23114
CHEMBL10691,0,0.08284763,23115
CHEMBL18506,0,0.08284763,23116
CHEMBL1185027,0,0.08284763,23117
CHEMBL37729,0,0.08284763,23118
CHEMBL19067,0,0.08284763,23119
CHEMBL7930,0,0.08284763,23120
CHEMBL38929,0,0.08284763,23121
CHEMBL4553635,0,0.08284763,23122
CHEMBL35444,0,0.08284763,23123
CHEMBL444987,0,0.08284763,23124
CHEMBL6889,0,0.08284763,23125
CHEMBL26274,0,0.08284763,23126
CHEMBL41582,0,0.08284763,23127
CHEMBL32839,0,0.08284763,23128
CHEMBL23062,0,0.08284763,23129
CHEMBL1099299,0,0.08284763,23130
CHEMBL40773,0,0.08284763,23131
CHEMBL16728,0,0.08284763,23132
CHEMBL3310935,0,0.08284763,23133
CHEMBL17633,0,0.08284763,23134
CHEMBL12517,0,0.08284763,23135
CHEMBL15179,0,0.08284763,23136
CHEMBL25533,0,0.08284763,23137
CHEMBL21398,0,0.08284763,23138
CHEMBL4434899,0,0.08284763,23139
CHEMBL39903,0,0.08284763,23140
CHEMBL4543213,0,0.08284763,23141
CHEMBL38452,0,0.08284763,23142
CHEMBL34777,0,0.08284763,23143
CHEMBL31394,0,0.08284763,23144
CHEMBL8913,0,0.08284763,23145
CHEMBL21750,0,0.08284763,23146
CHEMBL27641,0,0.08284763,23147
CHEMBL9225,0,0.08284763,23148
CHEMBL7663,0,0.08284763,23149
CHEMBL4436101,0,0.08284763,23150
CHEMBL37640,0,0.08284763,23151
CHEMBL34712,0,0.08284763,23152
CHEMBL4435618,0,0.08284763,23153
CHEMBL19002,0,0.08284763,23154
CHEMBL28356,0,0.08284763,23155
CHEMBL4435770,0,0.08284763,23156
CHEMBL11784,0,0.08284763,23157
CHEMBL23120,0,0.08284763,23158
CHEMBL4434689,0,0.08284763,23159
CHEMBL19630,0,0.08284763,23160
CHEMBL7008,0,0.08284763,23161
CHEMBL21971,0,0.08284763,23162
CHEMBL40293,0,0.08284763,23163
CHEMBL15780,0,0.08284763,23164
CHEMBL10828,0,0.08284763,23165
CHEMBL782,0,0.08284763,23166
CHEMBL40742,0,0.08284763,23167
CHEMBL37121,0,0.08284763,23168
CHEMBL17107,0,0.08284763,23169
CHEMBL43731,0,0.08284763,23170
CHEMBL34022,0,0.08284763,23171
CHEMBL35110,0,0.08284763,23172
CHEMBL4543330,0,0.08284763,23173
CHEMBL29569,0,0.08284763,23174
CHEMBL32624,0,0.08284763,23175
CHEMBL39744,0,0.08284763,23176
CHEMBL22225,0,0.08284763,23177
CHEMBL13802,0,0.08284763,23178
CHEMBL438132,0,0.08284763,23179
CHEMBL17644,0,0.08284763,23180
CHEMBL23202,0,0.08284763,23181
CHEMBL36841,0,0.08284763,23182
CHEMBL31543,0,0.08284763,23183
CHEMBL31554,0,0.08284763,23184
CHEMBL28807,0,0.08284763,23185
CHEMBL8533,0,0.08284763,23186
CHEMBL29950,0,0.08284763,23187
CHEMBL30895,0,0.08284763,23188
CHEMBL37325,0,0.08284763,23189
CHEMBL7985,0,0.08284763,23190
CHEMBL25101,0,0.08284763,23191
CHEMBL13908,0,0.08284763,23192
CHEMBL4116144,0,0.08284763,23193
CHEMBL27625,0,0.08284763,23194
CHEMBL18958,0,0.08284763,23195
CHEMBL7068,0,0.08284763,23196
CHEMBL13556,0,0.08284763,23197
CHEMBL4435989,0,0.08284763,23198
CHEMBL20861,0,0.08284763,23199
CHEMBL4543517,0,0.08284763,23200
CHEMBL15099,0,0.08284763,23201
CHEMBL25136,0,0.08284763,23202
CHEMBL21423,0,0.08284763,23203
CHEMBL37003,0,0.08284763,23204
CHEMBL7516,0,0.08284763,23205
CHEMBL24369,0,0.08284763,23206
CHEMBL41035,0,0.08284763,23207
CHEMBL29360,0,0.08284763,23208
CHEMBL31672,0,0.08284763,23209
CHEMBL3311542,0,0.08284763,23210
CHEMBL10976,0,0.08284763,23211
CHEMBL4435517,0,0.08284763,23212
CHEMBL19186,0,0.08284763,23213
CHEMBL23714,0,0.08284763,23214
CHEMBL23831,0,0.08284763,23215
CHEMBL32001,0,0.08284763,23216
CHEMBL36382,0,0.08284763,23217
CHEMBL23965,0,0.08284763,23218
CHEMBL33936,0,0.08284763,23219
CHEMBL40610,0,0.08284763,23220
CHEMBL15998,0,0.08284763,23221
CHEMBL4116162,0,0.08284763,23222
CHEMBL16605,0,0.08284763,23223
CHEMBL8009,0,0.08284763,23224
CHEMBL4553581,0,0.08284763,23225
CHEMBL37958,0,0.08284763,23226
CHEMBL34625,0,0.08284763,23227
CHEMBL42764,0,0.08284763,23228
CHEMBL31759,0,0.08284763,23229
CHEMBL1163489,0,0.08284763,23230
CHEMBL38679,0,0.08284763,23231
CHEMBL562776,0,0.08284763,23232
CHEMBL16219,0,0.08284763,23233
CHEMBL14386,0,0.08282537,23234
CHEMBL31069,0,0.08282537,23235
CHEMBL3309999,0,0.08282537,23236
CHEMBL34020,0,0.08282537,23237
CHEMBL35760,0,0.08281324,23238
CHEMBL35695,0,0.08277131,23239
CHEMBL4434662,0,0.08275319,23240
CHEMBL17424,0,0.082717404,23241
CHEMBL22240,0,0.082717404,23242
CHEMBL27173,0,0.082717404,23243
CHEMBL32853,0,0.082717404,23244
CHEMBL27141,0,0.082717404,23245
CHEMBL39995,0,0.082717404,23246
CHEMBL30162,0,0.082717404,23247
CHEMBL25599,0,0.082717404,23248
CHEMBL22720,0,0.082717404,23249
CHEMBL40574,0,0.082717404,23250
CHEMBL26585,0,0.082717404,23251
CHEMBL21627,0,0.082717404,23252
CHEMBL6664,0,0.082717404,23253
CHEMBL28576,0,0.082717404,23254
CHEMBL4435806,0,0.082707286,23255
CHEMBL17497,0,0.082691774,23256
CHEMBL1092099,0,0.08268494,23257
CHEMBL15131,0,0.08256084,23258
CHEMBL1221917,0,0.082527116,23259
CHEMBL31975,0,0.08240189,23260
CHEMBL32699,0,0.08235474,23261
CHEMBL38135,0,0.082335405,23262
CHEMBL27825,0,0.08229809,23263
CHEMBL17090,0,0.0822041,23264
CHEMBL11324,0,0.08211935,23265
CHEMBL40367,0,0.08206305,23266
CHEMBL20353,0,0.08206305,23267
CHEMBL36439,0,0.08206305,23268
CHEMBL4560010,0,0.08206305,23269
CHEMBL40982,0,0.081892624,23270
CHEMBL10640,0,0.08183308,23271
CHEMBL8328,0,0.081695475,23272
CHEMBL531267,0,0.08163635,23273
CHEMBL41201,0,0.08163493,23274
CHEMBL1163526,0,0.081609204,23275
CHEMBL20308,0,0.081564,23276
CHEMBL18457,0,0.081556715,23277
CHEMBL30007,0,0.081556715,23278
CHEMBL4560024,0,0.08154025,23279
CHEMBL28087,0,0.08153311,23280
CHEMBL26148,0,0.08151256,23281
CHEMBL22286,0,0.08147432,23282
CHEMBL33694,0,0.081468344,23283
CHEMBL20543,0,0.081386894,23284
CHEMBL4435737,0,0.08137011,23285
CHEMBL4436116,0,0.0813504,23286
CHEMBL24781,0,0.08124369,23287
CHEMBL1163550,0,0.08116433,23288
CHEMBL4435422,0,0.08115935,23289
CHEMBL4553554,0,0.08115935,23290
CHEMBL13113,0,0.08115935,23291
CHEMBL32663,0,0.08115935,23292
CHEMBL9012,0,0.08115935,23293
CHEMBL37895,0,0.08115935,23294
CHEMBL42699,0,0.08115935,23295
CHEMBL38646,0,0.08115935,23296
CHEMBL11988,0,0.08114445,23297
CHEMBL14917,0,0.08114445,23298
CHEMBL15924,0,0.081123084,23299
CHEMBL33862,0,0.081110395,23300
CHEMBL8247,0,0.08110491,23301
CHEMBL4435943,0,0.080887824,23302
CHEMBL29342,0,0.080887824,23303
CHEMBL3310441,0,0.080887824,23304
CHEMBL25770,0,0.08085958,23305
CHEMBL32591,0,0.08085026,23306
CHEMBL4436590,0,0.08082601,23307
CHEMBL18883,0,0.08082601,23308
CHEMBL4436391,0,0.080815926,23309
CHEMBL9891,0,0.08078653,23310
CHEMBL18280,0,0.080749504,23311
CHEMBL502296,0,0.08074803,23312
CHEMBL8926,0,0.08071976,23313
CHEMBL11367,0,0.08071976,23314
CHEMBL16212,0,0.08070455,23315
CHEMBL14714,0,0.08070455,23316
CHEMBL20016,0,0.08070455,23317
CHEMBL40892,0,0.08069685,23318
CHEMBL35525,0,0.08062438,23319
CHEMBL12099,0,0.08061308,23320
CHEMBL26181,0,0.08061308,23321
CHEMBL32235,0,0.08061308,23322
CHEMBL41450,0,0.08059356,23323
CHEMBL24992,0,0.08058844,23324
CHEMBL4434785,0,0.08056778,23325
CHEMBL42047,0,0.080553755,23326
CHEMBL30139,0,0.08055001,23327
CHEMBL41383,0,0.08053919,23328
CHEMBL39477,0,0.08052289,23329
CHEMBL39906,0,0.080509014,23330
CHEMBL21679,0,0.080501236,23331
CHEMBL3309948,0,0.080501236,23332
CHEMBL3309917,0,0.08048322,23333
CHEMBL1077021,0,0.08048322,23334
CHEMBL19446,0,0.08048322,23335
CHEMBL27870,0,0.08048322,23336
CHEMBL12255,0,0.08048322,23337
CHEMBL21407,0,0.08048322,23338
CHEMBL15530,0,0.08048322,23339
CHEMBL19398,0,0.08048322,23340
CHEMBL19100,0,0.08048322,23341
CHEMBL37423,0,0.08048322,23342
CHEMBL38388,0,0.08048322,23343
CHEMBL18303,0,0.08048322,23344
CHEMBL4435834,0,0.08048322,23345
CHEMBL24324,0,0.08048322,23346
CHEMBL6790,0,0.08048322,23347
CHEMBL41327,0,0.08048322,23348
CHEMBL9381,0,0.08048322,23349
CHEMBL33571,0,0.08048322,23350
CHEMBL13967,0,0.08046813,23351
CHEMBL25394,0,0.0804117,23352
CHEMBL4435807,0,0.080341,23353
CHEMBL31824,0,0.08030702,23354
CHEMBL39614,0,0.08030702,23355
CHEMBL34597,0,0.08030702,23356
CHEMBL34147,0,0.08030702,23357
CHEMBL28082,0,0.08030702,23358
CHEMBL17053,0,0.08030702,23359
CHEMBL39628,0,0.080263816,23360
CHEMBL12535,0,0.080205,23361
CHEMBL39084,0,0.080205,23362
CHEMBL4436139,0,0.080205,23363
CHEMBL27085,0,0.080205,23364
CHEMBL31680,0,0.080205,23365
CHEMBL8550,0,0.08019761,23366
CHEMBL3310517,0,0.08011287,23367
CHEMBL41526,0,0.080089815,23368
CHEMBL39032,0,0.08008272,23369
CHEMBL39114,0,0.08008272,23370
CHEMBL19874,0,0.08008272,23371
CHEMBL33879,0,0.08008272,23372
CHEMBL13469,0,0.0800447,23373
CHEMBL10042,0,0.0800447,23374
CHEMBL34875,0,0.0800447,23375
CHEMBL16020,0,0.0800447,23376
CHEMBL40008,0,0.0800447,23377
CHEMBL42176,0,0.0800447,23378
CHEMBL18655,0,0.0800447,23379
CHEMBL18279,0,0.0800447,23380
CHEMBL28105,0,0.0800447,23381
CHEMBL20379,0,0.08001284,23382
CHEMBL14706,0,0.07994344,23383
CHEMBL4436441,0,0.079902016,23384
CHEMBL34603,0,0.079902016,23385
CHEMBL20933,0,0.07988644,23386
CHEMBL13135,0,0.07983363,23387
CHEMBL41801,0,0.0798334,23388
CHEMBL7397,0,0.07981425,23389
CHEMBL38638,0,0.07978688,23390
CHEMBL37376,0,0.079784654,23391
CHEMBL18984,0,0.079784654,23392
CHEMBL36865,0,0.079784654,23393
CHEMBL41919,0,0.079784654,23394
CHEMBL6834,0,0.079784654,23395
CHEMBL43827,0,0.079784654,23396
CHEMBL411601,0,0.079784654,23397
CHEMBL32204,0,0.079784654,23398
CHEMBL3309922,0,0.079784654,23399
CHEMBL17514,0,0.079784654,23400
CHEMBL19274,0,0.07978066,23401
CHEMBL30530,0,0.07978066,23402
CHEMBL27429,0,0.07978066,23403
CHEMBL443886,0,0.07975113,23404
CHEMBL38978,0,0.079687774,23405
CHEMBL6914,0,0.079687774,23406
CHEMBL3309965,0,0.079687774,23407
CHEMBL7205,0,0.079687774,23408
CHEMBL4543190,0,0.079687774,23409
CHEMBL7051,0,0.079687774,23410
CHEMBL6315,0,0.079687774,23411
CHEMBL38574,0,0.079687774,23412
CHEMBL7084,0,0.079687774,23413
CHEMBL18940,0,0.079687774,23414
CHEMBL12036,0,0.079687774,23415
CHEMBL21027,0,0.079687774,23416
CHEMBL7223,0,0.079687774,23417
CHEMBL7262,0,0.079687774,23418
CHEMBL11791,0,0.079687774,23419
CHEMBL3310267,0,0.079687774,23420
CHEMBL31252,0,0.079687774,23421
CHEMBL38990,0,0.079687774,23422
CHEMBL11687,0,0.079687774,23423
CHEMBL7967,0,0.079687774,23424
CHEMBL39315,0,0.079687774,23425
CHEMBL38480,0,0.079687774,23426
CHEMBL34682,0,0.079687774,23427
CHEMBL11920,0,0.079687774,23428
CHEMBL23217,0,0.079687774,23429
CHEMBL582415,0,0.079687774,23430
CHEMBL7343,0,0.079687774,23431
CHEMBL37471,0,0.079687774,23432
CHEMBL32017,0,0.079687774,23433
CHEMBL11921,0,0.079687774,23434
CHEMBL18911,0,0.079687774,23435
CHEMBL266902,0,0.079687774,23436
CHEMBL42971,0,0.079687774,23437
CHEMBL23974,0,0.0796375,23438
CHEMBL30933,0,0.0796375,23439
CHEMBL33295,0,0.079534926,23440
CHEMBL15123,0,0.079474516,23441
CHEMBL3309814,0,0.079474516,23442
CHEMBL27578,0,0.079474516,23443
CHEMBL40404,0,0.07944329,23444
CHEMBL40583,0,0.07939196,23445
CHEMBL42949,0,0.079228565,23446
CHEMBL6708,0,0.07922457,23447
CHEMBL30280,0,0.07922457,23448
CHEMBL41246,0,0.07922457,23449
CHEMBL16441,0,0.07922457,23450
CHEMBL26417,0,0.07922457,23451
CHEMBL6857,0,0.07922457,23452
CHEMBL24983,0,0.07922457,23453
CHEMBL15942,0,0.07922457,23454
CHEMBL34568,0,0.07922457,23455
CHEMBL30964,0,0.07922457,23456
CHEMBL4436087,0,0.07922457,23457
CHEMBL29381,0,0.07922457,23458
CHEMBL13255,0,0.07922457,23459
CHEMBL13617,0,0.07922457,23460
CHEMBL41405,0,0.07922457,23461
CHEMBL23256,0,0.07922379,23462
CHEMBL12859,0,0.07921123,23463
CHEMBL14553,0,0.079131365,23464
CHEMBL15633,0,0.079131365,23465
CHEMBL30654,0,0.07905769,23466
CHEMBL1208314,0,0.07899155,23467
CHEMBL3310136,0,0.07896699,23468
CHEMBL9946,0,0.07895943,23469
CHEMBL30809,0,0.07895943,23470
CHEMBL41169,0,0.07894038,23471
CHEMBL12233,0,0.07892356,23472
CHEMBL25000,0,0.07892356,23473
CHEMBL38947,0,0.078919455,23474
CHEMBL32844,0,0.07887993,23475
CHEMBL10336,0,0.07886305,23476
CHEMBL38701,0,0.078859456,23477
CHEMBL27129,0,0.0788455,23478
CHEMBL18205,0,0.07883144,23479
CHEMBL14052,0,0.07883144,23480
CHEMBL29898,0,0.07874814,23481
CHEMBL22524,0,0.07874814,23482
CHEMBL36395,0,0.07874814,23483
CHEMBL11382,0,0.078677215,23484
CHEMBL17946,0,0.078677215,23485
CHEMBL30998,0,0.078677215,23486
CHEMBL9790,0,0.078677215,23487
CHEMBL20702,0,0.078677215,23488
CHEMBL31742,0,0.078677215,23489
CHEMBL17273,0,0.078664474,23490
CHEMBL4436165,0,0.078664474,23491
CHEMBL26161,0,0.078664474,23492
CHEMBL29165,0,0.078664474,23493
CHEMBL40072,0,0.078664474,23494
CHEMBL37789,0,0.078664474,23495
CHEMBL65,0,0.078664474,23496
CHEMBL19559,0,0.078664474,23497
CHEMBL3309947,0,0.07866033,23498
CHEMBL4115941,0,0.07865235,23499
CHEMBL24054,0,0.07865235,23500
CHEMBL27335,0,0.07865235,23501
CHEMBL24067,0,0.07865235,23502
CHEMBL28376,0,0.07863101,23503
CHEMBL17142,0,0.07862374,23504
CHEMBL43581,0,0.07859841,23505
CHEMBL17082,0,0.078560345,23506
CHEMBL42528,0,0.078493305,23507
CHEMBL23633,0,0.078493305,23508
CHEMBL4543324,0,0.07844677,23509
CHEMBL19200,0,0.078411445,23510
CHEMBL31437,0,0.07840104,23511
CHEMBL41391,0,0.07840104,23512
CHEMBL9573,0,0.07840104,23513
CHEMBL16532,0,0.07840104,23514
CHEMBL24341,0,0.07840104,23515
CHEMBL29023,0,0.07840104,23516
CHEMBL3309648,0,0.07840104,23517
CHEMBL17581,0,0.078385316,23518
CHEMBL3311125,0,0.07835934,23519
CHEMBL40292,0,0.078346,23520
CHEMBL34915,0,0.07833211,23521
CHEMBL26471,0,0.07822263,23522
CHEMBL23422,0,0.07822263,23523
CHEMBL38451,0,0.07822263,23524
CHEMBL10449,0,0.07821117,23525
CHEMBL28620,0,0.07820607,23526
CHEMBL26980,0,0.07817206,23527
CHEMBL14576,0,0.07817206,23528
CHEMBL16236,0,0.07817206,23529
CHEMBL28435,0,0.07817206,23530
CHEMBL21187,0,0.07817206,23531
CHEMBL25478,0,0.078151576,23532
CHEMBL1092443,0,0.07813222,23533
CHEMBL16305,0,0.07813222,23534
CHEMBL12652,0,0.07813222,23535
CHEMBL38786,0,0.07810872,23536
CHEMBL1779379,0,0.07810872,23537
CHEMBL6710,0,0.07810872,23538
CHEMBL29115,0,0.07810872,23539
CHEMBL19747,0,0.07810535,23540
CHEMBL38674,0,0.07808717,23541
CHEMBL22329,0,0.07804664,23542
CHEMBL7844,0,0.07804664,23543
CHEMBL36312,0,0.07803184,23544
CHEMBL9880,0,0.07789935,23545
CHEMBL39330,0,0.07784636,23546
CHEMBL18806,0,0.07783735,23547
CHEMBL14716,0,0.07783735,23548
CHEMBL32873,0,0.07783735,23549
CHEMBL8331,0,0.07783735,23550
CHEMBL1163134,0,0.07783735,23551
CHEMBL25783,0,0.07778325,23552
CHEMBL13817,0,0.07778243,23553
CHEMBL18310,0,0.07773169,23554
CHEMBL4543394,0,0.07767236,23555
CHEMBL11853,0,0.07762718,23556
CHEMBL21238,0,0.077517316,23557
CHEMBL9417,0,0.077468604,23558
CHEMBL11796,0,0.077454,23559
CHEMBL18866,0,0.077454,23560
CHEMBL22879,0,0.077454,23561
CHEMBL4436558,0,0.077454,23562
CHEMBL42770,0,0.077454,23563
CHEMBL16195,0,0.077454,23564
CHEMBL11820,0,0.077454,23565
CHEMBL15174,0,0.077454,23566
CHEMBL40167,0,0.077454,23567
CHEMBL31653,0,0.077454,23568
CHEMBL16526,0,0.077454,23569
CHEMBL34044,0,0.077454,23570
CHEMBL7403,0,0.077454,23571
CHEMBL20466,0,0.077454,23572
CHEMBL11724,0,0.077454,23573
CHEMBL3311043,0,0.077454,23574
CHEMBL23219,0,0.077454,23575
CHEMBL11710,0,0.077454,23576
CHEMBL42200,0,0.077454,23577
CHEMBL30589,0,0.077454,23578
CHEMBL3309662,0,0.077454,23579
CHEMBL31610,0,0.077454,23580
CHEMBL25220,0,0.077454,23581
CHEMBL39269,0,0.077454,23582
CHEMBL6637,0,0.077454,23583
CHEMBL37043,0,0.077421315,23584
CHEMBL3309998,0,0.07740996,23585
CHEMBL7690,0,0.07740996,23586
CHEMBL29843,0,0.07739562,23587
CHEMBL14212,0,0.077349976,23588
CHEMBL20445,0,0.07731612,23589
CHEMBL4435326,0,0.07731369,23590
CHEMBL13337,0,0.07723848,23591
CHEMBL1186537,0,0.07720161,23592
CHEMBL4560015,0,0.07720161,23593
CHEMBL21830,0,0.07720161,23594
CHEMBL4116146,0,0.07720161,23595
CHEMBL587,0,0.07720161,23596
CHEMBL21753,0,0.07714555,23597
CHEMBL20282,0,0.0771446,23598
CHEMBL502072,0,0.0771446,23599
CHEMBL4435573,0,0.077141725,23600
CHEMBL24532,0,0.077141725,23601
CHEMBL28239,0,0.07713972,23602
CHEMBL3309982,0,0.077088825,23603
CHEMBL14726,0,0.07708879,23604
CHEMBL38636,0,0.07708287,23605
CHEMBL21952,0,0.07708287,23606
CHEMBL12925,0,0.07708287,23607
CHEMBL14558,0,0.07708287,23608
CHEMBL20851,0,0.07706609,23609
CHEMBL13597,0,0.07706609,23610
CHEMBL21931,0,0.07704487,23611
CHEMBL26310,0,0.07698752,23612
CHEMBL17112,0,0.07698752,23613
CHEMBL22005,0,0.07698752,23614
CHEMBL8008,0,0.07698752,23615
CHEMBL4435557,0,0.07698752,23616
CHEMBL2448327,0,0.076949865,23617
CHEMBL18840,0,0.076949865,23618
CHEMBL4553679,0,0.076949865,23619
CHEMBL27584,0,0.076949865,23620
CHEMBL12583,0,0.076949865,23621
CHEMBL19064,0,0.076949865,23622
CHEMBL34425,0,0.07694898,23623
CHEMBL20418,0,0.07692988,23624
CHEMBL7050,0,0.07688317,23625
CHEMBL3310469,0,0.07686635,23626
CHEMBL39020,0,0.07685227,23627
CHEMBL3309651,0,0.07681487,23628
CHEMBL33074,0,0.07681487,23629
CHEMBL4434711,0,0.07681487,23630
CHEMBL41694,0,0.076776296,23631
CHEMBL4434835,0,0.07673583,23632
CHEMBL108,0,0.07673583,23633
CHEMBL10588,0,0.07666917,23634
CHEMBL37240,0,0.07664656,23635
CHEMBL38727,0,0.07659843,23636
CHEMBL3311318,0,0.076582626,23637
CHEMBL17577,0,0.076582626,23638
CHEMBL16562,0,0.076582626,23639
CHEMBL19870,0,0.076582626,23640
CHEMBL33261,0,0.07654044,23641
CHEMBL22176,0,0.07646814,23642
CHEMBL36029,0,0.07646814,23643
CHEMBL3310042,0,0.07640535,23644
CHEMBL32807,0,0.07640535,23645
CHEMBL37314,0,0.07640535,23646
CHEMBL23024,0,0.07640535,23647
CHEMBL28699,0,0.07640535,23648
CHEMBL27362,0,0.07640535,23649
CHEMBL29541,0,0.07640535,23650
CHEMBL22895,0,0.07640535,23651
CHEMBL8932,0,0.07637009,23652
CHEMBL35653,0,0.076264285,23653
CHEMBL7810,0,0.07618668,23654
CHEMBL40474,0,0.07618221,23655
CHEMBL33794,0,0.07618221,23656
CHEMBL25528,0,0.07617453,23657
CHEMBL32358,0,0.07617453,23658
CHEMBL540647,0,0.07615379,23659
CHEMBL20274,0,0.07614901,23660
CHEMBL23220,0,0.07611656,23661
CHEMBL15850,0,0.07611656,23662
CHEMBL8633,0,0.07611656,23663
CHEMBL12706,0,0.07601367,23664
CHEMBL571980,0,0.07601367,23665
CHEMBL38729,0,0.07587794,23666
CHEMBL9953,0,0.07587794,23667
CHEMBL16393,0,0.0758657,23668
CHEMBL8708,0,0.07577744,23669
CHEMBL22762,0,0.07559459,23670
CHEMBL3310289,0,0.07556665,23671
CHEMBL17854,0,0.0755183,23672
CHEMBL9726,0,0.07550792,23673
CHEMBL15957,0,0.07550792,23674
CHEMBL17131,0,0.0754752,23675
CHEMBL34087,0,0.075422,23676
CHEMBL37615,0,0.07541006,23677
CHEMBL21265,0,0.07530834,23678
CHEMBL4543377,0,0.07529114,23679
CHEMBL4116126,0,0.0752253,23680
CHEMBL41414,0,0.0752253,23681
CHEMBL3310147,0,0.07521606,23682
CHEMBL27591,0,0.07520326,23683
CHEMBL3311389,0,0.07511634,23684
CHEMBL33508,0,0.07511634,23685
CHEMBL27735,0,0.07511634,23686
CHEMBL27320,0,0.07510901,23687
CHEMBL11017,0,0.07510901,23688
CHEMBL6778,0,0.0750992,23689
CHEMBL35050,0,0.0750992,23690
CHEMBL14071,0,0.07508472,23691
CHEMBL29743,0,0.07507072,23692
CHEMBL27492,0,0.07506336,23693
CHEMBL3310160,0,0.07506336,23694
CHEMBL418,0,0.07503639,23695
CHEMBL3309465,0,0.07503639,23696
CHEMBL36761,0,0.07503639,23697
CHEMBL21731,0,0.07501458,23698
CHEMBL28058,0,0.07495746,23699
CHEMBL8535,0,0.07495746,23700
CHEMBL34119,0,0.07491277,23701
CHEMBL16241,0,0.074909896,23702
CHEMBL7710,0,0.07488076,23703
CHEMBL16695,0,0.07485897,23704
CHEMBL41007,0,0.07478334,23705
CHEMBL24825,0,0.07475051,23706
CHEMBL14865,0,0.07475051,23707
CHEMBL26493,0,0.074688755,23708
CHEMBL40333,0,0.074688755,23709
CHEMBL11700,0,0.07467389,23710
CHEMBL23767,0,0.07460182,23711
CHEMBL7186,0,0.074588686,23712
CHEMBL6608,0,0.07453543,23713
CHEMBL4553677,0,0.07451163,23714
CHEMBL4435586,0,0.07445766,23715
CHEMBL9971,0,0.07443885,23716
CHEMBL37373,0,0.07441748,23717
CHEMBL7137,0,0.07441003,23718
CHEMBL28065,0,0.074388884,23719
CHEMBL38750,0,0.07433829,23720
CHEMBL1163464,0,0.07430187,23721
CHEMBL25241,0,0.07423266,23722
CHEMBL35042,0,0.07423266,23723
CHEMBL8469,0,0.07423266,23724
CHEMBL27733,0,0.07423266,23725
CHEMBL32527,0,0.07420293,23726
CHEMBL34383,0,0.07411105,23727
CHEMBL24374,0,0.07411105,23728
CHEMBL9027,0,0.07411105,23729
CHEMBL39974,0,0.07411105,23730
CHEMBL21863,0,0.07411105,23731
CHEMBL32205,0,0.07411105,23732
CHEMBL14777,0,0.07411105,23733
CHEMBL17229,0,0.07411105,23734
CHEMBL3311523,0,0.07410573,23735
CHEMBL18318,0,0.074060336,23736
CHEMBL39576,0,0.07404814,23737
CHEMBL21929,0,0.07404814,23738
CHEMBL34442,0,0.07404814,23739
CHEMBL38905,0,0.07404814,23740
CHEMBL30930,0,0.07404814,23741
CHEMBL33064,0,0.07404814,23742
CHEMBL30118,0,0.074034736,23743
CHEMBL32127,0,0.07381721,23744
CHEMBL15803,0,0.07381721,23745
CHEMBL27400,0,0.07381721,23746
CHEMBL26445,0,0.07381721,23747
CHEMBL24228,0,0.07377779,23748
CHEMBL17602,0,0.07377779,23749
CHEMBL4435579,0,0.073772185,23750
CHEMBL12370,0,0.073758714,23751
CHEMBL4435083,0,0.073758714,23752
CHEMBL18578,0,0.073715806,23753
CHEMBL19304,0,0.073715806,23754
CHEMBL24754,0,0.073715806,23755
CHEMBL10380,0,0.073715806,23756
CHEMBL4436464,0,0.073715806,23757
CHEMBL27228,0,0.073715806,23758
CHEMBL7083,0,0.073715806,23759
CHEMBL609497,0,0.0736504,23760
CHEMBL4116084,0,0.0736504,23761
CHEMBL42674,0,0.0736504,23762
CHEMBL17918,0,0.0736504,23763
CHEMBL4435425,0,0.0736504,23764
CHEMBL18738,0,0.0736504,23765
CHEMBL32236,0,0.07343296,23766
CHEMBL12823,0,0.07339468,23767
CHEMBL25910,0,0.07339468,23768
CHEMBL23930,0,0.07339468,23769
CHEMBL33880,0,0.07339468,23770
CHEMBL37730,0,0.07339468,23771
CHEMBL14989,0,0.07334025,23772
CHEMBL4436296,0,0.073308796,23773
CHEMBL13121,0,0.07329213,23774
CHEMBL9165,0,0.073252104,23775
CHEMBL41841,0,0.0732337,23776
CHEMBL21915,0,0.07308418,23777
CHEMBL22177,0,0.073053874,23778
CHEMBL39431,0,0.073009714,23779
CHEMBL32955,0,0.07296562,23780
CHEMBL27181,0,0.07296562,23781
CHEMBL1163440,0,0.07295637,23782
CHEMBL6354,0,0.07295637,23783
CHEMBL15462,0,0.07295637,23784
CHEMBL19115,0,0.07295637,23785
CHEMBL33329,0,0.07295637,23786
CHEMBL12018,0,0.07295637,23787
CHEMBL4436461,0,0.07295637,23788
CHEMBL3309962,0,0.07295637,23789
CHEMBL22553,0,0.07295637,23790
CHEMBL6356,0,0.07295637,23791
CHEMBL8949,0,0.07295637,23792
CHEMBL21562,0,0.07295637,23793
CHEMBL17022,0,0.07295637,23794
CHEMBL7285,0,0.07295637,23795
CHEMBL23006,0,0.07295637,23796
CHEMBL15909,0,0.07295637,23797
CHEMBL16349,0,0.07295637,23798
CHEMBL37717,0,0.07295637,23799
CHEMBL17645,0,0.07295637,23800
CHEMBL22945,0,0.07295637,23801
CHEMBL37169,0,0.07295637,23802
CHEMBL18381,0,0.07295637,23803
CHEMBL11778,0,0.07295637,23804
CHEMBL9347,0,0.07295637,23805
CHEMBL25337,0,0.07295637,23806
CHEMBL32426,0,0.07295637,23807
CHEMBL11533,0,0.07295637,23808
CHEMBL4436402,0,0.07295637,23809
CHEMBL32766,0,0.07295637,23810
CHEMBL4436007,0,0.07295637,23811
CHEMBL13933,0,0.07295637,23812
CHEMBL4435994,0,0.07295637,23813
CHEMBL19726,0,0.07295637,23814
CHEMBL20413,0,0.07295637,23815
CHEMBL36113,0,0.07295637,23816
CHEMBL18413,0,0.07295637,23817
CHEMBL26449,0,0.07295637,23818
CHEMBL264478,0,0.07295637,23819
CHEMBL19272,0,0.07295637,23820
CHEMBL18750,0,0.07295637,23821
CHEMBL18833,0,0.07295637,23822
CHEMBL12143,0,0.07295637,23823
CHEMBL18765,0,0.07295637,23824
CHEMBL6819,0,0.07295637,23825
CHEMBL38140,0,0.07295637,23826
CHEMBL7411,0,0.07295637,23827
CHEMBL11899,0,0.07295637,23828
CHEMBL33607,0,0.07295637,23829
CHEMBL4436123,0,0.07295637,23830
CHEMBL32464,0,0.07295637,23831
CHEMBL3309386,0,0.07295637,23832
CHEMBL3309384,0,0.07295637,23833
CHEMBL16965,0,0.07295637,23834
CHEMBL18564,0,0.07295637,23835
CHEMBL20629,0,0.07295637,23836
CHEMBL3311247,0,0.07295637,23837
CHEMBL21788,0,0.07295637,23838
CHEMBL31163,0,0.07295637,23839
CHEMBL568973,0,0.07294463,23840
CHEMBL3310471,0,0.072913796,23841
CHEMBL4543283,0,0.07289182,23842
CHEMBL22037,0,0.07285499,23843
CHEMBL568607,0,0.072847165,23844
CHEMBL27371,0,0.072841704,23845
CHEMBL3311150,0,0.0727877,23846
CHEMBL36785,0,0.0727877,23847
CHEMBL10376,0,0.07275874,23848
CHEMBL8920,0,0.07268418,23849
CHEMBL36151,0,0.07268105,23850
CHEMBL38512,0,0.07267084,23851
CHEMBL37872,0,0.07266909,23852
CHEMBL20641,0,0.07252807,23853
CHEMBL40089,0,0.07252807,23854
CHEMBL20830,0,0.07252807,23855
CHEMBL4553643,0,0.072496094,23856
CHEMBL9257,0,0.072496094,23857
CHEMBL13938,0,0.072496094,23858
CHEMBL34983,0,0.072496094,23859
CHEMBL23298,0,0.072496094,23860
CHEMBL12833,0,0.072496094,23861
CHEMBL39824,0,0.07244981,23862
CHEMBL31332,0,0.07242636,23863
CHEMBL42855,0,0.07242636,23864
CHEMBL33732,0,0.07242636,23865
CHEMBL18621,0,0.07242636,23866
CHEMBL36100,0,0.07242636,23867
CHEMBL29570,0,0.07242636,23868
CHEMBL6950,0,0.07242636,23869
CHEMBL40972,0,0.072419986,23870
CHEMBL27353,0,0.072419986,23871
CHEMBL13285,0,0.072419986,23872
CHEMBL28449,0,0.072419986,23873
CHEMBL31295,0,0.07236724,23874
CHEMBL28179,0,0.07236724,23875
CHEMBL21540,0,0.07233926,23876
CHEMBL30396,0,0.07233926,23877
CHEMBL3309447,0,0.07233926,23878
CHEMBL34011,0,0.07229704,23879
CHEMBL592162,0,0.072265826,23880
CHEMBL14243,0,0.072265826,23881
CHEMBL33745,0,0.07224874,23882
CHEMBL24837,0,0.07224874,23883
CHEMBL25132,0,0.07224874,23884
CHEMBL8267,0,0.07224874,23885
CHEMBL38345,0,0.0722464,23886
CHEMBL7549,0,0.0722464,23887
CHEMBL3309913,0,0.0722464,23888
CHEMBL4435760,0,0.07217799,23889
CHEMBL8179,0,0.07215621,23890
CHEMBL4543238,0,0.072148316,23891
CHEMBL3310427,0,0.072148316,23892
CHEMBL39263,0,0.07212275,23893
CHEMBL4434958,0,0.07208737,23894
CHEMBL4543372,0,0.07208421,23895
CHEMBL29129,0,0.072021864,23896
CHEMBL36518,0,0.072021864,23897
CHEMBL37060,0,0.072021864,23898
CHEMBL154818,0,0.072021864,23899
CHEMBL19006,0,0.072021864,23900
CHEMBL6296,0,0.072021864,23901
CHEMBL9747,0,0.072021864,23902
CHEMBL10819,0,0.07199574,23903
CHEMBL15350,0,0.07199574,23904
CHEMBL15065,0,0.07199574,23905
CHEMBL31853,0,0.07199574,23906
CHEMBL24227,0,0.07184974,23907
CHEMBL16788,0,0.071847595,23908
CHEMBL41259,0,0.07183683,23909
CHEMBL8003,0,0.07183683,23910
CHEMBL4434885,0,0.07183683,23911
CHEMBL12926,0,0.07183683,23912
CHEMBL8585,0,0.07183683,23913
CHEMBL3309545,0,0.07183683,23914
CHEMBL27309,0,0.07183683,23915
CHEMBL15669,0,0.07183683,23916
CHEMBL6246,0,0.07183683,23917
CHEMBL3311524,0,0.07183683,23918
CHEMBL3309647,0,0.07183683,23919
CHEMBL10391,0,0.07183683,23920
CHEMBL10846,0,0.07183683,23921
CHEMBL18198,0,0.071776256,23922
CHEMBL25605,0,0.071776256,23923
CHEMBL30419,0,0.071776256,23924
CHEMBL32596,0,0.071763106,23925
CHEMBL4436447,0,0.071749605,23926
CHEMBL24240,0,0.0717433,23927
CHEMBL21232,0,0.07168675,23928
CHEMBL35465,0,0.07163265,23929
CHEMBL29449,0,0.071600266,23930
CHEMBL11760,0,0.071596876,23931
CHEMBL31721,0,0.07157407,23932
CHEMBL20166,0,0.07152322,23933
CHEMBL16819,0,0.0714848,23934
CHEMBL12116,0,0.071469955,23935
CHEMBL1204421,0,0.071468264,23936
CHEMBL457,0,0.071468264,23937
CHEMBL6574,0,0.07136391,23938
CHEMBL40669,0,0.071244456,23939
CHEMBL32344,0,0.071083024,23940
CHEMBL31470,0,0.07106684,23941
CHEMBL4543349,0,0.0710548,23942
CHEMBL31521,0,0.071046,23943
CHEMBL36499,0,0.071046,23944
CHEMBL609701,0,0.071046,23945
CHEMBL25865,0,0.071046,23946
CHEMBL38523,0,0.071046,23947
CHEMBL21251,0,0.071046,23948
CHEMBL23953,0,0.071046,23949
CHEMBL31702,0,0.071018405,23950
CHEMBL41343,0,0.071018405,23951
CHEMBL29212,0,0.071018405,23952
CHEMBL22131,0,0.071018405,23953
CHEMBL13220,0,0.071018405,23954
CHEMBL26807,0,0.07096144,23955
CHEMBL25418,0,0.07096144,23956
CHEMBL12489,0,0.07096144,23957
CHEMBL11377,0,0.07096144,23958
CHEMBL383917,0,0.07096144,23959
CHEMBL552955,0,0.07096144,23960
CHEMBL39960,0,0.07096144,23961
CHEMBL26322,0,0.07096144,23962
CHEMBL13516,0,0.07096144,23963
CHEMBL12029,0,0.07096144,23964
CHEMBL4434786,0,0.07096144,23965
CHEMBL15685,0,0.07096144,23966
CHEMBL37405,0,0.07096144,23967
CHEMBL27998,0,0.07096144,23968
CHEMBL38043,0,0.07095852,23969
CHEMBL27789,0,0.07085683,23970
CHEMBL34410,0,0.07077867,23971
CHEMBL30236,0,0.07071979,23972
CHEMBL8160,0,0.07070307,23973
CHEMBL41108,0,0.070544355,23974
CHEMBL18793,0,0.070544355,23975
CHEMBL17446,0,0.070544355,23976
CHEMBL4435772,0,0.070544355,23977
CHEMBL36414,0,0.0705427,23978
CHEMBL29044,0,0.0705427,23979
CHEMBL29160,0,0.0705427,23980
CHEMBL34160,0,0.0705427,23981
CHEMBL12526,0,0.0705427,23982
CHEMBL38065,0,0.0705427,23983
CHEMBL12455,0,0.0705427,23984
CHEMBL25066,0,0.0705427,23985
CHEMBL24491,0,0.0705427,23986
CHEMBL39762,0,0.0705427,23987
CHEMBL37904,0,0.0705427,23988
CHEMBL13593,0,0.0705427,23989
CHEMBL41885,0,0.0705427,23990
CHEMBL4559968,0,0.0705427,23991
CHEMBL42448,0,0.0705427,23992
CHEMBL24819,0,0.0705427,23993
CHEMBL23494,0,0.0705427,23994
CHEMBL28939,0,0.0705427,23995
CHEMBL22705,0,0.0705427,23996
CHEMBL23191,0,0.0705427,23997
CHEMBL1199633,0,0.0705427,23998
CHEMBL25520,0,0.070531756,23999
CHEMBL28704,0,0.070471495,24000
CHEMBL31869,0,0.07044834,24001
CHEMBL41753,0,0.07041947,24002
CHEMBL13497,0,0.070292786,24003
CHEMBL40523,0,0.070292786,24004
CHEMBL9132,0,0.070292786,24005
CHEMBL14805,0,0.070292786,24006
CHEMBL7383,0,0.070292786,24007
CHEMBL12460,0,0.07026688,24008
CHEMBL6293,0,0.07026688,24009
CHEMBL35565,0,0.07026688,24010
CHEMBL17339,0,0.07026688,24011
CHEMBL3309552,0,0.07026688,24012
CHEMBL39188,0,0.07026688,24013
CHEMBL4434850,0,0.07026688,24014
CHEMBL37604,0,0.07026688,24015
CHEMBL4435153,0,0.07026688,24016
CHEMBL35493,0,0.07026688,24017
CHEMBL15959,0,0.07026688,24018
CHEMBL21590,0,0.07026688,24019
CHEMBL7276,0,0.07026688,24020
CHEMBL27432,0,0.07026688,24021
CHEMBL20391,0,0.07026688,24022
CHEMBL530004,0,0.07026688,24023
CHEMBL22656,0,0.07026688,24024
CHEMBL29373,0,0.07026688,24025
CHEMBL34146,0,0.07026688,24026
CHEMBL24900,0,0.07026688,24027
CHEMBL29577,0,0.07025454,24028
CHEMBL4435884,0,0.07019954,24029
CHEMBL20382,0,0.070194796,24030
CHEMBL4435972,0,0.07016082,24031
CHEMBL26306,0,0.07016082,24032
CHEMBL4436050,0,0.07016082,24033
CHEMBL9643,0,0.07016082,24034
CHEMBL25336,0,0.07016082,24035
CHEMBL20479,0,0.07016082,24036
CHEMBL14238,0,0.07016082,24037
CHEMBL20359,0,0.07012664,24038
CHEMBL11943,0,0.07010547,24039
CHEMBL8646,0,0.07010547,24040
CHEMBL27676,0,0.07010547,24041
CHEMBL32943,0,0.07010547,24042
CHEMBL42074,0,0.07010547,24043
CHEMBL17064,0,0.07010547,24044
CHEMBL4434995,0,0.07006945,24045
CHEMBL4434817,0,0.06997125,24046
CHEMBL37039,0,0.06997125,24047
CHEMBL35822,0,0.06997125,24048
CHEMBL29967,0,0.06988835,24049
CHEMBL29704,0,0.06988835,24050
CHEMBL25196,0,0.06988835,24051
CHEMBL6205,0,0.06988835,24052
CHEMBL9217,0,0.06988835,24053
CHEMBL23512,0,0.06988835,24054
CHEMBL15226,0,0.06988835,24055
CHEMBL40549,0,0.06985766,24056
CHEMBL22143,0,0.06985149,24057
CHEMBL24909,0,0.06985149,24058
CHEMBL23337,0,0.06985149,24059
CHEMBL7925,0,0.06985149,24060
CHEMBL4434758,0,0.06985149,24061
CHEMBL36828,0,0.06985149,24062
CHEMBL38092,0,0.069827035,24063
CHEMBL25421,0,0.069827035,24064
CHEMBL17349,0,0.06980604,24065
CHEMBL25198,0,0.06980604,24066
CHEMBL26388,0,0.06975848,24067
CHEMBL33888,0,0.069743894,24068
CHEMBL40852,0,0.06972308,24069
CHEMBL34270,0,0.06970086,24070
CHEMBL18804,0,0.06970086,24071
CHEMBL36737,0,0.06970086,24072
CHEMBL34069,0,0.06970086,24073
CHEMBL18308,0,0.06970086,24074
CHEMBL10447,0,0.06970086,24075
CHEMBL20904,0,0.06970086,24076
CHEMBL37018,0,0.06970086,24077
CHEMBL32854,0,0.06970086,24078
CHEMBL4543415,0,0.06970086,24079
CHEMBL13059,0,0.06970086,24080
CHEMBL20269,0,0.06970086,24081
CHEMBL22014,0,0.06970086,24082
CHEMBL22602,0,0.06970086,24083
CHEMBL19182,0,0.06970086,24084
CHEMBL31768,0,0.06970086,24085
CHEMBL18914,0,0.06970086,24086
CHEMBL38689,0,0.06970086,24087
CHEMBL27148,0,0.06970086,24088
CHEMBL27698,0,0.06970086,24089
CHEMBL11671,0,0.06965089,24090
CHEMBL31815,0,0.06965089,24091
CHEMBL25023,0,0.06965089,24092
CHEMBL40668,0,0.06965089,24093
CHEMBL1076911,0,0.069636896,24094
CHEMBL16457,0,0.069636896,24095
CHEMBL3309304,0,0.069512084,24096
CHEMBL41470,0,0.06940805,24097
CHEMBL10033,0,0.06940805,24098
CHEMBL41283,0,0.06940805,24099
CHEMBL15043,0,0.06940805,24100
CHEMBL4435898,0,0.069387555,24101
CHEMBL10991,0,0.069387555,24102
CHEMBL23394,0,0.069387555,24103
CHEMBL25404,0,0.06938306,24104
CHEMBL9800,0,0.06933845,24105
CHEMBL12877,0,0.06929907,24106
CHEMBL15053,0,0.06928294,24107
CHEMBL3310016,0,0.069264844,24108
CHEMBL11222,0,0.069264844,24109
CHEMBL39270,0,0.069264844,24110
CHEMBL38614,0,0.06921683,24111
CHEMBL28030,0,0.06916579,24112
CHEMBL41827,0,0.06916462,24113
CHEMBL28782,0,0.06914378,24114
CHEMBL4435059,0,0.06914378,24115
CHEMBL38266,0,0.06907545,24116
CHEMBL40197,0,0.06907545,24117
CHEMBL6626,0,0.06906817,24118
CHEMBL25195,0,0.06906817,24119
CHEMBL12053,0,0.06906817,24120
CHEMBL29177,0,0.06906817,24121
CHEMBL6470,0,0.06906817,24122
CHEMBL4559930,0,0.06906817,24123
CHEMBL19654,0,0.06906817,24124
CHEMBL20626,0,0.06903814,24125
CHEMBL23604,0,0.069014885,24126
CHEMBL12822,0,0.0690035,24127
CHEMBL23044,0,0.0690035,24128
CHEMBL30960,0,0.0690035,24129
CHEMBL7586,0,0.0690035,24130
CHEMBL4435841,0,0.0690035,24131
CHEMBL39939,0,0.0690035,24132
CHEMBL33981,0,0.0690035,24133
CHEMBL3311311,0,0.0690035,24134
CHEMBL40499,0,0.0690035,24135
CHEMBL23698,0,0.068969674,24136
CHEMBL4436530,0,0.06889245,24137
CHEMBL32803,0,0.06885394,24138
CHEMBL27378,0,0.0688289,24139
CHEMBL26946,0,0.06879496,24140
CHEMBL34276,0,0.06879496,24141
CHEMBL1200037,0,0.06879362,24142
CHEMBL31231,0,0.0687502,24143
CHEMBL3309514,0,0.0687502,24144
CHEMBL38404,0,0.06863888,24145
CHEMBL27887,0,0.06863888,24146
CHEMBL19538,0,0.06863683,24147
CHEMBL42437,0,0.06857248,24148
CHEMBL21341,0,0.06850251,24149
CHEMBL22766,0,0.06850059,24150
CHEMBL42543,0,0.06850059,24151
CHEMBL41861,0,0.06850059,24152
CHEMBL28519,0,0.06850059,24153
CHEMBL17307,0,0.06850059,24154
CHEMBL6545,0,0.06850059,24155
CHEMBL1783900,0,0.06850059,24156
CHEMBL30212,0,0.06850059,24157
CHEMBL21060,0,0.06850059,24158
CHEMBL6651,0,0.06850059,24159
CHEMBL28742,0,0.06850059,24160
CHEMBL3310047,0,0.06850059,24161
CHEMBL24490,0,0.06850059,24162
CHEMBL22738,0,0.06850059,24163
CHEMBL12234,0,0.06850059,24164
CHEMBL25160,0,0.06850059,24165
CHEMBL3309768,0,0.06850059,24166
CHEMBL29615,0,0.06850059,24167
CHEMBL16160,0,0.06850059,24168
CHEMBL10023,0,0.06850059,24169
CHEMBL3309455,0,0.06850059,24170
CHEMBL16051,0,0.06850059,24171
CHEMBL3309370,0,0.06850059,24172
CHEMBL25268,0,0.06850059,24173
CHEMBL573919,0,0.06850059,24174
CHEMBL38550,0,0.06850059,24175
CHEMBL25741,0,0.06850059,24176
CHEMBL25733,0,0.06850059,24177
CHEMBL25851,0,0.06850059,24178
CHEMBL32608,0,0.06850059,24179
CHEMBL15231,0,0.06850059,24180
CHEMBL39364,0,0.06850059,24181
CHEMBL22948,0,0.06850059,24182
CHEMBL35361,0,0.06850059,24183
CHEMBL19720,0,0.06850059,24184
CHEMBL20574,0,0.06850059,24185
CHEMBL39041,0,0.06850059,24186
CHEMBL19722,0,0.06850059,24187
CHEMBL25569,0,0.06850059,24188
CHEMBL22834,0,0.06850059,24189
CHEMBL35405,0,0.06850059,24190
CHEMBL38367,0,0.06850059,24191
CHEMBL31224,0,0.06850059,24192
CHEMBL4543441,0,0.06850059,24193
CHEMBL1163488,0,0.06850059,24194
CHEMBL39403,0,0.06850059,24195
CHEMBL13932,0,0.06850059,24196
CHEMBL39773,0,0.06850059,24197
CHEMBL28154,0,0.06850059,24198
CHEMBL18374,0,0.06850059,24199
CHEMBL23016,0,0.06850059,24200
CHEMBL13644,0,0.06850059,24201
CHEMBL39724,0,0.06850059,24202
CHEMBL4543362,0,0.06850059,24203
CHEMBL35747,0,0.06850059,24204
CHEMBL9777,0,0.06850059,24205
CHEMBL13722,0,0.06850059,24206
CHEMBL8889,0,0.06850059,24207
CHEMBL13762,0,0.06850059,24208
CHEMBL20028,0,0.06850059,24209
CHEMBL22458,0,0.06850059,24210
CHEMBL10169,0,0.06850059,24211
CHEMBL10195,0,0.06850059,24212
CHEMBL7305,0,0.06845565,24213
CHEMBL15074,0,0.0684515,24214
CHEMBL13898,0,0.06836845,24215
CHEMBL39162,0,0.06827761,24216
CHEMBL14921,0,0.06827761,24217
CHEMBL7176,0,0.06827761,24218
CHEMBL11350,0,0.06827761,24219
CHEMBL27364,0,0.06827761,24220
CHEMBL35539,0,0.06827761,24221
CHEMBL20739,0,0.06827761,24222
CHEMBL11765,0,0.06827761,24223
CHEMBL4436425,0,0.06827761,24224
CHEMBL19855,0,0.06827761,24225
CHEMBL22384,0,0.06823842,24226
CHEMBL17513,0,0.0682237,24227
CHEMBL4435714,0,0.06819425,24228
CHEMBL40113,0,0.06819425,24229
CHEMBL11131,0,0.06819425,24230
CHEMBL13555,0,0.06819425,24231
CHEMBL10762,0,0.06819425,24232
CHEMBL3309445,0,0.06819425,24233
CHEMBL4435568,0,0.06812542,24234
CHEMBL12839,0,0.068118304,24235
CHEMBL30689,0,0.068118304,24236
CHEMBL28913,0,0.068118304,24237
CHEMBL27522,0,0.068118304,24238
CHEMBL27485,0,0.068118304,24239
CHEMBL42167,0,0.06805087,24240
CHEMBL19301,0,0.06804868,24241
CHEMBL3309925,0,0.06802618,24242
CHEMBL35733,0,0.068024755,24243
CHEMBL7111,0,0.067972265,24244
CHEMBL35770,0,0.067972265,24245
CHEMBL31333,0,0.067972265,24246
CHEMBL6791,0,0.067972265,24247
CHEMBL37026,0,0.067972265,24248
CHEMBL41992,0,0.067972265,24249
CHEMBL20491,0,0.067972265,24250
CHEMBL39369,0,0.067972265,24251
CHEMBL40107,0,0.067972265,24252
CHEMBL21246,0,0.067972265,24253
CHEMBL30931,0,0.067972265,24254
CHEMBL11733,0,0.067972265,24255
CHEMBL18916,0,0.067958705,24256
CHEMBL39620,0,0.06793848,24257
CHEMBL18836,0,0.06789269,24258
CHEMBL6606,0,0.06789269,24259
CHEMBL33925,0,0.06781775,24260
CHEMBL17268,0,0.06776448,24261
CHEMBL10505,0,0.06772546,24262
CHEMBL25030,0,0.06772546,24263
CHEMBL3310414,0,0.06772546,24264
CHEMBL25604,0,0.06771745,24265
CHEMBL14385,0,0.06771745,24266
CHEMBL17014,0,0.06771745,24267
CHEMBL4543369,0,0.06771745,24268
CHEMBL27769,0,0.06771745,24269
CHEMBL35138,0,0.06762614,24270
CHEMBL8375,0,0.06760411,24271
CHEMBL26611,0,0.06758431,24272
CHEMBL24052,0,0.06758431,24273
CHEMBL4435630,0,0.06757313,24274
CHEMBL34815,0,0.06757313,24275
CHEMBL6265,0,0.06757313,24276
CHEMBL19551,0,0.06757313,24277
CHEMBL40779,0,0.06757313,24278
CHEMBL42435,0,0.06757313,24279
CHEMBL18102,0,0.06756267,24280
CHEMBL35289,0,0.06756267,24281
CHEMBL9557,0,0.06756267,24282
CHEMBL23289,0,0.06756267,24283
CHEMBL37102,0,0.06756267,24284
CHEMBL6400,0,0.067366324,24285
CHEMBL4435230,0,0.067334384,24286
CHEMBL9168,0,0.06732676,24287
CHEMBL9517,0,0.06732676,24288
CHEMBL4116102,0,0.06727688,24289
CHEMBL3310090,0,0.06723908,24290
CHEMBL17945,0,0.067227915,24291
CHEMBL4434680,0,0.067227915,24292
CHEMBL3310335,0,0.06722383,24293
CHEMBL3310011,0,0.06722383,24294
CHEMBL37165,0,0.06717586,24295
CHEMBL4116094,0,0.06717586,24296
CHEMBL9043,0,0.06717586,24297
CHEMBL14766,0,0.06717586,24298
CHEMBL28144,0,0.06716736,24299
CHEMBL37191,0,0.06716736,24300
CHEMBL27108,0,0.06715881,24301
CHEMBL36079,0,0.06715881,24302
CHEMBL29964,0,0.06715881,24303
CHEMBL3311359,0,0.06715881,24304
CHEMBL17392,0,0.06715881,24305
CHEMBL6583,0,0.06715881,24306
CHEMBL6668,0,0.06715881,24307
CHEMBL41356,0,0.06715881,24308
CHEMBL37985,0,0.0671395,24309
CHEMBL4543277,0,0.06713502,24310
CHEMBL28848,0,0.067066014,24311
CHEMBL19430,0,0.066988304,24312
CHEMBL40276,0,0.066988304,24313
CHEMBL3309473,0,0.066988304,24314
CHEMBL6952,0,0.066988304,24315
CHEMBL18323,0,0.066988304,24316
CHEMBL3311537,0,0.066988304,24317
CHEMBL14218,0,0.066988304,24318
CHEMBL28307,0,0.066988304,24319
CHEMBL4560041,0,0.066988304,24320
CHEMBL4436242,0,0.066988304,24321
CHEMBL18405,0,0.066988304,24322
CHEMBL6765,0,0.066988304,24323
CHEMBL22118,0,0.066988304,24324
CHEMBL7436,0,0.066988304,24325
CHEMBL20867,0,0.066988304,24326
CHEMBL31015,0,0.066988304,24327
CHEMBL7361,0,0.066988304,24328
CHEMBL17358,0,0.066988304,24329
CHEMBL18816,0,0.066988304,24330
CHEMBL23673,0,0.06689841,24331
CHEMBL20503,0,0.06689841,24332
CHEMBL26426,0,0.06689841,24333
CHEMBL573461,0,0.06689841,24334
CHEMBL10366,0,0.06689841,24335
CHEMBL4436097,0,0.06689841,24336
CHEMBL12474,0,0.06689841,24337
CHEMBL24636,0,0.06689841,24338
CHEMBL3309813,0,0.06689841,24339
CHEMBL24535,0,0.06689841,24340
CHEMBL28552,0,0.06689841,24341
CHEMBL16187,0,0.06689841,24342
CHEMBL3309446,0,0.06689841,24343
CHEMBL20049,0,0.06689841,24344
CHEMBL34662,0,0.06689841,24345
CHEMBL27028,0,0.06689841,24346
CHEMBL21129,0,0.06689841,24347
CHEMBL35918,0,0.06689841,24348
CHEMBL18409,0,0.06689841,24349
CHEMBL24492,0,0.06689841,24350
CHEMBL9492,0,0.06689841,24351
CHEMBL1199724,0,0.06689841,24352
CHEMBL37190,0,0.06689841,24353
CHEMBL4434884,0,0.06689841,24354
CHEMBL36625,0,0.06689841,24355
CHEMBL15248,0,0.06689841,24356
CHEMBL36755,0,0.06689841,24357
CHEMBL4436198,0,0.06689841,24358
CHEMBL26492,0,0.06689841,24359
CHEMBL42193,0,0.06689841,24360
CHEMBL35252,0,0.06689841,24361
CHEMBL10913,0,0.06689841,24362
CHEMBL23316,0,0.06689841,24363
CHEMBL155451,0,0.06689841,24364
CHEMBL4543281,0,0.06689841,24365
CHEMBL17165,0,0.06689841,24366
CHEMBL14207,0,0.06689841,24367
CHEMBL10657,0,0.06689841,24368
CHEMBL1077095,0,0.06689841,24369
CHEMBL1163506,0,0.06689841,24370
CHEMBL36120,0,0.06689841,24371
CHEMBL24700,0,0.06689841,24372
CHEMBL31626,0,0.06689841,24373
CHEMBL7064,0,0.06689841,24374
CHEMBL525996,0,0.06689841,24375
CHEMBL7897,0,0.06689841,24376
CHEMBL5095029,0,0.06689841,24377
CHEMBL155478,0,0.06689841,24378
CHEMBL42077,0,0.06689841,24379
CHEMBL10463,0,0.06689841,24380
CHEMBL4436370,0,0.06689841,24381
CHEMBL23863,0,0.06689841,24382
CHEMBL1215485,0,0.06689841,24383
CHEMBL27834,0,0.06689841,24384
CHEMBL4435682,0,0.06689841,24385
CHEMBL36711,0,0.06689841,24386
CHEMBL34775,0,0.0668485,24387
CHEMBL41335,0,0.06684135,24388
CHEMBL16385,0,0.06684135,24389
CHEMBL27318,0,0.06673771,24390
CHEMBL16237,0,0.06672325,24391
CHEMBL28667,0,0.06670121,24392
CHEMBL25902,0,0.06670121,24393
CHEMBL35971,0,0.06670121,24394
CHEMBL22826,0,0.06670121,24395
CHEMBL503411,0,0.06669552,24396
CHEMBL154228,0,0.06669552,24397
CHEMBL6603,0,0.06669552,24398
CHEMBL1163537,0,0.06669552,24399
CHEMBL32936,0,0.06669552,24400
CHEMBL24768,0,0.06665809,24401
CHEMBL9478,0,0.06661098,24402
CHEMBL36327,0,0.066572376,24403
CHEMBL41734,0,0.066527426,24404
CHEMBL36775,0,0.066527426,24405
CHEMBL13895,0,0.06652446,24406
CHEMBL570,0,0.06651351,24407
CHEMBL22056,0,0.06650374,24408
CHEMBL15615,0,0.06647506,24409
CHEMBL31981,0,0.066391826,24410
CHEMBL18324,0,0.06637893,24411
CHEMBL4543320,0,0.06636542,24412
CHEMBL41271,0,0.06636542,24413
CHEMBL23665,0,0.06634087,24414
CHEMBL30174,0,0.06634087,24415
CHEMBL33400,0,0.06634087,24416
CHEMBL40746,0,0.06634087,24417
CHEMBL3311265,0,0.06634087,24418
CHEMBL155896,0,0.06632585,24419
CHEMBL25476,0,0.06630143,24420
CHEMBL9223,0,0.066144496,24421
CHEMBL40916,0,0.06611985,24422
CHEMBL22148,0,0.06603759,24423
CHEMBL11826,0,0.06602584,24424
CHEMBL523218,0,0.066016115,24425
CHEMBL12009,0,0.066016115,24426
CHEMBL3311086,0,0.06601149,24427
CHEMBL13405,0,0.06601149,24428
CHEMBL27846,0,0.065999866,24429
CHEMBL31368,0,0.065999866,24430
CHEMBL9579,0,0.065999866,24431
CHEMBL22573,0,0.065999866,24432
CHEMBL29306,0,0.065999866,24433
CHEMBL17789,0,0.065999866,24434
CHEMBL13815,0,0.065999866,24435
CHEMBL22026,0,0.065999866,24436
CHEMBL15887,0,0.065999866,24437
CHEMBL35283,0,0.065999866,24438
CHEMBL17015,0,0.065999866,24439
CHEMBL21252,0,0.065999866,24440
CHEMBL42953,0,0.065999866,24441
CHEMBL37409,0,0.065999866,24442
CHEMBL39173,0,0.065999866,24443
CHEMBL18064,0,0.065999866,24444
CHEMBL3310003,0,0.06599137,24445
CHEMBL19125,0,0.06596936,24446
CHEMBL4436262,0,0.065958284,24447
CHEMBL4434848,0,0.06591754,24448
CHEMBL11976,0,0.065916024,24449
CHEMBL20344,0,0.0658804,24450
CHEMBL39828,0,0.06587005,24451
CHEMBL4435369,0,0.065856434,24452
CHEMBL3311118,0,0.065856434,24453
CHEMBL39095,0,0.065795295,24454
CHEMBL26195,0,0.065795295,24455
CHEMBL24797,0,0.065795295,24456
CHEMBL40332,0,0.065795295,24457
CHEMBL40592,0,0.065795295,24458
CHEMBL10119,0,0.065795295,24459
CHEMBL34170,0,0.065795295,24460
CHEMBL25773,0,0.065795295,24461
CHEMBL9371,0,0.065795295,24462
CHEMBL3310295,0,0.065795295,24463
CHEMBL21797,0,0.065795295,24464
CHEMBL4559993,0,0.065795295,24465
CHEMBL42943,0,0.065795295,24466
CHEMBL21245,0,0.065795295,24467
CHEMBL23746,0,0.065795295,24468
CHEMBL23691,0,0.065795295,24469
CHEMBL25311,0,0.065795295,24470
CHEMBL32906,0,0.06573852,24471
CHEMBL4435663,0,0.06573852,24472
CHEMBL30980,0,0.06572903,24473
CHEMBL605173,0,0.06572578,24474
CHEMBL12858,0,0.06572578,24475
CHEMBL20606,0,0.06572578,24476
CHEMBL28394,0,0.065696605,24477
CHEMBL39442,0,0.065696605,24478
CHEMBL31745,0,0.06569337,24479
CHEMBL27291,0,0.06568559,24480
CHEMBL33252,0,0.06568559,24481
CHEMBL16159,0,0.06568559,24482
CHEMBL14937,0,0.06568559,24483
CHEMBL35882,0,0.06568559,24484
CHEMBL7332,0,0.06568559,24485
CHEMBL14643,0,0.06568559,24486
CHEMBL20880,0,0.06568559,24487
CHEMBL19061,0,0.06568559,24488
CHEMBL39792,0,0.06568559,24489
CHEMBL27303,0,0.06568559,24490
CHEMBL6838,0,0.06568559,24491
CHEMBL4116130,0,0.06568559,24492
CHEMBL16571,0,0.06568559,24493
CHEMBL38143,0,0.06568559,24494
CHEMBL813,0,0.06566034,24495
CHEMBL4553159,0,0.06564865,24496
CHEMBL13920,0,0.06564865,24497
CHEMBL18100,0,0.06564865,24498
CHEMBL29968,0,0.06564865,24499
CHEMBL12728,0,0.06564865,24500
CHEMBL39408,0,0.06564865,24501
CHEMBL27718,0,0.06564865,24502
CHEMBL6564,0,0.06564865,24503
CHEMBL12483,0,0.06564865,24504
CHEMBL3310654,0,0.06564865,24505
CHEMBL32981,0,0.06564865,24506
CHEMBL12860,0,0.06564865,24507
CHEMBL13561,0,0.06564865,24508
CHEMBL40449,0,0.06564865,24509
CHEMBL14990,0,0.06564865,24510
CHEMBL26949,0,0.06564865,24511
CHEMBL13793,0,0.06564865,24512
CHEMBL12061,0,0.06564865,24513
CHEMBL4435789,0,0.06563539,24514
CHEMBL11369,0,0.06552638,24515
CHEMBL32425,0,0.06548111,24516
CHEMBL3310562,0,0.065455966,24517
CHEMBL36916,0,0.0654164,24518
CHEMBL30714,0,0.0654164,24519
CHEMBL40066,0,0.0654164,24520
CHEMBL10483,0,0.0654164,24521
CHEMBL29565,0,0.0654164,24522
CHEMBL23799,0,0.0654164,24523
CHEMBL33488,0,0.0654164,24524
CHEMBL26602,0,0.06532705,24525
CHEMBL34867,0,0.06532705,24526
CHEMBL43757,0,0.06532705,24527
CHEMBL4553680,0,0.06526883,24528
CHEMBL41149,0,0.06526883,24529
CHEMBL36911,0,0.06526883,24530
CHEMBL20456,0,0.06526883,24531
CHEMBL38332,0,0.06526883,24532
CHEMBL36310,0,0.06526883,24533
CHEMBL25293,0,0.06526883,24534
CHEMBL589825,0,0.06526883,24535
CHEMBL39669,0,0.06526883,24536
CHEMBL38918,0,0.06525564,24537
CHEMBL4435457,0,0.065228686,24538
CHEMBL26708,0,0.06522085,24539
CHEMBL9167,0,0.06508323,24540
CHEMBL12838,0,0.06497917,24541
CHEMBL6460,0,0.06497917,24542
CHEMBL34538,0,0.06497917,24543
CHEMBL28467,0,0.06492894,24544
CHEMBL15540,0,0.064922355,24545
CHEMBL40030,0,0.064922355,24546
CHEMBL42147,0,0.064922355,24547
CHEMBL10250,0,0.06491758,24548
CHEMBL4436239,0,0.06490012,24549
CHEMBL37452,0,0.06490012,24550
CHEMBL11579,0,0.06479483,24551
CHEMBL27177,0,0.06479483,24552
CHEMBL6957,0,0.06479483,24553
CHEMBL11386,0,0.06479483,24554
CHEMBL33314,0,0.06479483,24555
CHEMBL26653,0,0.06479483,24556
CHEMBL34995,0,0.06474092,24557
CHEMBL9170,0,0.06468571,24558
CHEMBL4436084,0,0.06463089,24559
CHEMBL33575,0,0.06463089,24560
CHEMBL3310088,0,0.064619124,24561
CHEMBL29728,0,0.064619124,24562
CHEMBL14061,0,0.064619124,24563
CHEMBL3310018,0,0.064619124,24564
CHEMBL3310409,0,0.064619124,24565
CHEMBL14220,0,0.064619124,24566
CHEMBL14911,0,0.064619124,24567
CHEMBL39278,0,0.064512074,24568
CHEMBL25201,0,0.064438134,24569
CHEMBL10855,0,0.064438134,24570
CHEMBL8295,0,0.064427204,24571
CHEMBL29396,0,0.06442077,24572
CHEMBL22943,0,0.06436027,24573
CHEMBL72,0,0.06436027,24574
CHEMBL24888,0,0.06436027,24575
CHEMBL14929,0,0.06436027,24576
CHEMBL12731,0,0.06436027,24577
CHEMBL33214,0,0.064347535,24578
CHEMBL1165423,0,0.064347535,24579
CHEMBL15630,0,0.064347535,24580
CHEMBL36786,0,0.06426333,24581
CHEMBL27358,0,0.064222865,24582
CHEMBL18078,0,0.06422269,24583
CHEMBL26376,0,0.06422269,24584
CHEMBL33236,0,0.06422269,24585
CHEMBL541764,0,0.06422269,24586
CHEMBL4543177,0,0.06422269,24587
CHEMBL40263,0,0.06422269,24588
CHEMBL31938,0,0.06422269,24589
CHEMBL16957,0,0.06422269,24590
CHEMBL23797,0,0.06414834,24591
CHEMBL10224,0,0.06414834,24592
CHEMBL40348,0,0.06414834,24593
CHEMBL4435258,0,0.06414834,24594
CHEMBL16813,0,0.06413247,24595
CHEMBL38217,0,0.06405588,24596
CHEMBL35917,0,0.06400234,24597
CHEMBL40832,0,0.0639767,24598
CHEMBL22673,0,0.0639767,24599
CHEMBL27830,0,0.0639767,24600
CHEMBL16308,0,0.0639767,24601
CHEMBL18760,0,0.06396194,24602
CHEMBL17595,0,0.06394952,24603
CHEMBL38683,0,0.06389804,24604
CHEMBL35348,0,0.063874625,24605
CHEMBL10986,0,0.06386648,24606
CHEMBL21652,0,0.06384683,24607
CHEMBL18304,0,0.06384683,24608
CHEMBL36241,0,0.063779995,24609
CHEMBL4560021,0,0.06377313,24610
CHEMBL38330,0,0.06374447,24611
CHEMBL28166,0,0.06373593,24612
CHEMBL639,0,0.063618064,24613
CHEMBL34843,0,0.06358634,24614
CHEMBL3310337,0,0.06358634,24615
CHEMBL41863,0,0.06358634,24616
CHEMBL38533,0,0.06350669,24617
CHEMBL4435283,0,0.06350669,24618
CHEMBL30067,0,0.06349169,24619
CHEMBL38556,0,0.06349169,24620
CHEMBL3309976,0,0.06349169,24621
CHEMBL24012,0,0.06347224,24622
CHEMBL25339,0,0.063470386,24623
CHEMBL6655,0,0.063470386,24624
CHEMBL3310459,0,0.063449316,24625
CHEMBL37916,0,0.06343676,24626
CHEMBL36126,0,0.06343676,24627
CHEMBL36861,0,0.06343676,24628
CHEMBL500007,0,0.06343676,24629
CHEMBL40136,0,0.06343676,24630
CHEMBL25553,0,0.06343676,24631
CHEMBL39945,0,0.06343676,24632
CHEMBL38352,0,0.06339745,24633
CHEMBL32479,0,0.06322726,24634
CHEMBL14995,0,0.06322726,24635
CHEMBL28225,0,0.06317869,24636
CHEMBL18259,0,0.06316633,24637
CHEMBL4560034,0,0.06313291,24638
CHEMBL12647,0,0.06302999,24639
CHEMBL9390,0,0.06301751,24640
CHEMBL27953,0,0.06300763,24641
CHEMBL38118,0,0.06300291,24642
CHEMBL24123,0,0.062964745,24643
CHEMBL16908,0,0.06286674,24644
CHEMBL42070,0,0.06285971,24645
CHEMBL14462,0,0.06284247,24646
CHEMBL29989,0,0.0628272,24647
CHEMBL4435115,0,0.0628272,24648
CHEMBL24368,0,0.0628272,24649
CHEMBL6425,0,0.0628272,24650
CHEMBL20130,0,0.0628272,24651
CHEMBL31207,0,0.0628272,24652
CHEMBL33711,0,0.0628272,24653
CHEMBL16403,0,0.0628272,24654
CHEMBL36216,0,0.0628272,24655
CHEMBL21299,0,0.0628272,24656
CHEMBL18985,0,0.0628272,24657
CHEMBL18494,0,0.0628272,24658
CHEMBL7014,0,0.0628272,24659
CHEMBL12785,0,0.06270546,24660
CHEMBL4435585,0,0.06270546,24661
CHEMBL20231,0,0.06270546,24662
CHEMBL28119,0,0.06270546,24663
CHEMBL26424,0,0.06270546,24664
CHEMBL42771,0,0.062688604,24665
CHEMBL21658,0,0.06266331,24666
CHEMBL1205372,0,0.06261398,24667
CHEMBL20088,0,0.062601596,24668
CHEMBL38928,0,0.062538035,24669
CHEMBL32870,0,0.06251397,24670
CHEMBL21072,0,0.062477343,24671
CHEMBL3309993,0,0.06244925,24672
CHEMBL10700,0,0.062358364,24673
CHEMBL3311201,0,0.062358364,24674
CHEMBL28333,0,0.06232429,24675
CHEMBL27593,0,0.06229068,24676
CHEMBL4434718,0,0.06228912,24677
CHEMBL14266,0,0.062232055,24678
CHEMBL20677,0,0.062232055,24679
CHEMBL4,0,0.062232055,24680
CHEMBL7003,0,0.062232055,24681
CHEMBL19993,0,0.06211297,24682
CHEMBL43500,0,0.06207009,24683
CHEMBL29737,0,0.06206644,24684
CHEMBL4435243,0,0.062035955,24685
CHEMBL40174,0,0.06203517,24686
CHEMBL26415,0,0.06203517,24687
CHEMBL26132,0,0.06203517,24688
CHEMBL4436073,0,0.061966352,24689
CHEMBL24564,0,0.061966352,24690
CHEMBL27299,0,0.061966352,24691
CHEMBL32625,0,0.061964724,24692
CHEMBL16842,0,0.061964724,24693
CHEMBL20387,0,0.061921854,24694
CHEMBL18717,0,0.061921854,24695
CHEMBL12239,0,0.061921854,24696
CHEMBL37031,0,0.061904043,24697
CHEMBL7190,0,0.061904043,24698
CHEMBL23239,0,0.061904043,24699
CHEMBL3309380,0,0.061904043,24700
CHEMBL4435911,0,0.061904043,24701
CHEMBL25616,0,0.061904043,24702
CHEMBL26400,0,0.061904043,24703
CHEMBL30315,0,0.06182815,24704
CHEMBL4435062,0,0.06179698,24705
CHEMBL9659,0,0.061782498,24706
CHEMBL4543553,0,0.061760228,24707
CHEMBL39980,0,0.06172243,24708
CHEMBL4435257,0,0.06172243,24709
CHEMBL37950,0,0.06172243,24710
CHEMBL21109,0,0.061704956,24711
CHEMBL13240,0,0.06169958,24712
CHEMBL3311456,0,0.061692823,24713
CHEMBL14491,0,0.061677355,24714
CHEMBL16111,0,0.06165951,24715
CHEMBL29123,0,0.06163062,24716
CHEMBL4553575,0,0.061613716,24717
CHEMBL4543322,0,0.061613716,24718
CHEMBL4435455,0,0.061611965,24719
CHEMBL17016,0,0.061469804,24720
CHEMBL16570,0,0.061469804,24721
CHEMBL20548,0,0.061423037,24722
CHEMBL21439,0,0.061423037,24723
CHEMBL35256,0,0.061423037,24724
CHEMBL40328,0,0.06139249,24725
CHEMBL29870,0,0.06139249,24726
CHEMBL1078833,0,0.061382506,24727
CHEMBL20670,0,0.06135284,24728
CHEMBL29759,0,0.061338328,24729
CHEMBL29391,0,0.061338328,24730
CHEMBL1094237,0,0.061278835,24731
CHEMBL32795,0,0.06122581,24732
CHEMBL10860,0,0.06122581,24733
CHEMBL23186,0,0.06122581,24734
CHEMBL16343,0,0.06122581,24735
CHEMBL26589,0,0.06122581,24736
CHEMBL525413,0,0.061180342,24737
CHEMBL4435145,0,0.06113144,24738
CHEMBL42174,0,0.06113144,24739
CHEMBL17589,0,0.061121058,24740
CHEMBL610879,0,0.061121058,24741
CHEMBL24867,0,0.061097268,24742
CHEMBL38209,0,0.061080184,24743
CHEMBL17897,0,0.061080184,24744
CHEMBL603312,0,0.06104693,24745
CHEMBL21612,0,0.06104693,24746
CHEMBL18518,0,0.06104693,24747
CHEMBL40007,0,0.06104693,24748
CHEMBL27093,0,0.06104693,24749
CHEMBL18826,0,0.06104693,24750
CHEMBL27758,0,0.06104693,24751
CHEMBL40386,0,0.06104693,24752
CHEMBL34190,0,0.06104693,24753
CHEMBL4435860,0,0.06104693,24754
CHEMBL27323,0,0.06104693,24755
CHEMBL21016,0,0.061029803,24756
CHEMBL36215,0,0.061029803,24757
CHEMBL3311258,0,0.061029803,24758
CHEMBL12862,0,0.061029803,24759
CHEMBL29619,0,0.06099521,24760
CHEMBL33277,0,0.060958065,24761
CHEMBL10467,0,0.06092131,24762
CHEMBL17760,0,0.06088358,24763
CHEMBL25203,0,0.06072247,24764
CHEMBL14853,0,0.06070592,24765
CHEMBL10781,0,0.06060732,24766
CHEMBL13208,0,0.06060732,24767
CHEMBL40277,0,0.060514394,24768
CHEMBL15947,0,0.060496658,24769
CHEMBL15680,0,0.060496658,24770
CHEMBL30673,0,0.06047994,24771
CHEMBL31430,0,0.06047994,24772
CHEMBL22237,0,0.060473267,24773
CHEMBL4435964,0,0.060441185,24774
CHEMBL29022,0,0.060326878,24775
CHEMBL38914,0,0.060309045,24776
CHEMBL4436428,0,0.06030565,24777
CHEMBL43596,0,0.060304113,24778
CHEMBL21633,0,0.060108952,24779
CHEMBL29568,0,0.060064774,24780
CHEMBL4434928,0,0.06006457,24781
CHEMBL32246,0,0.06006457,24782
CHEMBL37605,0,0.06006457,24783
CHEMBL17159,0,0.06006457,24784
CHEMBL22453,0,0.06006457,24785
CHEMBL34845,0,0.06006457,24786
CHEMBL28914,0,0.06006457,24787
CHEMBL17406,0,0.06006457,24788
CHEMBL27336,0,0.06006457,24789
CHEMBL6283,0,0.06006457,24790
CHEMBL18129,0,0.06006457,24791
CHEMBL17122,0,0.06006457,24792
CHEMBL29755,0,0.06006457,24793
CHEMBL1160112,0,0.06006457,24794
CHEMBL4543271,0,0.059954587,24795
CHEMBL14962,0,0.059954587,24796
CHEMBL41458,0,0.059946835,24797
CHEMBL8397,0,0.059852812,24798
CHEMBL43571,0,0.059819445,24799
CHEMBL25319,0,0.059795983,24800
CHEMBL13737,0,0.059795983,24801
CHEMBL26401,0,0.059795592,24802
CHEMBL40531,0,0.059793703,24803
CHEMBL35831,0,0.059793703,24804
CHEMBL648,0,0.059793703,24805
CHEMBL6336,0,0.05961808,24806
CHEMBL15428,0,0.05954961,24807
CHEMBL4435047,0,0.059546378,24808
CHEMBL13588,0,0.059546378,24809
CHEMBL21459,0,0.05953898,24810
CHEMBL21582,0,0.05950784,24811
CHEMBL29945,0,0.059492417,24812
CHEMBL19476,0,0.059458602,24813
CHEMBL7859,0,0.059417732,24814
CHEMBL24706,0,0.059417732,24815
CHEMBL3310468,0,0.059417732,24816
CHEMBL26505,0,0.059391584,24817
CHEMBL1208485,0,0.05937715,24818
CHEMBL26338,0,0.059278503,24819
CHEMBL30257,0,0.05923683,24820
CHEMBL3309557,0,0.05906323,24821
CHEMBL4435961,0,0.059011403,24822
CHEMBL4436279,0,0.059011403,24823
CHEMBL9039,0,0.059011403,24824
CHEMBL34191,0,0.059011403,24825
CHEMBL1208835,0,0.058972575,24826
CHEMBL17293,0,0.058972575,24827
CHEMBL8246,0,0.058930416,24828
CHEMBL24845,0,0.058930416,24829
CHEMBL31330,0,0.058930416,24830
CHEMBL26888,0,0.058930416,24831
CHEMBL39295,0,0.058930416,24832
CHEMBL6988,0,0.058930416,24833
CHEMBL26767,0,0.058930416,24834
CHEMBL35314,0,0.058930416,24835
CHEMBL7570,0,0.058930416,24836
CHEMBL35965,0,0.05889881,24837
CHEMBL15687,0,0.058861278,24838
CHEMBL4435228,0,0.05885566,24839
CHEMBL15977,0,0.05885566,24840
CHEMBL1782234,0,0.058749177,24841
CHEMBL594331,0,0.058749177,24842
CHEMBL29781,0,0.058749177,24843
CHEMBL36075,0,0.058749177,24844
CHEMBL19165,0,0.058749177,24845
CHEMBL30380,0,0.058749177,24846
CHEMBL40064,0,0.058735374,24847
CHEMBL20774,0,0.05863923,24848
CHEMBL3309458,0,0.058572616,24849
CHEMBL40708,0,0.058572616,24850
CHEMBL36870,0,0.0585044,24851
CHEMBL23165,0,0.05849337,24852
CHEMBL15416,0,0.058449216,24853
CHEMBL31896,0,0.058449216,24854
CHEMBL4543427,0,0.058449216,24855
CHEMBL658,0,0.058449216,24856
CHEMBL15164,0,0.058449216,24857
CHEMBL11644,0,0.058449216,24858
CHEMBL13087,0,0.058449216,24859
CHEMBL26826,0,0.058449216,24860
CHEMBL22519,0,0.058449216,24861
CHEMBL499583,0,0.058449216,24862
CHEMBL19300,0,0.058449216,24863
CHEMBL30225,0,0.058449216,24864
CHEMBL1097906,0,0.058449216,24865
CHEMBL19984,0,0.058449216,24866
CHEMBL20687,0,0.058449216,24867
CHEMBL13703,0,0.058449216,24868
CHEMBL4543368,0,0.058449216,24869
CHEMBL15314,0,0.058449216,24870
CHEMBL16891,0,0.058449216,24871
CHEMBL6652,0,0.058449216,24872
CHEMBL29900,0,0.058449216,24873
CHEMBL16522,0,0.058449216,24874
CHEMBL12,0,0.058159404,24875
CHEMBL38749,0,0.05815295,24876
CHEMBL27932,0,0.058104604,24877
CHEMBL4436413,0,0.058087584,24878
CHEMBL15305,0,0.05801419,24879
CHEMBL24592,0,0.05794859,24880
CHEMBL31716,0,0.057923786,24881
CHEMBL23525,0,0.05792185,24882
CHEMBL4543411,0,0.05774343,24883
CHEMBL4543543,0,0.05770722,24884
CHEMBL20986,0,0.05770722,24885
CHEMBL19544,0,0.05770722,24886
CHEMBL30547,0,0.05770722,24887
CHEMBL8595,0,0.05770722,24888
CHEMBL23257,0,0.05770722,24889
CHEMBL33848,0,0.05770722,24890
CHEMBL6387,0,0.05770722,24891
CHEMBL28943,0,0.05770722,24892
CHEMBL28714,0,0.05770722,24893
CHEMBL30585,0,0.05770722,24894
CHEMBL17567,0,0.05770722,24895
CHEMBL4434946,0,0.05770722,24896
CHEMBL4543242,0,0.05770722,24897
CHEMBL6209,0,0.05767613,24898
CHEMBL16052,0,0.05767613,24899
CHEMBL12154,0,0.05767613,24900
CHEMBL38971,0,0.05767613,24901
CHEMBL502237,0,0.057629067,24902
CHEMBL20370,0,0.057583705,24903
CHEMBL10069,0,0.057583705,24904
CHEMBL16228,0,0.057564326,24905
CHEMBL10460,0,0.057564326,24906
CHEMBL7348,0,0.057543166,24907
CHEMBL41934,0,0.057498254,24908
CHEMBL30287,0,0.057443753,24909
CHEMBL4559933,0,0.057227384,24910
CHEMBL3309734,0,0.057226047,24911
CHEMBL19633,0,0.057226047,24912
CHEMBL33260,0,0.057226047,24913
CHEMBL4435157,0,0.057226047,24914
CHEMBL33454,0,0.057226047,24915
CHEMBL26971,0,0.057226047,24916
CHEMBL28318,0,0.057226047,24917
CHEMBL4560052,0,0.057226047,24918
CHEMBL1163395,0,0.057226047,24919
CHEMBL8480,0,0.057226047,24920
CHEMBL35558,0,0.057226047,24921
CHEMBL36267,0,0.057226047,24922
CHEMBL39735,0,0.057226047,24923
CHEMBL3311004,0,0.057226047,24924
CHEMBL23907,0,0.057226047,24925
CHEMBL37956,0,0.057226047,24926
CHEMBL37945,0,0.057226047,24927
CHEMBL16330,0,0.057226047,24928
CHEMBL3311534,0,0.057226047,24929
CHEMBL4553627,0,0.057226047,24930
CHEMBL37761,0,0.057226047,24931
CHEMBL37287,0,0.057226047,24932
CHEMBL7209,0,0.057226047,24933
CHEMBL11972,0,0.057226047,24934
CHEMBL4435343,0,0.057226047,24935
CHEMBL35194,0,0.057226047,24936
CHEMBL16433,0,0.057226047,24937
CHEMBL37176,0,0.057226047,24938
CHEMBL40137,0,0.057226047,24939
CHEMBL35452,0,0.057226047,24940
CHEMBL38552,0,0.057226047,24941
CHEMBL19785,0,0.057226047,24942
CHEMBL26756,0,0.057226047,24943
CHEMBL11543,0,0.057226047,24944
CHEMBL11557,0,0.057226047,24945
CHEMBL4116128,0,0.057226047,24946
CHEMBL9032,0,0.057226047,24947
CHEMBL4436483,0,0.057226047,24948
CHEMBL4116154,0,0.057226047,24949
CHEMBL7010,0,0.057226047,24950
CHEMBL11038,0,0.057226047,24951
CHEMBL19089,0,0.057226047,24952
CHEMBL27786,0,0.057161428,24953
CHEMBL41889,0,0.057147373,24954
CHEMBL32913,0,0.057147373,24955
CHEMBL19315,0,0.057147373,24956
CHEMBL28472,0,0.057147373,24957
CHEMBL39812,0,0.057147373,24958
CHEMBL7944,0,0.057147373,24959
CHEMBL503643,0,0.057147373,24960
CHEMBL10220,0,0.057147373,24961
CHEMBL17756,0,0.057147373,24962
CHEMBL9209,0,0.057147373,24963
CHEMBL40540,0,0.057147373,24964
CHEMBL27347,0,0.057147373,24965
CHEMBL38101,0,0.057147373,24966
CHEMBL27075,0,0.057129122,24967
CHEMBL4559935,0,0.057129122,24968
CHEMBL26724,0,0.057129122,24969
CHEMBL40192,0,0.057103477,24970
CHEMBL503634,0,0.057050575,24971
CHEMBL22145,0,0.057050575,24972
CHEMBL26022,0,0.057050575,24973
CHEMBL15193,0,0.057035394,24974
CHEMBL16751,0,0.057035394,24975
CHEMBL23265,0,0.057035394,24976
CHEMBL20350,0,0.056985404,24977
CHEMBL20114,0,0.056985404,24978
CHEMBL25161,0,0.056985404,24979
CHEMBL4435117,0,0.056972053,24980
CHEMBL14682,0,0.056972053,24981
CHEMBL4553611,0,0.056972053,24982
CHEMBL8958,0,0.056972053,24983
CHEMBL9426,0,0.056972053,24984
CHEMBL9207,0,0.056953534,24985
CHEMBL3310798,0,0.056933343,24986
CHEMBL18458,0,0.056920752,24987
CHEMBL4559996,0,0.056920752,24988
CHEMBL20738,0,0.056920752,24989
CHEMBL43514,0,0.05686647,24990
CHEMBL22217,0,0.05686647,24991
CHEMBL41724,0,0.05686647,24992
CHEMBL27343,0,0.05681864,24993
CHEMBL41909,0,0.056814935,24994
CHEMBL18137,0,0.056802608,24995
CHEMBL11409,0,0.056760076,24996
CHEMBL25941,0,0.056753017,24997
CHEMBL12058,0,0.056744505,24998
CHEMBL3309491,0,0.05672468,24999
CHEMBL154687,0,0.056680053,25000
CHEMBL8322,0,0.056680053,25001
CHEMBL10743,0,0.056680053,25002
CHEMBL25686,0,0.056680053,25003
CHEMBL31181,0,0.056680053,25004
CHEMBL37921,0,0.056680053,25005
CHEMBL37262,0,0.056680053,25006
CHEMBL19149,0,0.056680053,25007
CHEMBL3310601,0,0.056680053,25008
CHEMBL28669,0,0.056680053,25009
CHEMBL23519,0,0.056680053,25010
CHEMBL1161567,0,0.056680053,25011
CHEMBL15783,0,0.056680053,25012
CHEMBL7517,0,0.056680053,25013
CHEMBL38278,0,0.056680053,25014
CHEMBL35610,0,0.056680053,25015
CHEMBL16101,0,0.056680053,25016
CHEMBL39247,0,0.056680053,25017
CHEMBL26045,0,0.056680053,25018
CHEMBL11620,0,0.056680053,25019
CHEMBL10631,0,0.056680053,25020
CHEMBL3309725,0,0.056680053,25021
CHEMBL26016,0,0.05667531,25022
CHEMBL22183,0,0.05660209,25023
CHEMBL18854,0,0.05660209,25024
CHEMBL40169,0,0.05660209,25025
CHEMBL25297,0,0.05660209,25026
CHEMBL19750,0,0.05660209,25027
CHEMBL37157,0,0.05660209,25028
CHEMBL11419,0,0.05660209,25029
CHEMBL39043,0,0.05660209,25030
CHEMBL1183414,0,0.056582943,25031
CHEMBL4436487,0,0.056582943,25032
CHEMBL40740,0,0.05653946,25033
CHEMBL14654,0,0.05653946,25034
CHEMBL12594,0,0.05653946,25035
CHEMBL8587,0,0.05650072,25036
CHEMBL4559963,0,0.05650072,25037
CHEMBL25676,0,0.05650072,25038
CHEMBL4553164,0,0.05650072,25039
CHEMBL30856,0,0.05649641,25040
CHEMBL9935,0,0.05643665,25041
CHEMBL3309653,0,0.05643665,25042
CHEMBL3085803,0,0.056400627,25043
CHEMBL10322,0,0.056386355,25044
CHEMBL14736,0,0.056384906,25045
CHEMBL39755,0,0.056384906,25046
CHEMBL18041,0,0.056384906,25047
CHEMBL30115,0,0.05634633,25048
CHEMBL40667,0,0.05634633,25049
CHEMBL8925,0,0.05626831,25050
CHEMBL24468,0,0.056213703,25051
CHEMBL35924,0,0.056193933,25052
CHEMBL1079305,0,0.056193933,25053
CHEMBL36007,0,0.056175437,25054
CHEMBL26114,0,0.056175437,25055
CHEMBL1163187,0,0.056175437,25056
CHEMBL22108,0,0.056175437,25057
CHEMBL22036,0,0.056094162,25058
CHEMBL23879,0,0.05606629,25059
CHEMBL18533,0,0.05606629,25060
CHEMBL14396,0,0.05606629,25061
CHEMBL21018,0,0.05606629,25062
CHEMBL37078,0,0.05606629,25063
CHEMBL10192,0,0.05606629,25064
CHEMBL14844,0,0.056028664,25065
CHEMBL10763,0,0.056028664,25066
CHEMBL20410,0,0.056028664,25067
CHEMBL42681,0,0.056028664,25068
CHEMBL8096,0,0.056016512,25069
CHEMBL19835,0,0.056016512,25070
CHEMBL31779,0,0.056016512,25071
CHEMBL35986,0,0.056016512,25072
CHEMBL36059,0,0.056016512,25073
CHEMBL11858,0,0.05595899,25074
CHEMBL38653,0,0.05595899,25075
CHEMBL39849,0,0.05595899,25076
CHEMBL39963,0,0.05595899,25077
CHEMBL39972,0,0.05595899,25078
CHEMBL500079,0,0.05595899,25079
CHEMBL6239,0,0.05595899,25080
CHEMBL38372,0,0.05595899,25081
CHEMBL407,0,0.05595899,25082
CHEMBL24847,0,0.055949956,25083
CHEMBL23676,0,0.05593192,25084
CHEMBL6300,0,0.05593192,25085
CHEMBL31522,0,0.05593192,25086
CHEMBL35957,0,0.05593192,25087
CHEMBL19528,0,0.05593192,25088
CHEMBL14690,0,0.05593192,25089
CHEMBL27767,0,0.05593192,25090
CHEMBL28100,0,0.05588882,25091
CHEMBL441620,0,0.055864085,25092
CHEMBL4553598,0,0.055864085,25093
CHEMBL17421,0,0.055864085,25094
CHEMBL32082,0,0.055864085,25095
CHEMBL1163378,0,0.055864085,25096
CHEMBL24926,0,0.055864085,25097
CHEMBL24534,0,0.055864085,25098
CHEMBL27244,0,0.055864085,25099
CHEMBL39488,0,0.055864085,25100
CHEMBL35137,0,0.055864085,25101
CHEMBL3311112,0,0.055846594,25102
CHEMBL40398,0,0.05577562,25103
CHEMBL36023,0,0.055765994,25104
CHEMBL4435382,0,0.055613942,25105
CHEMBL10852,0,0.055577975,25106
CHEMBL20754,0,0.055573322,25107
CHEMBL17590,0,0.055573322,25108
CHEMBL36723,0,0.055424377,25109
CHEMBL18637,0,0.055424377,25110
CHEMBL22475,0,0.055424377,25111
CHEMBL13361,0,0.05531698,25112
CHEMBL29567,0,0.055255815,25113
CHEMBL11535,0,0.05521829,25114
CHEMBL36283,0,0.05520149,25115
CHEMBL20328,0,0.05520149,25116
CHEMBL3309468,0,0.055134505,25117
CHEMBL35647,0,0.055115454,25118
CHEMBL36093,0,0.055108227,25119
CHEMBL36991,0,0.055108055,25120
CHEMBL25548,0,0.055108055,25121
CHEMBL437,0,0.05504259,25122
CHEMBL23849,0,0.05504259,25123
CHEMBL41141,0,0.05504259,25124
CHEMBL4435256,0,0.054996636,25125
CHEMBL33482,0,0.054996636,25126
CHEMBL14419,0,0.054996636,25127
CHEMBL4436304,0,0.054996636,25128
CHEMBL11106,0,0.054994877,25129
CHEMBL7217,0,0.05498702,25130
CHEMBL15583,0,0.05498702,25131
CHEMBL19049,0,0.05498702,25132
CHEMBL28700,0,0.05496208,25133
CHEMBL23779,0,0.05490316,25134
CHEMBL20163,0,0.054855365,25135
CHEMBL22301,0,0.054855365,25136
CHEMBL13013,0,0.054855365,25137
CHEMBL27359,0,0.05484674,25138
CHEMBL4435302,0,0.054777455,25139
CHEMBL12244,0,0.05476604,25140
CHEMBL26499,0,0.05476604,25141
CHEMBL39432,0,0.05476604,25142
CHEMBL38232,0,0.05474674,25143
CHEMBL14303,0,0.05474674,25144
CHEMBL4543297,0,0.054639533,25145
CHEMBL12745,0,0.054575555,25146
CHEMBL16369,0,0.054575555,25147
CHEMBL8340,0,0.054575555,25148
CHEMBL8140,0,0.054575555,25149
CHEMBL34783,0,0.054575555,25150
CHEMBL1188474,0,0.05455446,25151
CHEMBL13586,0,0.05455102,25152
CHEMBL7394,0,0.05451456,25153
CHEMBL10585,0,0.05451456,25154
CHEMBL29289,0,0.05451456,25155
CHEMBL27805,0,0.054461177,25156
CHEMBL36611,0,0.05445625,25157
CHEMBL18378,0,0.054362744,25158
CHEMBL32172,0,0.05425214,25159
CHEMBL7448,0,0.05425214,25160
CHEMBL32775,0,0.05425214,25161
CHEMBL11223,0,0.05425214,25162
CHEMBL19005,0,0.05425214,25163
CHEMBL10997,0,0.054217383,25164
CHEMBL42624,0,0.054172646,25165
CHEMBL10128,0,0.054085374,25166
CHEMBL1160541,0,0.05406173,25167
CHEMBL27003,0,0.054056667,25168
CHEMBL4435678,0,0.05389801,25169
CHEMBL13675,0,0.053851645,25170
CHEMBL20227,0,0.05384412,25171
CHEMBL4435124,0,0.05384412,25172
CHEMBL3309600,0,0.053746,25173
CHEMBL26253,0,0.053703893,25174
CHEMBL10970,0,0.053688385,25175
CHEMBL14336,0,0.05360431,25176
CHEMBL41813,0,0.05357633,25177
CHEMBL4435563,0,0.05357633,25178
CHEMBL38640,0,0.05356934,25179
CHEMBL35109,0,0.05356934,25180
CHEMBL29249,0,0.053379197,25181
CHEMBL4435855,0,0.05326182,25182
CHEMBL43743,0,0.05324296,25183
CHEMBL26799,0,0.05324296,25184
CHEMBL7169,0,0.05324296,25185
CHEMBL8270,0,0.053238116,25186
CHEMBL13805,0,0.053238116,25187
CHEMBL34808,0,0.053238116,25188
CHEMBL8311,0,0.05315407,25189
CHEMBL35987,0,0.05315407,25190
CHEMBL38599,0,0.05314655,25191
CHEMBL22669,0,0.053025104,25192
CHEMBL23074,0,0.052949145,25193
CHEMBL15407,0,0.05291751,25194
CHEMBL15677,0,0.052885327,25195
CHEMBL27435,0,0.052829288,25196
CHEMBL42945,0,0.052829288,25197
CHEMBL35568,0,0.052829288,25198
CHEMBL28367,0,0.052829288,25199
CHEMBL24142,0,0.052829288,25200
CHEMBL28499,0,0.052829288,25201
CHEMBL42285,0,0.05282922,25202
CHEMBL34941,0,0.052784596,25203
CHEMBL16510,0,0.052784596,25204
CHEMBL1163533,0,0.052784596,25205
CHEMBL24844,0,0.05276985,25206
CHEMBL41920,0,0.052757792,25207
CHEMBL28451,0,0.05262871,25208
CHEMBL4436003,0,0.05262871,25209
CHEMBL4436233,0,0.05260613,25210
CHEMBL12604,0,0.05255055,25211
CHEMBL17693,0,0.05255055,25212
CHEMBL17825,0,0.05255055,25213
CHEMBL36410,0,0.05255055,25214
CHEMBL33707,0,0.05255055,25215
CHEMBL22376,0,0.05255055,25216
CHEMBL39786,0,0.05255055,25217
CHEMBL34997,0,0.052482832,25218
CHEMBL38086,0,0.05244918,25219
CHEMBL4435219,0,0.05244918,25220
CHEMBL31972,0,0.05244918,25221
CHEMBL40374,0,0.05244918,25222
CHEMBL37159,0,0.05230389,25223
CHEMBL19436,0,0.05230389,25224
CHEMBL10265,0,0.05230389,25225
CHEMBL31299,0,0.05230389,25226
CHEMBL41985,0,0.05230389,25227
CHEMBL15829,0,0.05228953,25228
CHEMBL11101,0,0.052283518,25229
CHEMBL14481,0,0.052267566,25230
CHEMBL29297,0,0.052248918,25231
CHEMBL24081,0,0.052232202,25232
CHEMBL25682,0,0.052232202,25233
CHEMBL15155,0,0.05217842,25234
CHEMBL39839,0,0.052143835,25235
CHEMBL1163548,0,0.052096732,25236
CHEMBL39618,0,0.052041564,25237
CHEMBL16871,0,0.052038036,25238
CHEMBL23142,0,0.051985923,25239
CHEMBL6866,0,0.05195423,25240
CHEMBL27966,0,0.051925775,25241
CHEMBL9456,0,0.051914062,25242
CHEMBL39363,0,0.051885948,25243
CHEMBL40314,0,0.05179402,25244
CHEMBL25498,0,0.05176359,25245
CHEMBL36914,0,0.051732905,25246
CHEMBL538765,0,0.051731184,25247
CHEMBL42277,0,0.051731184,25248
CHEMBL11446,0,0.051727224,25249
CHEMBL42233,0,0.05170247,25250
CHEMBL4434699,0,0.05169056,25251
CHEMBL8656,0,0.051690515,25252
CHEMBL30994,0,0.051680345,25253
CHEMBL18341,0,0.05165739,25254
CHEMBL42040,0,0.05165739,25255
CHEMBL6285,0,0.05165739,25256
CHEMBL12827,0,0.05165739,25257
CHEMBL4434690,0,0.05165739,25258
CHEMBL24952,0,0.05165739,25259
CHEMBL16087,0,0.05165739,25260
CHEMBL3309361,0,0.05165739,25261
CHEMBL32639,0,0.05165739,25262
CHEMBL36253,0,0.05165739,25263
CHEMBL19744,0,0.05165739,25264
CHEMBL18679,0,0.05165739,25265
CHEMBL23781,0,0.05165739,25266
CHEMBL9995,0,0.051641077,25267
CHEMBL14605,0,0.051590577,25268
CHEMBL9502,0,0.051590577,25269
CHEMBL14109,0,0.051590577,25270
CHEMBL15624,0,0.051590577,25271
CHEMBL34714,0,0.051590577,25272
CHEMBL29701,0,0.051569667,25273
CHEMBL16064,0,0.051569667,25274
CHEMBL28121,0,0.051569667,25275
CHEMBL19383,0,0.051569667,25276
CHEMBL19293,0,0.051569667,25277
CHEMBL26229,0,0.051569242,25278
CHEMBL24893,0,0.051444042,25279
CHEMBL28506,0,0.051443685,25280
CHEMBL8923,0,0.05142763,25281
CHEMBL36627,0,0.05142763,25282
CHEMBL15538,0,0.05142763,25283
CHEMBL26093,0,0.05142763,25284
CHEMBL27142,0,0.05142763,25285
CHEMBL7972,0,0.051396944,25286
CHEMBL439400,0,0.051294506,25287
CHEMBL14455,0,0.051275536,25288
CHEMBL40339,0,0.051275536,25289
CHEMBL3310222,0,0.051275536,25290
CHEMBL24392,0,0.051268857,25291
CHEMBL4436245,0,0.05126298,25292
CHEMBL21597,0,0.05125956,25293
CHEMBL30112,0,0.051238943,25294
CHEMBL18146,0,0.051210452,25295
CHEMBL43639,0,0.051164795,25296
CHEMBL29543,0,0.051148433,25297
CHEMBL10971,0,0.051146615,25298
CHEMBL4434746,0,0.051135752,25299
CHEMBL29802,0,0.051135752,25300
CHEMBL41975,0,0.0511136,25301
CHEMBL12539,0,0.05103392,25302
CHEMBL28276,0,0.050941315,25303
CHEMBL449,0,0.050923485,25304
CHEMBL30289,0,0.05090154,25305
CHEMBL23471,0,0.05090154,25306
CHEMBL16876,0,0.05090154,25307
CHEMBL22481,0,0.05090154,25308
CHEMBL8166,0,0.05090154,25309
CHEMBL40097,0,0.05090154,25310
CHEMBL25965,0,0.050892994,25311
CHEMBL37887,0,0.050842047,25312
CHEMBL13609,0,0.050815094,25313
CHEMBL24733,0,0.050815094,25314
CHEMBL19313,0,0.050788864,25315
CHEMBL25652,0,0.050788864,25316
CHEMBL8624,0,0.050788864,25317
CHEMBL4435282,0,0.050787345,25318
CHEMBL38757,0,0.05077708,25319
CHEMBL15130,0,0.05067182,25320
CHEMBL12843,0,0.050626192,25321
CHEMBL26751,0,0.050626192,25322
CHEMBL14080,0,0.05060936,25323
CHEMBL27296,0,0.050607722,25324
CHEMBL28967,0,0.050607722,25325
CHEMBL34125,0,0.050607722,25326
CHEMBL25151,0,0.050607722,25327
CHEMBL42043,0,0.050607722,25328
CHEMBL4436545,0,0.050607722,25329
CHEMBL42844,0,0.050607722,25330
CHEMBL10926,0,0.050607722,25331
CHEMBL24364,0,0.050607722,25332
CHEMBL31763,0,0.050607722,25333
CHEMBL14125,0,0.050607722,25334
CHEMBL10419,0,0.050607722,25335
CHEMBL22103,0,0.050607722,25336
CHEMBL24950,0,0.050607722,25337
CHEMBL19600,0,0.050607722,25338
CHEMBL4435704,0,0.050607722,25339
CHEMBL3309740,0,0.050607722,25340
CHEMBL10915,0,0.050607722,25341
CHEMBL1223009,0,0.050607722,25342
CHEMBL26999,0,0.050607722,25343
CHEMBL31801,0,0.050607722,25344
CHEMBL36734,0,0.050607722,25345
CHEMBL4435968,0,0.050607722,25346
CHEMBL17211,0,0.050607722,25347
CHEMBL27699,0,0.050607722,25348
CHEMBL3310546,0,0.050607722,25349
CHEMBL4436439,0,0.050607722,25350
CHEMBL40609,0,0.050607722,25351
CHEMBL508099,0,0.050607722,25352
CHEMBL20693,0,0.050607722,25353
CHEMBL8138,0,0.050607722,25354
CHEMBL4543230,0,0.050607722,25355
CHEMBL18392,0,0.050607722,25356
CHEMBL13283,0,0.050607722,25357
CHEMBL32580,0,0.05057631,25358
CHEMBL4543505,0,0.050556816,25359
CHEMBL12291,0,0.050530754,25360
CHEMBL605,0,0.050358754,25361
CHEMBL23258,0,0.050358754,25362
CHEMBL9704,0,0.050358754,25363
CHEMBL22382,0,0.050358754,25364
CHEMBL4543246,0,0.050358754,25365
CHEMBL791,0,0.050358754,25366
CHEMBL40036,0,0.050358754,25367
CHEMBL8848,0,0.050358754,25368
CHEMBL9143,0,0.050358754,25369
CHEMBL13246,0,0.050358754,25370
CHEMBL470546,0,0.05031061,25371
CHEMBL10611,0,0.050300695,25372
CHEMBL31569,0,0.050139256,25373
CHEMBL31183,0,0.050139256,25374
CHEMBL34795,0,0.050139256,25375
CHEMBL31238,0,0.050139256,25376
CHEMBL15779,0,0.050139256,25377
CHEMBL38434,0,0.050126687,25378
CHEMBL12897,0,0.05011623,25379
CHEMBL4543303,0,0.05011623,25380
CHEMBL22436,0,0.050078157,25381
CHEMBL31140,0,0.050070796,25382
CHEMBL25172,0,0.050070796,25383
CHEMBL36794,0,0.050070796,25384
CHEMBL28325,0,0.050070796,25385
CHEMBL24761,0,0.0500654,25386
CHEMBL16506,0,0.049993988,25387
CHEMBL42457,0,0.049962733,25388
CHEMBL4435241,0,0.049930815,25389
CHEMBL6493,0,0.04991684,25390
CHEMBL4434780,0,0.04991684,25391
CHEMBL28670,0,0.04991684,25392
CHEMBL38964,0,0.04990937,25393
CHEMBL8786,0,0.04990937,25394
CHEMBL535264,0,0.049893692,25395
CHEMBL10948,0,0.049856078,25396
CHEMBL19033,0,0.04979947,25397
CHEMBL30084,0,0.04979947,25398
CHEMBL22915,0,0.04979947,25399
CHEMBL40006,0,0.04979947,25400
CHEMBL6610,0,0.04979947,25401
CHEMBL37328,0,0.04973339,25402
CHEMBL13296,0,0.04972415,25403
CHEMBL42124,0,0.049702626,25404
CHEMBL24928,0,0.04960887,25405
CHEMBL27761,0,0.049587574,25406
CHEMBL4553143,0,0.049587574,25407
CHEMBL28587,0,0.049587574,25408
CHEMBL32631,0,0.049582236,25409
CHEMBL22958,0,0.049573135,25410
CHEMBL26743,0,0.049456004,25411
CHEMBL42033,0,0.049456004,25412
CHEMBL17491,0,0.049456004,25413
CHEMBL16720,0,0.049456004,25414
CHEMBL40462,0,0.049401928,25415
CHEMBL6929,0,0.049401473,25416
CHEMBL41407,0,0.04937606,25417
CHEMBL3309516,0,0.04935628,25418
CHEMBL28963,0,0.04935097,25419
CHEMBL16756,0,0.049344536,25420
CHEMBL3309492,0,0.0493231,25421
CHEMBL4435304,0,0.0493231,25422
CHEMBL26498,0,0.049295034,25423
CHEMBL522887,0,0.049257282,25424
CHEMBL29030,0,0.049257115,25425
CHEMBL14404,0,0.049257115,25426
CHEMBL3309420,0,0.04921309,25427
CHEMBL1774481,0,0.04921309,25428
CHEMBL15962,0,0.04921309,25429
CHEMBL34834,0,0.04921309,25430
CHEMBL17599,0,0.04921309,25431
CHEMBL31360,0,0.04921309,25432
CHEMBL9556,0,0.04921309,25433
CHEMBL30485,0,0.04921309,25434
CHEMBL6931,0,0.04921309,25435
CHEMBL4559954,0,0.04921309,25436
CHEMBL35202,0,0.04921309,25437
CHEMBL42010,0,0.04921309,25438
CHEMBL27224,0,0.04921309,25439
CHEMBL39321,0,0.04921309,25440
CHEMBL23437,0,0.04921309,25441
CHEMBL13958,0,0.04921309,25442
CHEMBL540488,0,0.04921309,25443
CHEMBL12606,0,0.04921309,25444
CHEMBL23207,0,0.04921309,25445
CHEMBL17221,0,0.04921309,25446
CHEMBL27924,0,0.04921309,25447
CHEMBL30431,0,0.04921309,25448
CHEMBL33722,0,0.04921309,25449
CHEMBL35788,0,0.04921309,25450
CHEMBL42347,0,0.04921309,25451
CHEMBL601104,0,0.04915103,25452
CHEMBL611733,0,0.049146395,25453
CHEMBL10279,0,0.04914048,25454
CHEMBL17072,0,0.049096327,25455
CHEMBL23144,0,0.049038745,25456
CHEMBL16938,0,0.0490069,25457
CHEMBL17451,0,0.04899497,25458
CHEMBL29200,0,0.048979707,25459
CHEMBL22906,0,0.048932906,25460
CHEMBL14659,0,0.04890492,25461
CHEMBL28989,0,0.04890492,25462
CHEMBL31375,0,0.04890492,25463
CHEMBL13399,0,0.048895873,25464
CHEMBL36191,0,0.048895873,25465
CHEMBL14715,0,0.048895873,25466
CHEMBL13083,0,0.048895873,25467
CHEMBL3310367,0,0.048895873,25468
CHEMBL10142,0,0.048895873,25469
CHEMBL40235,0,0.048895873,25470
CHEMBL4435833,0,0.048890427,25471
CHEMBL37107,0,0.048890427,25472
CHEMBL12380,0,0.048890427,25473
CHEMBL42026,0,0.048890427,25474
CHEMBL4435435,0,0.048890427,25475
CHEMBL11173,0,0.048890427,25476
CHEMBL14763,0,0.048890427,25477
CHEMBL35795,0,0.048890427,25478
CHEMBL35588,0,0.048890427,25479
CHEMBL30675,0,0.048890427,25480
CHEMBL21579,0,0.04874684,25481
CHEMBL37660,0,0.048730787,25482
CHEMBL1203155,0,0.048730787,25483
CHEMBL39975,0,0.048730787,25484
CHEMBL15437,0,0.04870249,25485
CHEMBL12230,0,0.04870249,25486
CHEMBL1163171,0,0.04870249,25487
CHEMBL21004,0,0.04870249,25488
CHEMBL25495,0,0.04870249,25489
CHEMBL23748,0,0.04870249,25490
CHEMBL32613,0,0.04870249,25491
CHEMBL26168,0,0.04870249,25492
CHEMBL14871,0,0.04870249,25493
CHEMBL7100,0,0.04870249,25494
CHEMBL17555,0,0.04870249,25495
CHEMBL25927,0,0.04870249,25496
CHEMBL20213,0,0.04870249,25497
CHEMBL15183,0,0.04867719,25498
CHEMBL43667,0,0.04866106,25499
CHEMBL25818,0,0.048645932,25500
CHEMBL11084,0,0.048645932,25501
CHEMBL31807,0,0.048641752,25502
CHEMBL18149,0,0.04863886,25503
CHEMBL3309997,0,0.048611827,25504
CHEMBL3310268,0,0.04857757,25505
CHEMBL25753,0,0.048531476,25506
CHEMBL15747,0,0.04852841,25507
CHEMBL15953,0,0.04852841,25508
CHEMBL39099,0,0.048522897,25509
CHEMBL40267,0,0.048492525,25510
CHEMBL32846,0,0.048492525,25511
CHEMBL3309649,0,0.048492525,25512
CHEMBL32516,0,0.04848643,25513
CHEMBL32851,0,0.048481572,25514
CHEMBL4436170,0,0.048414063,25515
CHEMBL40402,0,0.04839891,25516
CHEMBL8319,0,0.04839891,25517
CHEMBL1163176,0,0.04839891,25518
CHEMBL24579,0,0.04839891,25519
CHEMBL35420,0,0.04839891,25520
CHEMBL20833,0,0.04839891,25521
CHEMBL38566,0,0.04839891,25522
CHEMBL7435,0,0.04839891,25523
CHEMBL38644,0,0.04839891,25524
CHEMBL4116131,0,0.04839891,25525
CHEMBL28822,0,0.04839891,25526
CHEMBL24134,0,0.04839891,25527
CHEMBL39919,0,0.04839891,25528
CHEMBL40985,0,0.04839891,25529
CHEMBL3309639,0,0.04839891,25530
CHEMBL34012,0,0.04839891,25531
CHEMBL7005,0,0.04839891,25532
CHEMBL17477,0,0.04839891,25533
CHEMBL42789,0,0.04839891,25534
CHEMBL19909,0,0.04839891,25535
CHEMBL28900,0,0.04839891,25536
CHEMBL13328,0,0.04839891,25537
CHEMBL3309609,0,0.04839891,25538
CHEMBL11046,0,0.04839891,25539
CHEMBL13492,0,0.04839891,25540
CHEMBL38284,0,0.04839891,25541
CHEMBL3309601,0,0.04839891,25542
CHEMBL26204,0,0.04839891,25543
CHEMBL41921,0,0.04839891,25544
CHEMBL12996,0,0.04839891,25545
CHEMBL19502,0,0.04839891,25546
CHEMBL26015,0,0.04839891,25547
CHEMBL501770,0,0.04839891,25548
CHEMBL7557,0,0.04839891,25549
CHEMBL18054,0,0.04839891,25550
CHEMBL30391,0,0.04839891,25551
CHEMBL12627,0,0.04839891,25552
CHEMBL41287,0,0.04839891,25553
CHEMBL28754,0,0.04839891,25554
CHEMBL14963,0,0.04839891,25555
CHEMBL16744,0,0.04839891,25556
CHEMBL40929,0,0.04839891,25557
CHEMBL15763,0,0.04839891,25558
CHEMBL21547,0,0.04839891,25559
CHEMBL3311511,0,0.04839891,25560
CHEMBL14597,0,0.04839891,25561
CHEMBL12874,0,0.04839891,25562
CHEMBL7742,0,0.04839891,25563
CHEMBL3310737,0,0.04839891,25564
CHEMBL33802,0,0.04839891,25565
CHEMBL35505,0,0.04839891,25566
CHEMBL33710,0,0.04839891,25567
CHEMBL23923,0,0.04839891,25568
CHEMBL29478,0,0.04839891,25569
CHEMBL39164,0,0.04839891,25570
CHEMBL1163248,0,0.04839891,25571
CHEMBL26736,0,0.04839891,25572
CHEMBL38018,0,0.04839891,25573
CHEMBL34434,0,0.04839891,25574
CHEMBL34680,0,0.04839891,25575
CHEMBL3309462,0,0.04839891,25576
CHEMBL34286,0,0.04839891,25577
CHEMBL16885,0,0.04839891,25578
CHEMBL27319,0,0.04839891,25579
CHEMBL30601,0,0.04839891,25580
CHEMBL29230,0,0.04839891,25581
CHEMBL41576,0,0.04839891,25582
CHEMBL18422,0,0.04839891,25583
CHEMBL40252,0,0.04839891,25584
CHEMBL20338,0,0.04839891,25585
CHEMBL4553641,0,0.04839891,25586
CHEMBL21632,0,0.04839891,25587
CHEMBL12080,0,0.04839891,25588
CHEMBL10696,0,0.04839891,25589
CHEMBL10647,0,0.04839891,25590
CHEMBL23420,0,0.04839891,25591
CHEMBL22591,0,0.04839891,25592
CHEMBL32135,0,0.04839891,25593
CHEMBL19532,0,0.04839891,25594
CHEMBL6902,0,0.04839891,25595
CHEMBL11294,0,0.04839891,25596
CHEMBL10326,0,0.04839891,25597
CHEMBL11642,0,0.04839891,25598
CHEMBL17796,0,0.04839891,25599
CHEMBL10651,0,0.04839891,25600
CHEMBL23717,0,0.04839891,25601
CHEMBL11381,0,0.04839891,25602
CHEMBL29784,0,0.04839891,25603
CHEMBL29599,0,0.04839891,25604
CHEMBL19607,0,0.04839891,25605
CHEMBL14938,0,0.04839891,25606
CHEMBL40412,0,0.04839891,25607
CHEMBL31595,0,0.04839891,25608
CHEMBL27098,0,0.04839891,25609
CHEMBL36452,0,0.04839891,25610
CHEMBL33648,0,0.04839891,25611
CHEMBL8929,0,0.04839891,25612
CHEMBL21307,0,0.04839891,25613
CHEMBL28708,0,0.04839891,25614
CHEMBL13417,0,0.04839891,25615
CHEMBL17957,0,0.04839891,25616
CHEMBL32526,0,0.04839891,25617
CHEMBL32216,0,0.04839666,25618
CHEMBL1077368,0,0.048395965,25619
CHEMBL27840,0,0.048395965,25620
CHEMBL4559939,0,0.048386227,25621
CHEMBL36525,0,0.048339624,25622
CHEMBL24109,0,0.048339624,25623
CHEMBL20839,0,0.048339624,25624
CHEMBL3310498,0,0.048339624,25625
CHEMBL6723,0,0.048339624,25626
CHEMBL23011,0,0.048339624,25627
CHEMBL23983,0,0.048331752,25628
CHEMBL30078,0,0.048331752,25629
CHEMBL37910,0,0.048331752,25630
CHEMBL37879,0,0.048331752,25631
CHEMBL12887,0,0.048331752,25632
CHEMBL28016,0,0.048331752,25633
CHEMBL11242,0,0.048331752,25634
CHEMBL34341,0,0.048331752,25635
CHEMBL31460,0,0.048331752,25636
CHEMBL21875,0,0.048331752,25637
CHEMBL15626,0,0.048331752,25638
CHEMBL23655,0,0.048331752,25639
CHEMBL39458,0,0.048331752,25640
CHEMBL39455,0,0.048331752,25641
CHEMBL4553130,0,0.048331752,25642
CHEMBL16798,0,0.048331752,25643
CHEMBL31297,0,0.048331752,25644
CHEMBL32282,0,0.048331752,25645
CHEMBL7878,0,0.048331752,25646
CHEMBL7920,0,0.048331752,25647
CHEMBL16915,0,0.048331752,25648
CHEMBL16914,0,0.048331752,25649
CHEMBL3311010,0,0.048331752,25650
CHEMBL540427,0,0.048331752,25651
CHEMBL38754,0,0.048331752,25652
CHEMBL21567,0,0.048331752,25653
CHEMBL21564,0,0.048331752,25654
CHEMBL17373,0,0.048331752,25655
CHEMBL25893,0,0.048331752,25656
CHEMBL28104,0,0.048331752,25657
CHEMBL22863,0,0.048331752,25658
CHEMBL6581,0,0.048331752,25659
CHEMBL498921,0,0.048331752,25660
CHEMBL34622,0,0.048331752,25661
CHEMBL17046,0,0.048331752,25662
CHEMBL36629,0,0.048331752,25663
CHEMBL7767,0,0.048331752,25664
CHEMBL33799,0,0.048331752,25665
CHEMBL11542,0,0.048331752,25666
CHEMBL38673,0,0.048331752,25667
CHEMBL33114,0,0.048331752,25668
CHEMBL27803,0,0.048331752,25669
CHEMBL443332,0,0.048331752,25670
CHEMBL6251,0,0.048331752,25671
CHEMBL26180,0,0.048331752,25672
CHEMBL12060,0,0.048331752,25673
CHEMBL21220,0,0.048331752,25674
CHEMBL7109,0,0.048331752,25675
CHEMBL27810,0,0.048331752,25676
CHEMBL22743,0,0.048331752,25677
CHEMBL34029,0,0.048331752,25678
CHEMBL35108,0,0.048331752,25679
CHEMBL10780,0,0.048331752,25680
CHEMBL37571,0,0.048331752,25681
CHEMBL29558,0,0.048331752,25682
CHEMBL7183,0,0.048331752,25683
CHEMBL19625,0,0.048331752,25684
CHEMBL8175,0,0.048331752,25685
CHEMBL23497,0,0.048331752,25686
CHEMBL41276,0,0.048331752,25687
CHEMBL41541,0,0.048331752,25688
CHEMBL22659,0,0.048331752,25689
CHEMBL30983,0,0.048331752,25690
CHEMBL31836,0,0.048331752,25691
CHEMBL33341,0,0.048331752,25692
CHEMBL30527,0,0.048331752,25693
CHEMBL29628,0,0.048331752,25694
CHEMBL40193,0,0.048331752,25695
CHEMBL3311309,0,0.048331752,25696
CHEMBL23694,0,0.048331752,25697
CHEMBL16803,0,0.048331752,25698
CHEMBL8205,0,0.048331752,25699
CHEMBL40217,0,0.048331752,25700
CHEMBL36376,0,0.048331752,25701
CHEMBL40282,0,0.048331752,25702
CHEMBL12863,0,0.048331752,25703
CHEMBL17121,0,0.04832356,25704
CHEMBL15589,0,0.048261873,25705
CHEMBL17956,0,0.0480903,25706
CHEMBL36021,0,0.048049334,25707
CHEMBL4116120,0,0.048022263,25708
CHEMBL13696,0,0.048022263,25709
CHEMBL37592,0,0.048009325,25710
CHEMBL157397,0,0.04794787,25711
CHEMBL27744,0,0.04794787,25712
CHEMBL24028,0,0.04794787,25713
CHEMBL3310971,0,0.04794787,25714
CHEMBL17855,0,0.04794787,25715
CHEMBL27466,0,0.04794787,25716
CHEMBL590250,0,0.04794787,25717
CHEMBL40103,0,0.04794787,25718
CHEMBL20103,0,0.047929496,25719
CHEMBL13431,0,0.047918234,25720
CHEMBL13230,0,0.047918234,25721
CHEMBL29919,0,0.04790773,25722
CHEMBL14646,0,0.047810115,25723
CHEMBL34737,0,0.047748435,25724
CHEMBL23386,0,0.047746506,25725
CHEMBL23502,0,0.047746506,25726
CHEMBL20577,0,0.04759899,25727
CHEMBL33111,0,0.04759899,25728
CHEMBL8252,0,0.04759547,25729
CHEMBL23985,0,0.04755947,25730
CHEMBL9655,0,0.047516022,25731
CHEMBL40406,0,0.047479197,25732
CHEMBL37146,0,0.047479197,25733
CHEMBL4435500,0,0.047479197,25734
CHEMBL269289,0,0.047317486,25735
CHEMBL19235,0,0.047317486,25736
CHEMBL14370,0,0.047317486,25737
CHEMBL14991,0,0.047317486,25738
CHEMBL7541,0,0.047317486,25739
CHEMBL15263,0,0.047317486,25740
CHEMBL36546,0,0.047317486,25741
CHEMBL42854,0,0.047317486,25742
CHEMBL42792,0,0.047317486,25743
CHEMBL20251,0,0.047317486,25744
CHEMBL30172,0,0.047317486,25745
CHEMBL33727,0,0.047317486,25746
CHEMBL34070,0,0.047317486,25747
CHEMBL4543578,0,0.047317486,25748
CHEMBL14002,0,0.047317486,25749
CHEMBL18977,0,0.047317486,25750
CHEMBL6801,0,0.047317486,25751
CHEMBL6732,0,0.047317486,25752
CHEMBL32949,0,0.047317486,25753
CHEMBL41581,0,0.047317486,25754
CHEMBL32901,0,0.047317486,25755
CHEMBL19937,0,0.047317486,25756
CHEMBL22572,0,0.047317486,25757
CHEMBL33632,0,0.047317486,25758
CHEMBL27409,0,0.047317486,25759
CHEMBL1161924,0,0.047317486,25760
CHEMBL41147,0,0.047317486,25761
CHEMBL28650,0,0.047317486,25762
CHEMBL3311314,0,0.047317486,25763
CHEMBL18732,0,0.047317486,25764
CHEMBL16785,0,0.047317486,25765
CHEMBL36046,0,0.047317486,25766
CHEMBL8401,0,0.047317486,25767
CHEMBL39027,0,0.047317486,25768
CHEMBL31513,0,0.047317486,25769
CHEMBL31516,0,0.047317486,25770
CHEMBL30927,0,0.047317486,25771
CHEMBL20790,0,0.047317486,25772
CHEMBL7344,0,0.047317486,25773
CHEMBL38828,0,0.047317486,25774
CHEMBL7896,0,0.047317486,25775
CHEMBL3310882,0,0.047317486,25776
CHEMBL31137,0,0.047317486,25777
CHEMBL7193,0,0.047317486,25778
CHEMBL38412,0,0.047317486,25779
CHEMBL30876,0,0.047317486,25780
CHEMBL36915,0,0.047317486,25781
CHEMBL36958,0,0.047317486,25782
CHEMBL3310254,0,0.047317486,25783
CHEMBL7625,0,0.047317486,25784
CHEMBL4543225,0,0.047317486,25785
CHEMBL30147,0,0.047317486,25786
CHEMBL7293,0,0.047317486,25787
CHEMBL24395,0,0.047317486,25788
CHEMBL28762,0,0.047317486,25789
CHEMBL37011,0,0.047317486,25790
CHEMBL23950,0,0.047304578,25791
CHEMBL31346,0,0.047234442,25792
CHEMBL6881,0,0.047234442,25793
CHEMBL24946,0,0.047234442,25794
CHEMBL11655,0,0.047234442,25795
CHEMBL557422,0,0.047208164,25796
CHEMBL34517,0,0.047193654,25797
CHEMBL39528,0,0.047193654,25798
CHEMBL609688,0,0.047193654,25799
CHEMBL16509,0,0.047188926,25800
CHEMBL23854,0,0.04713087,25801
CHEMBL21666,0,0.04706625,25802
CHEMBL3311109,0,0.04706222,25803
CHEMBL34362,0,0.04704953,25804
CHEMBL37021,0,0.04704953,25805
CHEMBL11326,0,0.04704953,25806
CHEMBL24226,0,0.046984155,25807
CHEMBL3309763,0,0.046984155,25808
CHEMBL11773,0,0.046984155,25809
CHEMBL33137,0,0.046984155,25810
CHEMBL26579,0,0.046984155,25811
CHEMBL20087,0,0.046984155,25812
CHEMBL33950,0,0.046984155,25813
CHEMBL43189,0,0.046984155,25814
CHEMBL37646,0,0.046953917,25815
CHEMBL33044,0,0.046953917,25816
CHEMBL609423,0,0.046953917,25817
CHEMBL24989,0,0.046953917,25818
CHEMBL4434717,0,0.046949897,25819
CHEMBL31530,0,0.04694371,25820
CHEMBL32222,0,0.04694371,25821
CHEMBL13877,0,0.04694371,25822
CHEMBL16423,0,0.04694371,25823
CHEMBL37851,0,0.04694371,25824
CHEMBL25134,0,0.04694371,25825
CHEMBL1181431,0,0.04694371,25826
CHEMBL12211,0,0.046936553,25827
CHEMBL11969,0,0.046936553,25828
CHEMBL27316,0,0.046936553,25829
CHEMBL42330,0,0.046861056,25830
CHEMBL10144,0,0.046861056,25831
CHEMBL8980,0,0.046843465,25832
CHEMBL34363,0,0.046806935,25833
CHEMBL31888,0,0.046806935,25834
CHEMBL11985,0,0.046806935,25835
CHEMBL19581,0,0.046806935,25836
CHEMBL19478,0,0.046806935,25837
CHEMBL18299,0,0.046806935,25838
CHEMBL27900,0,0.046806935,25839
CHEMBL34801,0,0.046806935,25840
CHEMBL29318,0,0.046806935,25841
CHEMBL20323,0,0.046772208,25842
CHEMBL22452,0,0.046747785,25843
CHEMBL7755,0,0.046735026,25844
CHEMBL38913,0,0.046734814,25845
CHEMBL23178,0,0.046728823,25846
CHEMBL34390,0,0.046696994,25847
CHEMBL7281,0,0.04667033,25848
CHEMBL28629,0,0.046640806,25849
CHEMBL34432,0,0.04663429,25850
CHEMBL34025,0,0.046438716,25851
CHEMBL4543387,0,0.046438716,25852
CHEMBL1084510,0,0.046401113,25853
CHEMBL26087,0,0.046347365,25854
CHEMBL30040,0,0.046347365,25855
CHEMBL21992,0,0.04631598,25856
CHEMBL4553165,0,0.046284217,25857
CHEMBL40223,0,0.046256494,25858
CHEMBL21085,0,0.046252195,25859
CHEMBL33652,0,0.046252195,25860
CHEMBL16953,0,0.046220683,25861
CHEMBL38948,0,0.046219546,25862
CHEMBL18814,0,0.0462161,25863
CHEMBL33017,0,0.0462161,25864
CHEMBL1163552,0,0.0462161,25865
CHEMBL3310006,0,0.046202227,25866
CHEMBL32542,0,0.046149265,25867
CHEMBL24598,0,0.0461446,25868
CHEMBL17807,0,0.0461446,25869
CHEMBL19660,0,0.046097193,25870
CHEMBL36383,0,0.046097193,25871
CHEMBL28867,0,0.046097193,25872
CHEMBL7029,0,0.046097193,25873
CHEMBL20881,0,0.046097193,25874
CHEMBL19613,0,0.046097193,25875
CHEMBL4116107,0,0.046097193,25876
CHEMBL11745,0,0.046097193,25877
CHEMBL16254,0,0.046097193,25878
CHEMBL4543398,0,0.046097193,25879
CHEMBL17482,0,0.046097193,25880
CHEMBL17417,0,0.046097193,25881
CHEMBL10161,0,0.046097193,25882
CHEMBL16215,0,0.046097193,25883
CHEMBL16239,0,0.046097193,25884
CHEMBL32187,0,0.046097193,25885
CHEMBL20714,0,0.046097193,25886
CHEMBL20660,0,0.046097193,25887
CHEMBL7167,0,0.046097193,25888
CHEMBL24780,0,0.046097193,25889
CHEMBL14247,0,0.046097193,25890
CHEMBL21432,0,0.046097193,25891
CHEMBL38628,0,0.046097193,25892
CHEMBL11508,0,0.046097193,25893
CHEMBL18627,0,0.046097193,25894
CHEMBL7360,0,0.046097193,25895
CHEMBL20837,0,0.046097193,25896
CHEMBL31476,0,0.046097193,25897
CHEMBL22115,0,0.046097193,25898
CHEMBL20299,0,0.046097193,25899
CHEMBL21013,0,0.046097193,25900
CHEMBL29731,0,0.046097193,25901
CHEMBL32944,0,0.046097193,25902
CHEMBL4543562,0,0.046097193,25903
CHEMBL35096,0,0.046097193,25904
CHEMBL266873,0,0.046097193,25905
CHEMBL10277,0,0.046097193,25906
CHEMBL11782,0,0.046097193,25907
CHEMBL39523,0,0.046097193,25908
CHEMBL33906,0,0.046097193,25909
CHEMBL4553613,0,0.046097193,25910
CHEMBL42599,0,0.046097193,25911
CHEMBL20424,0,0.046097193,25912
CHEMBL41982,0,0.046097193,25913
CHEMBL39033,0,0.046097193,25914
CHEMBL4435739,0,0.046097193,25915
CHEMBL8432,0,0.046097193,25916
CHEMBL25527,0,0.046097193,25917
CHEMBL19596,0,0.046097193,25918
CHEMBL18579,0,0.046097193,25919
CHEMBL39255,0,0.046097193,25920
CHEMBL20496,0,0.046097193,25921
CHEMBL6932,0,0.046097193,25922
CHEMBL6926,0,0.046097193,25923
CHEMBL6925,0,0.046097193,25924
CHEMBL3309474,0,0.046097193,25925
CHEMBL1222706,0,0.046097193,25926
CHEMBL4435941,0,0.046097193,25927
CHEMBL4436455,0,0.046097193,25928
CHEMBL17937,0,0.046097193,25929
CHEMBL38476,0,0.046097193,25930
CHEMBL3309389,0,0.046097193,25931
CHEMBL13984,0,0.046097193,25932
CHEMBL6748,0,0.046097193,25933
CHEMBL21125,0,0.046097193,25934
CHEMBL16525,0,0.046097193,25935
CHEMBL20572,0,0.046097193,25936
CHEMBL35573,0,0.046097193,25937
CHEMBL23490,0,0.046097193,25938
CHEMBL11785,0,0.046097193,25939
CHEMBL3309292,0,0.046097193,25940
CHEMBL11793,0,0.046097193,25941
CHEMBL11812,0,0.046097193,25942
CHEMBL20603,0,0.046097193,25943
CHEMBL1076624,0,0.046097193,25944
CHEMBL30667,0,0.046097193,25945
CHEMBL6361,0,0.046097193,25946
CHEMBL38271,0,0.046097193,25947
CHEMBL21179,0,0.046097193,25948
CHEMBL19314,0,0.046096724,25949
CHEMBL29773,0,0.046096724,25950
CHEMBL32792,0,0.046088472,25951
CHEMBL31973,0,0.046059605,25952
CHEMBL40930,0,0.04603831,25953
CHEMBL22719,0,0.04603831,25954
CHEMBL19167,0,0.04603831,25955
CHEMBL98,0,0.046035524,25956
CHEMBL37632,0,0.046035524,25957
CHEMBL31052,0,0.046035524,25958
CHEMBL27007,0,0.04600198,25959
CHEMBL20972,0,0.04596833,25960
CHEMBL22898,0,0.04596833,25961
CHEMBL6287,0,0.045965645,25962
CHEMBL15504,0,0.045965645,25963
CHEMBL28216,0,0.045965645,25964
CHEMBL13584,0,0.045965645,25965
CHEMBL16854,0,0.045965645,25966
CHEMBL21047,0,0.0459631,25967
CHEMBL27554,0,0.045823295,25968
CHEMBL41008,0,0.045794502,25969
CHEMBL12170,0,0.045794502,25970
CHEMBL4543480,0,0.045794502,25971
CHEMBL35540,0,0.045775063,25972
CHEMBL26720,0,0.04573194,25973
CHEMBL39900,0,0.04573194,25974
CHEMBL4435162,0,0.045708127,25975
CHEMBL12390,0,0.04567061,25976
CHEMBL23321,0,0.045645364,25977
CHEMBL32388,0,0.045609277,25978
CHEMBL22137,0,0.045548864,25979
CHEMBL3309975,0,0.045528762,25980
CHEMBL43098,0,0.045494623,25981
CHEMBL22994,0,0.04546259,25982
CHEMBL19231,0,0.04546259,25983
CHEMBL40728,0,0.04546259,25984
CHEMBL27312,0,0.04546259,25985
CHEMBL3310244,0,0.04545059,25986
CHEMBL18243,0,0.045337845,25987
CHEMBL13728,0,0.045337845,25988
CHEMBL19620,0,0.045311883,25989
CHEMBL4435460,0,0.045311883,25990
CHEMBL29119,0,0.045311883,25991
CHEMBL3310891,0,0.045311883,25992
CHEMBL17932,0,0.045311883,25993
CHEMBL13873,0,0.045311883,25994
CHEMBL26620,0,0.045311883,25995
CHEMBL22018,0,0.045311883,25996
CHEMBL29985,0,0.045311883,25997
CHEMBL21805,0,0.045311883,25998
CHEMBL1207685,0,0.045311883,25999
CHEMBL18810,0,0.045311883,26000
CHEMBL4435248,0,0.045311883,26001
CHEMBL3311398,0,0.045311883,26002
CHEMBL3311402,0,0.045311883,26003
CHEMBL21636,0,0.045311883,26004
CHEMBL37739,0,0.045311883,26005
CHEMBL38994,0,0.045311883,26006
CHEMBL16733,0,0.045311883,26007
CHEMBL21878,0,0.045311883,26008
CHEMBL12242,0,0.045311883,26009
CHEMBL18944,0,0.045279257,26010
CHEMBL21161,0,0.04527839,26011
CHEMBL32522,0,0.04527839,26012
CHEMBL25968,0,0.045232013,26013
CHEMBL34781,0,0.045148738,26014
CHEMBL35707,0,0.045148738,26015
CHEMBL19756,0,0.045096558,26016
CHEMBL16853,0,0.045067165,26017
CHEMBL40628,0,0.045067165,26018
CHEMBL13966,0,0.045067165,26019
CHEMBL41701,0,0.044951547,26020
CHEMBL22676,0,0.04493104,26021
CHEMBL9053,0,0.044928614,26022
CHEMBL13592,0,0.044923194,26023
CHEMBL38932,0,0.044900153,26024
CHEMBL4543551,0,0.044900153,26025
CHEMBL36520,0,0.044899344,26026
CHEMBL30295,0,0.044899344,26027
CHEMBL28491,0,0.044899344,26028
CHEMBL24619,0,0.044899344,26029
CHEMBL33790,0,0.044899344,26030
CHEMBL28168,0,0.044890072,26031
CHEMBL30383,0,0.044890072,26032
CHEMBL3310332,0,0.044890072,26033
CHEMBL14265,0,0.04484528,26034
CHEMBL39696,0,0.04482197,26035
CHEMBL4435231,0,0.04482197,26036
CHEMBL1091501,0,0.04482197,26037
CHEMBL33241,0,0.044797007,26038
CHEMBL1214612,0,0.044759225,26039
CHEMBL19277,0,0.044759225,26040
CHEMBL20230,0,0.044759225,26041
CHEMBL4436538,0,0.044759225,26042
CHEMBL19902,0,0.044759225,26043
CHEMBL13568,0,0.044759225,26044
CHEMBL4434821,0,0.044759225,26045
CHEMBL18635,0,0.044759225,26046
CHEMBL14967,0,0.044759225,26047
CHEMBL36316,0,0.044759225,26048
CHEMBL27539,0,0.044759225,26049
CHEMBL4543224,0,0.044759225,26050
CHEMBL4553614,0,0.044759225,26051
CHEMBL38421,0,0.044759225,26052
CHEMBL1223703,0,0.044759225,26053
CHEMBL19365,0,0.044759225,26054
CHEMBL3309379,0,0.044759225,26055
CHEMBL3309551,0,0.044759225,26056
CHEMBL24907,0,0.044759225,26057
CHEMBL16337,0,0.044759225,26058
CHEMBL11010,0,0.044759225,26059
CHEMBL23135,0,0.044759225,26060
CHEMBL23218,0,0.044759225,26061
CHEMBL25502,0,0.044759225,26062
CHEMBL22908,0,0.044759225,26063
CHEMBL22653,0,0.04474039,26064
CHEMBL37844,0,0.044725914,26065
CHEMBL11730,0,0.044725914,26066
CHEMBL39338,0,0.04471419,26067
CHEMBL22544,0,0.044644237,26068
CHEMBL4436401,0,0.044644237,26069
CHEMBL26928,0,0.04457958,26070
CHEMBL16484,0,0.044526175,26071
CHEMBL39978,0,0.044463623,26072
CHEMBL4436131,0,0.04442196,26073
CHEMBL28297,0,0.04442196,26074
CHEMBL9654,0,0.04442196,26075
CHEMBL1184808,0,0.04441872,26076
CHEMBL3309520,0,0.044416573,26077
CHEMBL4435774,0,0.044414185,26078
CHEMBL20051,0,0.04438293,26079
CHEMBL33809,0,0.04438293,26080
CHEMBL27696,0,0.04438293,26081
CHEMBL4435063,0,0.04438293,26082
CHEMBL37941,0,0.04438293,26083
CHEMBL21977,0,0.04438293,26084
CHEMBL19885,0,0.04436006,26085
CHEMBL18704,0,0.044275522,26086
CHEMBL411,0,0.04419998,26087
CHEMBL36620,0,0.044189103,26088
CHEMBL17441,0,0.044135388,26089
CHEMBL37931,0,0.04412099,26090
CHEMBL6339,0,0.044073682,26091
CHEMBL30263,0,0.044064574,26092
CHEMBL4543426,0,0.0440435,26093
CHEMBL3310336,0,0.04401037,26094
CHEMBL23231,0,0.04399451,26095
CHEMBL11049,0,0.043950807,26096
CHEMBL7637,0,0.04391986,26097
CHEMBL30199,0,0.04391986,26098
CHEMBL6761,0,0.04391986,26099
CHEMBL13907,0,0.04390905,26100
CHEMBL3310258,0,0.04390905,26101
CHEMBL28020,0,0.04390905,26102
CHEMBL6701,0,0.04390905,26103
CHEMBL34921,0,0.043852903,26104
CHEMBL36835,0,0.0437295,26105
CHEMBL29272,0,0.043692086,26106
CHEMBL13450,0,0.043692086,26107
CHEMBL28475,0,0.043692086,26108
CHEMBL32664,0,0.043692086,26109
CHEMBL23903,0,0.043692086,26110
CHEMBL34742,0,0.043692086,26111
CHEMBL41193,0,0.043692086,26112
CHEMBL28298,0,0.043692086,26113
CHEMBL8389,0,0.043692086,26114
CHEMBL1097293,0,0.043692086,26115
CHEMBL11241,0,0.043692086,26116
CHEMBL699,0,0.043692086,26117
CHEMBL39441,0,0.043692086,26118
CHEMBL11954,0,0.043692086,26119
CHEMBL31423,0,0.04364529,26120
CHEMBL27444,0,0.043498676,26121
CHEMBL13491,0,0.04342534,26122
CHEMBL34258,0,0.04342534,26123
CHEMBL26108,0,0.04342534,26124
CHEMBL34351,0,0.04342534,26125
CHEMBL15295,0,0.04342534,26126
CHEMBL25490,0,0.04342534,26127
CHEMBL30016,0,0.04342534,26128
CHEMBL9352,0,0.04342534,26129
CHEMBL23617,0,0.04342534,26130
CHEMBL9282,0,0.04342534,26131
CHEMBL42781,0,0.04342534,26132
CHEMBL10656,0,0.04342534,26133
CHEMBL36105,0,0.04342534,26134
CHEMBL40034,0,0.04342534,26135
CHEMBL39518,0,0.043418705,26136
CHEMBL21735,0,0.043418705,26137
CHEMBL7381,0,0.04338903,26138
CHEMBL4543461,0,0.04337555,26139
CHEMBL14157,0,0.04332992,26140
CHEMBL22885,0,0.04332992,26141
CHEMBL18772,0,0.04332992,26142
CHEMBL29345,0,0.04332992,26143
CHEMBL43029,0,0.04332992,26144
CHEMBL8487,0,0.04328367,26145
CHEMBL7922,0,0.04328367,26146
CHEMBL29337,0,0.04324081,26147
CHEMBL33568,0,0.043224126,26148
CHEMBL29669,0,0.043213334,26149
CHEMBL25642,0,0.043170925,26150
CHEMBL18006,0,0.04316291,26151
CHEMBL9098,0,0.043061513,26152
CHEMBL16147,0,0.04306104,26153
CHEMBL38975,0,0.043031234,26154
CHEMBL13093,0,0.04299554,26155
CHEMBL20545,0,0.04298721,26156
CHEMBL3310466,0,0.04298721,26157
CHEMBL25031,0,0.04298721,26158
CHEMBL33591,0,0.04298721,26159
CHEMBL13787,0,0.04298721,26160
CHEMBL34542,0,0.04298721,26161
CHEMBL39449,0,0.04298721,26162
CHEMBL13998,0,0.04298721,26163
CHEMBL32481,0,0.04298721,26164
CHEMBL23027,0,0.042966157,26165
CHEMBL19355,0,0.042952217,26166
CHEMBL12482,0,0.042952217,26167
CHEMBL23012,0,0.042917255,26168
CHEMBL16620,0,0.042906363,26169
CHEMBL37593,0,0.042906363,26170
CHEMBL26017,0,0.042906363,26171
CHEMBL1076221,0,0.042906363,26172
CHEMBL9400,0,0.042906363,26173
CHEMBL37283,0,0.042891525,26174
CHEMBL15010,0,0.042891525,26175
CHEMBL42691,0,0.042802937,26176
CHEMBL24342,0,0.04279654,26177
CHEMBL3309506,0,0.04279654,26178
CHEMBL18251,0,0.04279654,26179
CHEMBL23940,0,0.042780045,26180
CHEMBL611047,0,0.042780045,26181
CHEMBL16384,0,0.042780045,26182
CHEMBL31811,0,0.042780045,26183
CHEMBL11809,0,0.042780045,26184
CHEMBL31736,0,0.042780045,26185
CHEMBL263555,0,0.042689294,26186
CHEMBL3310472,0,0.042689294,26187
CHEMBL23031,0,0.042689294,26188
CHEMBL25228,0,0.042689294,26189
CHEMBL13674,0,0.042677853,26190
CHEMBL23808,0,0.042653743,26191
CHEMBL28538,0,0.042592615,26192
CHEMBL16259,0,0.042519096,26193
CHEMBL4543373,0,0.04240291,26194
CHEMBL19730,0,0.0423437,26195
CHEMBL9406,0,0.0423437,26196
CHEMBL21079,0,0.042334177,26197
CHEMBL3310193,0,0.042334177,26198
CHEMBL30362,0,0.04228924,26199
CHEMBL9091,0,0.04228924,26200
CHEMBL36442,0,0.042285867,26201
CHEMBL22165,0,0.042285867,26202
CHEMBL31970,0,0.042285867,26203
CHEMBL9457,0,0.042285867,26204
CHEMBL4435650,0,0.042253118,26205
CHEMBL19686,0,0.042141616,26206
CHEMBL9273,0,0.042121623,26207
CHEMBL19525,0,0.04211386,26208
CHEMBL7970,0,0.042094216,26209
CHEMBL4543446,0,0.042052686,26210
CHEMBL36255,0,0.042052686,26211
CHEMBL26894,0,0.042052686,26212
CHEMBL3309900,0,0.042052686,26213
CHEMBL6579,0,0.041993678,26214
CHEMBL32226,0,0.04195912,26215
CHEMBL1170714,0,0.04195912,26216
CHEMBL14429,0,0.04195912,26217
CHEMBL23981,0,0.04195912,26218
CHEMBL41822,0,0.04195912,26219
CHEMBL30081,0,0.04195912,26220
CHEMBL18831,0,0.04195912,26221
CHEMBL17883,0,0.04195912,26222
CHEMBL17432,0,0.04195912,26223
CHEMBL38857,0,0.04195912,26224
CHEMBL34885,0,0.04195912,26225
CHEMBL34531,0,0.04195912,26226
CHEMBL10404,0,0.04195912,26227
CHEMBL16546,0,0.04195912,26228
CHEMBL4436588,0,0.04195912,26229
CHEMBL7130,0,0.04195912,26230
CHEMBL36787,0,0.041924097,26231
CHEMBL39763,0,0.041924097,26232
CHEMBL17153,0,0.041900504,26233
CHEMBL39146,0,0.041900504,26234
CHEMBL8061,0,0.041900504,26235
CHEMBL30041,0,0.041900504,26236
CHEMBL21273,0,0.041900504,26237
CHEMBL38557,0,0.041900504,26238
CHEMBL6847,0,0.041900504,26239
CHEMBL30151,0,0.041900504,26240
CHEMBL22972,0,0.041900504,26241
CHEMBL4435574,0,0.04186446,26242
CHEMBL4434841,0,0.041797765,26243
CHEMBL29132,0,0.0417926,26244
CHEMBL4435121,0,0.04177816,26245
CHEMBL4436493,0,0.04177816,26246
CHEMBL4303157,0,0.041756105,26247
CHEMBL32181,0,0.041756105,26248
CHEMBL29860,0,0.041614544,26249
CHEMBL4434943,0,0.041612055,26250
CHEMBL40763,0,0.041612055,26251
CHEMBL4559998,0,0.04161196,26252
CHEMBL9937,0,0.04161196,26253
CHEMBL28160,0,0.04161196,26254
CHEMBL4435071,0,0.04161148,26255
CHEMBL9689,0,0.04159535,26256
CHEMBL33217,0,0.04156549,26257
CHEMBL27258,0,0.04156549,26258
CHEMBL26735,0,0.041552376,26259
CHEMBL27321,0,0.041552376,26260
CHEMBL34500,0,0.041552376,26261
CHEMBL28734,0,0.041552376,26262
CHEMBL34158,0,0.041552376,26263
CHEMBL747,0,0.041552376,26264
CHEMBL14508,0,0.041552376,26265
CHEMBL34230,0,0.041552376,26266
CHEMBL19427,0,0.041552376,26267
CHEMBL11704,0,0.041552376,26268
CHEMBL10957,0,0.041552376,26269
CHEMBL25643,0,0.041552376,26270
CHEMBL533,0,0.041552376,26271
CHEMBL1203385,0,0.041552376,26272
CHEMBL16067,0,0.041552376,26273
CHEMBL10164,0,0.041552376,26274
CHEMBL42421,0,0.041552376,26275
CHEMBL13332,0,0.041552376,26276
CHEMBL15190,0,0.041552376,26277
CHEMBL26630,0,0.041552376,26278
CHEMBL20723,0,0.041552376,26279
CHEMBL6741,0,0.041552376,26280
CHEMBL10755,0,0.041552376,26281
CHEMBL26819,0,0.041552376,26282
CHEMBL28522,0,0.041552376,26283
CHEMBL32910,0,0.041552376,26284
CHEMBL35033,0,0.041552376,26285
CHEMBL34110,0,0.041552376,26286
CHEMBL11971,0,0.041552376,26287
CHEMBL19208,0,0.041552376,26288
CHEMBL3311512,0,0.041552376,26289
CHEMBL12767,0,0.041552376,26290
CHEMBL8321,0,0.041552376,26291
CHEMBL11274,0,0.041552376,26292
CHEMBL33499,0,0.041552376,26293
CHEMBL13115,0,0.041552376,26294
CHEMBL37760,0,0.041552376,26295
CHEMBL12189,0,0.041552376,26296
CHEMBL4434909,0,0.041552376,26297
CHEMBL14907,0,0.041551366,26298
CHEMBL3310412,0,0.041548852,26299
CHEMBL605451,0,0.041544985,26300
CHEMBL9395,0,0.041517198,26301
CHEMBL34671,0,0.041517198,26302
CHEMBL32770,0,0.041517198,26303
CHEMBL14369,0,0.041517198,26304
CHEMBL16460,0,0.041494302,26305
CHEMBL7192,0,0.041494302,26306
CHEMBL16675,0,0.041494302,26307
CHEMBL10621,0,0.041494302,26308
CHEMBL23150,0,0.041488178,26309
CHEMBL3310800,0,0.041439,26310
CHEMBL31374,0,0.041437406,26311
CHEMBL17984,0,0.041437406,26312
CHEMBL11643,0,0.041437406,26313
CHEMBL34386,0,0.041437406,26314
CHEMBL3310109,0,0.041430306,26315
CHEMBL14341,0,0.041418802,26316
CHEMBL23398,0,0.041418802,26317
CHEMBL32735,0,0.041418802,26318
CHEMBL8871,0,0.041418802,26319
CHEMBL13721,0,0.041418802,26320
CHEMBL35661,0,0.041418802,26321
CHEMBL28623,0,0.041418802,26322
CHEMBL29824,0,0.041418802,26323
CHEMBL22582,0,0.041380964,26324
CHEMBL15022,0,0.041380964,26325
CHEMBL11792,0,0.041363273,26326
CHEMBL12147,0,0.041363273,26327
CHEMBL268339,0,0.04131045,26328
CHEMBL32223,0,0.041248973,26329
CHEMBL9234,0,0.04124083,26330
CHEMBL31987,0,0.04124083,26331
CHEMBL24849,0,0.04123028,26332
CHEMBL1206762,0,0.04123028,26333
CHEMBL28932,0,0.04122903,26334
CHEMBL4435552,0,0.04122903,26335
CHEMBL13785,0,0.041211918,26336
CHEMBL15704,0,0.041211918,26337
CHEMBL8312,0,0.041211918,26338
CHEMBL39519,0,0.041211918,26339
CHEMBL16827,0,0.041211918,26340
CHEMBL28432,0,0.041045632,26341
CHEMBL26482,0,0.04104442,26342
CHEMBL9241,0,0.041015387,26343
CHEMBL7168,0,0.041015387,26344
CHEMBL29789,0,0.041015387,26345
CHEMBL3309499,0,0.041015387,26346
CHEMBL7849,0,0.041015387,26347
CHEMBL15332,0,0.041015387,26348
CHEMBL11572,0,0.041015387,26349
CHEMBL14638,0,0.041015387,26350
CHEMBL38925,0,0.041015387,26351
CHEMBL6648,0,0.041015387,26352
CHEMBL42035,0,0.040986825,26353
CHEMBL17336,0,0.040986825,26354
CHEMBL16881,0,0.040986825,26355
CHEMBL33460,0,0.040986825,26356
CHEMBL15170,0,0.040986825,26357
CHEMBL15738,0,0.040986825,26358
CHEMBL33826,0,0.04094023,26359
CHEMBL6464,0,0.0409273,26360
CHEMBL17303,0,0.0409273,26361
CHEMBL35441,0,0.0409273,26362
CHEMBL16786,0,0.0409273,26363
CHEMBL34699,0,0.0409273,26364
CHEMBL7564,0,0.040902358,26365
CHEMBL7855,0,0.040828362,26366
CHEMBL16907,0,0.04082039,26367
CHEMBL14485,0,0.04082039,26368
CHEMBL6944,0,0.04082039,26369
CHEMBL7664,0,0.04082039,26370
CHEMBL29518,0,0.04082039,26371
CHEMBL34647,0,0.04082039,26372
CHEMBL41192,0,0.04082039,26373
CHEMBL42089,0,0.04082039,26374
CHEMBL10323,0,0.04082039,26375
CHEMBL13535,0,0.04082039,26376
CHEMBL39038,0,0.04082039,26377
CHEMBL8371,0,0.04082039,26378
CHEMBL6489,0,0.04082039,26379
CHEMBL25974,0,0.04082039,26380
CHEMBL17954,0,0.04082039,26381
CHEMBL4436059,0,0.04082039,26382
CHEMBL22707,0,0.04082039,26383
CHEMBL19381,0,0.04082039,26384
CHEMBL26778,0,0.04082039,26385
CHEMBL35910,0,0.04082039,26386
CHEMBL30887,0,0.04082039,26387
CHEMBL40816,0,0.04082039,26388
CHEMBL28047,0,0.04082039,26389
CHEMBL8165,0,0.04082039,26390
CHEMBL17357,0,0.04082039,26391
CHEMBL31411,0,0.04082039,26392
CHEMBL35219,0,0.04082039,26393
CHEMBL20354,0,0.040818647,26394
CHEMBL10149,0,0.040818647,26395
CHEMBL29980,0,0.040818647,26396
CHEMBL27276,0,0.040818647,26397
CHEMBL29736,0,0.040807407,26398
CHEMBL17635,0,0.040780764,26399
CHEMBL36139,0,0.040780764,26400
CHEMBL4543219,0,0.040655833,26401
CHEMBL12417,0,0.040655833,26402
CHEMBL37254,0,0.040655833,26403
CHEMBL7203,0,0.040617403,26404
CHEMBL13047,0,0.040612374,26405
CHEMBL16895,0,0.040612374,26406
CHEMBL32214,0,0.04061208,26407
CHEMBL13119,0,0.04049812,26408
CHEMBL39661,0,0.040491894,26409
CHEMBL12110,0,0.040491894,26410
CHEMBL3309336,0,0.040491894,26411
CHEMBL12904,0,0.040491894,26412
CHEMBL4435238,0,0.040491894,26413
CHEMBL13666,0,0.040491894,26414
CHEMBL40239,0,0.040491894,26415
CHEMBL20734,0,0.040491894,26416
CHEMBL40424,0,0.040491894,26417
CHEMBL10234,0,0.040491894,26418
CHEMBL12960,0,0.040491894,26419
CHEMBL38252,0,0.04039286,26420
CHEMBL15431,0,0.04039286,26421
CHEMBL9029,0,0.040386748,26422
CHEMBL34960,0,0.040353082,26423
CHEMBL14872,0,0.040351614,26424
CHEMBL29152,0,0.040351614,26425
CHEMBL12727,0,0.04031533,26426
CHEMBL40568,0,0.04030262,26427
CHEMBL24033,0,0.04029907,26428
CHEMBL38466,0,0.040291917,26429
CHEMBL583920,0,0.040291917,26430
CHEMBL39055,0,0.040229473,26431
CHEMBL20002,0,0.04022348,26432
CHEMBL38491,0,0.04022348,26433
CHEMBL39808,0,0.040210936,26434
CHEMBL36945,0,0.040210936,26435
CHEMBL23474,0,0.040156268,26436
CHEMBL31417,0,0.040114164,26437
CHEMBL24128,0,0.040114164,26438
CHEMBL1075700,0,0.04009845,26439
CHEMBL3311245,0,0.040057816,26440
CHEMBL6936,0,0.040057816,26441
CHEMBL22415,0,0.040057816,26442
CHEMBL22401,0,0.040057816,26443
CHEMBL12880,0,0.040057816,26444
CHEMBL36730,0,0.040057816,26445
CHEMBL34558,0,0.040057816,26446
CHEMBL39825,0,0.040057816,26447
CHEMBL22497,0,0.040057816,26448
CHEMBL41187,0,0.040057816,26449
CHEMBL22305,0,0.040057816,26450
CHEMBL23638,0,0.040057816,26451
CHEMBL13661,0,0.040057816,26452
CHEMBL26781,0,0.040057816,26453
CHEMBL13832,0,0.040057816,26454
CHEMBL16912,0,0.040057816,26455
CHEMBL13980,0,0.040057816,26456
CHEMBL4435604,0,0.040057816,26457
CHEMBL32207,0,0.040057816,26458
CHEMBL28150,0,0.040057816,26459
CHEMBL17689,0,0.040057816,26460
CHEMBL10490,0,0.040057816,26461
CHEMBL34829,0,0.040057816,26462
CHEMBL21587,0,0.040057816,26463
CHEMBL28992,0,0.040057816,26464
CHEMBL3311202,0,0.040057816,26465
CHEMBL14150,0,0.040057816,26466
CHEMBL13501,0,0.040057816,26467
CHEMBL37560,0,0.040057816,26468
CHEMBL11492,0,0.040057816,26469
CHEMBL31809,0,0.040057816,26470
CHEMBL38435,0,0.040057816,26471
CHEMBL38659,0,0.040057816,26472
CHEMBL4436212,0,0.0400536,26473
CHEMBL3311317,0,0.040011436,26474
CHEMBL4435385,0,0.040011436,26475
CHEMBL13344,0,0.039985757,26476
CHEMBL591703,0,0.03998393,26477
CHEMBL23885,0,0.03998393,26478
CHEMBL13058,0,0.03998393,26479
CHEMBL508166,0,0.03998393,26480
CHEMBL1163164,0,0.03998393,26481
CHEMBL14295,0,0.03998393,26482
CHEMBL37231,0,0.03998393,26483
CHEMBL39122,0,0.03998393,26484
CHEMBL11615,0,0.03998393,26485
CHEMBL31730,0,0.03998393,26486
CHEMBL23789,0,0.03998393,26487
CHEMBL19783,0,0.03998393,26488
CHEMBL33380,0,0.03998393,26489
CHEMBL29339,0,0.03998393,26490
CHEMBL1077287,0,0.03998393,26491
CHEMBL40735,0,0.03998393,26492
CHEMBL37546,0,0.03998393,26493
CHEMBL21690,0,0.03998393,26494
CHEMBL27639,0,0.03998393,26495
CHEMBL7661,0,0.03998393,26496
CHEMBL22923,0,0.03998393,26497
CHEMBL25506,0,0.039927952,26498
CHEMBL27089,0,0.039927952,26499
CHEMBL21093,0,0.039927952,26500
CHEMBL8201,0,0.039927952,26501
CHEMBL26186,0,0.039927952,26502
CHEMBL17582,0,0.039927952,26503
CHEMBL31740,0,0.039927952,26504
CHEMBL14811,0,0.039927952,26505
CHEMBL21838,0,0.039927952,26506
CHEMBL38036,0,0.039927952,26507
CHEMBL6598,0,0.039927952,26508
CHEMBL15146,0,0.039927952,26509
CHEMBL3310007,0,0.039829757,26510
CHEMBL39452,0,0.039794214,26511
CHEMBL41198,0,0.039784275,26512
CHEMBL13707,0,0.039784275,26513
CHEMBL9858,0,0.039784275,26514
CHEMBL32020,0,0.0397317,26515
CHEMBL25588,0,0.039724115,26516
CHEMBL33604,0,0.039605808,26517
CHEMBL7776,0,0.039565634,26518
CHEMBL4434809,0,0.039565634,26519
CHEMBL31232,0,0.039565634,26520
CHEMBL18256,0,0.03955997,26521
CHEMBL30429,0,0.03955997,26522
CHEMBL34642,0,0.039542846,26523
CHEMBL16828,0,0.03952865,26524
CHEMBL13702,0,0.03952865,26525
CHEMBL15465,0,0.03952865,26526
CHEMBL10987,0,0.03952865,26527
CHEMBL41583,0,0.03952865,26528
CHEMBL35973,0,0.03952865,26529
CHEMBL11897,0,0.03952865,26530
CHEMBL17999,0,0.03952865,26531
CHEMBL16659,0,0.03952865,26532
CHEMBL14767,0,0.03952865,26533
CHEMBL30251,0,0.03952865,26534
CHEMBL23641,0,0.039525535,26535
CHEMBL8752,0,0.03945781,26536
CHEMBL4559983,0,0.03943851,26537
CHEMBL12466,0,0.03943851,26538
CHEMBL7399,0,0.03943851,26539
CHEMBL33118,0,0.03939796,26540
CHEMBL504052,0,0.03939796,26541
CHEMBL18936,0,0.03939796,26542
CHEMBL41252,0,0.03939796,26543
CHEMBL4436511,0,0.03938372,26544
CHEMBL28051,0,0.03930999,26545
CHEMBL38899,0,0.03930266,26546
CHEMBL607,0,0.039297562,26547
CHEMBL27086,0,0.03918084,26548
CHEMBL13445,0,0.03918084,26549
CHEMBL13942,0,0.03918084,26550
CHEMBL12532,0,0.03918084,26551
CHEMBL1163131,0,0.039141413,26552
CHEMBL6706,0,0.039114397,26553
CHEMBL42700,0,0.039094273,26554
CHEMBL26780,0,0.039082803,26555
CHEMBL15180,0,0.039082803,26556
CHEMBL833,0,0.039082803,26557
CHEMBL466,0,0.039063092,26558
CHEMBL37915,0,0.039008744,26559
CHEMBL29887,0,0.039008744,26560
CHEMBL23304,0,0.038991112,26561
CHEMBL35100,0,0.03898721,26562
CHEMBL13842,0,0.038973037,26563
CHEMBL1163376,0,0.038944203,26564
CHEMBL8497,0,0.038944203,26565
CHEMBL8569,0,0.038944203,26566
CHEMBL7092,0,0.038944203,26567
CHEMBL23467,0,0.038944203,26568
CHEMBL11910,0,0.038944203,26569
CHEMBL12367,0,0.038944203,26570
CHEMBL36836,0,0.038944203,26571
CHEMBL1163265,0,0.038929526,26572
CHEMBL14737,0,0.038915534,26573
CHEMBL18298,0,0.038915534,26574
CHEMBL33447,0,0.038871523,26575
CHEMBL31842,0,0.03886154,26576
CHEMBL6528,0,0.038717076,26577
CHEMBL11894,0,0.038717076,26578
CHEMBL35169,0,0.038717076,26579
CHEMBL20288,0,0.03870684,26580
CHEMBL31242,0,0.03870684,26581
CHEMBL34192,0,0.03866281,26582
CHEMBL20874,0,0.03866281,26583
CHEMBL3310224,0,0.03866281,26584
CHEMBL663,0,0.03866281,26585
CHEMBL20990,0,0.03866281,26586
CHEMBL39241,0,0.03866281,26587
CHEMBL10685,0,0.03866281,26588
CHEMBL6773,0,0.038560413,26589
CHEMBL3309650,0,0.038540617,26590
CHEMBL15107,0,0.038486764,26591
CHEMBL11001,0,0.038486764,26592
CHEMBL3310019,0,0.03842717,26593
CHEMBL11195,0,0.038419396,26594
CHEMBL9495,0,0.038398877,26595
CHEMBL13771,0,0.038398877,26596
CHEMBL13107,0,0.03830846,26597
CHEMBL16689,0,0.03829305,26598
CHEMBL13523,0,0.03829305,26599
CHEMBL24580,0,0.03829305,26600
CHEMBL24562,0,0.03829305,26601
CHEMBL4543274,0,0.03829305,26602
CHEMBL35299,0,0.03829305,26603
CHEMBL14046,0,0.03829305,26604
CHEMBL15903,0,0.038291134,26605
CHEMBL4435357,0,0.038291134,26606
CHEMBL7756,0,0.038291134,26607
CHEMBL4435462,0,0.038291134,26608
CHEMBL42590,0,0.038291134,26609
CHEMBL13502,0,0.038291134,26610
CHEMBL43024,0,0.038291134,26611
CHEMBL6835,0,0.038291134,26612
CHEMBL22622,0,0.038291134,26613
CHEMBL28501,0,0.038291134,26614
CHEMBL36140,0,0.038291134,26615
CHEMBL39743,0,0.038291134,26616
CHEMBL20494,0,0.038291134,26617
CHEMBL33397,0,0.038291134,26618
CHEMBL32008,0,0.038291134,26619
CHEMBL5095028,0,0.038284816,26620
CHEMBL9506,0,0.038253244,26621
CHEMBL12867,0,0.03824539,26622
CHEMBL10917,0,0.038239535,26623
CHEMBL43689,0,0.03818591,26624
CHEMBL19715,0,0.03818591,26625
CHEMBL33440,0,0.03816187,26626
CHEMBL13663,0,0.038085397,26627
CHEMBL4436518,0,0.038084768,26628
CHEMBL35038,0,0.03802669,26629
CHEMBL31649,0,0.03793936,26630
CHEMBL4436541,0,0.037861627,26631
CHEMBL19708,0,0.03784338,26632
CHEMBL24610,0,0.03784338,26633
CHEMBL7720,0,0.03784338,26634
CHEMBL10012,0,0.03784338,26635
CHEMBL7619,0,0.03784338,26636
CHEMBL22876,0,0.03784338,26637
CHEMBL668,0,0.03784338,26638
CHEMBL21180,0,0.03784338,26639
CHEMBL30038,0,0.03784338,26640
CHEMBL4436471,0,0.03784338,26641
CHEMBL10506,0,0.03780209,26642
CHEMBL34300,0,0.037800755,26643
CHEMBL22840,0,0.037773196,26644
CHEMBL3309857,0,0.037757445,26645
CHEMBL3311272,0,0.03775489,26646
CHEMBL22782,0,0.037751686,26647
CHEMBL24915,0,0.03772805,26648
CHEMBL35090,0,0.037721645,26649
CHEMBL10298,0,0.03768477,26650
CHEMBL26730,0,0.0376801,26651
CHEMBL3309518,0,0.037657905,26652
CHEMBL27101,0,0.037611242,26653
CHEMBL12165,0,0.03760908,26654
CHEMBL4434845,0,0.03760908,26655
CHEMBL24527,0,0.037577283,26656
CHEMBL15553,0,0.037577283,26657
CHEMBL15224,0,0.037577283,26658
CHEMBL12730,0,0.037577283,26659
CHEMBL10679,0,0.037577283,26660
CHEMBL28350,0,0.037522126,26661
CHEMBL19980,0,0.037494242,26662
CHEMBL11837,0,0.037441608,26663
CHEMBL42232,0,0.037297975,26664
CHEMBL30030,0,0.037269793,26665
CHEMBL21726,0,0.03719498,26666
CHEMBL12971,0,0.037183266,26667
CHEMBL11816,0,0.037151057,26668
CHEMBL3309456,0,0.037144635,26669
CHEMBL1082437,0,0.037073314,26670
CHEMBL4435046,0,0.037020683,26671
CHEMBL4543476,0,0.03694561,26672
CHEMBL9700,0,0.036899805,26673
CHEMBL39073,0,0.03689167,26674
CHEMBL28814,0,0.036889162,26675
CHEMBL21667,0,0.036741037,26676
CHEMBL29519,0,0.036739696,26677
CHEMBL12584,0,0.036722597,26678
CHEMBL16455,0,0.036722597,26679
CHEMBL10867,0,0.036722597,26680
CHEMBL27624,0,0.036722597,26681
CHEMBL13992,0,0.036722597,26682
CHEMBL541956,0,0.036722597,26683
CHEMBL13858,0,0.036722597,26684
CHEMBL40601,0,0.036722597,26685
CHEMBL33484,0,0.036722597,26686
CHEMBL27055,0,0.036722597,26687
CHEMBL15372,0,0.036722597,26688
CHEMBL31344,0,0.036722597,26689
CHEMBL29427,0,0.036722597,26690
CHEMBL30428,0,0.036689397,26691
CHEMBL1162209,0,0.036554687,26692
CHEMBL8407,0,0.03654321,26693
CHEMBL21523,0,0.036484554,26694
CHEMBL34112,0,0.03645915,26695
CHEMBL37207,0,0.036424592,26696
CHEMBL40456,0,0.036354892,26697
CHEMBL3310284,0,0.036267724,26698
CHEMBL24729,0,0.036160123,26699
CHEMBL41539,0,0.036143556,26700
CHEMBL34705,0,0.036143556,26701
CHEMBL1186096,0,0.036089383,26702
CHEMBL14720,0,0.036086205,26703
CHEMBL37653,0,0.036084607,26704
CHEMBL41122,0,0.036080766,26705
CHEMBL262399,0,0.036080766,26706
CHEMBL28388,0,0.036080766,26707
CHEMBL34260,0,0.0360644,26708
CHEMBL24822,0,0.03606049,26709
CHEMBL4435872,0,0.03606049,26710
CHEMBL14757,0,0.035965662,26711
CHEMBL30235,0,0.03591887,26712
CHEMBL31264,0,0.035910893,26713
CHEMBL39085,0,0.03577456,26714
CHEMBL42443,0,0.035766993,26715
CHEMBL3311217,0,0.035766993,26716
CHEMBL4436352,0,0.03566836,26717
CHEMBL22569,0,0.03555312,26718
CHEMBL7287,0,0.03555312,26719
CHEMBL27768,0,0.03548861,26720
CHEMBL22349,0,0.035427753,26721
CHEMBL34812,0,0.03537041,26722
CHEMBL17070,0,0.035222404,26723
CHEMBL39524,0,0.035222404,26724
CHEMBL4116165,0,0.035222404,26725
CHEMBL38014,0,0.035222404,26726
CHEMBL8776,0,0.035131138,26727
CHEMBL11055,0,0.035062138,26728
CHEMBL4435712,0,0.035051305,26729
CHEMBL34017,0,0.034915633,26730
CHEMBL40360,0,0.034915633,26731
CHEMBL7187,0,0.034904562,26732
CHEMBL4435507,0,0.034873832,26733
CHEMBL38688,0,0.03487128,26734
CHEMBL7123,0,0.03487128,26735
CHEMBL17895,0,0.03487128,26736
CHEMBL33789,0,0.03487128,26737
CHEMBL18712,0,0.03487128,26738
CHEMBL22642,0,0.03487128,26739
CHEMBL28628,0,0.03487128,26740
CHEMBL13016,0,0.03487128,26741
CHEMBL21697,0,0.03487128,26742
CHEMBL35526,0,0.03487128,26743
CHEMBL37590,0,0.03487128,26744
CHEMBL31195,0,0.03487128,26745
CHEMBL31820,0,0.03487128,26746
CHEMBL4436085,0,0.03487128,26747
CHEMBL42245,0,0.03487128,26748
CHEMBL7841,0,0.03487128,26749
CHEMBL40596,0,0.03487128,26750
CHEMBL11095,0,0.03487128,26751
CHEMBL21429,0,0.03487128,26752
CHEMBL6286,0,0.03487128,26753
CHEMBL19278,0,0.03478068,26754
CHEMBL34289,0,0.034735583,26755
CHEMBL32834,0,0.034735583,26756
CHEMBL29207,0,0.034735583,26757
CHEMBL26029,0,0.034735583,26758
CHEMBL14743,0,0.034735583,26759
CHEMBL23621,0,0.03473049,26760
CHEMBL36907,0,0.03473049,26761
CHEMBL15411,0,0.03466854,26762
CHEMBL3311522,0,0.03461272,26763
CHEMBL10329,0,0.034511734,26764
CHEMBL42801,0,0.034511734,26765
CHEMBL35718,0,0.03450525,26766
CHEMBL39367,0,0.03450525,26767
CHEMBL4434732,0,0.0344997,26768
CHEMBL8011,0,0.03448644,26769
CHEMBL37144,0,0.03448644,26770
CHEMBL20302,0,0.03448644,26771
CHEMBL1084170,0,0.0344779,26772
CHEMBL21357,0,0.034474105,26773
CHEMBL23379,0,0.034474105,26774
CHEMBL4553701,0,0.034468826,26775
CHEMBL28182,0,0.034468826,26776
CHEMBL36667,0,0.034468826,26777
CHEMBL42622,0,0.034468826,26778
CHEMBL22435,0,0.03446598,26779
CHEMBL13935,0,0.034453154,26780
CHEMBL15427,0,0.034453154,26781
CHEMBL37517,0,0.034453154,26782
CHEMBL35948,0,0.034453154,26783
CHEMBL12851,0,0.034453154,26784
CHEMBL30298,0,0.034405526,26785
CHEMBL24743,0,0.034303304,26786
CHEMBL1200714,0,0.034303304,26787
CHEMBL29504,0,0.034294657,26788
CHEMBL6851,0,0.03428366,26789
CHEMBL4435988,0,0.03426036,26790
CHEMBL34660,0,0.03426036,26791
CHEMBL37321,0,0.034165498,26792
CHEMBL4543496,0,0.03415467,26793
CHEMBL8239,0,0.03415467,26794
CHEMBL8584,0,0.03415467,26795
CHEMBL24149,0,0.03415467,26796
CHEMBL26515,0,0.03415467,26797
CHEMBL37724,0,0.03415467,26798
CHEMBL33078,0,0.03414361,26799
CHEMBL29646,0,0.03413733,26800
CHEMBL35432,0,0.03413733,26801
CHEMBL8016,0,0.03412584,26802
CHEMBL8846,0,0.03412584,26803
CHEMBL22680,0,0.034114573,26804
CHEMBL20187,0,0.034106,26805
CHEMBL29282,0,0.034106,26806
CHEMBL15058,0,0.034106,26807
CHEMBL41704,0,0.034106,26808
CHEMBL4482863,0,0.034106,26809
CHEMBL13812,0,0.034106,26810
CHEMBL41012,0,0.034106,26811
CHEMBL39343,0,0.034106,26812
CHEMBL42093,0,0.034089252,26813
CHEMBL24500,0,0.034089252,26814
CHEMBL22364,0,0.033994123,26815
CHEMBL34118,0,0.03396641,26816
CHEMBL43658,0,0.033838056,26817
CHEMBL21700,0,0.033838056,26818
CHEMBL4435127,0,0.03376526,26819
CHEMBL12075,0,0.03372201,26820
CHEMBL23547,0,0.033712965,26821
CHEMBL30936,0,0.033712965,26822
CHEMBL26779,0,0.033712965,26823
CHEMBL21820,0,0.033712965,26824
CHEMBL11845,0,0.03370039,26825
CHEMBL35470,0,0.03368431,26826
CHEMBL35190,0,0.03367991,26827
CHEMBL27014,0,0.03365283,26828
CHEMBL454,0,0.03365283,26829
CHEMBL29634,0,0.033505775,26830
CHEMBL7061,0,0.033505775,26831
CHEMBL7979,0,0.03346029,26832
CHEMBL26004,0,0.03342882,26833
CHEMBL32617,0,0.03338651,26834
CHEMBL4436408,0,0.03338651,26835
CHEMBL22423,0,0.03337273,26836
CHEMBL29229,0,0.03337273,26837
CHEMBL23689,0,0.03337273,26838
CHEMBL33615,0,0.03337273,26839
CHEMBL4553583,0,0.03337273,26840
CHEMBL31862,0,0.03326483,26841
CHEMBL34930,0,0.03326483,26842
CHEMBL24671,0,0.03322344,26843
CHEMBL37056,0,0.03321879,26844
CHEMBL26808,0,0.03315291,26845
CHEMBL32501,0,0.033136774,26846
CHEMBL38399,0,0.0331019,26847
CHEMBL22086,0,0.033044755,26848
CHEMBL34518,0,0.033044755,26849
CHEMBL23318,0,0.033044755,26850
CHEMBL35425,0,0.033044755,26851
CHEMBL27339,0,0.033044755,26852
CHEMBL39212,0,0.033044755,26853
CHEMBL9185,0,0.033044755,26854
CHEMBL32652,0,0.03303562,26855
CHEMBL10770,0,0.03298695,26856
CHEMBL11786,0,0.03298695,26857
CHEMBL21154,0,0.03298695,26858
CHEMBL21963,0,0.03298695,26859
CHEMBL18187,0,0.03298695,26860
CHEMBL22918,0,0.03298695,26861
CHEMBL4436065,0,0.03293753,26862
CHEMBL16916,0,0.03289773,26863
CHEMBL22331,0,0.032867394,26864
CHEMBL29804,0,0.032817032,26865
CHEMBL18988,0,0.032806545,26866
CHEMBL4435019,0,0.032806545,26867
CHEMBL1783215,0,0.032806545,26868
CHEMBL29720,0,0.03276442,26869
CHEMBL24554,0,0.032762613,26870
CHEMBL4436147,0,0.032633793,26871
CHEMBL28173,0,0.032633793,26872
CHEMBL10578,0,0.032625493,26873
CHEMBL14164,0,0.032592904,26874
CHEMBL29939,0,0.032567743,26875
CHEMBL11365,0,0.0325536,26876
CHEMBL36965,0,0.032519642,26877
CHEMBL8119,0,0.032519642,26878
CHEMBL29288,0,0.032519642,26879
CHEMBL24477,0,0.032464813,26880
CHEMBL40822,0,0.03238562,26881
CHEMBL7239,0,0.0323774,26882
CHEMBL16636,0,0.032361604,26883
CHEMBL26700,0,0.032321602,26884
CHEMBL36206,0,0.032292973,26885
CHEMBL29384,0,0.032217823,26886
CHEMBL30567,0,0.032217823,26887
CHEMBL35545,0,0.032217823,26888
CHEMBL13499,0,0.032217823,26889
CHEMBL7986,0,0.032217823,26890
CHEMBL36474,0,0.032217823,26891
CHEMBL9382,0,0.032217823,26892
CHEMBL4435397,0,0.032217823,26893
CHEMBL42955,0,0.032215375,26894
CHEMBL35286,0,0.03219344,26895
CHEMBL18693,0,0.03219344,26896
CHEMBL8006,0,0.03219344,26897
CHEMBL27971,0,0.03219344,26898
CHEMBL38022,0,0.03219344,26899
CHEMBL13314,0,0.03219344,26900
CHEMBL38822,0,0.03219344,26901
CHEMBL1186606,0,0.03219344,26902
CHEMBL13530,0,0.03219344,26903
CHEMBL7596,0,0.03219344,26904
CHEMBL25186,0,0.03219344,26905
CHEMBL12121,0,0.03219344,26906
CHEMBL22728,0,0.03219344,26907
CHEMBL6548,0,0.03219344,26908
CHEMBL29790,0,0.03219344,26909
CHEMBL32174,0,0.03219344,26910
CHEMBL17860,0,0.03219344,26911
CHEMBL17844,0,0.03219344,26912
CHEMBL24060,0,0.03219344,26913
CHEMBL26178,0,0.03219344,26914
CHEMBL24102,0,0.03219344,26915
CHEMBL28329,0,0.03219344,26916
CHEMBL24167,0,0.03219344,26917
CHEMBL11329,0,0.03219344,26918
CHEMBL34373,0,0.03219344,26919
CHEMBL6377,0,0.03219344,26920
CHEMBL1162464,0,0.03219344,26921
CHEMBL8126,0,0.03219344,26922
CHEMBL8115,0,0.03219344,26923
CHEMBL38519,0,0.03219344,26924
CHEMBL11449,0,0.03219344,26925
CHEMBL24609,0,0.03219344,26926
CHEMBL19403,0,0.03219344,26927
CHEMBL19488,0,0.03219344,26928
CHEMBL26640,0,0.03219344,26929
CHEMBL12195,0,0.03219344,26930
CHEMBL23267,0,0.03219344,26931
CHEMBL4436024,0,0.03219344,26932
CHEMBL1191207,0,0.03219344,26933
CHEMBL1076712,0,0.03219344,26934
CHEMBL11151,0,0.03219344,26935
CHEMBL156901,0,0.03219344,26936
CHEMBL17647,0,0.03219344,26937
CHEMBL4560042,0,0.03219344,26938
CHEMBL4543566,0,0.03219344,26939
CHEMBL18586,0,0.03219344,26940
CHEMBL4436191,0,0.03219344,26941
CHEMBL9041,0,0.03219344,26942
CHEMBL23057,0,0.03219344,26943
CHEMBL3309342,0,0.03219344,26944
CHEMBL12079,0,0.03219344,26945
CHEMBL11569,0,0.03219344,26946
CHEMBL550,0,0.03219344,26947
CHEMBL23329,0,0.03219344,26948
CHEMBL16637,0,0.03219344,26949
CHEMBL1163382,0,0.03219344,26950
CHEMBL41139,0,0.03219344,26951
CHEMBL40063,0,0.03219344,26952
CHEMBL8357,0,0.03219344,26953
CHEMBL19197,0,0.03219344,26954
CHEMBL40999,0,0.03219344,26955
CHEMBL34717,0,0.03219344,26956
CHEMBL22381,0,0.03219344,26957
CHEMBL1171111,0,0.03218561,26958
CHEMBL17042,0,0.032168757,26959
CHEMBL13628,0,0.032018177,26960
CHEMBL4436256,0,0.032016736,26961
CHEMBL11480,0,0.032016736,26962
CHEMBL31315,0,0.032016736,26963
CHEMBL16777,0,0.032016736,26964
CHEMBL29571,0,0.032016736,26965
CHEMBL25278,0,0.03199567,26966
CHEMBL24005,0,0.031992353,26967
CHEMBL36939,0,0.031992353,26968
CHEMBL37105,0,0.03198585,26969
CHEMBL6217,0,0.031924114,26970
CHEMBL4435564,0,0.031924114,26971
CHEMBL12415,0,0.031913437,26972
CHEMBL7760,0,0.031905062,26973
CHEMBL4560031,0,0.031892598,26974
CHEMBL34033,0,0.031868387,26975
CHEMBL33845,0,0.031868387,26976
CHEMBL24938,0,0.031868387,26977
CHEMBL6219,0,0.031857733,26978
CHEMBL3309603,0,0.031841263,26979
CHEMBL33944,0,0.03183572,26980
CHEMBL611932,0,0.031823847,26981
CHEMBL4543206,0,0.031823218,26982
CHEMBL4435067,0,0.03173918,26983
CHEMBL36497,0,0.031645812,26984
CHEMBL34772,0,0.031619046,26985
CHEMBL23692,0,0.031619046,26986
CHEMBL24031,0,0.031619046,26987
CHEMBL40159,0,0.031567845,26988
CHEMBL32073,0,0.031541433,26989
CHEMBL14703,0,0.03135041,26990
CHEMBL4543556,0,0.03131238,26991
CHEMBL4435090,0,0.031292696,26992
CHEMBL32225,0,0.03127257,26993
CHEMBL13320,0,0.03127257,26994
CHEMBL13045,0,0.03125156,26995
CHEMBL42408,0,0.03125156,26996
CHEMBL6461,0,0.031249583,26997
CHEMBL31786,0,0.031249583,26998
CHEMBL39229,0,0.03118829,26999
CHEMBL26074,0,0.031158404,27000
CHEMBL18220,0,0.031115599,27001
CHEMBL3309858,0,0.031075286,27002
CHEMBL40827,0,0.031075286,27003
CHEMBL8439,0,0.031048423,27004
CHEMBL11312,0,0.030976897,27005
CHEMBL13528,0,0.030672723,27006
CHEMBL38695,0,0.030665716,27007
CHEMBL3309659,0,0.030638244,27008
CHEMBL16823,0,0.030564057,27009
CHEMBL3310027,0,0.030559987,27010
CHEMBL37793,0,0.030553512,27011
CHEMBL7197,0,0.03046373,27012
CHEMBL35818,0,0.030399235,27013
CHEMBL38073,0,0.030351806,27014
CHEMBL17587,0,0.0303423,27015
CHEMBL21910,0,0.0303423,27016
CHEMBL4434694,0,0.030312477,27017
CHEMBL15664,0,0.030251049,27018
CHEMBL39134,0,0.030247482,27019
CHEMBL34632,0,0.030247482,27020
CHEMBL6623,0,0.030247482,27021
CHEMBL37545,0,0.030247482,27022
CHEMBL4553662,0,0.030247482,27023
CHEMBL22824,0,0.030247482,27024
CHEMBL1198407,0,0.030247482,27025
CHEMBL18300,0,0.030225782,27026
CHEMBL41645,0,0.030221049,27027
CHEMBL24605,0,0.030191954,27028
CHEMBL19890,0,0.030164732,27029
CHEMBL35940,0,0.030154543,27030
CHEMBL20013,0,0.030154543,27031
CHEMBL4434687,0,0.030154543,27032
CHEMBL30886,0,0.030154543,27033
CHEMBL31957,0,0.030154543,27034
CHEMBL24049,0,0.030154543,27035
CHEMBL30057,0,0.030154543,27036
CHEMBL11518,0,0.030154543,27037
CHEMBL41713,0,0.030154543,27038
CHEMBL616,0,0.030154543,27039
CHEMBL24289,0,0.030154543,27040
CHEMBL1077257,0,0.030154543,27041
CHEMBL4434743,0,0.030154543,27042
CHEMBL28879,0,0.030154543,27043
CHEMBL20490,0,0.030154543,27044
CHEMBL26455,0,0.030154543,27045
CHEMBL36187,0,0.030154543,27046
CHEMBL32018,0,0.030154543,27047
CHEMBL34245,0,0.030154543,27048
CHEMBL33895,0,0.030077424,27049
CHEMBL13837,0,0.030066619,27050
CHEMBL3311273,0,0.030018346,27051
CHEMBL10553,0,0.029858315,27052
CHEMBL26880,0,0.029857341,27053
CHEMBL23722,0,0.029857341,27054
CHEMBL26453,0,0.029857341,27055
CHEMBL28592,0,0.029830256,27056
CHEMBL29080,0,0.029752398,27057
CHEMBL17696,0,0.029730333,27058
CHEMBL3310017,0,0.02966959,27059
CHEMBL34614,0,0.02966959,27060
CHEMBL8736,0,0.029661113,27061
CHEMBL29893,0,0.029642174,27062
CHEMBL26678,0,0.029635338,27063
CHEMBL22195,0,0.029627152,27064
CHEMBL15564,0,0.029627152,27065
CHEMBL13799,0,0.029627152,27066
CHEMBL554554,0,0.029627152,27067
CHEMBL6375,0,0.029627152,27068
CHEMBL4543290,0,0.029627152,27069
CHEMBL34718,0,0.029627152,27070
CHEMBL13934,0,0.029627152,27071
CHEMBL41378,0,0.029627152,27072
CHEMBL39457,0,0.029627152,27073
CHEMBL25784,0,0.029627152,27074
CHEMBL23727,0,0.029627152,27075
CHEMBL19508,0,0.029627152,27076
CHEMBL13475,0,0.029627152,27077
CHEMBL40791,0,0.029627152,27078
CHEMBL4435311,0,0.029627152,27079
CHEMBL21834,0,0.029627152,27080
CHEMBL37776,0,0.029627152,27081
CHEMBL31920,0,0.029627152,27082
CHEMBL32261,0,0.029627152,27083
CHEMBL7085,0,0.029627152,27084
CHEMBL33355,0,0.029627152,27085
CHEMBL39210,0,0.029627152,27086
CHEMBL9688,0,0.029627152,27087
CHEMBL25518,0,0.029627152,27088
CHEMBL22539,0,0.029627152,27089
CHEMBL29795,0,0.029627152,27090
CHEMBL13308,0,0.029627152,27091
CHEMBL38633,0,0.029627152,27092
CHEMBL25915,0,0.029627152,27093
CHEMBL28652,0,0.029627152,27094
CHEMBL27123,0,0.029627152,27095
CHEMBL30094,0,0.029627152,27096
CHEMBL13715,0,0.029627152,27097
CHEMBL15158,0,0.029627152,27098
CHEMBL10165,0,0.029627152,27099
CHEMBL7660,0,0.029627152,27100
CHEMBL11360,0,0.029627152,27101
CHEMBL4543260,0,0.029627152,27102
CHEMBL42326,0,0.029627152,27103
CHEMBL160738,0,0.029627152,27104
CHEMBL26851,0,0.029627152,27105
CHEMBL12476,0,0.029627152,27106
CHEMBL33233,0,0.029627152,27107
CHEMBL26305,0,0.029627152,27108
CHEMBL20588,0,0.029627152,27109
CHEMBL501597,0,0.029627152,27110
CHEMBL12915,0,0.029627152,27111
CHEMBL28424,0,0.029627152,27112
CHEMBL27651,0,0.029627152,27113
CHEMBL12565,0,0.029627152,27114
CHEMBL4543275,0,0.029627152,27115
CHEMBL11752,0,0.029627152,27116
CHEMBL25622,0,0.029627152,27117
CHEMBL26845,0,0.029627152,27118
CHEMBL15258,0,0.029627152,27119
CHEMBL18762,0,0.029627152,27120
CHEMBL4435540,0,0.029627152,27121
CHEMBL24231,0,0.029627152,27122
CHEMBL29398,0,0.029627152,27123
CHEMBL29355,0,0.029627152,27124
CHEMBL11109,0,0.029627152,27125
CHEMBL818,0,0.029627152,27126
CHEMBL41777,0,0.029627152,27127
CHEMBL1163242,0,0.029627152,27128
CHEMBL42009,0,0.029627152,27129
CHEMBL28064,0,0.029627152,27130
CHEMBL33689,0,0.029627152,27131
CHEMBL1163194,0,0.029627152,27132
CHEMBL6807,0,0.029627152,27133
CHEMBL12003,0,0.029627152,27134
CHEMBL8317,0,0.029627152,27135
CHEMBL13946,0,0.029627152,27136
CHEMBL30942,0,0.029627152,27137
CHEMBL38742,0,0.029627152,27138
CHEMBL20275,0,0.029627152,27139
CHEMBL4553648,0,0.029627152,27140
CHEMBL21404,0,0.029627152,27141
CHEMBL527552,0,0.029627152,27142
CHEMBL289487,0,0.029627152,27143
CHEMBL35156,0,0.029627152,27144
CHEMBL26349,0,0.029627152,27145
CHEMBL17291,0,0.029627152,27146
CHEMBL4543447,0,0.029627152,27147
CHEMBL8547,0,0.029627152,27148
CHEMBL42675,0,0.029627152,27149
CHEMBL31110,0,0.029627152,27150
CHEMBL31392,0,0.029627152,27151
CHEMBL478,0,0.029627152,27152
CHEMBL9441,0,0.029627152,27153
CHEMBL29991,0,0.029627152,27154
CHEMBL23036,0,0.029627152,27155
CHEMBL21625,0,0.029627152,27156
CHEMBL24376,0,0.029627152,27157
CHEMBL28747,0,0.029627152,27158
CHEMBL26740,0,0.029627152,27159
CHEMBL21380,0,0.029627152,27160
CHEMBL17329,0,0.029627152,27161
CHEMBL26115,0,0.029627152,27162
CHEMBL6731,0,0.029627152,27163
CHEMBL3309331,0,0.029627152,27164
CHEMBL24510,0,0.029627152,27165
CHEMBL9038,0,0.029627152,27166
CHEMBL34176,0,0.029627152,27167
CHEMBL34623,0,0.029627152,27168
CHEMBL10210,0,0.029627152,27169
CHEMBL30319,0,0.029627152,27170
CHEMBL18131,0,0.029627152,27171
CHEMBL11869,0,0.029627152,27172
CHEMBL26789,0,0.029627152,27173
CHEMBL4543383,0,0.029627152,27174
CHEMBL11301,0,0.029627152,27175
CHEMBL38109,0,0.029627152,27176
CHEMBL13670,0,0.029627152,27177
CHEMBL23840,0,0.029627152,27178
CHEMBL13072,0,0.029627152,27179
CHEMBL41094,0,0.029627152,27180
CHEMBL31511,0,0.029627152,27181
CHEMBL32289,0,0.029583907,27182
CHEMBL8100,0,0.029566573,27183
CHEMBL8695,0,0.029566573,27184
CHEMBL31727,0,0.029566573,27185
CHEMBL8663,0,0.029566573,27186
CHEMBL13889,0,0.029566573,27187
CHEMBL38374,0,0.029521223,27188
CHEMBL31345,0,0.029515166,27189
CHEMBL3311312,0,0.029473938,27190
CHEMBL33235,0,0.029473938,27191
CHEMBL16699,0,0.029464042,27192
CHEMBL4434862,0,0.029450785,27193
CHEMBL41652,0,0.029450785,27194
CHEMBL32370,0,0.029419918,27195
CHEMBL15093,0,0.029350724,27196
CHEMBL28335,0,0.029350724,27197
CHEMBL15581,0,0.029347261,27198
CHEMBL16888,0,0.029339634,27199
CHEMBL35996,0,0.029311424,27200
CHEMBL4543220,0,0.029283077,27201
CHEMBL32292,0,0.02926919,27202
CHEMBL27243,0,0.029266015,27203
CHEMBL10479,0,0.029266015,27204
CHEMBL12743,0,0.029266015,27205
CHEMBL3309345,0,0.02917969,27206
CHEMBL39152,0,0.029174559,27207
CHEMBL42965,0,0.029174559,27208
CHEMBL27633,0,0.029174559,27209
CHEMBL18499,0,0.029174559,27210
CHEMBL34763,0,0.029174559,27211
CHEMBL22480,0,0.029174559,27212
CHEMBL38316,0,0.029174559,27213
CHEMBL29338,0,0.029174559,27214
CHEMBL39962,0,0.029174559,27215
CHEMBL40056,0,0.029174559,27216
CHEMBL10650,0,0.029174559,27217
CHEMBL21080,0,0.029174559,27218
CHEMBL4543466,0,0.029174559,27219
CHEMBL10717,0,0.029174559,27220
CHEMBL41638,0,0.029174559,27221
CHEMBL30392,0,0.029174559,27222
CHEMBL29432,0,0.029174559,27223
CHEMBL32157,0,0.029174559,27224
CHEMBL41368,0,0.029174559,27225
CHEMBL27567,0,0.029174559,27226
CHEMBL3309729,0,0.029174559,27227
CHEMBL3309724,0,0.029174559,27228
CHEMBL21520,0,0.029174559,27229
CHEMBL24190,0,0.029174559,27230
CHEMBL31703,0,0.029170735,27231
CHEMBL30213,0,0.029170735,27232
CHEMBL22155,0,0.029170735,27233
CHEMBL11734,0,0.029170735,27234
CHEMBL22198,0,0.029170735,27235
CHEMBL38443,0,0.029170735,27236
CHEMBL13025,0,0.029170735,27237
CHEMBL34491,0,0.029170735,27238
CHEMBL538639,0,0.029170735,27239
CHEMBL12520,0,0.029170735,27240
CHEMBL20021,0,0.029170735,27241
CHEMBL6255,0,0.029133258,27242
CHEMBL15901,0,0.029133258,27243
CHEMBL35200,0,0.029133258,27244
CHEMBL20804,0,0.029133258,27245
CHEMBL1170662,0,0.029133258,27246
CHEMBL22484,0,0.029133258,27247
CHEMBL16638,0,0.029133258,27248
CHEMBL19628,0,0.029133258,27249
CHEMBL38790,0,0.029133258,27250
CHEMBL31906,0,0.029133258,27251
CHEMBL29180,0,0.029133258,27252
CHEMBL609427,0,0.029133065,27253
CHEMBL27716,0,0.029133065,27254
CHEMBL13212,0,0.029133065,27255
CHEMBL17391,0,0.028992796,27256
CHEMBL8699,0,0.028903946,27257
CHEMBL32337,0,0.02889365,27258
CHEMBL32764,0,0.02889365,27259
CHEMBL4435536,0,0.02889365,27260
CHEMBL39830,0,0.02889365,27261
CHEMBL25184,0,0.02889365,27262
CHEMBL20591,0,0.02889365,27263
CHEMBL27034,0,0.02879392,27264
CHEMBL24365,0,0.028791852,27265
CHEMBL36974,0,0.028643655,27266
CHEMBL36451,0,0.028607368,27267
CHEMBL16146,0,0.02856392,27268
CHEMBL24129,0,0.028509814,27269
CHEMBL28979,0,0.028509814,27270
CHEMBL3311459,0,0.028509814,27271
CHEMBL32782,0,0.028509814,27272
CHEMBL15351,0,0.028509814,27273
CHEMBL4435750,0,0.028487807,27274
CHEMBL31794,0,0.028476017,27275
CHEMBL32697,0,0.02838455,27276
CHEMBL7877,0,0.028319642,27277
CHEMBL3310217,0,0.028281918,27278
CHEMBL14477,0,0.02827008,27279
CHEMBL4543583,0,0.02827008,27280
CHEMBL764,0,0.02827008,27281
CHEMBL7379,0,0.0282139,27282
CHEMBL8554,0,0.0282139,27283
CHEMBL24693,0,0.0282139,27284
CHEMBL13784,0,0.0282139,27285
CHEMBL8180,0,0.0282139,27286
CHEMBL12420,0,0.0282139,27287
CHEMBL1770963,0,0.0282139,27288
CHEMBL7354,0,0.0282139,27289
CHEMBL7257,0,0.0282139,27290
CHEMBL23571,0,0.0282139,27291
CHEMBL38218,0,0.0282139,27292
CHEMBL18188,0,0.0282139,27293
CHEMBL40861,0,0.028193226,27294
CHEMBL1165220,0,0.028141849,27295
CHEMBL690,0,0.028131606,27296
CHEMBL29084,0,0.028105544,27297
CHEMBL14979,0,0.02809342,27298
CHEMBL4116171,0,0.028020257,27299
CHEMBL25072,0,0.028005522,27300
CHEMBL20140,0,0.028005522,27301
CHEMBL18877,0,0.028005522,27302
CHEMBL17934,0,0.027933968,27303
CHEMBL32254,0,0.027854629,27304
CHEMBL28206,0,0.027840532,27305
CHEMBL11327,0,0.027840532,27306
CHEMBL10676,0,0.027797744,27307
CHEMBL13268,0,0.027689463,27308
CHEMBL16822,0,0.027689463,27309
CHEMBL31323,0,0.027689463,27310
CHEMBL10826,0,0.02768611,27311
CHEMBL32357,0,0.027685234,27312
CHEMBL33303,0,0.027685234,27313
CHEMBL17215,0,0.027685234,27314
CHEMBL4436001,0,0.027652668,27315
CHEMBL27112,0,0.027638856,27316
CHEMBL3310138,0,0.027571222,27317
CHEMBL35908,0,0.027571222,27318
CHEMBL9832,0,0.027558548,27319
CHEMBL4559999,0,0.027507527,27320
CHEMBL4553137,0,0.027507527,27321
CHEMBL4434808,0,0.027507527,27322
CHEMBL20694,0,0.027507527,27323
CHEMBL37765,0,0.027458929,27324
CHEMBL57,0,0.027418165,27325
CHEMBL10302,0,0.027282936,27326
CHEMBL4435009,0,0.027238749,27327
CHEMBL31009,0,0.027234461,27328
CHEMBL20001,0,0.027175339,27329
CHEMBL27497,0,0.027098572,27330
CHEMBL4436128,0,0.027083026,27331
CHEMBL6384,0,0.027033621,27332
CHEMBL27169,0,0.027030494,27333
CHEMBL24897,0,0.027030494,27334
CHEMBL27635,0,0.027030494,27335
CHEMBL11354,0,0.027030494,27336
CHEMBL4436186,0,0.026994206,27337
CHEMBL4559929,0,0.026994206,27338
CHEMBL29844,0,0.02693459,27339
CHEMBL28266,0,0.02684788,27340
CHEMBL23729,0,0.02684788,27341
CHEMBL27264,0,0.0266502,27342
CHEMBL8065,0,0.026645511,27343
CHEMBL30234,0,0.026607936,27344
CHEMBL28733,0,0.026583426,27345
CHEMBL42594,0,0.02654041,27346
CHEMBL21941,0,0.026482334,27347
CHEMBL30226,0,0.026445935,27348
CHEMBL40317,0,0.026382169,27349
CHEMBL11883,0,0.026382169,27350
CHEMBL4436252,0,0.026382169,27351
CHEMBL41508,0,0.026382169,27352
CHEMBL27754,0,0.026382169,27353
CHEMBL23997,0,0.026382169,27354
CHEMBL4543228,0,0.026382169,27355
CHEMBL39599,0,0.026382169,27356
CHEMBL23204,0,0.026382169,27357
CHEMBL8457,0,0.026382169,27358
CHEMBL39154,0,0.026382169,27359
CHEMBL40732,0,0.026382169,27360
CHEMBL38690,0,0.026382169,27361
CHEMBL526,0,0.026382169,27362
CHEMBL33170,0,0.026382169,27363
CHEMBL25046,0,0.026382169,27364
CHEMBL23017,0,0.026382169,27365
CHEMBL16519,0,0.026382169,27366
CHEMBL26341,0,0.026382169,27367
CHEMBL4543457,0,0.026382169,27368
CHEMBL11862,0,0.026382169,27369
CHEMBL27527,0,0.026382169,27370
CHEMBL27192,0,0.026382169,27371
CHEMBL6920,0,0.026382169,27372
CHEMBL40965,0,0.026382169,27373
CHEMBL8877,0,0.026382169,27374
CHEMBL23040,0,0.026382169,27375
CHEMBL40059,0,0.026382169,27376
CHEMBL34595,0,0.026382169,27377
CHEMBL42370,0,0.026382169,27378
CHEMBL16919,0,0.026382169,27379
CHEMBL39833,0,0.026382169,27380
CHEMBL26650,0,0.026382169,27381
CHEMBL19713,0,0.026358958,27382
CHEMBL31074,0,0.026285404,27383
CHEMBL24691,0,0.02625604,27384
CHEMBL22993,0,0.02622761,27385
CHEMBL11864,0,0.0262098,27386
CHEMBL9319,0,0.02620949,27387
CHEMBL32399,0,0.026144726,27388
CHEMBL14066,0,0.026105354,27389
CHEMBL261894,0,0.025979621,27390
CHEMBL20586,0,0.025950186,27391
CHEMBL11763,0,0.02587588,27392
CHEMBL11482,0,0.02587588,27393
CHEMBL41802,0,0.02587588,27394
CHEMBL1161051,0,0.025866115,27395
CHEMBL13950,0,0.025834255,27396
CHEMBL26955,0,0.02582294,27397
CHEMBL27004,0,0.02582294,27398
CHEMBL13444,0,0.02582294,27399
CHEMBL32447,0,0.025794573,27400
CHEMBL32446,0,0.025791345,27401
CHEMBL4543494,0,0.025791345,27402
CHEMBL27489,0,0.025791345,27403
CHEMBL7312,0,0.025791345,27404
CHEMBL34411,0,0.02573458,27405
CHEMBL9567,0,0.025726462,27406
CHEMBL28540,0,0.02571818,27407
CHEMBL803,0,0.02571818,27408
CHEMBL38229,0,0.025698869,27409
CHEMBL4436272,0,0.025627883,27410
CHEMBL32349,0,0.02561716,27411
CHEMBL11974,0,0.02561716,27412
CHEMBL39969,0,0.02561716,27413
CHEMBL41529,0,0.02561716,27414
CHEMBL20929,0,0.02561716,27415
CHEMBL36091,0,0.02561716,27416
CHEMBL31382,0,0.02561716,27417
CHEMBL7787,0,0.02561716,27418
CHEMBL33997,0,0.02561716,27419
CHEMBL29607,0,0.02561716,27420
CHEMBL10046,0,0.02561716,27421
CHEMBL4435753,0,0.02561716,27422
CHEMBL8233,0,0.02561716,27423
CHEMBL35753,0,0.025523327,27424
CHEMBL30259,0,0.025523327,27425
CHEMBL23688,0,0.025523327,27426
CHEMBL8040,0,0.025523327,27427
CHEMBL7777,0,0.025523327,27428
CHEMBL18486,0,0.025523327,27429
CHEMBL31424,0,0.02550194,27430
CHEMBL526313,0,0.025397584,27431
CHEMBL37602,0,0.025338389,27432
CHEMBL20878,0,0.025338389,27433
CHEMBL16299,0,0.025338389,27434
CHEMBL18185,0,0.025338389,27435
CHEMBL19368,0,0.025338389,27436
CHEMBL37920,0,0.025221808,27437
CHEMBL21248,0,0.025097745,27438
CHEMBL13801,0,0.025097745,27439
CHEMBL6861,0,0.025097745,27440
CHEMBL37679,0,0.025097745,27441
CHEMBL4434752,0,0.02507223,27442
CHEMBL31605,0,0.025064474,27443
CHEMBL35358,0,0.02504303,27444
CHEMBL12453,0,0.025037462,27445
CHEMBL33980,0,0.025037462,27446
CHEMBL6904,0,0.024954956,27447
CHEMBL14913,0,0.024951247,27448
CHEMBL35746,0,0.024923284,27449
CHEMBL11272,0,0.024907967,27450
CHEMBL1160711,0,0.024907967,27451
CHEMBL10838,0,0.024907967,27452
CHEMBL26782,0,0.024907967,27453
CHEMBL11997,0,0.024907967,27454
CHEMBL6939,0,0.024907967,27455
CHEMBL40389,0,0.024907967,27456
CHEMBL10321,0,0.024907967,27457
CHEMBL13276,0,0.024907967,27458
CHEMBL1761221,0,0.024717603,27459
CHEMBL25131,0,0.024664907,27460
CHEMBL38194,0,0.024617689,27461
CHEMBL34977,0,0.024602946,27462
CHEMBL524,0,0.024602946,27463
CHEMBL30033,0,0.024602946,27464
CHEMBL16879,0,0.024602946,27465
CHEMBL9666,0,0.024602946,27466
CHEMBL32195,0,0.024602946,27467
CHEMBL612129,0,0.024602946,27468
CHEMBL40853,0,0.024602946,27469
CHEMBL24882,0,0.024602946,27470
CHEMBL40369,0,0.024602946,27471
CHEMBL23441,0,0.024602946,27472
CHEMBL28249,0,0.024602946,27473
CHEMBL1188857,0,0.024602946,27474
CHEMBL25400,0,0.024602946,27475
CHEMBL34128,0,0.024602946,27476
CHEMBL24868,0,0.024602946,27477
CHEMBL15319,0,0.024602946,27478
CHEMBL29834,0,0.024602946,27479
CHEMBL11418,0,0.024602946,27480
CHEMBL27147,0,0.024602946,27481
CHEMBL30286,0,0.024602946,27482
CHEMBL8352,0,0.024602946,27483
CHEMBL8336,0,0.024602946,27484
CHEMBL4543458,0,0.024602946,27485
CHEMBL26272,0,0.024602946,27486
CHEMBL8600,0,0.024602946,27487
CHEMBL34250,0,0.024602946,27488
CHEMBL20,0,0.024602946,27489
CHEMBL21894,0,0.024602946,27490
CHEMBL39852,0,0.024602946,27491
CHEMBL610191,0,0.024602946,27492
CHEMBL18902,0,0.024602946,27493
CHEMBL23224,0,0.024602946,27494
CHEMBL7597,0,0.024602946,27495
CHEMBL3311440,0,0.02459284,27496
CHEMBL29865,0,0.024522552,27497
CHEMBL11417,0,0.024488037,27498
CHEMBL13472,0,0.024486953,27499
CHEMBL9758,0,0.024465492,27500
CHEMBL37281,0,0.024352975,27501
CHEMBL21350,0,0.024352975,27502
CHEMBL38803,0,0.024352975,27503
CHEMBL10489,0,0.024352975,27504
CHEMBL19194,0,0.024352975,27505
CHEMBL13994,0,0.024308873,27506
CHEMBL11743,0,0.024297792,27507
CHEMBL18347,0,0.024222955,27508
CHEMBL27082,0,0.02421176,27509
CHEMBL36709,0,0.024147127,27510
CHEMBL39138,0,0.024095688,27511
CHEMBL15591,0,0.024083946,27512
CHEMBL39153,0,0.024077127,27513
CHEMBL22502,0,0.024019754,27514
CHEMBL40932,0,0.024019754,27515
CHEMBL4435118,0,0.024019754,27516
CHEMBL27386,0,0.024019754,27517
CHEMBL16963,0,0.02396402,27518
CHEMBL4543416,0,0.02390117,27519
CHEMBL3309454,0,0.02389593,27520
CHEMBL32712,0,0.02389122,27521
CHEMBL39699,0,0.023795819,27522
CHEMBL13247,0,0.023795819,27523
CHEMBL19924,0,0.023795819,27524
CHEMBL13183,0,0.0237877,27525
CHEMBL39329,0,0.023782592,27526
CHEMBL3310243,0,0.023782592,27527
CHEMBL36196,0,0.023782592,27528
CHEMBL11537,0,0.023782592,27529
CHEMBL14837,0,0.023782592,27530
CHEMBL25726,0,0.023782592,27531
CHEMBL8037,0,0.023782592,27532
CHEMBL39720,0,0.023782592,27533
CHEMBL15187,0,0.023725947,27534
CHEMBL37449,0,0.023725947,27535
CHEMBL18596,0,0.023725947,27536
CHEMBL4435578,0,0.023725947,27537
CHEMBL29275,0,0.023725947,27538
CHEMBL11539,0,0.023725947,27539
CHEMBL16524,0,0.023725947,27540
CHEMBL38764,0,0.023725947,27541
CHEMBL41750,0,0.023725947,27542
CHEMBL37177,0,0.023725947,27543
CHEMBL33566,0,0.023725947,27544
CHEMBL12307,0,0.023725947,27545
CHEMBL23622,0,0.023725947,27546
CHEMBL1189651,0,0.023725947,27547
CHEMBL25223,0,0.023725947,27548
CHEMBL32719,0,0.023725947,27549
CHEMBL19198,0,0.023725947,27550
CHEMBL16258,0,0.023725947,27551
CHEMBL1182846,0,0.023725947,27552
CHEMBL29025,0,0.023725947,27553
CHEMBL29471,0,0.023725947,27554
CHEMBL1184294,0,0.023725947,27555
CHEMBL39986,0,0.023725947,27556
CHEMBL10201,0,0.023725947,27557
CHEMBL558,0,0.023725947,27558
CHEMBL25646,0,0.023725947,27559
CHEMBL13634,0,0.023725947,27560
CHEMBL21825,0,0.023725947,27561
CHEMBL8726,0,0.023725947,27562
CHEMBL23451,0,0.023725947,27563
CHEMBL33442,0,0.023725947,27564
CHEMBL38850,0,0.023725947,27565
CHEMBL16247,0,0.023725947,27566
CHEMBL31194,0,0.023725947,27567
CHEMBL6853,0,0.023725947,27568
CHEMBL12010,0,0.023725947,27569
CHEMBL24107,0,0.023725947,27570
CHEMBL584972,0,0.023725947,27571
CHEMBL1163196,0,0.023725947,27572
CHEMBL21229,0,0.023725947,27573
CHEMBL22212,0,0.023725947,27574
CHEMBL11390,0,0.023725947,27575
CHEMBL27949,0,0.023725947,27576
CHEMBL13579,0,0.023725947,27577
CHEMBL22652,0,0.023725947,27578
CHEMBL154463,0,0.023725947,27579
CHEMBL3309329,0,0.023725947,27580
CHEMBL4553152,0,0.023725947,27581
CHEMBL7154,0,0.023725947,27582
CHEMBL28005,0,0.023725947,27583
CHEMBL574,0,0.023725947,27584
CHEMBL1195116,0,0.023725947,27585
CHEMBL6215,0,0.023725947,27586
CHEMBL18481,0,0.023725947,27587
CHEMBL38117,0,0.023725947,27588
CHEMBL37378,0,0.023725947,27589
CHEMBL34171,0,0.023725947,27590
CHEMBL26491,0,0.023716005,27591
CHEMBL28052,0,0.023705535,27592
CHEMBL35107,0,0.023704728,27593
CHEMBL31508,0,0.023704728,27594
CHEMBL11297,0,0.023704728,27595
CHEMBL23192,0,0.023704728,27596
CHEMBL4560051,0,0.023704728,27597
CHEMBL41611,0,0.023704728,27598
CHEMBL16628,0,0.023704728,27599
CHEMBL41595,0,0.023704728,27600
CHEMBL14982,0,0.023704728,27601
CHEMBL12919,0,0.023704728,27602
CHEMBL30682,0,0.023704728,27603
CHEMBL4435331,0,0.023672758,27604
CHEMBL40658,0,0.02353587,27605
CHEMBL42201,0,0.023497278,27606
CHEMBL674,0,0.023467405,27607
CHEMBL13945,0,0.023374874,27608
CHEMBL1209184,0,0.023374874,27609
CHEMBL4436397,0,0.023374874,27610
CHEMBL32436,0,0.023374874,27611
CHEMBL17423,0,0.023245946,27612
CHEMBL25285,0,0.023131453,27613
CHEMBL39051,0,0.023024406,27614
CHEMBL537349,0,0.02299821,27615
CHEMBL35962,0,0.02299821,27616
CHEMBL12829,0,0.02299821,27617
CHEMBL16145,0,0.02296487,27618
CHEMBL3309359,0,0.022946913,27619
CHEMBL27182,0,0.022946913,27620
CHEMBL11481,0,0.022946913,27621
CHEMBL23626,0,0.022946913,27622
CHEMBL23510,0,0.022946913,27623
CHEMBL29465,0,0.022946913,27624
CHEMBL33135,0,0.022946913,27625
CHEMBL27451,0,0.0228747,27626
CHEMBL24529,0,0.022759028,27627
CHEMBL16162,0,0.022697238,27628
CHEMBL27415,0,0.0225983,27629
CHEMBL4116149,0,0.022563737,27630
CHEMBL40917,0,0.022563737,27631
CHEMBL27494,0,0.022563737,27632
CHEMBL10388,0,0.022533564,27633
CHEMBL40446,0,0.02244946,27634
CHEMBL9588,0,0.022437172,27635
CHEMBL701,0,0.02218956,27636
CHEMBL40257,0,0.02218956,27637
CHEMBL775,0,0.02218956,27638
CHEMBL39495,0,0.02218956,27639
CHEMBL25485,0,0.02218956,27640
CHEMBL1163291,0,0.02218956,27641
CHEMBL4543171,0,0.02218956,27642
CHEMBL42359,0,0.02218956,27643
CHEMBL13522,0,0.02218956,27644
CHEMBL6702,0,0.02218956,27645
CHEMBL18367,0,0.02218956,27646
CHEMBL22065,0,0.02218956,27647
CHEMBL12027,0,0.02218956,27648
CHEMBL16933,0,0.02218956,27649
CHEMBL32650,0,0.02218956,27650
CHEMBL27710,0,0.02218956,27651
CHEMBL607038,0,0.02218956,27652
CHEMBL4435642,0,0.022070799,27653
CHEMBL30058,0,0.022056019,27654
CHEMBL584554,0,0.022052204,27655
CHEMBL9686,0,0.021994537,27656
CHEMBL8960,0,0.021994537,27657
CHEMBL19285,0,0.021885155,27658
CHEMBL776,0,0.021885155,27659
CHEMBL24254,0,0.021860426,27660
CHEMBL24431,0,0.021860426,27661
CHEMBL11839,0,0.021819426,27662
CHEMBL3309910,0,0.021819426,27663
CHEMBL6784,0,0.021819426,27664
CHEMBL21530,0,0.021819426,27665
CHEMBL31488,0,0.021819426,27666
CHEMBL27964,0,0.021819426,27667
CHEMBL4436220,0,0.021819426,27668
CHEMBL41727,0,0.021819426,27669
CHEMBL21007,0,0.021819426,27670
CHEMBL25543,0,0.021819426,27671
CHEMBL34,0,0.021819426,27672
CHEMBL10244,0,0.021819426,27673
CHEMBL34910,0,0.021819426,27674
CHEMBL22101,0,0.021819426,27675
CHEMBL10688,0,0.021819426,27676
CHEMBL28194,0,0.021819426,27677
CHEMBL4116150,0,0.021819426,27678
CHEMBL23306,0,0.021819426,27679
CHEMBL36824,0,0.021819426,27680
CHEMBL13126,0,0.021819426,27681
CHEMBL1163255,0,0.021819426,27682
CHEMBL37665,0,0.021819426,27683
CHEMBL29630,0,0.021819426,27684
CHEMBL155287,0,0.021819426,27685
CHEMBL33623,0,0.021819426,27686
CHEMBL12378,0,0.021819426,27687
CHEMBL6724,0,0.021819426,27688
CHEMBL23526,0,0.021819426,27689
CHEMBL21836,0,0.021819426,27690
CHEMBL17356,0,0.021819426,27691
CHEMBL19161,0,0.021819426,27692
CHEMBL419,0,0.021819426,27693
CHEMBL41272,0,0.021819426,27694
CHEMBL1163189,0,0.021819426,27695
CHEMBL1076637,0,0.021819426,27696
CHEMBL11260,0,0.021819426,27697
CHEMBL38105,0,0.021819426,27698
CHEMBL27406,0,0.021819426,27699
CHEMBL15807,0,0.021819426,27700
CHEMBL22192,0,0.021819426,27701
CHEMBL1163515,0,0.021819426,27702
CHEMBL794,0,0.021819426,27703
CHEMBL28300,0,0.021819426,27704
CHEMBL25033,0,0.021819426,27705
CHEMBL32777,0,0.021819426,27706
CHEMBL13503,0,0.021819426,27707
CHEMBL27969,0,0.021819426,27708
CHEMBL26744,0,0.021819426,27709
CHEMBL4436181,0,0.021819426,27710
CHEMBL8281,0,0.021819426,27711
CHEMBL13573,0,0.021819426,27712
CHEMBL565,0,0.021819426,27713
CHEMBL14904,0,0.021819426,27714
CHEMBL8237,0,0.021819426,27715
CHEMBL29319,0,0.021819426,27716
CHEMBL11986,0,0.021819426,27717
CHEMBL26406,0,0.021819426,27718
CHEMBL23313,0,0.021819426,27719
CHEMBL39879,0,0.021819426,27720
CHEMBL15200,0,0.021819426,27721
CHEMBL28075,0,0.021819426,27722
CHEMBL7204,0,0.021819426,27723
CHEMBL26428,0,0.021819426,27724
CHEMBL34246,0,0.021819426,27725
CHEMBL15995,0,0.021819426,27726
CHEMBL37607,0,0.021819426,27727
CHEMBL22298,0,0.021819426,27728
CHEMBL1163542,0,0.021819426,27729
CHEMBL18493,0,0.021819426,27730
CHEMBL6640,0,0.021819426,27731
CHEMBL25427,0,0.021819426,27732
CHEMBL7087,0,0.021819426,27733
CHEMBL20219,0,0.021819426,27734
CHEMBL26666,0,0.021819426,27735
CHEMBL6257,0,0.021819426,27736
CHEMBL18311,0,0.021819426,27737
CHEMBL32184,0,0.021819426,27738
CHEMBL40633,0,0.021819426,27739
CHEMBL30863,0,0.021819426,27740
CHEMBL24346,0,0.021819426,27741
CHEMBL34981,0,0.021819426,27742
CHEMBL1084953,0,0.021776646,27743
CHEMBL23214,0,0.021774452,27744
CHEMBL8610,0,0.021774452,27745
CHEMBL41818,0,0.021774452,27746
CHEMBL14388,0,0.021655884,27747
CHEMBL31536,0,0.021655884,27748
CHEMBL31050,0,0.021655884,27749
CHEMBL6869,0,0.021655884,27750
CHEMBL28582,0,0.021655884,27751
CHEMBL26454,0,0.021655884,27752
CHEMBL19554,0,0.021655884,27753
CHEMBL34514,0,0.021655884,27754
CHEMBL38593,0,0.021655884,27755
CHEMBL27410,0,0.021655884,27756
CHEMBL12948,0,0.021655884,27757
CHEMBL22160,0,0.021655884,27758
CHEMBL30816,0,0.021655884,27759
CHEMBL24025,0,0.021655884,27760
CHEMBL26716,0,0.021655884,27761
CHEMBL20909,0,0.021655884,27762
CHEMBL32858,0,0.021655884,27763
CHEMBL11888,0,0.021655884,27764
CHEMBL31598,0,0.021655884,27765
CHEMBL13504,0,0.021655884,27766
CHEMBL10247,0,0.021655884,27767
CHEMBL18467,0,0.021655884,27768
CHEMBL4303801,0,0.021655884,27769
CHEMBL42341,0,0.021655884,27770
CHEMBL38637,0,0.021655884,27771
CHEMBL22734,0,0.021655884,27772
CHEMBL8450,0,0.021655884,27773
CHEMBL29585,0,0.021655884,27774
CHEMBL12855,0,0.021655884,27775
CHEMBL589736,0,0.021655884,27776
CHEMBL42085,0,0.021609949,27777
CHEMBL36716,0,0.021561142,27778
CHEMBL35079,0,0.021490391,27779
CHEMBL24528,0,0.021480625,27780
CHEMBL4435448,0,0.021442018,27781
CHEMBL22896,0,0.021442018,27782
CHEMBL39931,0,0.021399202,27783
CHEMBL3310012,0,0.021360463,27784
CHEMBL20038,0,0.02135242,27785
CHEMBL40399,0,0.02135242,27786
CHEMBL36291,0,0.02135242,27787
CHEMBL36946,0,0.02135242,27788
CHEMBL26540,0,0.02135242,27789
CHEMBL39221,0,0.02135242,27790
CHEMBL20842,0,0.02135242,27791
CHEMBL29626,0,0.02135242,27792
CHEMBL30193,0,0.02135242,27793
CHEMBL4560044,0,0.02135242,27794
CHEMBL21120,0,0.02135242,27795
CHEMBL16843,0,0.021269627,27796
CHEMBL16550,0,0.021269627,27797
CHEMBL25655,0,0.021269627,27798
CHEMBL16753,0,0.021269627,27799
CHEMBL13872,0,0.021269627,27800
CHEMBL16729,0,0.021269627,27801
CHEMBL41641,0,0.021269627,27802
CHEMBL15945,0,0.021269627,27803
CHEMBL22275,0,0.021269627,27804
CHEMBL16698,0,0.021269627,27805
CHEMBL17709,0,0.021269627,27806
CHEMBL15607,0,0.021269627,27807
CHEMBL16855,0,0.021269627,27808
CHEMBL3309855,0,0.021269627,27809
CHEMBL7009,0,0.021269627,27810
CHEMBL4435208,0,0.021269627,27811
CHEMBL4116089,0,0.021269627,27812
CHEMBL17091,0,0.021269627,27813
CHEMBL7707,0,0.021269627,27814
CHEMBL16977,0,0.021269627,27815
CHEMBL8562,0,0.021269627,27816
CHEMBL16981,0,0.021269627,27817
CHEMBL30316,0,0.021269627,27818
CHEMBL7242,0,0.021269627,27819
CHEMBL19935,0,0.021259366,27820
CHEMBL42604,0,0.021238321,27821
CHEMBL38768,0,0.021238321,27822
CHEMBL14983,0,0.021190306,27823
CHEMBL39054,0,0.021183666,27824
CHEMBL23470,0,0.021171136,27825
CHEMBL41097,0,0.021171136,27826
CHEMBL18910,0,0.021171136,27827
CHEMBL31024,0,0.021171136,27828
CHEMBL27454,0,0.021171136,27829
CHEMBL12091,0,0.021171136,27830
CHEMBL38922,0,0.021171136,27831
CHEMBL33550,0,0.021171136,27832
CHEMBL4543273,0,0.021168606,27833
CHEMBL34969,0,0.021168606,27834
CHEMBL27610,0,0.021168606,27835
CHEMBL769,0,0.021168606,27836
CHEMBL23731,0,0.021168606,27837
CHEMBL718,0,0.021168606,27838
CHEMBL11996,0,0.021168606,27839
CHEMBL39273,0,0.021168606,27840
CHEMBL7336,0,0.021168606,27841
CHEMBL30065,0,0.021168606,27842
CHEMBL35887,0,0.021168606,27843
CHEMBL7185,0,0.021168606,27844
CHEMBL4560008,0,0.021168606,27845
CHEMBL1163245,0,0.02115348,27846
CHEMBL28981,0,0.02115348,27847
CHEMBL10123,0,0.02115348,27848
CHEMBL9767,0,0.02115348,27849
CHEMBL39950,0,0.021144839,27850
CHEMBL32727,0,0.02114389,27851
CHEMBL40015,0,0.02111739,27852
CHEMBL18896,0,0.021101639,27853
CHEMBL11546,0,0.021101639,27854
CHEMBL28760,0,0.021101639,27855
CHEMBL795,0,0.021101639,27856
CHEMBL39782,0,0.021101639,27857
CHEMBL40212,0,0.021101639,27858
CHEMBL13810,0,0.021101639,27859
CHEMBL28603,0,0.021101639,27860
CHEMBL20504,0,0.021101639,27861
CHEMBL33306,0,0.021101639,27862
CHEMBL21645,0,0.021101639,27863
CHEMBL20957,0,0.021101639,27864
CHEMBL31934,0,0.021101639,27865
CHEMBL32407,0,0.021101639,27866
CHEMBL19515,0,0.021101639,27867
CHEMBL6720,0,0.021101639,27868
CHEMBL7646,0,0.021101639,27869
CHEMBL475,0,0.021101639,27870
CHEMBL16118,0,0.021101639,27871
CHEMBL40971,0,0.021101639,27872
CHEMBL25936,0,0.021101639,27873
CHEMBL19773,0,0.021101639,27874
CHEMBL33300,0,0.021101639,27875
CHEMBL17115,0,0.021101639,27876
CHEMBL12167,0,0.021101639,27877
CHEMBL16554,0,0.021101639,27878
CHEMBL32352,0,0.021079075,27879
CHEMBL25737,0,0.021059493,27880
CHEMBL24980,0,0.021036265,27881
CHEMBL30230,0,0.021024378,27882
CHEMBL39319,0,0.021019617,27883
CHEMBL17473,0,0.021018637,27884
CHEMBL14270,0,0.021007018,27885
CHEMBL13184,0,0.020960644,27886
CHEMBL11435,0,0.020960644,27887
CHEMBL24686,0,0.020960644,27888
CHEMBL32039,0,0.020873781,27889
CHEMBL36825,0,0.020873781,27890
CHEMBL18724,0,0.020873781,27891
CHEMBL38308,0,0.020873781,27892
CHEMBL32142,0,0.020871822,27893
CHEMBL8327,0,0.020871822,27894
CHEMBL1095653,0,0.020871822,27895
CHEMBL5095027,0,0.020871822,27896
CHEMBL8066,0,0.020871822,27897
CHEMBL31729,0,0.020871822,27898
CHEMBL17096,0,0.020871822,27899
CHEMBL11887,0,0.020871822,27900
CHEMBL28769,0,0.020871822,27901
CHEMBL35318,0,0.020797763,27902
CHEMBL36082,0,0.02077064,27903
CHEMBL40438,0,0.02077064,27904
CHEMBL41949,0,0.02077064,27905
CHEMBL39462,0,0.020767817,27906
CHEMBL14813,0,0.020767817,27907
CHEMBL18022,0,0.020767817,27908
CHEMBL564427,0,0.020767817,27909
CHEMBL4434957,0,0.020570654,27910
CHEMBL23958,0,0.020540658,27911
CHEMBL32643,0,0.020540658,27912
CHEMBL34307,0,0.020447513,27913
CHEMBL11876,0,0.020416047,27914
CHEMBL14210,0,0.020403916,27915
CHEMBL1091561,0,0.020403916,27916
CHEMBL23774,0,0.020403916,27917
CHEMBL4543262,0,0.020403916,27918
CHEMBL23056,0,0.020403916,27919
CHEMBL32351,0,0.020403916,27920
CHEMBL17324,0,0.020403916,27921
CHEMBL22794,0,0.020403916,27922
CHEMBL21624,0,0.020403916,27923
CHEMBL4553126,0,0.020403916,27924
CHEMBL4559937,0,0.020403916,27925
CHEMBL40546,0,0.020403916,27926
CHEMBL11797,0,0.020403916,27927
CHEMBL41879,0,0.020403916,27928
CHEMBL16479,0,0.020403916,27929
CHEMBL36766,0,0.020403916,27930
CHEMBL31789,0,0.020403916,27931
CHEMBL23477,0,0.020403916,27932
CHEMBL3310969,0,0.020403916,27933
CHEMBL21337,0,0.020403916,27934
CHEMBL17729,0,0.020403916,27935
CHEMBL25289,0,0.020403916,27936
CHEMBL28579,0,0.020403916,27937
CHEMBL8799,0,0.020403916,27938
CHEMBL17348,0,0.020403916,27939
CHEMBL28278,0,0.020403916,27940
CHEMBL24864,0,0.020403916,27941
CHEMBL440,0,0.020403916,27942
CHEMBL32419,0,0.020403916,27943
CHEMBL12341,0,0.020403916,27944
CHEMBL4436438,0,0.020403916,27945
CHEMBL20355,0,0.020403916,27946
CHEMBL20348,0,0.020403916,27947
CHEMBL4553615,0,0.020403916,27948
CHEMBL27918,0,0.020403916,27949
CHEMBL36168,0,0.020403916,27950
CHEMBL1163195,0,0.020403916,27951
CHEMBL7018,0,0.020403916,27952
CHEMBL11588,0,0.020403916,27953
CHEMBL11059,0,0.020403916,27954
CHEMBL23627,0,0.02039991,27955
CHEMBL23436,0,0.02039991,27956
CHEMBL28588,0,0.020376539,27957
CHEMBL9736,0,0.020372817,27958
CHEMBL30540,0,0.02035159,27959
CHEMBL1184248,0,0.020263877,27960
CHEMBL24297,0,0.020263877,27961
CHEMBL28032,0,0.020142965,27962
CHEMBL33627,0,0.020123249,27963
CHEMBL37401,0,0.020123249,27964
CHEMBL10775,0,0.020123249,27965
CHEMBL10457,0,0.020117538,27966
CHEMBL14433,0,0.020117538,27967
CHEMBL10693,0,0.020086646,27968
CHEMBL41211,0,0.020086646,27969
CHEMBL149,0,0.020068092,27970
CHEMBL17674,0,0.019966925,27971
CHEMBL36138,0,0.01983431,27972
CHEMBL25524,0,0.019678116,27973
CHEMBL11158,0,0.019678116,27974
CHEMBL156114,0,0.019669209,27975
CHEMBL4435962,0,0.019632414,27976
CHEMBL16275,0,0.019617157,27977
CHEMBL14420,0,0.019617157,27978
CHEMBL3310190,0,0.019551538,27979
CHEMBL26403,0,0.01941924,27980
CHEMBL14138,0,0.019396752,27981
CHEMBL7940,0,0.019396752,27982
CHEMBL30238,0,0.019396752,27983
CHEMBL31465,0,0.019396752,27984
CHEMBL9815,0,0.019215172,27985
CHEMBL17290,0,0.019161416,27986
CHEMBL12514,0,0.018920263,27987
CHEMBL3311108,0,0.018852385,27988
CHEMBL36213,0,0.018776167,27989
CHEMBL30348,0,0.018776167,27990
CHEMBL31772,0,0.018776167,27991
CHEMBL34367,0,0.018776167,27992
CHEMBL7144,0,0.018776167,27993
CHEMBL16608,0,0.018776167,27994
CHEMBL15679,0,0.018776167,27995
CHEMBL10256,0,0.018776167,27996
CHEMBL602107,0,0.018767059,27997
CHEMBL10903,0,0.018747417,27998
CHEMBL4435615,0,0.018662754,27999
CHEMBL32843,0,0.018611766,28000
CHEMBL23319,0,0.018611766,28001
CHEMBL19386,0,0.018611766,28002
CHEMBL28183,0,0.018611766,28003
CHEMBL6705,0,0.018611766,28004
CHEMBL20335,0,0.018611766,28005
CHEMBL15253,0,0.018611766,28006
CHEMBL35179,0,0.018611766,28007
CHEMBL11228,0,0.018611766,28008
CHEMBL22926,0,0.018611766,28009
CHEMBL12048,0,0.018611766,28010
CHEMBL16426,0,0.018611766,28011
CHEMBL8028,0,0.018611766,28012
CHEMBL20783,0,0.018611766,28013
CHEMBL19915,0,0.018611766,28014
CHEMBL10476,0,0.018611766,28015
CHEMBL11795,0,0.018611766,28016
CHEMBL29812,0,0.018611766,28017
CHEMBL31468,0,0.018611766,28018
CHEMBL28033,0,0.018611766,28019
CHEMBL8696,0,0.018488439,28020
CHEMBL4543197,0,0.018488439,28021
CHEMBL26157,0,0.018413085,28022
CHEMBL7110,0,0.018360607,28023
CHEMBL37812,0,0.01832042,28024
CHEMBL26600,0,0.01827343,28025
CHEMBL24088,0,0.018252892,28026
CHEMBL9877,0,0.018227562,28027
CHEMBL25769,0,0.017996168,28028
CHEMBL1160741,0,0.017996168,28029
CHEMBL37246,0,0.017996168,28030
CHEMBL32306,0,0.017996168,28031
CHEMBL21050,0,0.017996168,28032
CHEMBL38863,0,0.017996168,28033
CHEMBL23942,0,0.017996168,28034
CHEMBL18193,0,0.017996168,28035
CHEMBL38226,0,0.017996168,28036
CHEMBL3311274,0,0.017978406,28037
CHEMBL17648,0,0.0179444,28038
CHEMBL11147,0,0.0179444,28039
CHEMBL40390,0,0.0179444,28040
CHEMBL24648,0,0.0179444,28041
CHEMBL37355,0,0.0179444,28042
CHEMBL32086,0,0.0179444,28043
CHEMBL6852,0,0.0179444,28044
CHEMBL6798,0,0.0179444,28045
CHEMBL23962,0,0.0179444,28046
CHEMBL40943,0,0.0179444,28047
CHEMBL12142,0,0.0179444,28048
CHEMBL11928,0,0.0179444,28049
CHEMBL40593,0,0.0179444,28050
CHEMBL9746,0,0.0179444,28051
CHEMBL36528,0,0.0179444,28052
CHEMBL8214,0,0.0179444,28053
CHEMBL8248,0,0.0179444,28054
CHEMBL26862,0,0.0179444,28055
CHEMBL11661,0,0.0179444,28056
CHEMBL1163244,0,0.0179444,28057
CHEMBL4559971,0,0.0179444,28058
CHEMBL29370,0,0.0179444,28059
CHEMBL25869,0,0.0179444,28060
CHEMBL12442,0,0.0179444,28061
CHEMBL33716,0,0.0179444,28062
CHEMBL27572,0,0.0179444,28063
CHEMBL24720,0,0.0179444,28064
CHEMBL31624,0,0.0179444,28065
CHEMBL19988,0,0.0179444,28066
CHEMBL27747,0,0.0179444,28067
CHEMBL15886,0,0.0179444,28068
CHEMBL29975,0,0.0179444,28069
CHEMBL23841,0,0.0179444,28070
CHEMBL11004,0,0.0179444,28071
CHEMBL12293,0,0.0179444,28072
CHEMBL11556,0,0.0179444,28073
CHEMBL37568,0,0.0179444,28074
CHEMBL34621,0,0.0179444,28075
CHEMBL25619,0,0.0179444,28076
CHEMBL11376,0,0.0179444,28077
CHEMBL13763,0,0.0179444,28078
CHEMBL28450,0,0.0179444,28079
CHEMBL12275,0,0.0179444,28080
CHEMBL12261,0,0.0179444,28081
CHEMBL27217,0,0.0179444,28082
CHEMBL34616,0,0.0179444,28083
CHEMBL14005,0,0.0179444,28084
CHEMBL14007,0,0.0179444,28085
CHEMBL30453,0,0.0179444,28086
CHEMBL27674,0,0.0179444,28087
CHEMBL13056,0,0.0179444,28088
CHEMBL16701,0,0.0179444,28089
CHEMBL22498,0,0.0179444,28090
CHEMBL23478,0,0.0179444,28091
CHEMBL23475,0,0.0179444,28092
CHEMBL155263,0,0.0179444,28093
CHEMBL11164,0,0.0179444,28094
CHEMBL1237374,0,0.0179444,28095
CHEMBL34047,0,0.0179444,28096
CHEMBL37461,0,0.0179444,28097
CHEMBL7863,0,0.0179444,28098
CHEMBL11079,0,0.0179444,28099
CHEMBL14146,0,0.0179444,28100
CHEMBL1159526,0,0.0179444,28101
CHEMBL541771,0,0.0179444,28102
CHEMBL30625,0,0.0179444,28103
CHEMBL11062,0,0.0179444,28104
CHEMBL24878,0,0.0179444,28105
CHEMBL36285,0,0.0179444,28106
CHEMBL18686,0,0.0179444,28107
CHEMBL40524,0,0.0179444,28108
CHEMBL26440,0,0.0179444,28109
CHEMBL28944,0,0.0179444,28110
CHEMBL40268,0,0.0179444,28111
CHEMBL28929,0,0.0179444,28112
CHEMBL13881,0,0.0179444,28113
CHEMBL34758,0,0.0179444,28114
CHEMBL3309358,0,0.0179444,28115
CHEMBL13603,0,0.0179444,28116
CHEMBL40988,0,0.0179444,28117
CHEMBL23629,0,0.0179444,28118
CHEMBL10731,0,0.0179444,28119
CHEMBL28860,0,0.0179444,28120
CHEMBL14315,0,0.0179444,28121
CHEMBL27040,0,0.0179444,28122
CHEMBL6860,0,0.0179444,28123
CHEMBL33875,0,0.0179444,28124
CHEMBL1207937,0,0.0179444,28125
CHEMBL39664,0,0.0179444,28126
CHEMBL41839,0,0.0179444,28127
CHEMBL24119,0,0.0179444,28128
CHEMBL13963,0,0.0179444,28129
CHEMBL17751,0,0.0179444,28130
CHEMBL18214,0,0.0179444,28131
CHEMBL33390,0,0.0179444,28132
CHEMBL7890,0,0.0179444,28133
CHEMBL31471,0,0.0179444,28134
CHEMBL38660,0,0.0179444,28135
CHEMBL41117,0,0.0179444,28136
CHEMBL27972,0,0.0179444,28137
CHEMBL13717,0,0.0179444,28138
CHEMBL30161,0,0.0179444,28139
CHEMBL13711,0,0.0179444,28140
CHEMBL24558,0,0.0179444,28141
CHEMBL7335,0,0.0179444,28142
CHEMBL40414,0,0.0179444,28143
CHEMBL8619,0,0.0179444,28144
CHEMBL23419,0,0.0179444,28145
CHEMBL41763,0,0.0179444,28146
CHEMBL12521,0,0.0179444,28147
CHEMBL12805,0,0.0179444,28148
CHEMBL12812,0,0.0179444,28149
CHEMBL12504,0,0.0179444,28150
CHEMBL33832,0,0.0179444,28151
CHEMBL39843,0,0.0179444,28152
CHEMBL14235,0,0.0179444,28153
CHEMBL40796,0,0.0179444,28154
CHEMBL40813,0,0.0179444,28155
CHEMBL26737,0,0.0179444,28156
CHEMBL29829,0,0.0179444,28157
CHEMBL28832,0,0.0179444,28158
CHEMBL10598,0,0.0179444,28159
CHEMBL8701,0,0.0179444,28160
CHEMBL8706,0,0.0179444,28161
CHEMBL21023,0,0.0179444,28162
CHEMBL13446,0,0.0179444,28163
CHEMBL13978,0,0.0179444,28164
CHEMBL7634,0,0.0179444,28165
CHEMBL42280,0,0.0179444,28166
CHEMBL13831,0,0.0179444,28167
CHEMBL28894,0,0.0179444,28168
CHEMBL39640,0,0.0179444,28169
CHEMBL32886,0,0.0179444,28170
CHEMBL8844,0,0.0179444,28171
CHEMBL526183,0,0.0179444,28172
CHEMBL23770,0,0.0179444,28173
CHEMBL34819,0,0.0179444,28174
CHEMBL518,0,0.0179444,28175
CHEMBL9467,0,0.0179444,28176
CHEMBL4435026,0,0.0179444,28177
CHEMBL23798,0,0.0179444,28178
CHEMBL26607,0,0.0179444,28179
CHEMBL39492,0,0.0179444,28180
CHEMBL22444,0,0.0179444,28181
CHEMBL17171,0,0.0179444,28182
CHEMBL14537,0,0.0179444,28183
CHEMBL17837,0,0.0179444,28184
CHEMBL28375,0,0.0179444,28185
CHEMBL24210,0,0.0179444,28186
CHEMBL17154,0,0.0179444,28187
CHEMBL16883,0,0.0179444,28188
CHEMBL24835,0,0.0179444,28189
CHEMBL13685,0,0.0179444,28190
CHEMBL28537,0,0.0179444,28191
CHEMBL25880,0,0.0179444,28192
CHEMBL41664,0,0.0179444,28193
CHEMBL30857,0,0.0179444,28194
CHEMBL29314,0,0.0179444,28195
CHEMBL18135,0,0.0179444,28196
CHEMBL12404,0,0.0179444,28197
CHEMBL23865,0,0.0179444,28198
CHEMBL29411,0,0.0179444,28199
CHEMBL14815,0,0.0179444,28200
CHEMBL35584,0,0.0179444,28201
CHEMBL8956,0,0.0179444,28202
CHEMBL32768,0,0.0179444,28203
CHEMBL16505,0,0.0179444,28204
CHEMBL11878,0,0.0179444,28205
CHEMBL30400,0,0.0179444,28206
CHEMBL4435656,0,0.0179444,28207
CHEMBL11999,0,0.0179444,28208
CHEMBL43669,0,0.0179444,28209
CHEMBL28765,0,0.0179444,28210
CHEMBL9068,0,0.0179444,28211
CHEMBL3309517,0,0.017919626,28212
CHEMBL37006,0,0.017878002,28213
CHEMBL8005,0,0.017878002,28214
CHEMBL16886,0,0.017878002,28215
CHEMBL40000,0,0.017878002,28216
CHEMBL27456,0,0.017787503,28217
CHEMBL29039,0,0.017783247,28218
CHEMBL41438,0,0.01774524,28219
CHEMBL35105,0,0.01772572,28220
CHEMBL38355,0,0.017721063,28221
CHEMBL14334,0,0.017589716,28222
CHEMBL37732,0,0.017554969,28223
CHEMBL6469,0,0.017497126,28224
CHEMBL34009,0,0.017497126,28225
CHEMBL42504,0,0.017497126,28226
CHEMBL9678,0,0.017458927,28227
CHEMBL31903,0,0.017404059,28228
CHEMBL29135,0,0.0173253,28229
CHEMBL30146,0,0.017278431,28230
CHEMBL26989,0,0.017177563,28231
CHEMBL4543545,0,0.017177563,28232
CHEMBL16716,0,0.017177563,28233
CHEMBL4553139,0,0.017120948,28234
CHEMBL26083,0,0.017120948,28235
CHEMBL14629,0,0.017120948,28236
CHEMBL11788,0,0.017120948,28237
CHEMBL11904,0,0.017120948,28238
CHEMBL11951,0,0.017120948,28239
CHEMBL8461,0,0.017120948,28240
CHEMBL8001,0,0.017120948,28241
CHEMBL12644,0,0.017120948,28242
CHEMBL12126,0,0.017120948,28243
CHEMBL24637,0,0.017120948,28244
CHEMBL7983,0,0.017120948,28245
CHEMBL38941,0,0.017084636,28246
CHEMBL21339,0,0.017054036,28247
CHEMBL3311128,0,0.016957229,28248
CHEMBL11831,0,0.016935335,28249
CHEMBL24644,0,0.016935335,28250
CHEMBL9775,0,0.016935335,28251
CHEMBL16184,0,0.016935335,28252
CHEMBL41333,0,0.016935335,28253
CHEMBL34933,0,0.016935335,28254
CHEMBL39345,0,0.016935335,28255
CHEMBL30382,0,0.016925605,28256
CHEMBL34756,0,0.016924836,28257
CHEMBL32024,0,0.016914232,28258
CHEMBL25,0,0.01686904,28259
CHEMBL20919,0,0.01686904,28260
CHEMBL27737,0,0.01686904,28261
CHEMBL20883,0,0.01686904,28262
CHEMBL12602,0,0.01686904,28263
CHEMBL35036,0,0.01686904,28264
CHEMBL3310890,0,0.01686904,28265
CHEMBL29060,0,0.016855342,28266
CHEMBL32554,0,0.016585633,28267
CHEMBL38146,0,0.016585633,28268
CHEMBL21558,0,0.016585633,28269
CHEMBL438139,0,0.016585633,28270
CHEMBL40304,0,0.016585633,28271
CHEMBL1222016,0,0.016585633,28272
CHEMBL41700,0,0.01653431,28273
CHEMBL32568,0,0.016494727,28274
CHEMBL9452,0,0.016494602,28275
CHEMBL28985,0,0.016494602,28276
CHEMBL43668,0,0.016494602,28277
CHEMBL25435,0,0.016494602,28278
CHEMBL647,0,0.016494602,28279
CHEMBL1163180,0,0.016494602,28280
CHEMBL28635,0,0.016494602,28281
CHEMBL10584,0,0.016494602,28282
CHEMBL34505,0,0.016494602,28283
CHEMBL16176,0,0.016494602,28284
CHEMBL11741,0,0.016494602,28285
CHEMBL4435849,0,0.016494602,28286
CHEMBL14796,0,0.016494602,28287
CHEMBL22592,0,0.016494602,28288
CHEMBL22107,0,0.016494602,28289
CHEMBL36682,0,0.016494602,28290
CHEMBL9669,0,0.016494602,28291
CHEMBL40337,0,0.016494602,28292
CHEMBL24814,0,0.016494602,28293
CHEMBL8778,0,0.016494602,28294
CHEMBL24714,0,0.016494602,28295
CHEMBL32638,0,0.016494602,28296
CHEMBL30202,0,0.016494602,28297
CHEMBL14783,0,0.016494602,28298
CHEMBL12336,0,0.016494602,28299
CHEMBL26662,0,0.016494602,28300
CHEMBL19975,0,0.016494602,28301
CHEMBL29526,0,0.016494602,28302
CHEMBL26143,0,0.016494602,28303
CHEMBL24561,0,0.016494602,28304
CHEMBL33065,0,0.016494602,28305
CHEMBL13838,0,0.016494602,28306
CHEMBL175697,0,0.016494602,28307
CHEMBL39101,0,0.01643647,28308
CHEMBL16252,0,0.016390298,28309
CHEMBL22803,0,0.016390298,28310
CHEMBL12586,0,0.016308941,28311
CHEMBL10155,0,0.016308941,28312
CHEMBL12452,0,0.016306171,28313
CHEMBL24537,0,0.016306171,28314
CHEMBL33813,0,0.016306171,28315
CHEMBL8141,0,0.016306171,28316
CHEMBL30219,0,0.01619591,28317
CHEMBL13407,0,0.0161783,28318
CHEMBL1163266,0,0.016037188,28319
CHEMBL20022,0,0.016037188,28320
CHEMBL41051,0,0.016037188,28321
CHEMBL25020,0,0.016031727,28322
CHEMBL4435291,0,0.015886415,28323
CHEMBL4543199,0,0.01581353,28324
CHEMBL3309493,0,0.01581353,28325
CHEMBL4435166,0,0.015779857,28326
CHEMBL24405,0,0.0157695,28327
CHEMBL12148,0,0.0157695,28328
CHEMBL4435192,0,0.015663361,28329
CHEMBL26734,0,0.015632037,28330
CHEMBL31352,0,0.015632037,28331
CHEMBL31458,0,0.015632037,28332
CHEMBL19088,0,0.015632037,28333
CHEMBL7476,0,0.015632037,28334
CHEMBL24336,0,0.015632037,28335
CHEMBL17216,0,0.015632037,28336
CHEMBL12792,0,0.015632037,28337
CHEMBL25424,0,0.015632037,28338
CHEMBL33616,0,0.015632037,28339
CHEMBL16924,0,0.015632037,28340
CHEMBL569,0,0.015632037,28341
CHEMBL40173,0,0.015632037,28342
CHEMBL1089958,0,0.015632037,28343
CHEMBL37057,0,0.015632037,28344
CHEMBL30082,0,0.015632037,28345
CHEMBL34404,0,0.015632037,28346
CHEMBL42375,0,0.015632037,28347
CHEMBL34470,0,0.015632037,28348
CHEMBL28523,0,0.015632037,28349
CHEMBL14599,0,0.015632037,28350
CHEMBL13564,0,0.015632037,28351
CHEMBL28370,0,0.015632037,28352
CHEMBL29295,0,0.015632037,28353
CHEMBL33375,0,0.015632037,28354
CHEMBL10599,0,0.015632037,28355
CHEMBL7468,0,0.015632037,28356
CHEMBL11885,0,0.015632037,28357
CHEMBL25280,0,0.015632037,28358
CHEMBL27114,0,0.015632037,28359
CHEMBL8885,0,0.015632037,28360
CHEMBL36038,0,0.015632037,28361
CHEMBL27859,0,0.015632037,28362
CHEMBL20017,0,0.015632037,28363
CHEMBL36179,0,0.015632037,28364
CHEMBL28925,0,0.015632037,28365
CHEMBL30045,0,0.015632037,28366
CHEMBL36026,0,0.015632037,28367
CHEMBL86,0,0.015632037,28368
CHEMBL677,0,0.015632037,28369
CHEMBL21230,0,0.015632037,28370
CHEMBL15926,0,0.015632037,28371
CHEMBL19172,0,0.015632037,28372
CHEMBL29550,0,0.015632037,28373
CHEMBL25780,0,0.015632037,28374
CHEMBL25790,0,0.015632037,28375
CHEMBL23534,0,0.015632037,28376
CHEMBL4434953,0,0.015632037,28377
CHEMBL1185068,0,0.015632037,28378
CHEMBL40986,0,0.015632037,28379
CHEMBL31482,0,0.015632037,28380
CHEMBL25739,0,0.015632037,28381
CHEMBL25878,0,0.015632037,28382
CHEMBL16857,0,0.015632037,28383
CHEMBL36182,0,0.015632037,28384
CHEMBL24466,0,0.015632037,28385
CHEMBL154414,0,0.015632037,28386
CHEMBL19405,0,0.015632037,28387
CHEMBL11664,0,0.015632037,28388
CHEMBL12387,0,0.015632037,28389
CHEMBL22098,0,0.015632037,28390
CHEMBL8081,0,0.015632037,28391
CHEMBL7754,0,0.015632037,28392
CHEMBL9486,0,0.015632037,28393
CHEMBL30658,0,0.015632037,28394
CHEMBL38579,0,0.015632037,28395
CHEMBL1075689,0,0.015632037,28396
CHEMBL11941,0,0.015632037,28397
CHEMBL11953,0,0.015632037,28398
CHEMBL22606,0,0.015632037,28399
CHEMBL36690,0,0.015632037,28400
CHEMBL552742,0,0.015632037,28401
CHEMBL20111,0,0.015632037,28402
CHEMBL462,0,0.015632037,28403
CHEMBL18194,0,0.015632037,28404
CHEMBL13572,0,0.015632037,28405
CHEMBL38736,0,0.015632037,28406
CHEMBL27745,0,0.015632037,28407
CHEMBL27453,0,0.015632037,28408
CHEMBL8974,0,0.015632037,28409
CHEMBL15712,0,0.015632037,28410
CHEMBL41461,0,0.015632037,28411
CHEMBL31159,0,0.015632037,28412
CHEMBL7503,0,0.015632037,28413
CHEMBL26109,0,0.015556122,28414
CHEMBL37767,0,0.015556122,28415
CHEMBL20247,0,0.015556122,28416
CHEMBL23786,0,0.015511852,28417
CHEMBL27970,0,0.01550476,28418
CHEMBL29461,0,0.01550476,28419
CHEMBL39166,0,0.01550476,28420
CHEMBL27334,0,0.01550476,28421
CHEMBL25932,0,0.01550476,28422
CHEMBL503357,0,0.01550476,28423
CHEMBL33153,0,0.01550476,28424
CHEMBL29258,0,0.01550476,28425
CHEMBL37336,0,0.01550476,28426
CHEMBL27915,0,0.01550476,28427
CHEMBL41399,0,0.01550476,28428
CHEMBL36230,0,0.01550476,28429
CHEMBL26925,0,0.01548332,28430
CHEMBL12922,0,0.015472602,28431
CHEMBL29534,0,0.015472602,28432
CHEMBL25882,0,0.015343412,28433
CHEMBL38588,0,0.015328809,28434
CHEMBL11321,0,0.015328809,28435
CHEMBL25844,0,0.015328809,28436
CHEMBL610892,0,0.015328809,28437
CHEMBL4553712,0,0.015328809,28438
CHEMBL33737,0,0.015278186,28439
CHEMBL36239,0,0.015278186,28440
CHEMBL39105,0,0.015278186,28441
CHEMBL26350,0,0.015278186,28442
CHEMBL29412,0,0.015278186,28443
CHEMBL11666,0,0.015278186,28444
CHEMBL17449,0,0.015278186,28445
CHEMBL17916,0,0.015278186,28446
CHEMBL38611,0,0.015278186,28447
CHEMBL21973,0,0.015278186,28448
CHEMBL12104,0,0.015278186,28449
CHEMBL26769,0,0.015278186,28450
CHEMBL27973,0,0.015278186,28451
CHEMBL32021,0,0.015278186,28452
CHEMBL33866,0,0.015278186,28453
CHEMBL444736,0,0.015278186,28454
CHEMBL8293,0,0.015278186,28455
CHEMBL40656,0,0.015278186,28456
CHEMBL40687,0,0.015278186,28457
CHEMBL29605,0,0.015278186,28458
CHEMBL459,0,0.015278186,28459
CHEMBL8232,0,0.015278186,28460
CHEMBL7561,0,0.015278186,28461
CHEMBL19891,0,0.015278186,28462
CHEMBL36131,0,0.015278186,28463
CHEMBL10047,0,0.015278186,28464
CHEMBL12405,0,0.015278186,28465
CHEMBL38877,0,0.015278186,28466
CHEMBL37610,0,0.015250333,28467
CHEMBL30640,0,0.015242974,28468
CHEMBL14808,0,0.015173899,28469
CHEMBL34113,0,0.015173899,28470
CHEMBL6313,0,0.015173899,28471
CHEMBL24150,0,0.015112243,28472
CHEMBL23667,0,0.015064144,28473
CHEMBL20358,0,0.015064144,28474
CHEMBL11660,0,0.015064144,28475
CHEMBL37722,0,0.015064144,28476
CHEMBL8680,0,0.015064144,28477
CHEMBL23558,0,0.015064144,28478
CHEMBL33426,0,0.015064144,28479
CHEMBL29485,0,0.014989262,28480
CHEMBL810,0,0.014989262,28481
CHEMBL26220,0,0.014989262,28482
CHEMBL16331,0,0.014989262,28483
CHEMBL30848,0,0.014989262,28484
CHEMBL13563,0,0.014989262,28485
CHEMBL21615,0,0.014989262,28486
CHEMBL15064,0,0.014895611,28487
CHEMBL12638,0,0.014797165,28488
CHEMBL25149,0,0.014791987,28489
CHEMBL29334,0,0.014777449,28490
CHEMBL1179567,0,0.014754925,28491
CHEMBL8403,0,0.014625865,28492
CHEMBL9385,0,0.014597243,28493
CHEMBL1195988,0,0.014597243,28494
CHEMBL19586,0,0.014592668,28495
CHEMBL4436124,0,0.014581899,28496
CHEMBL33994,0,0.014541319,28497
CHEMBL32871,0,0.014541319,28498
CHEMBL26813,0,0.014540888,28499
CHEMBL6567,0,0.014540888,28500
CHEMBL30739,0,0.014492835,28501
CHEMBL26301,0,0.014492835,28502
CHEMBL11399,0,0.014492835,28503
CHEMBL8176,0,0.014492835,28504
CHEMBL4543266,0,0.014492835,28505
CHEMBL39476,0,0.014492835,28506
CHEMBL3309264,0,0.0143960165,28507
CHEMBL4543331,0,0.014349786,28508
CHEMBL6644,0,0.014335299,28509
CHEMBL9084,0,0.013975238,28510
CHEMBL40088,0,0.013889997,28511
CHEMBL38453,0,0.01383176,28512
CHEMBL16700,0,0.013822599,28513
CHEMBL4434936,0,0.013773325,28514
CHEMBL9387,0,0.013773325,28515
CHEMBL34423,0,0.013666068,28516
CHEMBL4543268,0,0.013666068,28517
CHEMBL37008,0,0.013666068,28518
CHEMBL28766,0,0.013666068,28519
CHEMBL28721,0,0.013666068,28520
CHEMBL39706,0,0.013666068,28521
CHEMBL39717,0,0.013666068,28522
CHEMBL34155,0,0.013666068,28523
CHEMBL34168,0,0.013666068,28524
CHEMBL23949,0,0.013666068,28525
CHEMBL28862,0,0.013666068,28526
CHEMBL29446,0,0.013666068,28527
CHEMBL10962,0,0.013666068,28528
CHEMBL727,0,0.013666068,28529
CHEMBL24722,0,0.013666068,28530
CHEMBL724,0,0.013666068,28531
CHEMBL34855,0,0.013666068,28532
CHEMBL9623,0,0.013666068,28533
CHEMBL12137,0,0.013666068,28534
CHEMBL12140,0,0.013666068,28535
CHEMBL40953,0,0.013666068,28536
CHEMBL39738,0,0.013666068,28537
CHEMBL13086,0,0.013666068,28538
CHEMBL13094,0,0.013666068,28539
CHEMBL40604,0,0.013666068,28540
CHEMBL30748,0,0.013666068,28541
CHEMBL27561,0,0.013666068,28542
CHEMBL12024,0,0.013666068,28543
CHEMBL27533,0,0.013666068,28544
CHEMBL41905,0,0.013666068,28545
CHEMBL28866,0,0.013666068,28546
CHEMBL554192,0,0.013666068,28547
CHEMBL3310876,0,0.013666068,28548
CHEMBL141,0,0.013666068,28549
CHEMBL501593,0,0.013666068,28550
CHEMBL503030,0,0.013666068,28551
CHEMBL32101,0,0.013666068,28552
CHEMBL28710,0,0.013666068,28553
CHEMBL43824,0,0.013666068,28554
CHEMBL18084,0,0.013666068,28555
CHEMBL18094,0,0.013666068,28556
CHEMBL32276,0,0.013666068,28557
CHEMBL36508,0,0.013666068,28558
CHEMBL19774,0,0.013666068,28559
CHEMBL19792,0,0.013666068,28560
CHEMBL12329,0,0.013666068,28561
CHEMBL29226,0,0.013666068,28562
CHEMBL15944,0,0.013666068,28563
CHEMBL13540,0,0.013666068,28564
CHEMBL13542,0,0.013666068,28565
CHEMBL27498,0,0.013666068,28566
CHEMBL25988,0,0.013666068,28567
CHEMBL18478,0,0.013666068,28568
CHEMBL23954,0,0.013666068,28569
CHEMBL23957,0,0.013666068,28570
CHEMBL36610,0,0.013666068,28571
CHEMBL26275,0,0.013666068,28572
CHEMBL39019,0,0.013666068,28573
CHEMBL32050,0,0.013666068,28574
CHEMBL15252,0,0.013666068,28575
CHEMBL15301,0,0.013666068,28576
CHEMBL37489,0,0.013666068,28577
CHEMBL37490,0,0.013666068,28578
CHEMBL3309718,0,0.013666068,28579
CHEMBL11981,0,0.013666068,28580
CHEMBL20093,0,0.013666068,28581
CHEMBL18610,0,0.013666068,28582
CHEMBL3309713,0,0.013666068,28583
CHEMBL28656,0,0.013666068,28584
CHEMBL440085,0,0.013666068,28585
CHEMBL29587,0,0.013666068,28586
CHEMBL24773,0,0.013666068,28587
CHEMBL20573,0,0.013666068,28588
CHEMBL39039,0,0.013666068,28589
CHEMBL26267,0,0.013666068,28590
CHEMBL26268,0,0.013666068,28591
CHEMBL7889,0,0.013666068,28592
CHEMBL23894,0,0.013666068,28593
CHEMBL4543339,0,0.013666068,28594
CHEMBL13821,0,0.013666068,28595
CHEMBL13823,0,0.013666068,28596
CHEMBL12113,0,0.013666068,28597
CHEMBL13576,0,0.013666068,28598
CHEMBL39068,0,0.013666068,28599
CHEMBL27942,0,0.013666068,28600
CHEMBL36468,0,0.013666068,28601
CHEMBL15337,0,0.013666068,28602
CHEMBL12203,0,0.013666068,28603
CHEMBL25961,0,0.013666068,28604
CHEMBL18083,0,0.013666068,28605
CHEMBL29875,0,0.013666068,28606
CHEMBL21257,0,0.013666068,28607
CHEMBL21259,0,0.013666068,28608
CHEMBL3309714,0,0.013666068,28609
CHEMBL3309715,0,0.013666068,28610
CHEMBL14117,0,0.013666068,28611
CHEMBL12160,0,0.013666068,28612
CHEMBL10351,0,0.013666068,28613
CHEMBL9445,0,0.013666068,28614
CHEMBL22089,0,0.013666068,28615
CHEMBL41250,0,0.013666068,28616
CHEMBL1163190,0,0.013666068,28617
CHEMBL499523,0,0.013666068,28618
CHEMBL39067,0,0.013666068,28619
CHEMBL20770,0,0.013666068,28620
CHEMBL11551,0,0.013666068,28621
CHEMBL40067,0,0.013666068,28622
CHEMBL7977,0,0.013666068,28623
CHEMBL9474,0,0.013666068,28624
CHEMBL21329,0,0.013666068,28625
CHEMBL21334,0,0.013666068,28626
CHEMBL730,0,0.013666068,28627
CHEMBL7303,0,0.013666068,28628
CHEMBL17407,0,0.013666068,28629
CHEMBL40422,0,0.013666068,28630
CHEMBL137,0,0.013666068,28631
CHEMBL27119,0,0.013666068,28632
CHEMBL27138,0,0.013666068,28633
CHEMBL39987,0,0.013666068,28634
CHEMBL23818,0,0.013666068,28635
CHEMBL40626,0,0.013666068,28636
CHEMBL41914,0,0.013666068,28637
CHEMBL43495,0,0.013666068,28638
CHEMBL18892,0,0.013666068,28639
CHEMBL27997,0,0.013666068,28640
CHEMBL476,0,0.013666068,28641
CHEMBL22072,0,0.013666068,28642
CHEMBL27905,0,0.013666068,28643
CHEMBL27906,0,0.013666068,28644
CHEMBL18837,0,0.013666068,28645
CHEMBL41023,0,0.013666068,28646
CHEMBL27909,0,0.013666068,28647
CHEMBL27912,0,0.013666068,28648
CHEMBL12158,0,0.013666068,28649
CHEMBL39977,0,0.013666068,28650
CHEMBL3309717,0,0.013666068,28651
CHEMBL41657,0,0.013666068,28652
CHEMBL41659,0,0.013666068,28653
CHEMBL28647,0,0.013666068,28654
CHEMBL24832,0,0.013666068,28655
CHEMBL24838,0,0.013666068,28656
CHEMBL8047,0,0.013666068,28657
CHEMBL34108,0,0.013666068,28658
CHEMBL4543438,0,0.013666068,28659
CHEMBL31557,0,0.013666068,28660
CHEMBL31565,0,0.013666068,28661
CHEMBL12401,0,0.013666068,28662
CHEMBL41352,0,0.013666068,28663
CHEMBL37368,0,0.013666068,28664
CHEMBL17440,0,0.013666068,28665
CHEMBL40534,0,0.013666068,28666
CHEMBL777,0,0.013666068,28667
CHEMBL24001,0,0.013666068,28668
CHEMBL26218,0,0.013666068,28669
CHEMBL20580,0,0.013666068,28670
CHEMBL8056,0,0.013666068,28671
CHEMBL21606,0,0.013666068,28672
CHEMBL15355,0,0.013666068,28673
CHEMBL8013,0,0.013666068,28674
CHEMBL13587,0,0.013666068,28675
CHEMBL1077410,0,0.013666068,28676
CHEMBL483262,0,0.013666068,28677
CHEMBL499101,0,0.013666068,28678
CHEMBL37620,0,0.013666068,28679
CHEMBL14824,0,0.013666068,28680
CHEMBL18051,0,0.013666068,28681
CHEMBL29234,0,0.013666068,28682
CHEMBL812,0,0.013666068,28683
CHEMBL21621,0,0.013666068,28684
CHEMBL21634,0,0.013666068,28685
CHEMBL29908,0,0.013666068,28686
CHEMBL19685,0,0.013666068,28687
CHEMBL23804,0,0.013666068,28688
CHEMBL11573,0,0.013666068,28689
CHEMBL36693,0,0.013666068,28690
CHEMBL24022,0,0.013666068,28691
CHEMBL19431,0,0.013666068,28692
CHEMBL19439,0,0.013666068,28693
CHEMBL19447,0,0.013666068,28694
CHEMBL40426,0,0.013666068,28695
CHEMBL4436031,0,0.013666068,28696
CHEMBL4436036,0,0.013666068,28697
CHEMBL35034,0,0.013666068,28698
CHEMBL23759,0,0.013666068,28699
CHEMBL16055,0,0.013666068,28700
CHEMBL30049,0,0.013666068,28701
CHEMBL11957,0,0.013666068,28702
CHEMBL30995,0,0.013666068,28703
CHEMBL17539,0,0.013666068,28704
CHEMBL17541,0,0.013666068,28705
CHEMBL17559,0,0.013666068,28706
CHEMBL17560,0,0.013666068,28707
CHEMBL17562,0,0.013666068,28708
CHEMBL4543205,0,0.013666068,28709
CHEMBL4543217,0,0.013666068,28710
CHEMBL9401,0,0.013666068,28711
CHEMBL35125,0,0.013666068,28712
CHEMBL22051,0,0.013666068,28713
CHEMBL22063,0,0.013666068,28714
CHEMBL706,0,0.013666068,28715
CHEMBL24873,0,0.013666068,28716
CHEMBL11510,0,0.013666068,28717
CHEMBL11043,0,0.013666068,28718
CHEMBL1163209,0,0.013666068,28719
CHEMBL4303148,0,0.013666068,28720
CHEMBL12689,0,0.013666068,28721
CHEMBL28885,0,0.013666068,28722
CHEMBL28887,0,0.013666068,28723
CHEMBL28890,0,0.013666068,28724
CHEMBL11952,0,0.013666068,28725
CHEMBL12559,0,0.013666068,28726
CHEMBL12563,0,0.013666068,28727
CHEMBL38589,0,0.013666068,28728
CHEMBL38604,0,0.013666068,28729
CHEMBL36308,0,0.013666068,28730
CHEMBL12045,0,0.013666068,28731
CHEMBL13500,0,0.013666068,28732
CHEMBL40648,0,0.013666068,28733
CHEMBL30638,0,0.013666068,28734
CHEMBL14797,0,0.013666068,28735
CHEMBL14801,0,0.013666068,28736
CHEMBL703,0,0.013666068,28737
CHEMBL7030,0,0.013666068,28738
CHEMBL11063,0,0.013666068,28739
CHEMBL30952,0,0.013666068,28740
CHEMBL30959,0,0.013666068,28741
CHEMBL27414,0,0.013666068,28742
CHEMBL27373,0,0.013666068,28743
CHEMBL39133,0,0.013666068,28744
CHEMBL39682,0,0.013666068,28745
CHEMBL13853,0,0.013666068,28746
CHEMBL38756,0,0.013666068,28747
CHEMBL38759,0,0.013666068,28748
CHEMBL26019,0,0.013666068,28749
CHEMBL26032,0,0.013666068,28750
CHEMBL41779,0,0.013666068,28751
CHEMBL41784,0,0.013666068,28752
CHEMBL40450,0,0.013666068,28753
CHEMBL22644,0,0.013666068,28754
CHEMBL34879,0,0.013666068,28755
CHEMBL34880,0,0.013666068,28756
CHEMBL34179,0,0.013666068,28757
CHEMBL26003,0,0.013666068,28758
CHEMBL11561,0,0.013666068,28759
CHEMBL3311419,0,0.013666068,28760
CHEMBL29906,0,0.013666068,28761
CHEMBL15379,0,0.013666068,28762
CHEMBL15410,0,0.013666068,28763
CHEMBL7025,0,0.013666068,28764
CHEMBL8185,0,0.013666068,28765
CHEMBL20521,0,0.013666068,28766
CHEMBL4559970,0,0.013666068,28767
CHEMBL9365,0,0.013666068,28768
CHEMBL940,0,0.013666068,28769
CHEMBL11505,0,0.013666068,28770
CHEMBL11507,0,0.013666068,28771
CHEMBL41650,0,0.013666068,28772
CHEMBL13114,0,0.013666068,28773
CHEMBL18027,0,0.013666068,28774
CHEMBL25829,0,0.013666068,28775
CHEMBL37728,0,0.013666068,28776
CHEMBL12017,0,0.013666068,28777
CHEMBL18661,0,0.013666068,28778
CHEMBL19632,0,0.013666068,28779
CHEMBL18110,0,0.013666068,28780
CHEMBL18111,0,0.013666068,28781
CHEMBL443602,0,0.013666068,28782
CHEMBL28341,0,0.013666068,28783
CHEMBL504429,0,0.013666068,28784
CHEMBL7701,0,0.013666068,28785
CHEMBL37731,0,0.013666068,28786
CHEMBL14771,0,0.013666068,28787
CHEMBL37710,0,0.013666068,28788
CHEMBL27601,0,0.013666068,28789
CHEMBL40653,0,0.013666068,28790
CHEMBL37681,0,0.013666068,28791
CHEMBL41221,0,0.013666068,28792
CHEMBL28135,0,0.013666068,28793
CHEMBL26852,0,0.013666068,28794
CHEMBL39736,0,0.013666068,28795
CHEMBL34244,0,0.013666068,28796
CHEMBL21181,0,0.013666068,28797
CHEMBL23671,0,0.013666068,28798
CHEMBL36210,0,0.013666068,28799
CHEMBL820,0,0.013666068,28800
CHEMBL18735,0,0.013666068,28801
CHEMBL11094,0,0.013666068,28802
CHEMBL24959,0,0.013666068,28803
CHEMBL29253,0,0.013666068,28804
CHEMBL13718,0,0.013666068,28805
CHEMBL28081,0,0.013666068,28806
CHEMBL21487,0,0.013666068,28807
CHEMBL24124,0,0.013666068,28808
CHEMBL12587,0,0.013666068,28809
CHEMBL12605,0,0.013666068,28810
CHEMBL28719,0,0.013666068,28811
CHEMBL13859,0,0.013666068,28812
CHEMBL39671,0,0.013666068,28813
CHEMBL34989,0,0.013666068,28814
CHEMBL15991,0,0.013666068,28815
CHEMBL27824,0,0.013666068,28816
CHEMBL27844,0,0.013666068,28817
CHEMBL42591,0,0.013666068,28818
CHEMBL29029,0,0.013666068,28819
CHEMBL158670,0,0.013666068,28820
CHEMBL15891,0,0.013666068,28821
CHEMBL18334,0,0.013666068,28822
CHEMBL18342,0,0.013666068,28823
CHEMBL37716,0,0.013666068,28824
CHEMBL17610,0,0.013666068,28825
CHEMBL37773,0,0.013666068,28826
CHEMBL830,0,0.013666068,28827
CHEMBL23612,0,0.013666068,28828
CHEMBL4436573,0,0.013666068,28829
CHEMBL3311439,0,0.013666068,28830
CHEMBL8264,0,0.013666068,28831
CHEMBL8265,0,0.013666068,28832
CHEMBL31927,0,0.013666068,28833
CHEMBL24948,0,0.013666068,28834
CHEMBL21200,0,0.013666068,28835
CHEMBL27042,0,0.013666068,28836
CHEMBL30577,0,0.013666068,28837
CHEMBL13253,0,0.013666068,28838
CHEMBL13254,0,0.013666068,28839
CHEMBL13263,0,0.013666068,28840
CHEMBL1237066,0,0.013666068,28841
CHEMBL1237214,0,0.013666068,28842
CHEMBL20513,0,0.013666068,28843
CHEMBL8290,0,0.013666068,28844
CHEMBL20816,0,0.013666068,28845
CHEMBL25813,0,0.013666068,28846
CHEMBL11468,0,0.013666068,28847
CHEMBL11471,0,0.013666068,28848
CHEMBL689,0,0.013666068,28849
CHEMBL25805,0,0.013666068,28850
CHEMBL33134,0,0.013666068,28851
CHEMBL39213,0,0.013666068,28852
CHEMBL13741,0,0.013666068,28853
CHEMBL27039,0,0.013666068,28854
CHEMBL20152,0,0.013666068,28855
CHEMBL9732,0,0.013666068,28856
CHEMBL31034,0,0.013666068,28857
CHEMBL37790,0,0.013666068,28858
CHEMBL19522,0,0.013666068,28859
CHEMBL37795,0,0.013666068,28860
CHEMBL20802,0,0.013666068,28861
CHEMBL21683,0,0.013666068,28862
CHEMBL21696,0,0.013666068,28863
CHEMBL4543500,0,0.013666068,28864
CHEMBL4543501,0,0.013666068,28865
CHEMBL9331,0,0.013666068,28866
CHEMBL29520,0,0.013666068,28867
CHEMBL36791,0,0.013666068,28868
CHEMBL38924,0,0.013666068,28869
CHEMBL24480,0,0.013666068,28870
CHEMBL37201,0,0.013666068,28871
CHEMBL37295,0,0.013666068,28872
CHEMBL731,0,0.013666068,28873
CHEMBL18663,0,0.013666068,28874
CHEMBL40500,0,0.013666068,28875
CHEMBL40508,0,0.013666068,28876
CHEMBL30777,0,0.013666068,28877
CHEMBL30599,0,0.013666068,28878
CHEMBL19920,0,0.013666068,28879
CHEMBL30285,0,0.013666068,28880
CHEMBL34298,0,0.013666068,28881
CHEMBL684,0,0.013666068,28882
CHEMBL37840,0,0.013666068,28883
CHEMBL37808,0,0.013666068,28884
CHEMBL11122,0,0.013666068,28885
CHEMBL3309357,0,0.013666068,28886
CHEMBL37855,0,0.013666068,28887
CHEMBL37859,0,0.013666068,28888
CHEMBL37864,0,0.013666068,28889
CHEMBL20486,0,0.013666068,28890
CHEMBL20492,0,0.013666068,28891
CHEMBL39277,0,0.013666068,28892
CHEMBL39231,0,0.013666068,28893
CHEMBL31902,0,0.013666068,28894
CHEMBL21676,0,0.013666068,28895
CHEMBL38540,0,0.013666068,28896
CHEMBL4116139,0,0.013666068,28897
CHEMBL3309354,0,0.013666068,28898
CHEMBL3309356,0,0.013666068,28899
CHEMBL19408,0,0.013666068,28900
CHEMBL28936,0,0.013666068,28901
CHEMBL16764,0,0.013666068,28902
CHEMBL36161,0,0.013666068,28903
CHEMBL23563,0,0.013666068,28904
CHEMBL18021,0,0.013666068,28905
CHEMBL4543317,0,0.013666068,28906
CHEMBL4435392,0,0.013666068,28907
CHEMBL27923,0,0.013666068,28908
CHEMBL41325,0,0.013666068,28909
CHEMBL28257,0,0.013666068,28910
CHEMBL28259,0,0.013666068,28911
CHEMBL22127,0,0.013666068,28912
CHEMBL34961,0,0.013666068,28913
CHEMBL28083,0,0.013666068,28914
CHEMBL509252,0,0.013666068,28915
CHEMBL29194,0,0.013666068,28916
CHEMBL29104,0,0.013666068,28917
CHEMBL19482,0,0.013666068,28918
CHEMBL17360,0,0.013666068,28919
CHEMBL21340,0,0.013666068,28920
CHEMBL21349,0,0.013666068,28921
CHEMBL1094324,0,0.013666068,28922
CHEMBL28823,0,0.013666068,28923
CHEMBL4553716,0,0.013666068,28924
CHEMBL36145,0,0.013666068,28925
CHEMBL25804,0,0.013666068,28926
CHEMBL6753,0,0.013666068,28927
CHEMBL14679,0,0.013666068,28928
CHEMBL30385,0,0.013666068,28929
CHEMBL40915,0,0.013666068,28930
CHEMBL11668,0,0.013666068,28931
CHEMBL26746,0,0.013666068,28932
CHEMBL13883,0,0.013666068,28933
CHEMBL13884,0,0.013666068,28934
CHEMBL26766,0,0.013666068,28935
CHEMBL4543485,0,0.013666068,28936
CHEMBL4435762,0,0.013666068,28937
CHEMBL27962,0,0.013666068,28938
CHEMBL9757,0,0.013666068,28939
CHEMBL31425,0,0.013666068,28940
CHEMBL38541,0,0.013666068,28941
CHEMBL12343,0,0.013666068,28942
CHEMBL4435052,0,0.013666068,28943
CHEMBL31851,0,0.013666068,28944
CHEMBL39291,0,0.013666068,28945
CHEMBL31818,0,0.013666068,28946
CHEMBL36119,0,0.013666068,28947
CHEMBL27804,0,0.013666068,28948
CHEMBL37901,0,0.013666068,28949
CHEMBL25086,0,0.013666068,28950
CHEMBL14343,0,0.013666068,28951
CHEMBL38499,0,0.013666068,28952
CHEMBL38506,0,0.013666068,28953
CHEMBL11457,0,0.013666068,28954
CHEMBL22501,0,0.013666068,28955
CHEMBL22508,0,0.013666068,28956
CHEMBL13814,0,0.013666068,28957
CHEMBL11762,0,0.013666068,28958
CHEMBL600,0,0.013666068,28959
CHEMBL11429,0,0.013666068,28960
CHEMBL23523,0,0.013666068,28961
CHEMBL7649,0,0.013666068,28962
CHEMBL21477,0,0.013666068,28963
CHEMBL26101,0,0.013666068,28964
CHEMBL26064,0,0.013666068,28965
CHEMBL11597,0,0.013666068,28966
CHEMBL26059,0,0.013666068,28967
CHEMBL27791,0,0.013666068,28968
CHEMBL27793,0,0.013666068,28969
CHEMBL30336,0,0.013666068,28970
CHEMBL15956,0,0.013666068,28971
CHEMBL36063,0,0.013666068,28972
CHEMBL8510,0,0.013666068,28973
CHEMBL21732,0,0.013666068,28974
CHEMBL33270,0,0.013666068,28975
CHEMBL676,0,0.013666068,28976
CHEMBL3309352,0,0.013666068,28977
CHEMBL28590,0,0.013666068,28978
CHEMBL23067,0,0.013666068,28979
CHEMBL31077,0,0.013666068,28980
CHEMBL14011,0,0.013666068,28981
CHEMBL26507,0,0.013666068,28982
CHEMBL4553682,0,0.013666068,28983
CHEMBL4553684,0,0.013666068,28984
CHEMBL21739,0,0.013666068,28985
CHEMBL21740,0,0.013666068,28986
CHEMBL21742,0,0.013666068,28987
CHEMBL23443,0,0.013666068,28988
CHEMBL22414,0,0.013666068,28989
CHEMBL16709,0,0.013666068,28990
CHEMBL12344,0,0.013666068,28991
CHEMBL30042,0,0.013666068,28992
CHEMBL41307,0,0.013666068,28993
CHEMBL12995,0,0.013666068,28994
CHEMBL29321,0,0.013666068,28995
CHEMBL23061,0,0.013666068,28996
CHEMBL12735,0,0.013666068,28997
CHEMBL13995,0,0.013666068,28998
CHEMBL27649,0,0.013666068,28999
CHEMBL27675,0,0.013666068,29000
CHEMBL13451,0,0.013666068,29001
CHEMBL14004,0,0.013666068,29002
CHEMBL112,0,0.013666068,29003
CHEMBL670,0,0.013666068,29004
CHEMBL671,0,0.013666068,29005
CHEMBL24351,0,0.013666068,29006
CHEMBL17697,0,0.013666068,29007
CHEMBL17721,0,0.013666068,29008
CHEMBL38475,0,0.013666068,29009
CHEMBL38487,0,0.013666068,29010
CHEMBL38498,0,0.013666068,29011
CHEMBL20864,0,0.013666068,29012
CHEMBL38333,0,0.013666068,29013
CHEMBL29638,0,0.013666068,29014
CHEMBL29640,0,0.013666068,29015
CHEMBL12519,0,0.013666068,29016
CHEMBL28554,0,0.013666068,29017
CHEMBL28571,0,0.013666068,29018
CHEMBL4553653,0,0.013666068,29019
CHEMBL33286,0,0.013666068,29020
CHEMBL33291,0,0.013666068,29021
CHEMBL28238,0,0.013666068,29022
CHEMBL18980,0,0.013666068,29023
CHEMBL20849,0,0.013666068,29024
CHEMBL9957,0,0.013666068,29025
CHEMBL14358,0,0.013666068,29026
CHEMBL32466,0,0.013666068,29027
CHEMBL15822,0,0.013666068,29028
CHEMBL33894,0,0.013666068,29029
CHEMBL33912,0,0.013666068,29030
CHEMBL33916,0,0.013666068,29031
CHEMBL33917,0,0.013666068,29032
CHEMBL16425,0,0.013666068,29033
CHEMBL33920,0,0.013666068,29034
CHEMBL13401,0,0.013666068,29035
CHEMBL39362,0,0.013666068,29036
CHEMBL39327,0,0.013666068,29037
CHEMBL20835,0,0.013666068,29038
CHEMBL19294,0,0.013666068,29039
CHEMBL26911,0,0.013666068,29040
CHEMBL4553621,0,0.013666068,29041
CHEMBL30131,0,0.013666068,29042
CHEMBL29984,0,0.013666068,29043
CHEMBL28231,0,0.013666068,29044
CHEMBL12355,0,0.013666068,29045
CHEMBL36898,0,0.013666068,29046
CHEMBL21471,0,0.013666068,29047
CHEMBL36837,0,0.013666068,29048
CHEMBL36851,0,0.013666068,29049
CHEMBL36902,0,0.013666068,29050
CHEMBL24259,0,0.013666068,29051
CHEMBL24261,0,0.013666068,29052
CHEMBL29108,0,0.013666068,29053
CHEMBL29255,0,0.013666068,29054
CHEMBL34149,0,0.013666068,29055
CHEMBL18362,0,0.013666068,29056
CHEMBL33864,0,0.013666068,29057
CHEMBL33867,0,0.013666068,29058
CHEMBL29698,0,0.013666068,29059
CHEMBL14648,0,0.013666068,29060
CHEMBL40783,0,0.013666068,29061
CHEMBL23385,0,0.013666068,29062
CHEMBL10630,0,0.013666068,29063
CHEMBL1207983,0,0.013666068,29064
CHEMBL1207998,0,0.013666068,29065
CHEMBL4553593,0,0.013666068,29066
CHEMBL31758,0,0.013666068,29067
CHEMBL6607,0,0.013666068,29068
CHEMBL6616,0,0.013666068,29069
CHEMBL6622,0,0.013666068,29070
CHEMBL25250,0,0.013666068,29071
CHEMBL27278,0,0.013666068,29072
CHEMBL26932,0,0.013666068,29073
CHEMBL19296,0,0.013666068,29074
CHEMBL12168,0,0.013666068,29075
CHEMBL27881,0,0.013666068,29076
CHEMBL27206,0,0.013666068,29077
CHEMBL13667,0,0.013666068,29078
CHEMBL31187,0,0.013666068,29079
CHEMBL33387,0,0.013666068,29080
CHEMBL13936,0,0.013666068,29081
CHEMBL4553564,0,0.013666068,29082
CHEMBL12323,0,0.013666068,29083
CHEMBL13305,0,0.013666068,29084
CHEMBL19567,0,0.013666068,29085
CHEMBL16673,0,0.013666068,29086
CHEMBL33414,0,0.013666068,29087
CHEMBL39873,0,0.013666068,29088
CHEMBL39899,0,0.013666068,29089
CHEMBL33847,0,0.013666068,29090
CHEMBL9204,0,0.013666068,29091
CHEMBL22925,0,0.013666068,29092
CHEMBL35278,0,0.013666068,29093
CHEMBL35280,0,0.013666068,29094
CHEMBL33432,0,0.013666068,29095
CHEMBL18384,0,0.013666068,29096
CHEMBL18385,0,0.013666068,29097
CHEMBL18390,0,0.013666068,29098
CHEMBL32962,0,0.013666068,29099
CHEMBL38048,0,0.013666068,29100
CHEMBL14580,0,0.013666068,29101
CHEMBL32948,0,0.013666068,29102
CHEMBL39385,0,0.013666068,29103
CHEMBL26551,0,0.013666068,29104
CHEMBL26561,0,0.013666068,29105
CHEMBL4553586,0,0.013666068,29106
CHEMBL14200,0,0.013666068,29107
CHEMBL28778,0,0.013666068,29108
CHEMBL12232,0,0.013666068,29109
CHEMBL27968,0,0.013666068,29110
CHEMBL37132,0,0.013666068,29111
CHEMBL30892,0,0.013666068,29112
CHEMBL30893,0,0.013666068,29113
CHEMBL540696,0,0.013666068,29114
CHEMBL28369,0,0.013666068,29115
CHEMBL34420,0,0.013666068,29116
CHEMBL4543270,0,0.013666068,29117
CHEMBL27464,0,0.013666068,29118
CHEMBL33446,0,0.013666068,29119
CHEMBL660,0,0.013666068,29120
CHEMBL38033,0,0.013666068,29121
CHEMBL13153,0,0.013666068,29122
CHEMBL19557,0,0.013666068,29123
CHEMBL4435473,0,0.013666068,29124
CHEMBL21832,0,0.013666068,29125
CHEMBL23276,0,0.013666068,29126
CHEMBL23302,0,0.013666068,29127
CHEMBL41263,0,0.013666068,29128
CHEMBL33472,0,0.013666068,29129
CHEMBL39569,0,0.013666068,29130
CHEMBL4434764,0,0.013666068,29131
CHEMBL25303,0,0.013666068,29132
CHEMBL38423,0,0.013666068,29133
CHEMBL32500,0,0.013666068,29134
CHEMBL32513,0,0.013666068,29135
CHEMBL26680,0,0.013666068,29136
CHEMBL25306,0,0.013666068,29137
CHEMBL12096,0,0.013666068,29138
CHEMBL13437,0,0.013666068,29139
CHEMBL13438,0,0.013666068,29140
CHEMBL13439,0,0.013666068,29141
CHEMBL39922,0,0.013666068,29142
CHEMBL18416,0,0.013666068,29143
CHEMBL18424,0,0.013666068,29144
CHEMBL1163509,0,0.013666068,29145
CHEMBL11250,0,0.013666068,29146
CHEMBL27293,0,0.013666068,29147
CHEMBL27308,0,0.013666068,29148
CHEMBL20176,0,0.013666068,29149
CHEMBL29823,0,0.013666068,29150
CHEMBL10145,0,0.013666068,29151
CHEMBL13147,0,0.013666068,29152
CHEMBL29687,0,0.013666068,29153
CHEMBL12509,0,0.013666068,29154
CHEMBL88,0,0.013666068,29155
CHEMBL10583,0,0.013666068,29156
CHEMBL33524,0,0.013666068,29157
CHEMBL33536,0,0.013666068,29158
CHEMBL18444,0,0.013666068,29159
CHEMBL443686,0,0.013666068,29160
CHEMBL4435708,0,0.013666068,29161
CHEMBL38064,0,0.013666068,29162
CHEMBL618,0,0.013666068,29163
CHEMBL17962,0,0.013666068,29164
CHEMBL28987,0,0.013666068,29165
CHEMBL15622,0,0.013666068,29166
CHEMBL26644,0,0.013666068,29167
CHEMBL19868,0,0.013666068,29168
CHEMBL19880,0,0.013666068,29169
CHEMBL24275,0,0.013666068,29170
CHEMBL28784,0,0.013666068,29171
CHEMBL28792,0,0.013666068,29172
CHEMBL28793,0,0.013666068,29173
CHEMBL18992,0,0.013666068,29174
CHEMBL24235,0,0.013666068,29175
CHEMBL36879,0,0.013666068,29176
CHEMBL38878,0,0.013666068,29177
CHEMBL32167,0,0.013666068,29178
CHEMBL525,0,0.013666068,29179
CHEMBL525418,0,0.013666068,29180
CHEMBL38854,0,0.013666068,29181
CHEMBL12356,0,0.013666068,29182
CHEMBL8782,0,0.013666068,29183
CHEMBL8791,0,0.013666068,29184
CHEMBL35759,0,0.013666068,29185
CHEMBL34707,0,0.013666068,29186
CHEMBL34312,0,0.013666068,29187
CHEMBL35654,0,0.013666068,29188
CHEMBL42161,0,0.013666068,29189
CHEMBL42164,0,0.013666068,29190
CHEMBL29046,0,0.013666068,29191
CHEMBL19943,0,0.013666068,29192
CHEMBL33544,0,0.013666068,29193
CHEMBL19384,0,0.013666068,29194
CHEMBL12511,0,0.013666068,29195
CHEMBL38081,0,0.013666068,29196
CHEMBL38090,0,0.013666068,29197
CHEMBL38096,0,0.013666068,29198
CHEMBL38107,0,0.013666068,29199
CHEMBL32934,0,0.013666068,29200
CHEMBL21,0,0.013666068,29201
CHEMBL6491,0,0.013666068,29202
CHEMBL40198,0,0.013666068,29203
CHEMBL40209,0,0.013666068,29204
CHEMBL28192,0,0.013666068,29205
CHEMBL28193,0,0.013666068,29206
CHEMBL28184,0,0.013666068,29207
CHEMBL33504,0,0.013666068,29208
CHEMBL21850,0,0.013666068,29209
CHEMBL21866,0,0.013666068,29210
CHEMBL35686,0,0.013666068,29211
CHEMBL35691,0,0.013666068,29212
CHEMBL33547,0,0.013666068,29213
CHEMBL38397,0,0.013666068,29214
CHEMBL25644,0,0.013666068,29215
CHEMBL26628,0,0.013666068,29216
CHEMBL33567,0,0.013666068,29217
CHEMBL35630,0,0.013666068,29218
CHEMBL35633,0,0.013666068,29219
CHEMBL13558,0,0.013666068,29220
CHEMBL13562,0,0.013666068,29221
CHEMBL24391,0,0.013666068,29222
CHEMBL26687,0,0.013666068,29223
CHEMBL26128,0,0.013666068,29224
CHEMBL27096,0,0.013666068,29225
CHEMBL21374,0,0.013666068,29226
CHEMBL17335,0,0.013666068,29227
CHEMBL37163,0,0.013666068,29228
CHEMBL26085,0,0.013666068,29229
CHEMBL20652,0,0.013666068,29230
CHEMBL25649,0,0.013666068,29231
CHEMBL20887,0,0.013666068,29232
CHEMBL6451,0,0.013666068,29233
CHEMBL38114,0,0.013666068,29234
CHEMBL29284,0,0.013666068,29235
CHEMBL29708,0,0.013666068,29236
CHEMBL39493,0,0.013666068,29237
CHEMBL35845,0,0.013666068,29238
CHEMBL18776,0,0.013666068,29239
CHEMBL33587,0,0.013666068,29240
CHEMBL8908,0,0.013666068,29241
CHEMBL6467,0,0.013666068,29242
CHEMBL38200,0,0.013666068,29243
CHEMBL14493,0,0.013666068,29244
CHEMBL14503,0,0.013666068,29245
CHEMBL32787,0,0.013666068,29246
CHEMBL11293,0,0.013666068,29247
CHEMBL32565,0,0.013666068,29248
CHEMBL29300,0,0.013666068,29249
CHEMBL29310,0,0.013666068,29250
CHEMBL10513,0,0.013666068,29251
CHEMBL33651,0,0.013666068,29252
CHEMBL30,0,0.013666068,29253
CHEMBL4435114,0,0.013666068,29254
CHEMBL31597,0,0.013666068,29255
CHEMBL35449,0,0.013666068,29256
CHEMBL23001,0,0.013666068,29257
CHEMBL33754,0,0.013666068,29258
CHEMBL15768,0,0.013666068,29259
CHEMBL35371,0,0.013666068,29260
CHEMBL42148,0,0.013666068,29261
CHEMBL16139,0,0.013666068,29262
CHEMBL34380,0,0.013666068,29263
CHEMBL12318,0,0.013666068,29264
CHEMBL2094336,0,0.013666068,29265
CHEMBL27183,0,0.013666068,29266
CHEMBL40121,0,0.013666068,29267
CHEMBL27204,0,0.013666068,29268
CHEMBL6368,0,0.013666068,29269
CHEMBL35522,0,0.013666068,29270
CHEMBL1163541,0,0.013666068,29271
CHEMBL39512,0,0.013666068,29272
CHEMBL13922,0,0.013666068,29273
CHEMBL13924,0,0.013666068,29274
CHEMBL23172,0,0.013666068,29275
CHEMBL21896,0,0.013666068,29276
CHEMBL19336,0,0.013666068,29277
CHEMBL42710,0,0.013666068,29278
CHEMBL27231,0,0.013666068,29279
CHEMBL40157,0,0.013666068,29280
CHEMBL18511,0,0.013666068,29281
CHEMBL21932,0,0.013666068,29282
CHEMBL9116,0,0.013666068,29283
CHEMBL21412,0,0.013666068,29284
CHEMBL24332,0,0.013666068,29285
CHEMBL13237,0,0.013666068,29286
CHEMBL29884,0,0.013666068,29287
CHEMBL19668,0,0.013666068,29288
CHEMBL30872,0,0.013666068,29289
CHEMBL40476,0,0.013666068,29290
CHEMBL30833,0,0.013666068,29291
CHEMBL13547,0,0.013666068,29292
CHEMBL35577,0,0.013666068,29293
CHEMBL6388,0,0.013666068,29294
CHEMBL29727,0,0.013666068,29295
CHEMBL28489,0,0.013666068,29296
CHEMBL6401,0,0.013666068,29297
CHEMBL38295,0,0.013666068,29298
CHEMBL25539,0,0.013666068,29299
CHEMBL38353,0,0.013666068,29300
CHEMBL28482,0,0.013666068,29301
CHEMBL39564,0,0.013666068,29302
CHEMBL454492,0,0.013666068,29303
CHEMBL31156,0,0.013666068,29304
CHEMBL38366,0,0.013666068,29305
CHEMBL38370,0,0.013666068,29306
CHEMBL38250,0,0.013666068,29307
CHEMBL38261,0,0.013666068,29308
CHEMBL13165,0,0.013666068,29309
CHEMBL28495,0,0.013666068,29310
CHEMBL6305,0,0.013666068,29311
CHEMBL14422,0,0.013666068,29312
CHEMBL4116119,0,0.013666068,29313
CHEMBL23065,0,0.013666068,29314
CHEMBL35512,0,0.013666068,29315
CHEMBL18794,0,0.013666068,29316
CHEMBL25613,0,0.013666068,29317
CHEMBL25617,0,0.013666068,29318
CHEMBL12267,0,0.013666068,29319
CHEMBL22421,0,0.013666068,29320
CHEMBL40017,0,0.013666068,29321
CHEMBL33101,0,0.013666068,29322
CHEMBL37104,0,0.013666068,29323
CHEMBL37124,0,0.013666068,29324
CHEMBL17255,0,0.013666068,29325
CHEMBL24367,0,0.013666068,29326
CHEMBL24343,0,0.013666068,29327
CHEMBL157232,0,0.013666068,29328
CHEMBL23098,0,0.013666068,29329
CHEMBL41524,0,0.013666068,29330
CHEMBL4543279,0,0.013666068,29331
CHEMBL1185515,0,0.013666068,29332
CHEMBL34613,0,0.013666068,29333
CHEMBL10096,0,0.013666068,29334
CHEMBL34512,0,0.013666068,29335
CHEMBL33719,0,0.013666068,29336
CHEMBL23047,0,0.013666068,29337
CHEMBL9076,0,0.013666068,29338
CHEMBL10260,0,0.013666068,29339
CHEMBL38817,0,0.013666068,29340
CHEMBL34447,0,0.013666068,29341
CHEMBL34564,0,0.013666068,29342
CHEMBL34476,0,0.013666068,29343
CHEMBL42332,0,0.013666068,29344
CHEMBL32651,0,0.013666068,29345
CHEMBL12191,0,0.013666068,29346
CHEMBL15933,0,0.01357596,29347
CHEMBL36604,0,0.0135649815,29348
CHEMBL30148,0,0.013435142,29349
CHEMBL15017,0,0.013349895,29350
CHEMBL42542,0,0.013212871,29351
CHEMBL16203,0,0.013173661,29352
CHEMBL6398,0,0.013173661,29353
CHEMBL29726,0,0.013173661,29354
CHEMBL9841,0,0.013173661,29355
CHEMBL22425,0,0.013173661,29356
CHEMBL16138,0,0.013173661,29357
CHEMBL25407,0,0.013173661,29358
CHEMBL14497,0,0.013173661,29359
CHEMBL38147,0,0.013173661,29360
CHEMBL38286,0,0.013173661,29361
CHEMBL29811,0,0.013173661,29362
CHEMBL40154,0,0.013173661,29363
CHEMBL40132,0,0.013173661,29364
CHEMBL32724,0,0.013173661,29365
CHEMBL6415,0,0.013173661,29366
CHEMBL18314,0,0.013173661,29367
CHEMBL26674,0,0.013173661,29368
CHEMBL29283,0,0.013173661,29369
CHEMBL29281,0,0.013173661,29370
CHEMBL9103,0,0.013173661,29371
CHEMBL33720,0,0.013173661,29372
CHEMBL9907,0,0.013173661,29373
CHEMBL4543239,0,0.013173661,29374
CHEMBL22304,0,0.013173661,29375
CHEMBL40032,0,0.013173661,29376
CHEMBL12179,0,0.013173661,29377
CHEMBL13369,0,0.013173661,29378
CHEMBL18773,0,0.013173661,29379
CHEMBL15771,0,0.013173661,29380
CHEMBL33775,0,0.013173661,29381
CHEMBL39594,0,0.013173661,29382
CHEMBL23145,0,0.013173661,29383
CHEMBL19206,0,0.013173661,29384
CHEMBL29013,0,0.013173661,29385
CHEMBL8964,0,0.013173661,29386
CHEMBL35581,0,0.013173661,29387
CHEMBL35576,0,0.013173661,29388
CHEMBL40922,0,0.013173661,29389
CHEMBL23222,0,0.013173661,29390
CHEMBL8839,0,0.013173661,29391
CHEMBL1163517,0,0.013173661,29392
CHEMBL1163516,0,0.013173661,29393
CHEMBL1654,0,0.013173661,29394
CHEMBL12181,0,0.013173661,29395
CHEMBL21034,0,0.013173661,29396
CHEMBL38441,0,0.013173661,29397
CHEMBL29818,0,0.013173661,29398
CHEMBL12435,0,0.013173661,29399
CHEMBL13633,0,0.013173661,29400
CHEMBL21015,0,0.013173661,29401
CHEMBL32972,0,0.013173661,29402
CHEMBL6573,0,0.013173661,29403
CHEMBL19568,0,0.013173661,29404
CHEMBL19084,0,0.013173661,29405
CHEMBL32954,0,0.013173661,29406
CHEMBL38032,0,0.013173661,29407
CHEMBL25304,0,0.013173661,29408
CHEMBL4436374,0,0.013173661,29409
CHEMBL35780,0,0.013173661,29410
CHEMBL26616,0,0.013173661,29411
CHEMBL27757,0,0.013173661,29412
CHEMBL30476,0,0.013173661,29413
CHEMBL30467,0,0.013173661,29414
CHEMBL19995,0,0.013173661,29415
CHEMBL27690,0,0.013173661,29416
CHEMBL27686,0,0.013173661,29417
CHEMBL39938,0,0.013173661,29418
CHEMBL35757,0,0.013173661,29419
CHEMBL40807,0,0.013173661,29420
CHEMBL23350,0,0.013173661,29421
CHEMBL9256,0,0.013173661,29422
CHEMBL16463,0,0.013173661,29423
CHEMBL31367,0,0.013173661,29424
CHEMBL39893,0,0.013173661,29425
CHEMBL23335,0,0.013173661,29426
CHEMBL35874,0,0.013173661,29427
CHEMBL13961,0,0.013173661,29428
CHEMBL450,0,0.013173661,29429
CHEMBL23307,0,0.013173661,29430
CHEMBL23305,0,0.013173661,29431
CHEMBL41257,0,0.013173661,29432
CHEMBL33863,0,0.013173661,29433
CHEMBL35946,0,0.013173661,29434
CHEMBL23393,0,0.013173661,29435
CHEMBL19742,0,0.013173661,29436
CHEMBL30127,0,0.013173661,29437
CHEMBL8642,0,0.013173661,29438
CHEMBL42059,0,0.013173661,29439
CHEMBL4553570,0,0.013173661,29440
CHEMBL27205,0,0.013173661,29441
CHEMBL29149,0,0.013173661,29442
CHEMBL27279,0,0.013173661,29443
CHEMBL21063,0,0.013173661,29444
CHEMBL21056,0,0.013173661,29445
CHEMBL14640,0,0.013173661,29446
CHEMBL20858,0,0.013173661,29447
CHEMBL11462,0,0.013173661,29448
CHEMBL31088,0,0.013173661,29449
CHEMBL6680,0,0.013173661,29450
CHEMBL13874,0,0.013173661,29451
CHEMBL11667,0,0.013173661,29452
CHEMBL40901,0,0.013173661,29453
CHEMBL13356,0,0.013173661,29454
CHEMBL851,0,0.013173661,29455
CHEMBL8527,0,0.013173661,29456
CHEMBL26506,0,0.013173661,29457
CHEMBL18755,0,0.013173661,29458
CHEMBL26476,0,0.013173661,29459
CHEMBL13999,0,0.013173661,29460
CHEMBL25719,0,0.013173661,29461
CHEMBL34736,0,0.013173661,29462
CHEMBL34338,0,0.013173661,29463
CHEMBL25766,0,0.013173661,29464
CHEMBL17682,0,0.013173661,29465
CHEMBL41612,0,0.013173661,29466
CHEMBL19096,0,0.013173661,29467
CHEMBL6767,0,0.013173661,29468
CHEMBL6737,0,0.013173661,29469
CHEMBL38509,0,0.013173661,29470
CHEMBL17981,0,0.013173661,29471
CHEMBL3309353,0,0.013173661,29472
CHEMBL14683,0,0.013173661,29473
CHEMBL11165,0,0.013173661,29474
CHEMBL154392,0,0.013173661,29475
CHEMBL29241,0,0.013173661,29476
CHEMBL15841,0,0.013173661,29477
CHEMBL10381,0,0.013173661,29478
CHEMBL4543493,0,0.013173661,29479
CHEMBL8365,0,0.013173661,29480
CHEMBL39185,0,0.013173661,29481
CHEMBL39215,0,0.013173661,29482
CHEMBL31882,0,0.013173661,29483
CHEMBL8396,0,0.013173661,29484
CHEMBL28927,0,0.013173661,29485
CHEMBL19407,0,0.013173661,29486
CHEMBL4553706,0,0.013173661,29487
CHEMBL28253,0,0.013173661,29488
CHEMBL27967,0,0.013173661,29489
CHEMBL15424,0,0.013173661,29490
CHEMBL8225,0,0.013173661,29491
CHEMBL40664,0,0.013173661,29492
CHEMBL4543453,0,0.013173661,29493
CHEMBL35150,0,0.013173661,29494
CHEMBL29244,0,0.013173661,29495
CHEMBL1207533,0,0.013173661,29496
CHEMBL30549,0,0.013173661,29497
CHEMBL11810,0,0.013173661,29498
CHEMBL8326,0,0.013173661,29499
CHEMBL154556,0,0.013173661,29500
CHEMBL8182,0,0.013173661,29501
CHEMBL23721,0,0.013173661,29502
CHEMBL8157,0,0.013173661,29503
CHEMBL264137,0,0.013173661,29504
CHEMBL26404,0,0.013173661,29505
CHEMBL4543473,0,0.013173661,29506
CHEMBL4543463,0,0.013173661,29507
CHEMBL20520,0,0.013173661,29508
CHEMBL154357,0,0.013173661,29509
CHEMBL31966,0,0.013173661,29510
CHEMBL23677,0,0.013173661,29511
CHEMBL3311411,0,0.013173661,29512
CHEMBL35111,0,0.013173661,29513
CHEMBL9419,0,0.013173661,29514
CHEMBL13776,0,0.013173661,29515
CHEMBL28878,0,0.013173661,29516
CHEMBL12695,0,0.013173661,29517
CHEMBL12684,0,0.013173661,29518
CHEMBL18217,0,0.013173661,29519
CHEMBL12050,0,0.013173661,29520
CHEMBL1163249,0,0.013173661,29521
CHEMBL36321,0,0.013173661,29522
CHEMBL41363,0,0.013173661,29523
CHEMBL26382,0,0.013173661,29524
CHEMBL25080,0,0.013173661,29525
CHEMBL37876,0,0.013173661,29526
CHEMBL4543305,0,0.013173661,29527
CHEMBL4543287,0,0.013173661,29528
CHEMBL40290,0,0.013173661,29529
CHEMBL40274,0,0.013173661,29530
CHEMBL1229215,0,0.013173661,29531
CHEMBL37852,0,0.013173661,29532
CHEMBL37846,0,0.013173661,29533
CHEMBL17653,0,0.013173661,29534
CHEMBL11121,0,0.013173661,29535
CHEMBL17643,0,0.013173661,29536
CHEMBL20248,0,0.013173661,29537
CHEMBL27916,0,0.013173661,29538
CHEMBL41013,0,0.013173661,29539
CHEMBL16870,0,0.013173661,29540
CHEMBL12035,0,0.013173661,29541
CHEMBL36394,0,0.013173661,29542
CHEMBL498849,0,0.013173661,29543
CHEMBL23773,0,0.013173661,29544
CHEMBL8080,0,0.013173661,29545
CHEMBL1163202,0,0.013173661,29546
CHEMBL8137,0,0.013173661,29547
CHEMBL39060,0,0.013173661,29548
CHEMBL11688,0,0.013173661,29549
CHEMBL42423,0,0.013173661,29550
CHEMBL10310,0,0.013173661,29551
CHEMBL9434,0,0.013173661,29552
CHEMBL4436532,0,0.013173661,29553
CHEMBL20550,0,0.013173661,29554
CHEMBL23864,0,0.013173661,29555
CHEMBL43494,0,0.013173661,29556
CHEMBL432,0,0.013173661,29557
CHEMBL43191,0,0.013173661,29558
CHEMBL18014,0,0.013173661,29559
CHEMBL18824,0,0.013173661,29560
CHEMBL6859,0,0.013173661,29561
CHEMBL4434695,0,0.013173661,29562
CHEMBL6895,0,0.013173661,29563
CHEMBL11483,0,0.013173661,29564
CHEMBL28024,0,0.013173661,29565
CHEMBL28022,0,0.013173661,29566
CHEMBL11933,0,0.013173661,29567
CHEMBL37752,0,0.013173661,29568
CHEMBL11105,0,0.013173661,29569
CHEMBL29816,0,0.013173661,29570
CHEMBL7882,0,0.013173661,29571
CHEMBL19236,0,0.013173661,29572
CHEMBL9965,0,0.013173661,29573
CHEMBL42241,0,0.013173661,29574
CHEMBL793,0,0.013173661,29575
CHEMBL792,0,0.013173661,29576
CHEMBL18180,0,0.013173661,29577
CHEMBL20563,0,0.013173661,29578
CHEMBL4435377,0,0.013173661,29579
CHEMBL41116,0,0.013173661,29580
CHEMBL15329,0,0.013173661,29581
CHEMBL24063,0,0.013173661,29582
CHEMBL35058,0,0.013173661,29583
CHEMBL35047,0,0.013173661,29584
CHEMBL26224,0,0.013173661,29585
CHEMBL15256,0,0.013173661,29586
CHEMBL24000,0,0.013173661,29587
CHEMBL4435926,0,0.013173661,29588
CHEMBL15244,0,0.013173661,29589
CHEMBL36633,0,0.013173661,29590
CHEMBL17041,0,0.013173661,29591
CHEMBL34453,0,0.013173661,29592
CHEMBL30712,0,0.013173661,29593
CHEMBL38991,0,0.013173661,29594
CHEMBL7888,0,0.013173661,29595
CHEMBL24130,0,0.013173661,29596
CHEMBL10857,0,0.013173661,29597
CHEMBL21528,0,0.013173661,29598
CHEMBL36767,0,0.013173661,29599
CHEMBL26162,0,0.013173661,29600
CHEMBL507116,0,0.013173661,29601
CHEMBL503559,0,0.013173661,29602
CHEMBL43642,0,0.013173661,29603
CHEMBL24045,0,0.013173661,29604
CHEMBL3310510,0,0.013173661,29605
CHEMBL774,0,0.013173661,29606
CHEMBL29813,0,0.013173661,29607
CHEMBL29809,0,0.013173661,29608
CHEMBL6919,0,0.013173661,29609
CHEMBL39737,0,0.013173661,29610
CHEMBL13844,0,0.013173661,29611
CHEMBL30014,0,0.013173661,29612
CHEMBL40372,0,0.013173661,29613
CHEMBL11081,0,0.013173661,29614
CHEMBL7007,0,0.013173661,29615
CHEMBL1162462,0,0.013173661,29616
CHEMBL18162,0,0.013173661,29617
CHEMBL4543404,0,0.013173661,29618
CHEMBL11707,0,0.013173661,29619
CHEMBL15166,0,0.013173661,29620
CHEMBL41853,0,0.013173661,29621
CHEMBL24120,0,0.013173661,29622
CHEMBL14192,0,0.013173661,29623
CHEMBL14183,0,0.013173661,29624
CHEMBL503982,0,0.013173661,29625
CHEMBL503725,0,0.013173661,29626
CHEMBL503660,0,0.013173661,29627
CHEMBL30834,0,0.013173661,29628
CHEMBL27519,0,0.013173661,29629
CHEMBL18681,0,0.013173661,29630
CHEMBL34963,0,0.013173661,29631
CHEMBL36988,0,0.013173661,29632
CHEMBL40488,0,0.013173661,29633
CHEMBL19000,0,0.013173661,29634
CHEMBL12649,0,0.013173661,29635
CHEMBL21446,0,0.013173661,29636
CHEMBL19462,0,0.013173661,29637
CHEMBL14216,0,0.013173661,29638
CHEMBL38889,0,0.013173661,29639
CHEMBL17174,0,0.013173661,29640
CHEMBL24241,0,0.013173661,29641
CHEMBL24164,0,0.013173661,29642
CHEMBL11601,0,0.013173661,29643
CHEMBL24531,0,0.013173661,29644
CHEMBL738,0,0.013173661,29645
CHEMBL12923,0,0.013173661,29646
CHEMBL7426,0,0.013173661,29647
CHEMBL1619760,0,0.013173661,29648
CHEMBL24378,0,0.013173661,29649
CHEMBL15047,0,0.013173661,29650
CHEMBL26124,0,0.013173661,29651
CHEMBL7471,0,0.013173661,29652
CHEMBL15063,0,0.013173661,29653
CHEMBL15054,0,0.013173661,29654
CHEMBL37076,0,0.013173661,29655
CHEMBL24586,0,0.013173661,29656
CHEMBL22136,0,0.013173661,29657
CHEMBL22133,0,0.013173661,29658
CHEMBL160341,0,0.013173661,29659
CHEMBL19489,0,0.013173661,29660
CHEMBL26026,0,0.013173661,29661
CHEMBL11994,0,0.013173661,29662
CHEMBL29896,0,0.013173661,29663
CHEMBL10944,0,0.013173661,29664
CHEMBL19155,0,0.013173661,29665
CHEMBL541498,0,0.013173661,29666
CHEMBL26061,0,0.013173661,29667
CHEMBL16073,0,0.013173661,29668
CHEMBL11006,0,0.013173661,29669
CHEMBL17503,0,0.013173661,29670
CHEMBL37537,0,0.013173661,29671
CHEMBL17509,0,0.013173661,29672
CHEMBL4435329,0,0.013173661,29673
CHEMBL37503,0,0.013173661,29674
CHEMBL28709,0,0.013173661,29675
CHEMBL40957,0,0.013173661,29676
CHEMBL4435521,0,0.013173661,29677
CHEMBL21315,0,0.013173661,29678
CHEMBL37391,0,0.013173661,29679
CHEMBL1187270,0,0.013173661,29680
CHEMBL619,0,0.013173661,29681
CHEMBL38051,0,0.013173661,29682
CHEMBL4543506,0,0.013173661,29683
CHEMBL16513,0,0.013173661,29684
CHEMBL12086,0,0.013173661,29685
CHEMBL35530,0,0.013173661,29686
CHEMBL39550,0,0.013173661,29687
CHEMBL23118,0,0.013173661,29688
CHEMBL9005,0,0.013173661,29689
CHEMBL33670,0,0.013173661,29690
CHEMBL15721,0,0.013173661,29691
CHEMBL157446,0,0.013173661,29692
CHEMBL10498,0,0.013173661,29693
CHEMBL23078,0,0.013173661,29694
CHEMBL18545,0,0.013173661,29695
CHEMBL11783,0,0.013173661,29696
CHEMBL4436035,0,0.013173661,29697
CHEMBL17416,0,0.013173661,29698
CHEMBL38753,0,0.013173661,29699
CHEMBL29095,0,0.013173661,29700
CHEMBL12849,0,0.013173661,29701
CHEMBL12571,0,0.013173661,29702
CHEMBL10980,0,0.013173661,29703
CHEMBL12406,0,0.013173661,29704
CHEMBL37488,0,0.013173661,29705
CHEMBL10968,0,0.013173661,29706
CHEMBL28410,0,0.013173661,29707
CHEMBL11371,0,0.013173661,29708
CHEMBL32585,0,0.013173661,29709
CHEMBL32605,0,0.013173661,29710
CHEMBL14554,0,0.013173661,29711
CHEMBL24721,0,0.013171418,29712
CHEMBL14232,0,0.012998754,29713
CHEMBL34955,0,0.012978674,29714
CHEMBL3311015,0,0.012905807,29715
CHEMBL8213,0,0.0129037965,29716
CHEMBL4436406,0,0.012738536,29717
CHEMBL36859,0,0.012738536,29718
CHEMBL36680,0,0.01273658,29719
CHEMBL28718,0,0.01273658,29720
CHEMBL17870,0,0.01273658,29721
CHEMBL29024,0,0.01273658,29722
CHEMBL35531,0,0.01273658,29723
CHEMBL11458,0,0.01273658,29724
CHEMBL8759,0,0.01273658,29725
CHEMBL23518,0,0.01273658,29726
CHEMBL29357,0,0.012642717,29727
CHEMBL11015,0,0.012625217,29728
CHEMBL10339,0,0.012625217,29729
CHEMBL4435627,0,0.012625217,29730
CHEMBL12907,0,0.012625217,29731
CHEMBL23347,0,0.012625217,29732
CHEMBL155537,0,0.012625217,29733
CHEMBL22352,0,0.012625217,29734
CHEMBL12954,0,0.012625217,29735
CHEMBL29403,0,0.012604215,29736
CHEMBL3309731,0,0.0125104,29737
CHEMBL4543402,0,0.0125104,29738
CHEMBL1213094,0,0.0125104,29739
CHEMBL33381,0,0.012471804,29740
CHEMBL4435011,0,0.01238614,29741
CHEMBL39573,0,0.012385435,29742
CHEMBL11932,0,0.012385435,29743
CHEMBL35132,0,0.012354636,29744
CHEMBL24805,0,0.012344412,29745
CHEMBL10670,0,0.012344412,29746
CHEMBL25962,0,0.012338576,29747
CHEMBL11960,0,0.012338576,29748
CHEMBL21872,0,0.012331285,29749
CHEMBL3310551,0,0.012320378,29750
CHEMBL4436045,0,0.012273206,29751
CHEMBL25858,0,0.012240573,29752
CHEMBL20177,0,0.012208184,29753
CHEMBL2110159,0,0.012208184,29754
CHEMBL25950,0,0.012104564,29755
CHEMBL20944,0,0.012104564,29756
CHEMBL17472,0,0.012104564,29757
CHEMBL12111,0,0.012104564,29758
CHEMBL12697,0,0.012104564,29759
CHEMBL25693,0,0.012104564,29760
CHEMBL15557,0,0.012104564,29761
CHEMBL18433,0,0.012104564,29762
CHEMBL8918,0,0.012104564,29763
CHEMBL30296,0,0.012104564,29764
CHEMBL33428,0,0.012104564,29765
CHEMBL31457,0,0.012104564,29766
CHEMBL35357,0,0.012104564,29767
CHEMBL4553171,0,0.012104564,29768
CHEMBL12342,0,0.012104564,29769
CHEMBL8224,0,0.012104564,29770
CHEMBL14333,0,0.012104564,29771
CHEMBL27917,0,0.012104564,29772
CHEMBL21184,0,0.012104564,29773
CHEMBL37531,0,0.012104564,29774
CHEMBL8304,0,0.012104564,29775
CHEMBL39064,0,0.012104564,29776
CHEMBL9429,0,0.012104564,29777
CHEMBL30849,0,0.012104564,29778
CHEMBL4436228,0,0.012104564,29779
CHEMBL6868,0,0.012104564,29780
CHEMBL14839,0,0.012104564,29781
CHEMBL15055,0,0.012104564,29782
CHEMBL18370,0,0.012104564,29783
CHEMBL43582,0,0.012060784,29784
CHEMBL1171146,0,0.012059755,29785
CHEMBL16488,0,0.011847827,29786
CHEMBL27798,0,0.011806565,29787
CHEMBL30186,0,0.01179676,29788
CHEMBL21219,0,0.011767435,29789
CHEMBL37422,0,0.011767435,29790
CHEMBL11262,0,0.011702536,29791
CHEMBL31667,0,0.011702536,29792
CHEMBL1078817,0,0.011702536,29793
CHEMBL40027,0,0.011702536,29794
CHEMBL24655,0,0.011702536,29795
CHEMBL42372,0,0.011702536,29796
CHEMBL10699,0,0.011684956,29797
CHEMBL31343,0,0.011667688,29798
CHEMBL34215,0,0.011667688,29799
CHEMBL31925,0,0.011667688,29800
CHEMBL4543572,0,0.011599068,29801
CHEMBL1161119,0,0.011599068,29802
CHEMBL42083,0,0.011431792,29803
CHEMBL32053,0,0.011222787,29804
CHEMBL31531,0,0.011222787,29805
CHEMBL23085,0,0.011137909,29806
CHEMBL17998,0,0.011094084,29807
CHEMBL6402,0,0.011007615,29808
CHEMBL23009,0,0.01088834,29809
CHEMBL39532,0,0.01088834,29810
CHEMBL29554,0,0.01079604,29811
CHEMBL27202,0,0.010760639,29812
CHEMBL12782,0,0.010673326,29813
CHEMBL15340,0,0.010603299,29814
CHEMBL17544,0,0.010482497,29815
CHEMBL30439,0,0.01041998,29816
CHEMBL40642,0,0.010344859,29817
CHEMBL21174,0,0.010326271,29818
CHEMBL31507,0,0.010287364,29819
CHEMBL9298,0,0.010222637,29820
CHEMBL8650,0,0.010120284,29821
CHEMBL41666,0,0.010120284,29822
CHEMBL11189,0,0.010120284,29823
CHEMBL42338,0,0.009949045,29824
CHEMBL4435342,0,0.009809577,29825
CHEMBL25629,0,0.009757367,29826
CHEMBL4435086,0,0.009707294,29827
CHEMBL23216,0,0.009687662,29828
CHEMBL29833,0,0.009687662,29829
CHEMBL29782,0,0.009687662,29830
CHEMBL8872,0,0.009345444,29831
CHEMBL8671,0,0.00934401,29832
CHEMBL32241,0,0.0093372455,29833
CHEMBL12000,0,0.0093372455,29834
CHEMBL26618,0,0.0093372455,29835
CHEMBL29099,0,0.0093372455,29836
CHEMBL17557,0,0.0093372455,29837
CHEMBL42605,0,0.0093372455,29838
CHEMBL34796,0,0.009193125,29839
CHEMBL23897,0,0.009022168,29840
CHEMBL6302,0,0.008916777,29841
CHEMBL26318,0,0.008916777,29842
CHEMBL40727,0,0.008916777,29843
CHEMBL40858,0,0.008916777,29844
CHEMBL12215,0,0.008728915,29845
CHEMBL16715,0,0.008597906,29846
CHEMBL20415,0,0.008576784,29847
CHEMBL40393,0,0.008576784,29848
CHEMBL38505,0,0.008576784,29849
CHEMBL41944,0,0.008576784,29850
CHEMBL12326,0,0.008576784,29851
CHEMBL10072,0,0.008568274,29852
CHEMBL21790,0,0.00838728,29853
CHEMBL26635,0,0.00838728,29854
CHEMBL3311110,0,0.008147682,29855
CHEMBL31225,0,0.007912014,29856
CHEMBL4435075,0,0.007822785,29857
CHEMBL31959,0,0.0076792785,29858
CHEMBL28294,0,0.007642846,29859
CHEMBL135,0,0.0073279,29860
CHEMBL20821,0,0.0069102426,29861
CHEMBL4436318,0,0.0068495786,29862
CHEMBL36232,0,0.0059269913,29863
CHEMBL39169,0,0.005440188,29864
CHEMBL34261,0,0.0032938386,29865
