ligand_id,enopt_decoy_score,enopt_decoy_rank,doc_strong,doc_weak
CHEMBL20751,0.9449212,1,0,0
CHEMBL26494,0.9445685,2,0,0
CHEMBL34293,0.9377042,3,0,0
CHEMBL7213,0.92841744,4,0,0
CHEMBL29371,0.9277608,5,0,0
CHEMBL4543521,0.9277608,6,0,0
CHEMBL22791,0.926605,7,0,0
CHEMBL35020,0.92465836,8,0,0
CHEMBL4435713,0.9231737,9,0,0
CHEMBL41686,0.92154455,10,0,0
CHEMBL25651,0.9210296,11,0,0
CHEMBL36001,0.9198122,12,0,0
CHEMBL28358,0.9198122,13,0,0
CHEMBL22186,0.9173353,15,0,0
CHEMBL4559961,0.91174,16,0,0
CHEMBL27528,0.91174,17,0,0
CHEMBL22860,0.9100543,18,0,0
CHEMBL3311536,0.9097351,19,0,0
CHEMBL9612,0.90912485,20,0,0
CHEMBL33131,0.90500647,21,0,0
CHEMBL23045,0.9049237,22,0,0
CHEMBL32302,0.9015754,24,0,0
CHEMBL4435752,0.9015754,25,0,0
CHEMBL33226,0.9015754,26,0,0
CHEMBL4435505,0.9014721,27,0,0
CHEMBL31986,0.9012873,28,0,0
CHEMBL41876,0.90063256,29,0,0
CHEMBL4435391,0.8987865,30,0,0
CHEMBL30652,0.897501,31,0,0
CHEMBL1185377,0.89604986,32,0,0
CHEMBL4434926,0.89604986,33,0,0
CHEMBL36195,0.8933614,34,0,0
CHEMBL22417,0.8933614,35,0,0
CHEMBL31615,0.8933614,36,0,0
CHEMBL25120,0.8933614,37,0,0
CHEMBL27965,0.8933614,38,0,0
CHEMBL25835,0.8933614,39,0,0
CHEMBL21383,0.8933614,40,0,0
CHEMBL3309546,0.8933614,41,0,0
CHEMBL1165741,0.8933614,42,0,0
CHEMBL16387,0.8933614,43,0,0
CHEMBL7641,0.8933614,44,0,0
CHEMBL18024,0.8932793,45,0,0
CHEMBL17634,0.8932573,46,0,0
CHEMBL38078,0.8932573,47,0,0
CHEMBL21818,0.89238566,48,0,0
CHEMBL25075,0.8914477,49,0,0
CHEMBL8997,0.8914477,50,0,0
CHEMBL29787,0.8892599,51,0,0
CHEMBL27948,0.8884766,52,0,0
CHEMBL22773,0.8884766,53,0,0
CHEMBL38262,0.88743246,54,0,0
CHEMBL28873,0.88743246,55,0,0
CHEMBL12585,0.88743246,56,0,0
CHEMBL16873,0.88743246,57,0,0
CHEMBL21516,0.8873233,58,0,0
CHEMBL21968,0.887085,59,0,0
CHEMBL27158,0.8846783,60,0,0
CHEMBL4435069,0.8822021,61,0,0
CHEMBL23404,0.8808537,62,0,0
CHEMBL32692,0.8808537,63,0,0
CHEMBL27049,0.8808537,64,0,0
CHEMBL4434768,0.8808537,65,0,0
CHEMBL35625,0.878108,66,0,0
CHEMBL22500,0.87562,67,0,0
CHEMBL7420,0.87352926,68,0,0
CHEMBL16110,0.87352926,69,0,0
CHEMBL3310742,0.87333953,70,0,0
CHEMBL19576,0.8730812,71,0,0
CHEMBL4435447,0.8730812,72,0,0
CHEMBL14185,0.87272894,73,0,0
CHEMBL3310263,0.87272894,74,0,0
CHEMBL571967,0.87271017,75,0,0
CHEMBL1098866,0.87218255,76,0,0
CHEMBL17607,0.87122184,77,0,0
CHEMBL22390,0.8707908,78,0,0
CHEMBL7431,0.87064093,79,0,0
CHEMBL20393,0.8700701,80,0,0
CHEMBL14494,0.86962223,81,0,0
CHEMBL42467,0.86962223,82,0,0
CHEMBL42432,0.8692458,83,0,0
CHEMBL27476,0.8690657,84,0,0
CHEMBL39490,0.86851656,85,0,0
CHEMBL10577,0.86669433,86,0,0
CHEMBL24309,0.86657435,87,0,0
CHEMBL34971,0.86657435,88,0,0
CHEMBL35184,0.86657435,89,0,0
CHEMBL25390,0.86657435,90,0,0
CHEMBL37467,0.86657435,91,0,0
CHEMBL20316,0.86657435,92,0,0
CHEMBL34990,0.86657435,93,0,0
CHEMBL23826,0.86657435,94,0,0
CHEMBL14197,0.86657435,95,0,0
CHEMBL31805,0.86657435,97,0,0
CHEMBL25095,0.86657435,98,0,0
CHEMBL37627,0.86657435,99,0,0
CHEMBL8649,0.86657435,100,0,0
CHEMBL10107,0.865906,101,0,0
CHEMBL17759,0.865906,102,0,0
CHEMBL10639,0.865906,103,0,0
CHEMBL18699,0.8657791,104,0,0
CHEMBL40714,0.86512977,105,0,0
CHEMBL4434658,0.86512977,106,0,0
CHEMBL18658,0.8624749,107,0,0
CHEMBL9111,0.8624749,108,0,0
CHEMBL29429,0.8624749,109,0,0
CHEMBL42459,0.8624749,110,0,0
CHEMBL20872,0.8624749,111,0,0
CHEMBL6325,0.86234534,112,0,0
CHEMBL33476,0.8621887,113,0,0
CHEMBL30670,0.8612735,114,0,0
CHEMBL3311041,0.8612735,115,0,0
CHEMBL31607,0.8612735,116,0,0
CHEMBL40315,0.86099446,117,0,0
CHEMBL28689,0.86099446,118,0,0
CHEMBL3347310,0.8590907,119,0,0
CHEMBL18425,0.85869193,121,0,0
CHEMBL9778,0.8585594,122,0,0
CHEMBL3309608,0.858357,123,0,0
CHEMBL22385,0.85818934,124,0,0
CHEMBL18847,0.85815126,125,0,0
CHEMBL14889,0.8576281,126,0,0
CHEMBL31545,0.8576281,127,0,0
CHEMBL19419,0.8576281,128,0,0
CHEMBL4435037,0.8576281,129,0,0
CHEMBL23963,0.8576281,130,0,0
CHEMBL30928,0.8576281,131,0,0
CHEMBL34627,0.8576281,132,0,0
CHEMBL17701,0.8576281,133,0,0
CHEMBL16355,0.8576281,134,0,0
CHEMBL1200285,0.8568952,135,0,0
CHEMBL14501,0.8568538,136,0,0
CHEMBL10278,0.8568538,137,0,0
CHEMBL22366,0.8568538,138,0,0
CHEMBL22397,0.8568277,139,0,0
CHEMBL4436092,0.85510725,140,0,0
CHEMBL17272,0.85510725,141,0,0
CHEMBL21585,0.85510725,142,0,0
CHEMBL4435260,0.85510725,143,0,0
CHEMBL19485,0.85510725,144,0,0
CHEMBL1163536,0.8549718,145,0,0
CHEMBL18759,0.8549718,146,0,0
CHEMBL33870,0.8547722,147,0,0
CHEMBL26698,0.85464543,148,0,0
CHEMBL536204,0.85464543,149,0,0
CHEMBL40250,0.85464543,150,0,0
CHEMBL40453,0.85464543,151,0,0
CHEMBL18388,0.85458994,152,0,0
CHEMBL12287,0.85458994,153,0,0
CHEMBL15935,0.8540627,154,0,0
CHEMBL28141,0.8540627,155,0,0
CHEMBL19342,0.85364896,156,0,0
CHEMBL32940,0.85286963,157,0,0
CHEMBL27324,0.85286963,158,0,0
CHEMBL11243,0.85263485,159,0,0
CHEMBL38650,0.8525525,160,0,0
CHEMBL8227,0.8525525,161,0,0
CHEMBL4434812,0.852193,162,0,0
CHEMBL23211,0.8520919,163,0,0
CHEMBL26006,0.85173297,164,0,0
CHEMBL28299,0.8516944,165,0,0
CHEMBL6534,0.8516944,166,0,0
CHEMBL43769,0.8510551,167,0,0
CHEMBL20650,0.8510551,168,0,0
CHEMBL43687,0.85065305,169,0,0
CHEMBL40083,0.85035634,170,0,0
CHEMBL9696,0.84989923,171,0,0
CHEMBL606548,0.8472,172,0,0
CHEMBL581092,0.8465227,173,0,0
CHEMBL10742,0.8465227,174,0,0
CHEMBL18716,0.8465227,176,0,0
CHEMBL37251,0.8465227,177,0,0
CHEMBL4553700,0.8465227,178,0,0
CHEMBL36832,0.8465227,179,0,0
CHEMBL42158,0.8465227,180,0,0
CHEMBL6653,0.8465227,181,0,0
CHEMBL43565,0.8465227,182,0,0
CHEMBL36547,0.8465227,183,0,0
CHEMBL30247,0.8459555,184,0,0
CHEMBL4436114,0.84587836,185,0,0
CHEMBL7632,0.8458679,186,0,0
CHEMBL8644,0.8458679,187,0,0
CHEMBL25383,0.84448045,188,0,0
CHEMBL31055,0.84448045,189,0,0
CHEMBL24956,0.8443007,190,0,0
CHEMBL37711,0.84415704,191,0,0
CHEMBL15320,0.84407336,192,0,0
CHEMBL8927,0.8440394,193,0,0
CHEMBL7700,0.8440394,194,0,0
CHEMBL20228,0.8440394,195,0,0
CHEMBL37334,0.8440394,196,0,0
CHEMBL1077609,0.8438887,197,0,0
CHEMBL40074,0.8434847,198,0,0
CHEMBL18983,0.8434847,199,0,0
CHEMBL42702,0.8434847,200,0,0
CHEMBL1163514,0.8434847,201,0,0
CHEMBL26081,0.8434847,202,0,0
CHEMBL16010,0.8434847,203,0,0
CHEMBL8655,0.8434847,204,0,0
CHEMBL22769,0.8434847,205,0,0
CHEMBL3309991,0.8434847,206,0,0
CHEMBL8090,0.8434847,207,0,0
CHEMBL31280,0.8434847,208,0,0
CHEMBL35743,0.8434847,209,0,0
CHEMBL4436041,0.8434847,210,0,0
CHEMBL3310360,0.8434847,211,0,0
CHEMBL17252,0.8434847,212,0,0
CHEMBL17496,0.8434847,213,0,0
CHEMBL14669,0.8434847,214,0,0
CHEMBL40352,0.8434847,215,0,0
CHEMBL39676,0.8434847,216,0,0
CHEMBL36798,0.8434847,217,0,0
CHEMBL13816,0.8434847,218,0,0
CHEMBL20277,0.8434847,219,0,0
CHEMBL3310845,0.8434847,220,0,0
CHEMBL18202,0.8434847,221,0,0
CHEMBL3309988,0.8434847,222,0,0
CHEMBL8702,0.8434847,223,0,0
CHEMBL13120,0.8434847,224,0,0
CHEMBL13477,0.8434847,225,0,0
CHEMBL17214,0.8434847,226,0,0
CHEMBL4435684,0.8434847,227,0,0
CHEMBL7049,0.8434847,228,0,0
CHEMBL3309383,0.8434847,229,0,0
CHEMBL6849,0.84341466,230,0,0
CHEMBL14857,0.84341466,231,0,0
CHEMBL25492,0.84341466,232,0,0
CHEMBL33205,0.84309405,233,0,0
CHEMBL4435089,0.84308535,234,0,0
CHEMBL34414,0.84299266,235,0,0
CHEMBL17464,0.84299266,236,0,0
CHEMBL34676,0.84299266,237,0,0
CHEMBL33144,0.84299266,238,0,0
CHEMBL20526,0.84037375,239,0,0
CHEMBL23415,0.84037375,240,0,0
CHEMBL39915,0.84037375,241,0,0
CHEMBL12321,0.840259,242,0,0
CHEMBL1237055,0.840259,243,0,0
CHEMBL32083,0.840259,244,0,0
CHEMBL31929,0.840259,245,0,0
CHEMBL27863,0.840259,246,0,0
CHEMBL7396,0.840195,247,0,0
CHEMBL40080,0.840195,248,0,0
CHEMBL38449,0.840195,249,0,0
CHEMBL33179,0.840195,250,0,0
CHEMBL27257,0.83979404,251,0,0
CHEMBL31528,0.8397813,252,0,0
CHEMBL6378,0.8397685,253,0,0
CHEMBL23556,0.83976793,254,0,0
CHEMBL4435023,0.8388566,255,0,0
CHEMBL35900,0.83872753,256,0,0
CHEMBL4435601,0.83870894,257,0,0
CHEMBL37385,0.83870894,258,0,0
CHEMBL39413,0.83840287,259,0,0
CHEMBL17658,0.838291,260,0,0
CHEMBL38385,0.8372618,261,0,0
CHEMBL22388,0.8372618,262,0,0
CHEMBL10515,0.8372618,264,0,0
CHEMBL9392,0.83695424,265,0,0
CHEMBL585377,0.8369228,266,0,0
CHEMBL20508,0.8369228,267,0,0
CHEMBL16495,0.8369228,268,0,0
CHEMBL31161,0.83685905,269,0,0
CHEMBL41745,0.83685905,270,0,0
CHEMBL28730,0.836848,271,0,0
CHEMBL12671,0.8352759,272,0,0
CHEMBL37639,0.83513474,273,0,0
CHEMBL3310237,0.83513474,274,0,0
CHEMBL16887,0.83486545,275,0,0
CHEMBL4434867,0.83486545,276,0,0
CHEMBL30693,0.8347148,277,0,0
CHEMBL25460,0.8347148,278,0,0
CHEMBL3310474,0.8347148,279,0,0
CHEMBL19957,0.8347148,280,0,0
CHEMBL19636,0.8347148,281,0,0
CHEMBL43017,0.83463806,282,0,0
CHEMBL14010,0.83463806,283,0,0
CHEMBL3310151,0.83463806,284,0,0
CHEMBL20567,0.83463806,285,0,0
CHEMBL25012,0.83463806,286,0,0
CHEMBL36854,0.83463806,287,0,0
CHEMBL42460,0.83463806,288,0,0
CHEMBL8496,0.83463806,289,0,0
CHEMBL31941,0.83463806,290,0,0
CHEMBL25585,0.8345575,291,0,0
CHEMBL41361,0.8345575,292,0,0
CHEMBL9188,0.8345575,293,0,0
CHEMBL7496,0.8345575,294,0,0
CHEMBL39482,0.8345575,295,0,0
CHEMBL1075708,0.8345575,296,0,0
CHEMBL20752,0.8345575,297,0,0
CHEMBL4543497,0.83453465,298,0,0
CHEMBL4560036,0.8344067,299,0,0
CHEMBL4543396,0.8344067,300,0,0
CHEMBL12487,0.8344067,301,0,0
CHEMBL39932,0.8344067,302,0,0
CHEMBL20733,0.8344067,303,0,0
CHEMBL21258,0.8344027,304,0,0
CHEMBL35659,0.83435166,305,0,0
CHEMBL3310763,0.83435166,306,0,0
CHEMBL30384,0.8337034,307,0,0
CHEMBL39044,0.83351034,308,0,0
CHEMBL3311352,0.8335014,309,0,0
CHEMBL37339,0.8335014,310,0,0
CHEMBL33921,0.8335014,311,0,0
CHEMBL7990,0.8335014,312,0,0
CHEMBL27589,0.8329854,313,0,0
CHEMBL3310540,0.8329854,314,0,0
CHEMBL31007,0.8329854,315,0,0
CHEMBL40607,0.8323246,316,0,0
CHEMBL33558,0.8323246,317,0,0
CHEMBL9312,0.8323246,318,0,0
CHEMBL39337,0.8315541,319,0,0
CHEMBL42454,0.8314402,320,0,0
CHEMBL33203,0.8314402,321,0,0
CHEMBL17816,0.8314402,322,0,0
CHEMBL3310239,0.8314402,323,0,0
CHEMBL15484,0.8312312,324,0,0
CHEMBL18446,0.8311129,325,0,0
CHEMBL606769,0.83083576,326,0,0
CHEMBL35859,0.83083576,327,0,0
CHEMBL26525,0.83083576,328,0,0
CHEMBL7809,0.8302386,329,0,0
CHEMBL8779,0.82996,330,0,0
CHEMBL22248,0.8294166,331,0,0
CHEMBL6977,0.8290559,332,0,0
CHEMBL42250,0.8290559,333,0,0
CHEMBL7684,0.8290559,334,0,0
CHEMBL28059,0.8284594,335,0,0
CHEMBL25892,0.8283306,336,0,0
CHEMBL41300,0.8283306,337,0,0
CHEMBL31837,0.8283306,338,0,0
CHEMBL19385,0.8283306,339,0,0
CHEMBL26830,0.82818425,341,0,0
CHEMBL27770,0.8280755,342,0,0
CHEMBL24774,0.8280755,343,0,0
CHEMBL16982,0.8280755,344,0,0
CHEMBL43693,0.8280755,345,0,0
CHEMBL10575,0.8280755,346,0,0
CHEMBL555454,0.8280755,347,0,0
CHEMBL34832,0.8280755,348,0,0
CHEMBL26838,0.8280755,349,0,0
CHEMBL42608,0.8280755,350,0,0
CHEMBL3309689,0.8280755,351,0,0
CHEMBL12445,0.8280755,352,0,0
CHEMBL39694,0.8280755,353,0,0
CHEMBL25514,0.8280755,354,0,0
CHEMBL30022,0.8280755,355,0,0
CHEMBL4436494,0.8280755,356,0,0
CHEMBL38568,0.8280755,357,0,0
CHEMBL572573,0.82786435,358,0,0
CHEMBL42325,0.82776576,359,0,0
CHEMBL12150,0.82774943,360,0,0
CHEMBL1090670,0.82730323,361,0,0
CHEMBL4436168,0.82730323,362,0,0
CHEMBL35379,0.82673717,363,0,0
CHEMBL38158,0.82673717,364,0,0
CHEMBL28751,0.82673717,365,0,0
CHEMBL37911,0.82673717,366,0,0
CHEMBL3310043,0.82673717,367,0,0
CHEMBL25887,0.826713,368,0,0
CHEMBL22827,0.8262618,369,0,0
CHEMBL32729,0.8260172,370,0,0
CHEMBL40321,0.8260172,371,0,0
CHEMBL34294,0.8260172,372,0,0
CHEMBL27920,0.8254246,373,0,0
CHEMBL37519,0.8254205,374,0,0
CHEMBL12389,0.8253899,375,0,0
CHEMBL553918,0.8253899,376,0,0
CHEMBL3309983,0.8253899,377,0,0
CHEMBL30868,0.8253899,378,0,0
CHEMBL11775,0.8253899,379,0,0
CHEMBL29206,0.8253899,380,0,0
CHEMBL7861,0.8253899,381,0,0
CHEMBL39815,0.8253899,382,0,0
CHEMBL11452,0.8253899,383,0,0
CHEMBL41916,0.8253899,384,0,0
CHEMBL42938,0.8253899,385,0,0
CHEMBL15182,0.8253899,386,0,0
CHEMBL39997,0.8253899,387,0,0
CHEMBL37608,0.8253899,388,0,0
CHEMBL3310370,0.8253899,389,0,0
CHEMBL4435488,0.8253899,390,0,0
CHEMBL9773,0.8253899,392,0,0
CHEMBL32541,0.8253899,393,0,0
CHEMBL22950,0.8253899,394,0,0
CHEMBL3309287,0.8253899,395,0,0
CHEMBL40704,0.8253899,396,0,0
CHEMBL17865,0.8253899,397,0,0
CHEMBL28391,0.8253899,398,0,0
CHEMBL3310389,0.8253899,399,0,0
CHEMBL12225,0.8253555,400,0,0
CHEMBL23053,0.8251762,401,0,0
CHEMBL17129,0.8251762,402,0,0
CHEMBL8200,0.82468593,403,0,0
CHEMBL38985,0.82468593,404,0,0
CHEMBL36265,0.82356924,405,0,0
CHEMBL4434887,0.82356924,406,0,0
CHEMBL33110,0.82332206,407,0,0
CHEMBL4436384,0.82332206,408,0,0
CHEMBL29751,0.82332206,409,0,0
CHEMBL4435512,0.82332206,410,0,0
CHEMBL37097,0.82332206,411,0,0
CHEMBL18340,0.82261753,412,0,0
CHEMBL4436143,0.82209843,413,0,0
CHEMBL7191,0.8220401,414,0,0
CHEMBL41605,0.8220401,415,0,0
CHEMBL18081,0.8220401,416,0,0
CHEMBL29926,0.8220401,417,0,0
CHEMBL33589,0.8220401,418,0,0
CHEMBL17858,0.8220401,419,0,0
CHEMBL14380,0.8220401,420,0,0
CHEMBL32493,0.8220401,421,0,0
CHEMBL42686,0.8220401,422,0,0
CHEMBL34347,0.8220401,423,0,0
CHEMBL19133,0.8220401,424,0,0
CHEMBL40311,0.8220401,425,0,0
CHEMBL42125,0.8220401,426,0,0
CHEMBL17352,0.8219139,427,0,0
CHEMBL33705,0.82175404,428,0,0
CHEMBL7342,0.82175404,429,0,0
CHEMBL38820,0.82175404,430,0,0
CHEMBL8891,0.82175404,431,0,0
CHEMBL580443,0.82175404,432,0,0
CHEMBL39734,0.82175404,433,0,0
CHEMBL28596,0.82175404,434,0,0
CHEMBL21353,0.82175404,435,0,0
CHEMBL38337,0.82175404,436,0,0
CHEMBL22069,0.8217098,437,0,0
CHEMBL6511,0.82141185,438,0,0
CHEMBL28946,0.82141185,439,0,0
CHEMBL42157,0.82141185,440,0,0
CHEMBL265362,0.82141185,441,0,0
CHEMBL36116,0.82141185,442,0,0
CHEMBL33505,0.82141185,443,0,0
CHEMBL39584,0.82141185,444,0,0
CHEMBL36123,0.82141185,445,0,0
CHEMBL16934,0.82141185,446,0,0
CHEMBL6829,0.82141185,447,0,0
CHEMBL4436095,0.82141185,448,0,0
CHEMBL37600,0.821378,449,0,0
CHEMBL29170,0.8203299,450,0,0
CHEMBL38207,0.8203299,451,0,0
CHEMBL28170,0.8203299,452,0,0
CHEMBL38831,0.82026833,453,0,0
CHEMBL36717,0.82024306,454,0,0
CHEMBL28983,0.8201914,455,0,0
CHEMBL9330,0.8201914,456,0,0
CHEMBL32975,0.8201914,457,0,0
CHEMBL38514,0.8201787,458,0,0
CHEMBL12173,0.82015437,459,0,0
CHEMBL8768,0.8193399,460,0,0
CHEMBL14792,0.8193399,461,0,0
CHEMBL35956,0.8193399,462,0,0
CHEMBL22090,0.8193399,463,0,0
CHEMBL34739,0.8193399,464,0,0
CHEMBL24724,0.81890035,465,0,0
CHEMBL41022,0.8185381,466,0,0
CHEMBL577782,0.8185106,467,0,0
CHEMBL28444,0.81831264,468,0,0
CHEMBL28066,0.81831264,469,0,0
CHEMBL33883,0.81831264,470,0,0
CHEMBL4435173,0.81743145,471,0,0
CHEMBL38669,0.81743145,472,0,0
CHEMBL22547,0.8173619,473,0,0
CHEMBL20203,0.8173486,474,0,0
CHEMBL702,0.8173486,475,0,0
CHEMBL25411,0.81720024,476,0,0
CHEMBL4543418,0.81693834,477,0,0
CHEMBL4436134,0.81684023,478,0,0
CHEMBL43638,0.8167033,479,0,0
CHEMBL28755,0.8164944,480,0,0
CHEMBL14578,0.8164944,481,0,0
CHEMBL10392,0.8164944,482,0,0
CHEMBL14526,0.81637543,483,0,0
CHEMBL21188,0.81634367,484,0,0
CHEMBL17618,0.81634367,485,0,0
CHEMBL22044,0.81582654,486,0,0
CHEMBL35455,0.81582654,487,0,0
CHEMBL35334,0.8156614,488,0,0
CHEMBL33066,0.8156614,489,0,0
CHEMBL10849,0.81503385,490,0,0
CHEMBL28966,0.8149635,491,0,0
CHEMBL8720,0.8149635,492,0,0
CHEMBL35896,0.8149635,493,0,0
CHEMBL8922,0.81467664,494,0,0
CHEMBL4560026,0.81467664,495,0,0
CHEMBL8384,0.8142261,496,0,0
CHEMBL4434783,0.8142261,497,0,0
CHEMBL35807,0.8142261,498,0,0
CHEMBL37263,0.8142261,499,0,0
CHEMBL28712,0.8142261,500,0,0
CHEMBL24358,0.8142261,501,0,0
CHEMBL11285,0.8142261,502,0,0
CHEMBL22619,0.8142261,503,0,0
CHEMBL15554,0.81317645,504,0,0
CHEMBL31134,0.81317645,505,0,0
CHEMBL23129,0.81317645,506,0,0
CHEMBL29042,0.81253725,507,0,0
CHEMBL39630,0.812478,508,0,0
CHEMBL28646,0.81201166,509,0,0
CHEMBL11970,0.8106858,510,0,0
CHEMBL31294,0.8106858,511,0,0
CHEMBL16568,0.8105831,512,0,0
CHEMBL39765,0.81046754,513,0,0
CHEMBL34472,0.81046754,514,0,0
CHEMBL4553167,0.81046754,515,0,0
CHEMBL36641,0.8102015,516,0,0
CHEMBL4435865,0.80960536,517,0,0
CHEMBL41815,0.80803084,518,0,0
CHEMBL4435414,0.80717033,519,0,0
CHEMBL21710,0.80711675,520,0,0
CHEMBL3310897,0.807048,521,0,0
CHEMBL3309738,0.8065711,522,0,0
CHEMBL9591,0.8065711,523,0,0
CHEMBL29047,0.8065711,524,0,0
CHEMBL18633,0.806282,525,0,0
CHEMBL8781,0.806282,526,0,0
CHEMBL18684,0.806282,527,0,0
CHEMBL18265,0.8061182,528,0,0
CHEMBL501925,0.8060471,529,0,0
CHEMBL26842,0.8057053,530,0,0
CHEMBL4116108,0.8047623,531,0,0
CHEMBL26791,0.8044804,532,0,0
CHEMBL22241,0.80436397,533,0,0
CHEMBL14623,0.80436397,534,0,0
CHEMBL27348,0.80436397,535,0,0
CHEMBL19075,0.8042398,536,0,0
CHEMBL36175,0.8034432,537,0,0
CHEMBL4435309,0.8034432,538,0,0
CHEMBL13380,0.80333674,539,0,0
CHEMBL3310965,0.80333674,540,0,0
CHEMBL28046,0.80333674,541,0,0
CHEMBL13941,0.80333674,542,0,0
CHEMBL22371,0.80333674,543,0,0
CHEMBL31657,0.8028917,544,0,0
CHEMBL3310974,0.8028917,545,0,0
CHEMBL17909,0.8023775,546,0,0
CHEMBL13274,0.8023392,547,0,0
CHEMBL30026,0.8023392,548,0,0
CHEMBL38497,0.8021658,549,0,0
CHEMBL7778,0.8021658,550,0,0
CHEMBL31169,0.8020942,551,0,0
CHEMBL3310301,0.8020942,552,0,0
CHEMBL36114,0.8020942,553,0,0
CHEMBL18177,0.8020942,554,0,0
CHEMBL36341,0.8020942,555,0,0
CHEMBL19136,0.8020942,556,0,0
CHEMBL1203109,0.8020942,557,0,0
CHEMBL16579,0.801116,558,0,0
CHEMBL34287,0.80073476,559,0,0
CHEMBL18003,0.8003138,560,0,0
CHEMBL43666,0.80017453,561,0,0
CHEMBL18600,0.7998686,562,0,0
CHEMBL19914,0.7994037,563,0,0
CHEMBL9896,0.79904914,564,0,0
CHEMBL14099,0.79904914,565,0,0
CHEMBL33935,0.79904914,566,0,0
CHEMBL1171366,0.79904914,567,0,0
CHEMBL33636,0.79870594,568,0,0
CHEMBL4435607,0.79861885,569,0,0
CHEMBL39240,0.798392,570,0,0
CHEMBL20528,0.798392,571,0,0
CHEMBL18821,0.79831463,572,0,0
CHEMBL26612,0.7982685,573,0,0
CHEMBL41056,0.7982685,574,0,0
CHEMBL305803,0.7982685,575,0,0
CHEMBL31004,0.7982685,576,0,0
CHEMBL11157,0.7982685,577,0,0
CHEMBL20351,0.7982685,578,0,0
CHEMBL36535,0.7982685,579,0,0
CHEMBL38134,0.7982685,580,0,0
CHEMBL7385,0.7982685,581,0,0
CHEMBL14727,0.7982685,582,0,0
CHEMBL24904,0.7982685,583,0,0
CHEMBL37657,0.7982685,584,0,0
CHEMBL20127,0.7982685,585,0,0
CHEMBL10097,0.7982685,586,0,0
CHEMBL41255,0.7982685,587,0,0
CHEMBL19740,0.79799044,588,0,0
CHEMBL14261,0.79799044,589,0,0
CHEMBL14366,0.79799044,590,0,0
CHEMBL1207835,0.79799044,591,0,0
CHEMBL4553711,0.79799044,592,0,0
CHEMBL40643,0.7975399,593,0,0
CHEMBL35485,0.7963727,594,0,0
CHEMBL17253,0.7963727,595,0,0
CHEMBL15778,0.79619884,596,0,0
CHEMBL609992,0.7961934,597,0,0
CHEMBL28095,0.7958212,598,0,0
CHEMBL26058,0.7958212,599,0,0
CHEMBL33509,0.7957306,600,0,0
CHEMBL13029,0.7957306,601,0,0
CHEMBL25625,0.7957306,602,0,0
CHEMBL4435364,0.79528326,603,0,0
CHEMBL18339,0.79528326,604,0,0
CHEMBL1784812,0.7949661,605,0,0
CHEMBL37512,0.7939517,606,0,1
CHEMBL1186159,0.7939517,607,0,0
CHEMBL33585,0.7939517,608,0,0
CHEMBL1162123,0.7939517,609,0,0
CHEMBL34789,0.79356986,610,0,0
CHEMBL10228,0.79356986,611,0,0
CHEMBL9885,0.7930078,613,0,0
CHEMBL1782170,0.7930078,614,0,0
CHEMBL17724,0.7930078,615,0,0
CHEMBL19587,0.7930078,616,0,0
CHEMBL38706,0.7930078,617,0,0
CHEMBL20928,0.7930078,618,0,0
CHEMBL9317,0.7930078,619,0,0
CHEMBL30133,0.7930078,620,0,0
CHEMBL682,0.7930078,621,0,0
CHEMBL30102,0.7930078,622,0,0
CHEMBL20583,0.7930078,623,0,0
CHEMBL18813,0.7930078,624,0,0
CHEMBL442595,0.7930078,625,0,0
CHEMBL500790,0.7930078,626,0,0
CHEMBL10318,0.7930078,627,0,0
CHEMBL23002,0.7930078,628,0,0
CHEMBL7657,0.7930078,629,0,0
CHEMBL32072,0.7930078,630,0,0
CHEMBL31623,0.7930078,631,0,0
CHEMBL19180,0.7930078,632,0,0
CHEMBL4543429,0.7930078,633,0,0
CHEMBL39884,0.7930078,634,0,0
CHEMBL33284,0.7930078,635,0,0
CHEMBL19224,0.7930078,636,0,0
CHEMBL10286,0.7930078,637,0,0
CHEMBL17873,0.7930078,638,0,0
CHEMBL18460,0.7930078,639,0,0
CHEMBL4436398,0.7930078,640,0,0
CHEMBL18618,0.7930078,641,0,0
CHEMBL3310669,0.7930078,642,0,0
CHEMBL18489,0.7930078,643,0,0
CHEMBL38693,0.7930078,644,0,0
CHEMBL17235,0.7930078,645,0,0
CHEMBL9009,0.7930078,646,0,0
CHEMBL8146,0.7930078,647,0,0
CHEMBL9923,0.7930078,648,0,0
CHEMBL34490,0.7930078,649,0,0
CHEMBL21292,0.7930078,650,0,0
CHEMBL18971,0.7930078,651,0,0
CHEMBL7542,0.7930078,652,0,0
CHEMBL27865,0.7930078,653,0,0
CHEMBL40379,0.7930078,654,0,0
CHEMBL23588,0.7930078,655,0,0
CHEMBL23565,0.7930078,656,0,0
CHEMBL6468,0.7930078,657,0,0
CHEMBL24749,0.7930078,658,0,0
CHEMBL7311,0.7930078,659,0,0
CHEMBL1163274,0.7930078,660,0,0
CHEMBL7685,0.7930078,661,0,0
CHEMBL8758,0.7927093,662,0,0
CHEMBL34166,0.7927093,663,0,0
CHEMBL28321,0.7927093,664,0,0
CHEMBL12313,0.7927093,665,0,0
CHEMBL17977,0.7927093,666,0,0
CHEMBL3547915,0.7927093,667,0,0
CHEMBL20740,0.7927093,668,0,0
CHEMBL18420,0.7927093,669,0,0
CHEMBL21156,0.7927093,670,0,0
CHEMBL25245,0.7927093,671,0,0
CHEMBL30594,0.7927093,672,0,0
CHEMBL4434895,0.7927093,673,0,0
CHEMBL21647,0.7927093,674,0,0
CHEMBL26793,0.7927093,675,0,0
CHEMBL23041,0.7927093,676,0,0
CHEMBL17803,0.7927093,677,0,0
CHEMBL4559923,0.79254943,678,0,0
CHEMBL10006,0.79254943,679,0,0
CHEMBL38549,0.79254943,680,0,0
CHEMBL426,0.79254943,681,0,0
CHEMBL14470,0.79254943,682,0,0
CHEMBL3311434,0.7918178,683,0,0
CHEMBL13498,0.7918178,684,0,0
CHEMBL36293,0.7918178,685,0,0
CHEMBL36424,0.7918178,686,0,0
CHEMBL27074,0.79125154,687,0,0
CHEMBL37348,0.79122734,688,0,0
CHEMBL22446,0.79122734,689,0,0
CHEMBL24839,0.7902062,690,0,0
CHEMBL27236,0.79011786,691,0,0
CHEMBL18069,0.79011786,692,0,0
CHEMBL43423,0.79005945,693,0,0
CHEMBL29150,0.78991336,694,0,0
CHEMBL10223,0.78991336,695,0,0
CHEMBL19382,0.78991336,696,0,0
CHEMBL37228,0.78991336,697,0,0
CHEMBL18535,0.78991336,698,0,0
CHEMBL17092,0.78991336,699,0,0
CHEMBL21897,0.78991336,700,0,0
CHEMBL22144,0.78991336,701,0,0
CHEMBL22532,0.78991336,702,0,0
CHEMBL4553160,0.78991336,703,0,0
CHEMBL22690,0.78991336,704,0,0
CHEMBL17710,0.78991336,705,0,0
CHEMBL19022,0.78991336,706,0,0
CHEMBL18222,0.78991336,707,0,0
CHEMBL40237,0.78991336,708,0,0
CHEMBL30044,0.78991336,709,0,0
CHEMBL40824,0.78991336,710,0,0
CHEMBL24967,0.78991336,711,0,0
CHEMBL3311260,0.78991336,712,0,0
CHEMBL40786,0.78991336,713,0,0
CHEMBL19308,0.78991336,714,0,0
CHEMBL10276,0.78991336,715,0,0
CHEMBL33545,0.78991336,716,0,0
CHEMBL32445,0.78991336,717,0,0
CHEMBL23666,0.78991336,718,0,0
CHEMBL18764,0.78991336,719,0,0
CHEMBL13481,0.78991336,720,0,0
CHEMBL3310300,0.78944135,721,0,0
CHEMBL40565,0.78944135,722,0,0
CHEMBL30401,0.78944135,723,0,0
CHEMBL25334,0.7892384,724,0,0
CHEMBL4560004,0.78826237,725,0,0
CHEMBL21058,0.78774077,726,0,0
CHEMBL4435080,0.78774077,727,0,0
CHEMBL22359,0.78774077,728,0,0
CHEMBL21070,0.78774077,729,0,0
CHEMBL4435939,0.78774077,730,0,0
CHEMBL1094608,0.78774077,731,0,0
CHEMBL3309373,0.78774077,733,0,0
CHEMBL4434648,0.78774077,734,0,0
CHEMBL20581,0.78774077,735,0,0
CHEMBL12152,0.78774077,736,0,0
CHEMBL30723,0.7876786,737,0,0
CHEMBL25938,0.7876306,739,0,0
CHEMBL3309450,0.78744024,740,0,0
CHEMBL19348,0.78744024,741,0,0
CHEMBL18421,0.7868972,742,0,0
CHEMBL19530,0.7855895,743,0,0
CHEMBL34753,0.7855895,744,0,0
CHEMBL22021,0.78545755,745,0,0
CHEMBL4436336,0.78528017,746,0,0
CHEMBL22554,0.78519756,747,0,0
CHEMBL6788,0.78486574,748,0,0
CHEMBL23300,0.78477067,749,0,0
CHEMBL10100,0.78477067,750,0,0
CHEMBL4435625,0.78477067,751,0,0
CHEMBL4434788,0.78477067,752,0,0
CHEMBL9449,0.78477067,753,0,0
CHEMBL32240,0.78477067,754,0,0
CHEMBL28360,0.7840372,755,0,0
CHEMBL24625,0.7840372,756,0,0
CHEMBL22614,0.78402,757,0,0
CHEMBL18972,0.78402,758,0,0
CHEMBL9154,0.78402,759,0,0
CHEMBL3311195,0.78402,760,0,0
CHEMBL9115,0.78402,761,0,0
CHEMBL36762,0.7838911,762,0,0
CHEMBL1165619,0.7837271,763,0,0
CHEMBL21222,0.7837271,764,0,0
CHEMBL29179,0.7835897,765,0,0
CHEMBL36731,0.7835897,766,0,0
CHEMBL3309417,0.7835897,767,0,0
CHEMBL36928,0.7835897,768,0,0
CHEMBL37770,0.7835897,769,0,0
CHEMBL38029,0.7835897,770,0,0
CHEMBL20151,0.7835897,771,0,0
CHEMBL34548,0.7835897,772,0,0
CHEMBL18588,0.7835897,773,0,0
CHEMBL21451,0.7835897,774,0,0
CHEMBL38233,0.7835897,775,0,0
CHEMBL41145,0.7835897,776,0,0
CHEMBL24409,0.7835897,777,0,0
CHEMBL26463,0.7835897,778,0,0
CHEMBL18491,0.7835897,779,0,0
CHEMBL16274,0.7835897,780,0,0
CHEMBL15013,0.7835897,781,0,0
CHEMBL16049,0.7835267,782,0,0
CHEMBL16836,0.78319025,783,0,0
CHEMBL17079,0.78319025,784,0,0
CHEMBL23657,0.78319025,785,0,0
CHEMBL26909,0.78319025,786,0,0
CHEMBL23683,0.7830069,787,0,0
CHEMBL27665,0.7830069,788,0,0
CHEMBL28130,0.78286,789,0,0
CHEMBL20375,0.78267425,790,0,0
CHEMBL525672,0.78267425,791,0,0
CHEMBL25845,0.78267425,792,0,0
CHEMBL17646,0.78267425,793,0,0
CHEMBL4435741,0.78267425,794,0,0
CHEMBL11394,0.78267425,795,0,0
CHEMBL14322,0.78267425,796,0,0
CHEMBL39887,0.78267425,797,0,0
CHEMBL35912,0.78267425,798,0,0
CHEMBL9415,0.78267425,799,0,0
CHEMBL29744,0.78267425,800,0,0
CHEMBL16866,0.78267425,801,0,0
CHEMBL27328,0.78267425,802,0,0
CHEMBL23030,0.78267425,803,0,0
CHEMBL34480,0.78267425,804,0,0
CHEMBL26679,0.78267425,805,0,0
CHEMBL37077,0.78267425,806,0,0
CHEMBL37052,0.78267425,807,0,0
CHEMBL13127,0.78267425,808,0,0
CHEMBL6366,0.78241384,809,0,0
CHEMBL31120,0.78241384,810,0,0
CHEMBL37462,0.78241384,811,0,0
CHEMBL25291,0.78241384,812,0,0
CHEMBL11135,0.78241384,813,0,0
CHEMBL41719,0.7822298,814,0,0
CHEMBL16289,0.7818583,815,0,0
CHEMBL1163225,0.7818583,816,0,0
CHEMBL22320,0.78150773,817,0,0
CHEMBL8287,0.7812813,818,0,0
CHEMBL39233,0.7812813,819,0,0
CHEMBL12976,0.7811369,820,0,0
CHEMBL29374,0.78090924,821,0,0
CHEMBL43498,0.7808614,822,0,0
CHEMBL23977,0.7808457,823,0,0
CHEMBL28218,0.7808457,824,0,0
CHEMBL29987,0.7808457,825,0,0
CHEMBL10399,0.7808457,826,0,0
CHEMBL34721,0.7808457,827,0,0
CHEMBL42773,0.7808457,828,0,0
CHEMBL31796,0.7808457,829,0,0
CHEMBL18364,0.7808457,830,0,0
CHEMBL17571,0.7808457,831,0,0
CHEMBL21348,0.7808457,832,0,0
CHEMBL22027,0.7808457,833,0,0
CHEMBL36674,0.7808457,834,0,0
CHEMBL37818,0.7808457,835,0,0
CHEMBL15214,0.7808457,836,0,0
CHEMBL16611,0.7808457,837,0,0
CHEMBL14751,0.7808457,838,0,0
CHEMBL37661,0.7808457,839,0,0
CHEMBL39687,0.7808457,840,0,0
CHEMBL21020,0.7808457,841,0,0
CHEMBL36892,0.7808457,842,0,0
CHEMBL27065,0.7808457,843,0,0
CHEMBL17479,0.7808457,844,0,0
CHEMBL12484,0.7808457,845,0,0
CHEMBL8805,0.7808457,846,0,0
CHEMBL31461,0.7808457,847,0,0
CHEMBL22701,0.7808457,848,0,0
CHEMBL13071,0.7808457,849,0,0
CHEMBL21239,0.7808457,850,0,0
CHEMBL39371,0.7808457,851,0,0
CHEMBL24178,0.7808457,852,0,0
CHEMBL4435264,0.7808457,853,0,0
CHEMBL10465,0.7808457,854,0,0
CHEMBL18451,0.7808457,855,0,0
CHEMBL10543,0.7808457,856,0,0
CHEMBL35714,0.7808457,857,0,0
CHEMBL19387,0.7808457,858,0,0
CHEMBL26649,0.7808457,859,0,0
CHEMBL19541,0.7808457,860,0,0
CHEMBL39150,0.7808457,861,0,0
CHEMBL35517,0.7808457,862,0,0
CHEMBL4435616,0.7808457,863,0,0
CHEMBL4435246,0.7808457,864,0,0
CHEMBL11005,0.7808457,865,0,0
CHEMBL532920,0.7808457,866,0,0
CHEMBL21901,0.7808457,867,0,0
CHEMBL9048,0.7808457,868,0,0
CHEMBL4116160,0.7808174,869,0,0
CHEMBL35409,0.7808174,870,0,0
CHEMBL15418,0.7808174,871,0,0
CHEMBL7026,0.7808174,872,0,0
CHEMBL10709,0.7808174,873,0,0
CHEMBL38697,0.7805389,874,0,0
CHEMBL16383,0.7803934,875,0,0
CHEMBL22337,0.7803934,876,0,0
CHEMBL27960,0.7803934,877,0,0
CHEMBL15737,0.7803934,879,0,0
CHEMBL1096673,0.7803934,880,0,0
CHEMBL1784105,0.7803934,881,0,0
CHEMBL4435330,0.7803934,882,0,0
CHEMBL23926,0.7803934,883,0,0
CHEMBL14240,0.7803934,884,0,0
CHEMBL7506,0.7803934,885,0,0
CHEMBL8112,0.7803934,886,0,0
CHEMBL19533,0.7803934,887,0,0
CHEMBL10102,0.7803934,888,0,0
CHEMBL35241,0.7803934,889,0,0
CHEMBL18766,0.7803934,890,0,0
CHEMBL37273,0.7803934,891,0,0
CHEMBL570399,0.7803934,892,0,0
CHEMBL4435144,0.7803934,893,0,0
CHEMBL18572,0.7803934,894,0,0
CHEMBL25273,0.7803934,895,0,0
CHEMBL4559975,0.7803934,896,0,0
CHEMBL10712,0.7803934,897,0,0
CHEMBL21243,0.7803934,898,0,0
CHEMBL4435240,0.7803934,899,0,0
CHEMBL4435624,0.7803934,900,0,0
CHEMBL27216,0.7803934,901,0,0
CHEMBL3310857,0.7803934,902,0,0
CHEMBL24377,0.7803934,903,0,0
CHEMBL30630,0.7803934,904,0,0
CHEMBL22088,0.7803934,905,0,0
CHEMBL1200609,0.7803934,906,0,0
CHEMBL19218,0.7803934,907,0,0
CHEMBL18733,0.7803934,908,0,0
CHEMBL11288,0.7803934,909,0,0
CHEMBL25645,0.7803934,910,0,0
CHEMBL4560018,0.7803934,911,0,0
CHEMBL24446,0.7803934,912,0,0
CHEMBL16730,0.7803934,913,0,0
CHEMBL3310851,0.7803934,914,0,0
CHEMBL15614,0.7803934,915,0,0
CHEMBL3309530,0.7803934,916,0,0
CHEMBL10350,0.7803934,917,0,0
CHEMBL42066,0.7803934,918,0,0
CHEMBL25598,0.78020287,919,0,0
CHEMBL27037,0.7792745,920,0,0
CHEMBL35120,0.7790787,921,0,0
CHEMBL36190,0.7790787,922,0,0
CHEMBL610179,0.7790787,923,0,0
CHEMBL25299,0.77885544,924,0,0
CHEMBL4543391,0.77885544,925,0,0
CHEMBL3311218,0.77876157,926,0,0
CHEMBL9668,0.77876157,927,0,0
CHEMBL18677,0.77819467,928,0,0
CHEMBL34906,0.77819467,929,0,0
CHEMBL4435922,0.7781859,930,0,0
CHEMBL13390,0.77807796,931,0,0
CHEMBL33216,0.77803546,932,0,0
CHEMBL9549,0.7780191,933,0,0
CHEMBL9681,0.7780191,934,0,0
CHEMBL35632,0.7780189,935,0,0
CHEMBL4434998,0.7780189,936,0,0
CHEMBL42189,0.7780189,937,0,0
CHEMBL20593,0.7776397,938,0,0
CHEMBL21908,0.7772086,939,0,0
CHEMBL38069,0.7772086,940,0,0
CHEMBL34924,0.7772086,941,0,0
CHEMBL9354,0.7772086,942,0,0
CHEMBL37034,0.7772086,943,0,0
CHEMBL1190414,0.7770061,944,0,0
CHEMBL41781,0.77695185,945,0,0
CHEMBL22001,0.77695185,946,0,0
CHEMBL19018,0.7765671,947,0,0
CHEMBL33618,0.7765671,948,0,0
CHEMBL25425,0.7764125,950,0,0
CHEMBL31785,0.7764125,951,0,0
CHEMBL32560,0.7763832,952,0,0
CHEMBL4553169,0.7763832,953,0,0
CHEMBL36511,0.7763832,954,0,0
CHEMBL4435791,0.7763832,955,0,0
CHEMBL36461,0.7763832,956,0,0
CHEMBL28125,0.7763832,957,0,0
CHEMBL30941,0.7763832,958,0,0
CHEMBL37873,0.7763832,959,0,0
CHEMBL39459,0.77594733,961,0,0
CHEMBL22200,0.77582777,962,0,0
CHEMBL8557,0.7749881,963,0,0
CHEMBL32956,0.7749416,964,0,0
CHEMBL18546,0.7749416,965,0,0
CHEMBL18514,0.7749416,966,0,0
CHEMBL41519,0.7749416,967,0,0
CHEMBL14217,0.7749416,968,0,0
CHEMBL19391,0.7749416,969,0,0
CHEMBL9824,0.7749416,970,0,0
CHEMBL35690,0.7749416,971,0,0
CHEMBL22221,0.7749416,972,0,0
CHEMBL41373,0.7749416,973,0,0
CHEMBL26038,0.7749416,974,0,0
CHEMBL33817,0.7749416,975,0,0
CHEMBL28805,0.7749416,976,0,0
CHEMBL27439,0.7749416,977,0,0
CHEMBL39195,0.7749416,978,0,0
CHEMBL10804,0.7749416,979,0,0
CHEMBL22132,0.7749416,980,0,0
CHEMBL14398,0.7749416,981,0,0
CHEMBL4559982,0.7749416,983,0,0
CHEMBL41959,0.7749416,984,0,0
CHEMBL17368,0.7749416,985,0,0
CHEMBL32414,0.7749416,986,0,0
CHEMBL24863,0.7749416,987,0,0
CHEMBL33395,0.7749416,988,0,0
CHEMBL4543579,0.7749416,989,0,0
CHEMBL29703,0.7749416,990,0,0
CHEMBL1196830,0.7749416,991,0,0
CHEMBL42113,0.7749416,992,0,0
CHEMBL36778,0.7749416,993,0,0
CHEMBL29598,0.7749416,995,0,0
CHEMBL24469,0.7749416,996,0,0
CHEMBL3309616,0.7749416,997,0,0
CHEMBL40297,0.7749416,998,0,0
CHEMBL6663,0.7749416,999,0,0
CHEMBL42539,0.7749416,1000,0,0
CHEMBL3311428,0.7749416,1001,0,0
CHEMBL24639,0.7749416,1002,0,0
CHEMBL42271,0.7749416,1003,0,0
CHEMBL37883,0.7749416,1004,0,0
CHEMBL36676,0.7749416,1005,0,0
CHEMBL4543312,0.7749416,1006,0,0
CHEMBL18261,0.7749416,1007,0,0
CHEMBL26783,0.7749416,1008,0,0
CHEMBL10030,0.7749416,1009,0,0
CHEMBL28549,0.7749416,1010,0,0
CHEMBL35063,0.7749416,1011,0,0
CHEMBL10065,0.7749416,1012,0,0
CHEMBL3310387,0.7749275,1013,0,0
CHEMBL3310379,0.7749275,1014,0,0
CHEMBL11013,0.7748002,1015,0,0
CHEMBL32326,0.77455467,1016,0,0
CHEMBL37444,0.77455467,1017,0,0
CHEMBL10425,0.77455467,1018,0,0
CHEMBL26572,0.77430934,1019,0,0
CHEMBL30600,0.77430934,1020,0,0
CHEMBL38180,0.7741493,1021,0,0
CHEMBL23271,0.7741493,1022,0,0
CHEMBL19102,0.7737085,1023,0,0
CHEMBL18436,0.77343667,1024,0,0
CHEMBL9348,0.7731409,1025,0,0
CHEMBL15916,0.7731409,1026,0,0
CHEMBL39076,0.7731409,1027,0,0
CHEMBL14759,0.7731409,1028,0,0
CHEMBL15307,0.7723489,1029,0,0
CHEMBL6442,0.7723489,1030,0,0
CHEMBL27354,0.7723489,1031,0,0
CHEMBL3310445,0.7723489,1032,0,0
CHEMBL10972,0.7723489,1033,0,0
CHEMBL25093,0.77225196,1034,0,0
CHEMBL22580,0.7722311,1035,0,0
CHEMBL28157,0.7720507,1036,0,0
CHEMBL35239,0.7720507,1037,0,0
CHEMBL1163271,0.7720507,1038,0,0
CHEMBL30646,0.7717021,1039,0,0
CHEMBL8893,0.7717021,1040,0,0
CHEMBL14952,0.7716895,1041,0,0
CHEMBL13022,0.7716895,1042,0,0
CHEMBL3311478,0.7709711,1043,0,0
CHEMBL14209,0.7703943,1044,0,0
CHEMBL40454,0.7703943,1045,0,0
CHEMBL23466,0.7703943,1046,0,0
CHEMBL33010,0.7703943,1047,0,0
CHEMBL16238,0.76969063,1048,0,0
CHEMBL4435940,0.76969063,1049,0,0
CHEMBL18767,0.76956177,1050,0,0
CHEMBL33528,0.7695294,1051,0,0
CHEMBL1183303,0.7692363,1052,0,0
CHEMBL22302,0.7691733,1053,0,0
CHEMBL11275,0.7690273,1054,0,0
CHEMBL4435254,0.76902676,1055,0,0
CHEMBL14352,0.7682695,1056,0,0
CHEMBL15546,0.7682695,1057,0,0
CHEMBL36152,0.7681184,1058,0,0
CHEMBL25823,0.7681184,1059,0,0
CHEMBL25188,0.7681184,1060,0,0
CHEMBL38667,0.7681184,1061,0,0
CHEMBL3310774,0.76793337,1062,0,0
CHEMBL26175,0.7679154,1063,0,0
CHEMBL19712,0.7679058,1064,0,0
CHEMBL10907,0.7679058,1065,0,0
CHEMBL1203199,0.7679058,1066,0,0
CHEMBL39481,0.7679058,1068,0,0
CHEMBL17712,0.7679058,1069,0,0
CHEMBL37513,0.7679058,1070,0,0
CHEMBL12866,0.7677244,1071,0,0
CHEMBL37927,0.76768494,1072,0,0
CHEMBL42197,0.76768494,1073,0,0
CHEMBL34759,0.76768494,1074,0,0
CHEMBL3311321,0.76768494,1075,0,0
CHEMBL18103,0.76768494,1076,0,0
CHEMBL4560003,0.76768494,1077,0,0
CHEMBL4435959,0.76768494,1078,0,0
CHEMBL17549,0.76768494,1079,0,0
CHEMBL15563,0.76768494,1080,0,0
CHEMBL14394,0.76768494,1081,0,0
CHEMBL17344,0.76768494,1082,0,0
CHEMBL10552,0.76768494,1083,0,0
CHEMBL23852,0.76768494,1084,0,0
CHEMBL37316,0.76768494,1085,0,0
CHEMBL7498,0.76768494,1086,0,0
CHEMBL16313,0.76768494,1087,0,0
CHEMBL7551,0.76691926,1088,0,0
CHEMBL17236,0.7668648,1089,0,0
CHEMBL1199062,0.7668648,1090,0,0
CHEMBL18471,0.766723,1091,0,0
CHEMBL4436218,0.76660216,1092,0,0
CHEMBL499568,0.76643145,1093,0,0
CHEMBL7997,0.7662491,1094,0,0
CHEMBL8495,0.76602066,1095,0,0
CHEMBL36561,0.76574266,1096,0,0
CHEMBL21542,0.76574266,1097,0,0
CHEMBL31269,0.76574266,1098,0,0
CHEMBL25778,0.76574266,1100,0,0
CHEMBL39558,0.76574266,1101,0,0
CHEMBL4436354,0.76574266,1102,0,0
CHEMBL22973,0.76574266,1103,0,0
CHEMBL39445,0.76574266,1104,0,0
CHEMBL32667,0.76574266,1105,0,0
CHEMBL38543,0.76574266,1106,0,0
CHEMBL26456,0.76574266,1107,0,0
CHEMBL31325,0.76574266,1108,0,0
CHEMBL3310764,0.76574266,1109,0,0
CHEMBL26534,0.76574266,1110,0,0
CHEMBL32231,0.76574266,1111,0,0
CHEMBL38035,0.76574266,1112,0,0
CHEMBL26070,0.76574266,1113,0,0
CHEMBL42518,0.76574266,1114,0,0
CHEMBL36727,0.76574266,1115,0,0
CHEMBL40196,0.76574266,1116,0,0
CHEMBL25405,0.76574266,1117,0,0
CHEMBL39674,0.76574266,1118,0,0
CHEMBL37737,0.76574266,1119,0,0
CHEMBL14893,0.76574266,1120,0,0
CHEMBL18150,0.76574266,1121,0,0
CHEMBL21664,0.76574266,1122,0,0
CHEMBL503623,0.76574266,1123,0,0
CHEMBL16966,0.7656128,1124,0,0
CHEMBL15468,0.7656128,1125,0,0
CHEMBL28346,0.7656128,1126,0,0
CHEMBL25211,0.7653698,1127,0,0
CHEMBL43187,0.765171,1128,0,0
CHEMBL22845,0.76507986,1129,0,0
CHEMBL4436328,0.7649149,1130,0,0
CHEMBL3311362,0.76475877,1131,0,0
CHEMBL7527,0.7646714,1132,0,0
CHEMBL4435496,0.7640787,1133,0,0
CHEMBL39920,0.7640787,1134,0,0
CHEMBL4436022,0.7640787,1135,0,0
CHEMBL13983,0.7640787,1136,0,0
CHEMBL4434826,0.7640787,1137,0,0
CHEMBL32852,0.7640787,1138,0,0
CHEMBL40090,0.7640787,1139,0,0
CHEMBL17435,0.7640787,1140,0,0
CHEMBL3309990,0.7640787,1141,0,0
CHEMBL10085,0.7640787,1142,0,0
CHEMBL4553608,0.7640787,1143,0,0
CHEMBL8168,0.763849,1144,0,0
CHEMBL31688,0.763849,1145,0,0
CHEMBL11549,0.763849,1146,0,0
CHEMBL4435514,0.7638443,1147,0,0
CHEMBL4436241,0.7637331,1148,0,0
CHEMBL509195,0.7637331,1149,0,0
CHEMBL8309,0.7637331,1150,0,0
CHEMBL22626,0.7637331,1151,0,0
CHEMBL4553544,0.7637331,1152,0,0
CHEMBL31043,0.76341283,1153,0,0
CHEMBL38844,0.76338047,1154,0,0
CHEMBL9067,0.76321936,1155,0,0
CHEMBL17662,0.76321936,1157,0,0
CHEMBL13511,0.76321936,1158,0,0
CHEMBL21449,0.76321936,1159,0,0
CHEMBL41783,0.76296437,1160,0,0
CHEMBL19153,0.76296437,1161,0,0
CHEMBL30051,0.76283526,1162,0,0
CHEMBL26478,0.7625731,1163,0,0
CHEMBL12616,0.7625731,1164,0,0
CHEMBL38459,0.7625731,1165,0,0
CHEMBL28162,0.7623106,1166,0,0
CHEMBL25202,0.76227933,1167,0,0
CHEMBL9148,0.76212984,1168,0,0
CHEMBL40211,0.76209944,1169,0,0
CHEMBL32478,0.7620634,1170,0,0
CHEMBL33061,0.7618731,1171,0,0
CHEMBL34259,0.76173776,1172,0,0
CHEMBL29364,0.76168907,1173,0,0
CHEMBL38264,0.76168907,1174,0,0
CHEMBL24053,0.7607551,1175,0,0
CHEMBL10431,0.76044935,1176,0,0
CHEMBL8810,0.76044494,1177,0,0
CHEMBL32648,0.7598519,1178,0,0
CHEMBL12693,0.75958484,1179,0,0
CHEMBL25403,0.75955695,1180,0,0
CHEMBL16221,0.75955695,1181,0,0
CHEMBL3309986,0.75955695,1182,0,0
CHEMBL40421,0.75955695,1183,0,0
CHEMBL4435518,0.75955695,1184,0,0
CHEMBL37063,0.75955695,1185,0,0
CHEMBL3311431,0.75955695,1186,0,0
CHEMBL31806,0.75955695,1187,0,0
CHEMBL36623,0.75955695,1188,0,0
CHEMBL1165739,0.75955695,1189,0,0
CHEMBL38896,0.75955695,1190,0,0
CHEMBL7259,0.75955695,1191,0,0
CHEMBL7017,0.75955695,1192,0,0
CHEMBL13357,0.75955695,1193,0,0
CHEMBL10821,0.75955695,1194,0,0
CHEMBL33401,0.75955695,1195,0,0
CHEMBL38173,0.75955695,1196,0,0
CHEMBL28306,0.75955695,1197,0,0
CHEMBL37706,0.75955695,1198,0,0
CHEMBL19071,0.75955695,1199,0,0
CHEMBL18978,0.75955695,1200,0,0
CHEMBL41609,0.7587142,1201,0,0
CHEMBL24293,0.7587142,1202,0,0
CHEMBL28140,0.75868016,1203,0,0
CHEMBL7104,0.7583802,1204,0,0
CHEMBL41070,0.7583715,1205,0,0
CHEMBL547008,0.7583715,1206,0,0
CHEMBL10655,0.7583715,1207,0,0
CHEMBL36500,0.7581714,1208,0,0
CHEMBL39171,0.7581615,1209,0,0
CHEMBL498871,0.7581461,1210,0,0
CHEMBL34451,0.7581461,1211,0,0
CHEMBL7662,0.7581461,1212,0,0
CHEMBL31334,0.7579591,1213,0,0
CHEMBL32314,0.7579429,1214,0,0
CHEMBL18815,0.7576573,1215,0,0
CHEMBL7478,0.7576573,1216,0,0
CHEMBL4435715,0.7576573,1217,0,0
CHEMBL3309981,0.75751114,1218,0,0
CHEMBL3309810,0.75751114,1219,0,0
CHEMBL20922,0.75751114,1220,0,0
CHEMBL573674,0.75751114,1221,0,0
CHEMBL23412,0.75751114,1222,0,0
CHEMBL32551,0.75751114,1223,0,0
CHEMBL35355,0.75751114,1224,0,0
CHEMBL39092,0.75751114,1225,0,0
CHEMBL4435897,0.75751114,1226,0,0
CHEMBL17465,0.75751114,1227,0,0
CHEMBL3309811,0.75751114,1228,0,0
CHEMBL3309812,0.75751114,1229,0,0
CHEMBL1090397,0.75751114,1230,0,0
CHEMBL27774,0.7574909,1231,0,0
CHEMBL36307,0.7574909,1232,0,0
CHEMBL34958,0.75740564,1233,0,0
CHEMBL3309699,0.75711304,1234,0,0
CHEMBL32850,0.7570843,1235,0,0
CHEMBL38685,0.7568998,1236,0,0
CHEMBL39483,0.7568998,1237,0,0
CHEMBL32679,0.7568244,1238,0,0
CHEMBL11638,0.7568244,1239,0,0
CHEMBL3311221,0.7568244,1240,0,0
CHEMBL43774,0.75638616,1241,0,0
CHEMBL36181,0.7563305,1242,0,0
CHEMBL40106,0.7563305,1243,0,0
CHEMBL502461,0.75626385,1244,0,0
CHEMBL37836,0.75618595,1245,0,0
CHEMBL20507,0.75580263,1246,0,0
CHEMBL42934,0.75580263,1247,0,0
CHEMBL42793,0.75580263,1248,0,0
CHEMBL21611,0.75580263,1249,0,0
CHEMBL25815,0.75580263,1250,0,0
CHEMBL29146,0.75580263,1251,0,0
CHEMBL9592,0.75580263,1252,0,0
CHEMBL32451,0.75580263,1253,0,0
CHEMBL41161,0.7554801,1254,0,0
CHEMBL26621,0.75541276,1255,0,0
CHEMBL17436,0.75541276,1256,0,0
CHEMBL4435639,0.7552367,1257,0,0
CHEMBL21236,0.75493395,1259,0,0
CHEMBL18919,0.754408,1260,0,0
CHEMBL8305,0.75436455,1261,0,0
CHEMBL1205123,0.7542055,1262,0,0
CHEMBL12950,0.7537181,1263,0,0
CHEMBL4553177,0.7535674,1264,0,0
CHEMBL41677,0.752974,1265,0,0
CHEMBL11892,0.7529415,1266,0,0
CHEMBL19990,0.7529415,1267,0,0
CHEMBL9018,0.7527923,1268,0,0
CHEMBL39499,0.7527914,1269,0,0
CHEMBL20712,0.7525885,1270,0,0
CHEMBL41359,0.7520631,1271,0,0
CHEMBL31718,0.7520631,1272,0,0
CHEMBL4436010,0.7520631,1273,0,0
CHEMBL4435370,0.7520631,1274,0,0
CHEMBL3309985,0.7520631,1275,0,0
CHEMBL16551,0.7520631,1276,0,0
CHEMBL40145,0.7520631,1277,0,0
CHEMBL17747,0.7520631,1278,0,0
CHEMBL19122,0.75157326,1279,0,0
CHEMBL25358,0.75157326,1280,0,0
CHEMBL18260,0.75157326,1281,0,0
CHEMBL19083,0.75157326,1282,0,0
CHEMBL4435487,0.75157326,1283,0,0
CHEMBL4435053,0.75157326,1284,0,0
CHEMBL19883,0.75157326,1285,0,0
CHEMBL20535,0.75157326,1286,0,0
CHEMBL25828,0.75157326,1287,0,0
CHEMBL20635,0.75157326,1288,0,0
CHEMBL37784,0.75157326,1289,0,0
CHEMBL8442,0.75157326,1290,0,0
CHEMBL27344,0.75157326,1291,0,0
CHEMBL19987,0.75157326,1292,0,0
CHEMBL31236,0.75157326,1293,0,0
CHEMBL36295,0.75157326,1294,0,0
CHEMBL33678,0.75157326,1295,0,0
CHEMBL35381,0.7515188,1296,0,0
CHEMBL20331,0.75151604,1297,0,0
CHEMBL8032,0.75151604,1298,0,0
CHEMBL7801,0.75151604,1299,0,0
CHEMBL17862,0.75151604,1300,0,0
CHEMBL27465,0.75151604,1301,0,0
CHEMBL4435751,0.75151604,1302,0,0
CHEMBL39190,0.75151604,1303,0,0
CHEMBL10275,0.75151604,1304,0,0
CHEMBL42881,0.75151604,1305,0,0
CHEMBL42373,0.75151604,1306,0,0
CHEMBL15459,0.7513263,1307,0,0
CHEMBL32740,0.7509599,1308,0,0
CHEMBL3310872,0.750951,1309,0,0
CHEMBL20307,0.7509031,1310,0,0
CHEMBL41031,0.7508786,1311,0,0
CHEMBL21946,0.7506294,1312,0,0
CHEMBL34403,0.7505567,1313,0,0
CHEMBL577467,0.7505567,1314,0,0
CHEMBL7062,0.7505567,1315,0,0
CHEMBL4116164,0.75039023,1316,0,0
CHEMBL29601,0.75038433,1317,0,0
CHEMBL29592,0.7501188,1318,0,0
CHEMBL9938,0.7501188,1319,0,0
CHEMBL43727,0.7494834,1320,0,0
CHEMBL15271,0.7494455,1321,0,0
CHEMBL29111,0.7492915,1322,0,0
CHEMBL19131,0.7492915,1323,0,0
CHEMBL41994,0.7492376,1324,0,0
CHEMBL36684,0.7489895,1325,0,0
CHEMBL21835,0.74895114,1326,0,0
CHEMBL24860,0.74895114,1327,0,0
CHEMBL25970,0.7488282,1328,0,0
CHEMBL4543513,0.74863815,1329,0,0
CHEMBL3311028,0.74863815,1330,0,0
CHEMBL37194,0.7482235,1331,0,0
CHEMBL40336,0.7482235,1332,0,0
CHEMBL552542,0.7482235,1333,0,0
CHEMBL24673,0.7482235,1334,0,0
CHEMBL36653,0.7482235,1335,0,0
CHEMBL22621,0.7482235,1336,0,0
CHEMBL4435528,0.7478315,1337,0,0
CHEMBL15809,0.7478315,1338,0,0
CHEMBL12966,0.74749875,1339,0,0
CHEMBL3309822,0.7473282,1340,0,0
CHEMBL26179,0.7471383,1341,0,0
CHEMBL16472,0.74701834,1342,0,0
CHEMBL4553657,0.74701834,1343,0,0
CHEMBL3309789,0.74701834,1344,0,0
CHEMBL4543459,0.74701834,1345,0,0
CHEMBL4436081,0.74701834,1346,0,0
CHEMBL10068,0.74701834,1347,0,0
CHEMBL13828,0.74701834,1348,0,0
CHEMBL23584,0.74701834,1349,0,0
CHEMBL1165801,0.74688673,1350,0,0
CHEMBL10881,0.74658144,1351,0,0
CHEMBL14026,0.7459595,1353,0,0
CHEMBL12254,0.7454483,1354,0,0
CHEMBL10909,0.7454483,1355,0,0
CHEMBL1203140,0.7454483,1356,0,0
CHEMBL42356,0.7454483,1357,0,0
CHEMBL17743,0.7454483,1358,0,0
CHEMBL4436135,0.7454483,1359,0,0
CHEMBL35603,0.7454483,1360,0,0
CHEMBL39583,0.7454483,1361,0,0
CHEMBL38185,0.7454483,1362,0,0
CHEMBL37804,0.74539053,1363,0,0
CHEMBL37407,0.7453462,1364,0,0
CHEMBL6987,0.74508566,1365,0,0
CHEMBL3310765,0.74467504,1366,0,0
CHEMBL36976,0.74467504,1367,0,0
CHEMBL38886,0.74467504,1368,0,0
CHEMBL34225,0.74467504,1369,0,0
CHEMBL35051,0.74467504,1370,0,0
CHEMBL34445,0.74467504,1371,0,0
CHEMBL35212,0.74467504,1372,0,0
CHEMBL33538,0.74467504,1373,0,0
CHEMBL16543,0.74467504,1374,0,0
CHEMBL21990,0.74467504,1375,0,0
CHEMBL35440,0.74467504,1376,0,0
CHEMBL13974,0.74467504,1377,0,0
CHEMBL4436452,0.74467504,1378,0,0
CHEMBL40061,0.74467504,1379,0,0
CHEMBL39603,0.74467504,1380,0,0
CHEMBL14610,0.74467504,1381,0,0
CHEMBL21537,0.74467504,1382,0,0
CHEMBL24599,0.74467504,1383,0,0
CHEMBL13780,0.74467504,1384,0,0
CHEMBL4436072,0.74467504,1385,0,0
CHEMBL6949,0.74467504,1386,0,0
CHEMBL6687,0.74467504,1387,0,0
CHEMBL41586,0.74467504,1388,0,0
CHEMBL27979,0.74467504,1389,0,0
CHEMBL4435823,0.74467504,1390,0,0
CHEMBL19028,0.74467504,1391,0,0
CHEMBL28209,0.74467504,1392,0,0
CHEMBL4435169,0.74467504,1393,0,0
CHEMBL11431,0.74467504,1394,0,0
CHEMBL41826,0.7446419,1395,0,0
CHEMBL41205,0.7446419,1396,0,0
CHEMBL18132,0.7444136,1397,0,0
CHEMBL40548,0.7440924,1398,0,0
CHEMBL28982,0.7440898,1399,0,0
CHEMBL4553622,0.7440898,1400,0,0
CHEMBL42500,0.7440168,1401,0,0
CHEMBL20931,0.74400234,1402,0,0
CHEMBL20539,0.74400234,1403,0,0
CHEMBL15202,0.7437699,1404,0,0
CHEMBL39949,0.7437699,1405,0,0
CHEMBL12548,0.7435022,1406,0,0
CHEMBL4553687,0.74318844,1407,0,0
CHEMBL17210,0.74318844,1408,0,0
CHEMBL1165499,0.74318844,1409,0,0
CHEMBL20953,0.74318844,1410,0,0
CHEMBL4436017,0.74318844,1411,0,0
CHEMBL4434645,0.74318844,1412,0,0
CHEMBL39161,0.74318844,1413,0,0
CHEMBL37093,0.74318844,1414,0,0
CHEMBL27048,0.74318844,1415,0,0
CHEMBL19952,0.7428522,1416,0,0
CHEMBL26875,0.74279463,1417,0,0
CHEMBL25665,0.74275446,1418,0,0
CHEMBL4553628,0.74275446,1419,0,0
CHEMBL1172401,0.74275446,1420,0,0
CHEMBL17726,0.74275446,1421,0,0
CHEMBL30962,0.74275446,1422,0,0
CHEMBL21104,0.74275446,1423,0,0
CHEMBL28692,0.74275446,1424,0,0
CHEMBL3310852,0.74275446,1425,0,0
CHEMBL20169,0.74275446,1426,0,0
CHEMBL505038,0.74223745,1427,0,0
CHEMBL19992,0.74223745,1428,0,0
CHEMBL28177,0.7421377,1429,0,0
CHEMBL38821,0.74181557,1430,0,0
CHEMBL17205,0.74181557,1431,0,0
CHEMBL33013,0.74181557,1432,0,1
CHEMBL600867,0.74181557,1433,0,0
CHEMBL9112,0.74181557,1434,0,0
CHEMBL4434933,0.7417241,1435,0,0
CHEMBL10078,0.7417241,1436,0,0
CHEMBL40308,0.74154955,1437,0,0
CHEMBL28524,0.74154955,1438,0,0
CHEMBL12218,0.74154955,1439,0,0
CHEMBL22449,0.7415305,1440,0,0
CHEMBL3309541,0.7413327,1441,0,0
CHEMBL9110,0.7413327,1442,0,0
CHEMBL27856,0.7413327,1443,0,0
CHEMBL39507,0.7413327,1444,0,0
CHEMBL4435608,0.7413327,1445,0,0
CHEMBL27493,0.7409435,1446,0,0
CHEMBL41096,0.7409435,1447,0,0
CHEMBL31361,0.7409435,1448,0,0
CHEMBL27382,0.7409435,1449,0,0
CHEMBL4435363,0.7408859,1450,0,0
CHEMBL19623,0.7408859,1451,0,0
CHEMBL14678,0.7408859,1452,0,0
CHEMBL24631,0.7408859,1453,0,0
CHEMBL33007,0.7408859,1454,0,0
CHEMBL20380,0.7408859,1455,0,0
CHEMBL3310375,0.7408859,1456,0,0
CHEMBL4435012,0.7408209,1457,0,0
CHEMBL38848,0.7406253,1458,0,0
CHEMBL42521,0.7406253,1459,0,0
CHEMBL20657,0.7406253,1460,0,0
CHEMBL14454,0.7406196,1461,0,0
CHEMBL35181,0.7406196,1462,0,0
CHEMBL29324,0.7403013,1463,0,0
CHEMBL33740,0.7403013,1464,0,0
CHEMBL33456,0.7398388,1465,0,0
CHEMBL8605,0.7393174,1466,0,0
CHEMBL13647,0.73931026,1467,0,0
CHEMBL32085,0.73920786,1468,0,0
CHEMBL7370,0.7389585,1469,0,0
CHEMBL30228,0.7389585,1470,0,0
CHEMBL29656,0.7389585,1471,0,0
CHEMBL4434911,0.7389585,1472,0,0
CHEMBL3309790,0.7389585,1473,0,0
CHEMBL2158338,0.7389585,1474,0,0
CHEMBL18196,0.7389585,1475,0,0
CHEMBL37487,0.7389585,1476,0,0
CHEMBL33187,0.7389585,1477,0,0
CHEMBL15188,0.7389585,1478,0,0
CHEMBL35978,0.7389585,1479,0,0
CHEMBL10027,0.7389585,1480,0,0
CHEMBL4543569,0.7387595,1481,0,0
CHEMBL26844,0.7387595,1482,0,0
CHEMBL1214569,0.73870414,1483,0,0
CHEMBL19672,0.73870414,1484,0,0
CHEMBL19052,0.7386544,1485,0,0
CHEMBL8429,0.7386544,1486,0,0
CHEMBL35053,0.7386544,1487,0,0
CHEMBL4435066,0.7386544,1488,0,0
CHEMBL23536,0.7386544,1489,0,0
CHEMBL25993,0.73850876,1490,0,0
CHEMBL12052,0.73815876,1491,0,0
CHEMBL37511,0.7380305,1492,0,0
CHEMBL1163161,0.7380305,1493,0,0
CHEMBL4436094,0.7380167,1494,0,0
CHEMBL40437,0.73798066,1495,0,0
CHEMBL10633,0.73798066,1496,0,0
CHEMBL39187,0.73798066,1497,0,0
CHEMBL4436436,0.73798066,1498,0,0
CHEMBL36429,0.73797655,1499,0,0
CHEMBL26025,0.73773766,1500,0,0
CHEMBL30370,0.73773766,1501,0,0
CHEMBL11437,0.73773766,1502,0,0
CHEMBL17703,0.73773766,1503,0,0
CHEMBL21913,0.7376515,1504,0,0
CHEMBL34413,0.7375701,1505,0,0
CHEMBL22046,0.7375701,1506,0,0
CHEMBL13128,0.7375701,1507,0,0
CHEMBL19120,0.7373505,1508,0,0
CHEMBL37515,0.73728377,1509,0,0
CHEMBL34464,0.73728377,1510,0,0
CHEMBL3309791,0.7372552,1511,0,0
CHEMBL42108,0.7372552,1512,0,0
CHEMBL29005,0.7372552,1513,0,0
CHEMBL29040,0.7372552,1514,0,0
CHEMBL3309469,0.7372552,1515,0,0
CHEMBL4434763,0.737235,1516,0,0
CHEMBL41875,0.737235,1517,0,0
CHEMBL1172740,0.737235,1518,0,0
CHEMBL6938,0.73720795,1519,0,0
CHEMBL37548,0.73720795,1520,0,0
CHEMBL21176,0.7371589,1521,0,0
CHEMBL11742,0.73708564,1522,0,0
CHEMBL43735,0.736624,1523,0,0
CHEMBL4436177,0.735794,1524,0,0
CHEMBL17831,0.7352158,1525,0,0
CHEMBL3309385,0.7350363,1526,0,0
CHEMBL19179,0.73475164,1527,0,0
CHEMBL4435993,0.73469615,1528,0,0
CHEMBL1783560,0.73448765,1529,0,0
CHEMBL39427,0.73448765,1530,0,0
CHEMBL10160,0.734166,1531,0,0
CHEMBL14601,0.7340102,1532,0,0
CHEMBL12016,0.7340102,1533,0,0
CHEMBL7245,0.7340102,1534,0,0
CHEMBL18864,0.7337244,1535,0,0
CHEMBL4435018,0.7337244,1536,0,0
CHEMBL41501,0.7337244,1537,0,0
CHEMBL38401,0.7331184,1538,0,0
CHEMBL33168,0.7331184,1539,0,1
CHEMBL18860,0.7331184,1540,0,0
CHEMBL36904,0.73309505,1541,0,0
CHEMBL26151,0.73304564,1542,0,0
CHEMBL38629,0.7326455,1543,0,0
CHEMBL43818,0.7326228,1544,0,0
CHEMBL39312,0.7324989,1545,0,0
CHEMBL38740,0.73231286,1546,0,0
CHEMBL1163262,0.73231286,1547,0,0
CHEMBL4436492,0.73231286,1548,0,0
CHEMBL20107,0.73231286,1549,0,0
CHEMBL4435443,0.73231286,1550,0,0
CHEMBL3310060,0.73231286,1551,0,0
CHEMBL28363,0.73231286,1552,0,0
CHEMBL22443,0.73231286,1553,0,0
CHEMBL26952,0.73231286,1554,0,0
CHEMBL35898,0.73231286,1555,0,0
CHEMBL4436217,0.73231286,1556,0,0
CHEMBL11007,0.73231286,1557,0,0
CHEMBL14499,0.73231286,1558,0,0
CHEMBL28203,0.7322633,1559,0,0
CHEMBL6226,0.7319631,1560,0,0
CHEMBL27889,0.73187214,1561,0,0
CHEMBL21101,0.73187214,1562,0,0
CHEMBL8612,0.73183495,1563,0,0
CHEMBL13684,0.73161227,1564,0,0
CHEMBL27070,0.7314885,1565,0,0
CHEMBL609016,0.7314885,1566,0,0
CHEMBL4435702,0.7314885,1567,0,0
CHEMBL41570,0.7314885,1568,0,0
CHEMBL27773,0.7314885,1569,0,0
CHEMBL11150,0.7314885,1570,0,0
CHEMBL18165,0.7313827,1571,0,0
CHEMBL4543467,0.73128855,1572,0,0
CHEMBL4434912,0.7309796,1573,0,0
CHEMBL11495,0.73087114,1574,0,0
CHEMBL3311248,0.73087114,1575,0,0
CHEMBL3309849,0.73087114,1576,0,0
CHEMBL22684,0.730865,1577,0,0
CHEMBL30906,0.730865,1578,0,0
CHEMBL41176,0.7308599,1579,0,0
CHEMBL26713,0.7308599,1580,0,0
CHEMBL38438,0.7305855,1581,0,0
CHEMBL4436063,0.7305855,1582,0,0
CHEMBL38083,0.730534,1583,0,0
CHEMBL27748,0.7304841,1584,0,0
CHEMBL16688,0.73028976,1585,0,0
CHEMBL4116096,0.73028976,1586,0,0
CHEMBL12231,0.73028976,1587,0,0
CHEMBL3309929,0.73028976,1588,0,0
CHEMBL3310250,0.73028976,1589,0,0
CHEMBL9149,0.73028976,1590,0,0
CHEMBL8998,0.7301826,1591,0,0
CHEMBL18322,0.72994065,1592,0,0
CHEMBL1205733,0.7297578,1593,0,0
CHEMBL26126,0.7296259,1594,0,0
CHEMBL22280,0.7296259,1595,0,0
CHEMBL18951,0.7296259,1596,0,0
CHEMBL17640,0.7296259,1597,0,0
CHEMBL12675,0.7296259,1598,0,0
CHEMBL38959,0.7296259,1599,0,0
CHEMBL32966,0.7296259,1600,0,0
CHEMBL25462,0.7296259,1601,0,0
CHEMBL11146,0.7296259,1602,0,0
CHEMBL35488,0.7296259,1603,0,0
CHEMBL32171,0.7296259,1604,0,0
CHEMBL1199159,0.7296259,1605,0,0
CHEMBL11440,0.7296259,1606,0,0
CHEMBL28171,0.7296259,1607,0,0
CHEMBL13098,0.7296259,1608,0,0
CHEMBL36860,0.7296259,1609,0,0
CHEMBL21888,0.7296259,1610,0,0
CHEMBL25708,0.7296259,1611,0,0
CHEMBL33221,0.7296259,1612,0,0
CHEMBL7218,0.7296259,1613,0,0
CHEMBL36570,0.7296259,1614,0,0
CHEMBL10412,0.7296259,1615,0,0
CHEMBL25099,0.7296259,1616,0,0
CHEMBL9468,0.7296259,1617,0,0
CHEMBL4436578,0.7296259,1618,0,0
CHEMBL28819,0.7296024,1619,0,0
CHEMBL36485,0.7296024,1620,0,0
CHEMBL3310297,0.7296024,1621,0,0
CHEMBL31226,0.7296024,1622,0,0
CHEMBL30242,0.7296024,1623,0,0
CHEMBL3309337,0.729339,1624,0,0
CHEMBL35093,0.7289924,1625,0,0
CHEMBL15023,0.7289924,1626,0,0
CHEMBL40302,0.7289924,1627,0,0
CHEMBL40185,0.72895527,1628,0,0
CHEMBL22138,0.7284554,1629,0,0
CHEMBL38182,0.72833,1630,0,0
CHEMBL34353,0.7281836,1631,0,0
CHEMBL4560002,0.7281836,1632,0,0
CHEMBL1163388,0.7281836,1633,0,0
CHEMBL4435077,0.7268378,1634,0,0
CHEMBL18011,0.726761,1635,0,0
CHEMBL28978,0.72656125,1636,0,0
CHEMBL4435429,0.7264458,1637,0,0
CHEMBL4436450,0.726327,1638,0,0
CHEMBL25596,0.7260657,1639,0,0
CHEMBL37459,0.7260657,1640,0,0
CHEMBL41014,0.7260657,1641,0,0
CHEMBL18525,0.7260657,1642,0,0
CHEMBL8919,0.7260657,1643,0,0
CHEMBL1163357,0.7260657,1644,0,0
CHEMBL32384,0.7260657,1645,0,0
CHEMBL37861,0.7260657,1646,0,0
CHEMBL39496,0.7260657,1647,0,0
CHEMBL37542,0.7260657,1648,0,0
CHEMBL4434976,0.7260657,1649,0,0
CHEMBL39170,0.7260657,1650,0,0
CHEMBL36218,0.7260657,1651,0,0
CHEMBL8101,0.7260657,1652,0,0
CHEMBL19611,0.7260657,1653,0,0
CHEMBL3347302,0.7260657,1654,0,0
CHEMBL20123,0.7260657,1655,0,0
CHEMBL8324,0.7260657,1656,0,0
CHEMBL23813,0.7260657,1657,0,0
CHEMBL20315,0.7260657,1658,0,0
CHEMBL22140,0.7260657,1659,0,0
CHEMBL40420,0.7260657,1660,0,0
CHEMBL7480,0.7260657,1661,0,0
CHEMBL15628,0.7260657,1662,0,0
CHEMBL20631,0.72594094,1663,0,0
CHEMBL29796,0.72571105,1664,0,0
CHEMBL22434,0.72571105,1665,0,0
CHEMBL24173,0.72571105,1666,0,0
CHEMBL33451,0.72571105,1667,0,0
CHEMBL17340,0.72571105,1668,0,0
CHEMBL4434796,0.72571105,1669,0,0
CHEMBL18223,0.72571105,1670,0,0
CHEMBL10451,0.72571105,1671,0,0
CHEMBL16103,0.72566456,1672,0,0
CHEMBL20587,0.72566456,1673,0,0
CHEMBL20711,0.72566456,1674,0,0
CHEMBL11719,0.72566456,1675,0,0
CHEMBL6597,0.72526336,1676,0,0
CHEMBL1165530,0.72526336,1677,0,0
CHEMBL16920,0.72515726,1678,0,0
CHEMBL16255,0.72474825,1679,0,0
CHEMBL15505,0.724568,1680,0,0
CHEMBL6747,0.724568,1681,0,0
CHEMBL43649,0.7244106,1682,0,0
CHEMBL30769,0.7240882,1683,0,0
CHEMBL24974,0.723707,1684,0,0
CHEMBL24629,0.723707,1685,0,0
CHEMBL12801,0.723707,1686,0,0
CHEMBL11822,0.723707,1687,0,0
CHEMBL12533,0.723707,1688,0,0
CHEMBL4435126,0.723707,1689,0,0
CHEMBL23430,0.723707,1690,0,0
CHEMBL10370,0.723707,1691,0,0
CHEMBL27645,0.723707,1692,0,0
CHEMBL39466,0.72365236,1693,0,0
CHEMBL595765,0.72365236,1694,0,0
CHEMBL18948,0.72365236,1695,0,0
CHEMBL27135,0.72365236,1696,0,0
CHEMBL11836,0.72365236,1697,0,0
CHEMBL19244,0.72365236,1698,0,0
CHEMBL3309548,0.7234546,1699,0,0
CHEMBL17624,0.7234546,1700,0,0
CHEMBL39128,0.7234546,1701,0,0
CHEMBL40186,0.723269,1702,0,0
CHEMBL40460,0.723269,1703,0,0
CHEMBL32002,0.72323596,1704,0,0
CHEMBL25021,0.7229962,1705,0,0
CHEMBL14206,0.72283757,1706,0,0
CHEMBL17032,0.72283757,1707,0,0
CHEMBL19645,0.72283757,1708,0,0
CHEMBL33597,0.72283757,1709,0,0
CHEMBL33364,0.72283757,1710,0,0
CHEMBL4435901,0.72283757,1711,0,0
CHEMBL16641,0.7227868,1712,0,0
CHEMBL19896,0.7227868,1713,0,0
CHEMBL33021,0.7227868,1714,0,0
CHEMBL18072,0.72241974,1715,0,0
CHEMBL25657,0.72241974,1716,0,0
CHEMBL39040,0.72241974,1717,0,0
CHEMBL13751,0.722401,1718,0,0
CHEMBL25623,0.722401,1719,0,0
CHEMBL27391,0.7222994,1721,0,0
CHEMBL28316,0.72220135,1722,0,0
CHEMBL4434661,0.72220135,1723,0,0
CHEMBL14356,0.72220135,1724,0,0
CHEMBL39024,0.72220135,1725,0,0
CHEMBL37029,0.72220135,1726,0,0
CHEMBL33844,0.72220135,1727,0,0
CHEMBL1201295,0.72220135,1728,0,0
CHEMBL4560025,0.72220135,1729,0,0
CHEMBL40114,0.72220135,1730,0,0
CHEMBL40933,0.72220135,1731,0,0
CHEMBL27452,0.722009,1732,0,0
CHEMBL21713,0.72164315,1733,0,0
CHEMBL33553,0.72164315,1734,0,0
CHEMBL38313,0.72164315,1735,0,0
CHEMBL42379,0.7205226,1736,0,0
CHEMBL1163504,0.72048473,1737,0,0
CHEMBL4435110,0.72048473,1738,0,0
CHEMBL9616,0.72048473,1739,0,0
CHEMBL16316,0.72048473,1740,0,0
CHEMBL20617,0.72048473,1741,0,0
CHEMBL3310002,0.72048473,1742,0,0
CHEMBL23442,0.72048473,1743,0,0
CHEMBL36443,0.72048473,1744,0,0
CHEMBL22666,0.72048473,1745,0,0
CHEMBL8921,0.72048473,1746,0,0
CHEMBL13001,0.72048473,1747,0,0
CHEMBL4434824,0.72048473,1748,0,0
CHEMBL12491,0.72048473,1749,0,0
CHEMBL4436270,0.72048473,1750,0,0
CHEMBL4436392,0.72048473,1751,0,0
CHEMBL40579,0.72048473,1752,0,0
CHEMBL14224,0.72048473,1753,0,0
CHEMBL18037,0.72045493,1754,0,0
CHEMBL19349,0.7203613,1755,0,0
CHEMBL8212,0.7193358,1756,0,0
CHEMBL4435506,0.7193358,1757,0,0
CHEMBL20112,0.7193358,1758,0,0
CHEMBL36287,0.7193358,1759,0,0
CHEMBL29933,0.71922565,1760,0,0
CHEMBL38534,0.71922565,1761,0,0
CHEMBL21614,0.71885645,1762,0,0
CHEMBL30218,0.71885645,1763,0,0
CHEMBL36367,0.71885645,1764,0,0
CHEMBL4435193,0.71885645,1765,0,0
CHEMBL31944,0.71885645,1766,0,0
CHEMBL36955,0.71885645,1767,0,0
CHEMBL20048,0.71885395,1768,0,0
CHEMBL36441,0.7175675,1769,0,0
CHEMBL35378,0.71737087,1770,0,0
CHEMBL37637,0.717309,1771,0,0
CHEMBL25597,0.7172169,1772,0,0
CHEMBL19540,0.716933,1773,0,0
CHEMBL12085,0.71682185,1774,0,0
CHEMBL29064,0.7166795,1775,0,0
CHEMBL4435695,0.7166795,1776,0,0
CHEMBL36696,0.7166795,1777,0,0
CHEMBL35260,0.7166795,1778,0,0
CHEMBL9934,0.7166795,1779,0,0
CHEMBL28497,0.7166795,1780,0,0
CHEMBL43772,0.7166795,1781,0,0
CHEMBL36747,0.7166795,1782,0,0
CHEMBL39854,0.7166795,1783,0,0
CHEMBL3310343,0.7166795,1784,0,0
CHEMBL28673,0.7166795,1785,0,0
CHEMBL33679,0.7166795,1786,0,0
CHEMBL38696,0.7166795,1787,0,0
CHEMBL4436341,0.7166795,1788,0,0
CHEMBL40578,0.7166795,1789,0,0
CHEMBL4435399,0.716665,1790,0,0
CHEMBL17024,0.716665,1791,0,0
CHEMBL3309772,0.716665,1792,0,0
CHEMBL38023,0.716665,1793,0,0
CHEMBL39430,0.7161003,1794,0,0
CHEMBL10810,0.7161003,1795,0,0
CHEMBL3310245,0.716074,1796,0,0
CHEMBL4560011,0.716024,1797,0,0
CHEMBL7460,0.7152357,1798,0,0
CHEMBL38962,0.7149122,1799,0,0
CHEMBL39475,0.7146976,1800,0,0
CHEMBL18553,0.7146976,1801,0,0
CHEMBL6891,0.7146976,1802,0,0
CHEMBL18923,0.7146976,1803,0,0
CHEMBL29705,0.7146976,1804,0,0
CHEMBL17518,0.7146976,1805,0,0
CHEMBL34109,0.7146976,1806,0,0
CHEMBL15820,0.7146976,1807,0,0
CHEMBL36049,0.71456975,1808,0,0
CHEMBL4543326,0.7141271,1809,0,0
CHEMBL15122,0.714021,1810,0,0
CHEMBL41120,0.714021,1811,0,0
CHEMBL848,0.7139338,1812,0,0
CHEMBL25082,0.7139338,1813,0,0
CHEMBL29778,0.71388245,1814,0,0
CHEMBL21501,0.7137903,1815,0,0
CHEMBL492,0.71307814,1816,0,0
CHEMBL6445,0.7127978,1817,0,0
CHEMBL3310331,0.71240747,1818,0,0
CHEMBL12213,0.7123217,1819,0,0
CHEMBL11849,0.71227324,1820,0,0
CHEMBL8169,0.71227324,1821,0,0
CHEMBL22702,0.71225065,1822,0,0
CHEMBL10834,0.71225065,1823,0,0
CHEMBL26741,0.71174985,1824,0,0
CHEMBL37997,0.7116574,1825,0,0
CHEMBL23297,0.7116574,1826,0,0
CHEMBL31031,0.7116574,1827,0,0
CHEMBL11581,0.7114135,1828,0,0
CHEMBL29610,0.7102945,1829,0,0
CHEMBL4559965,0.7102945,1830,0,0
CHEMBL7465,0.7102945,1831,0,0
CHEMBL27529,0.7102133,1832,0,0
CHEMBL15802,0.7101624,1833,0,0
CHEMBL8645,0.7100697,1834,0,0
CHEMBL23909,0.70996183,1835,0,0
CHEMBL11053,0.70981324,1836,0,0
CHEMBL17085,0.70981324,1837,0,0
CHEMBL21543,0.70981324,1838,0,0
CHEMBL590751,0.70981324,1839,0,0
CHEMBL14437,0.70981324,1840,0,0
CHEMBL24030,0.70981324,1841,0,0
CHEMBL14502,0.70981324,1842,0,0
CHEMBL40195,0.70981324,1843,0,0
CHEMBL38130,0.70981324,1844,0,0
CHEMBL12257,0.70981324,1845,0,0
CHEMBL6268,0.70981324,1846,0,0
CHEMBL12714,0.70981324,1847,0,0
CHEMBL3310101,0.70981324,1848,0,0
CHEMBL36162,0.7096895,1849,0,0
CHEMBL36866,0.7096895,1850,0,0
CHEMBL4435497,0.7096895,1851,0,0
CHEMBL19731,0.7096895,1852,0,0
CHEMBL17625,0.7096895,1853,0,0
CHEMBL4434833,0.7096895,1854,0,0
CHEMBL14177,0.7096895,1855,0,0
CHEMBL37224,0.7096895,1856,0,0
CHEMBL16378,0.7096895,1857,0,0
CHEMBL40797,0.7096895,1858,0,0
CHEMBL25456,0.7096895,1859,0,0
CHEMBL21555,0.7096895,1860,0,0
CHEMBL37662,0.7096895,1861,0,0
CHEMBL3311427,0.7096895,1862,0,0
CHEMBL3310172,0.7096895,1863,0,0
CHEMBL17439,0.7096895,1864,0,0
CHEMBL4435454,0.70953244,1865,0,0
CHEMBL26591,0.70953244,1866,0,0
CHEMBL20126,0.70953244,1867,0,0
CHEMBL33418,0.7093671,1868,0,0
CHEMBL1213309,0.7091544,1869,0,0
CHEMBL30836,0.7085515,1870,0,0
CHEMBL9304,0.70852125,1871,0,0
CHEMBL4436353,0.708439,1872,0,0
CHEMBL41302,0.708439,1873,0,0
CHEMBL3309977,0.708439,1874,0,0
CHEMBL36585,0.7082246,1875,0,0
CHEMBL18124,0.7082246,1876,0,0
CHEMBL14698,0.7076879,1877,0,0
CHEMBL29653,0.7076879,1878,0,0
CHEMBL30130,0.7076879,1879,0,0
CHEMBL21781,0.7074379,1880,0,0
CHEMBL4543241,0.70717436,1881,0,0
CHEMBL38747,0.7070999,1882,0,0
CHEMBL16875,0.7070999,1883,0,0
CHEMBL552652,0.7070999,1884,0,0
CHEMBL41636,0.7070999,1885,0,0
CHEMBL29529,0.7070999,1886,0,0
CHEMBL39375,0.7070999,1887,0,0
CHEMBL3311448,0.7070999,1888,0,0
CHEMBL42096,0.7070999,1889,0,0
CHEMBL16468,0.7070999,1890,0,0
CHEMBL18289,0.7070999,1891,0,0
CHEMBL4436277,0.7068773,1892,0,0
CHEMBL27298,0.706862,1893,0,0
CHEMBL35201,0.7067515,1894,0,0
CHEMBL26324,0.7067515,1895,0,0
CHEMBL18747,0.7067515,1896,0,0
CHEMBL25102,0.7067515,1897,0,0
CHEMBL36199,0.7067515,1898,0,0
CHEMBL23381,0.7067515,1899,0,0
CHEMBL8110,0.7067515,1900,0,0
CHEMBL6639,0.70673263,1901,0,0
CHEMBL4435637,0.70672274,1902,0,0
CHEMBL41186,0.7065449,1903,0,0
CHEMBL75,0.7065449,1904,0,0
CHEMBL405225,0.7065449,1905,0,0
CHEMBL21115,0.7065449,1906,0,0
CHEMBL19470,0.7064713,1907,0,0
CHEMBL27131,0.7063779,1908,0,0
CHEMBL34463,0.7062365,1909,0,0
CHEMBL3309778,0.7058482,1910,0,0
CHEMBL18045,0.7058482,1911,0,0
CHEMBL18727,0.7058482,1912,0,0
CHEMBL4436308,0.7058482,1913,0,0
CHEMBL20645,0.7058482,1914,0,0
CHEMBL29510,0.7058482,1915,0,0
CHEMBL25084,0.7056792,1916,0,0
CHEMBL17480,0.7056792,1917,0,0
CHEMBL16400,0.7051755,1918,0,0
CHEMBL21620,0.7050153,1919,0,0
CHEMBL15192,0.7047406,1920,0,0
CHEMBL3310084,0.7047406,1921,0,0
CHEMBL4434664,0.7043821,1922,0,0
CHEMBL29158,0.7043761,1923,0,0
CHEMBL35080,0.7039314,1924,0,0
CHEMBL42679,0.7039314,1925,0,0
CHEMBL28797,0.7039314,1926,0,0
CHEMBL32947,0.70356274,1928,0,0
CHEMBL4435626,0.70356274,1929,0,0
CHEMBL4435511,0.70356274,1930,0,0
CHEMBL34706,0.70356274,1931,0,0
CHEMBL35040,0.70356274,1932,0,0
CHEMBL16,0.70349264,1933,0,0
CHEMBL4436524,0.70349264,1934,0,0
CHEMBL26804,0.70308614,1935,0,0
CHEMBL42775,0.70302844,1936,0,0
CHEMBL603154,0.7029507,1937,0,0
CHEMBL14675,0.7027241,1938,0,0
CHEMBL27771,0.7027241,1939,0,0
CHEMBL39107,0.7027241,1940,0,0
CHEMBL28159,0.7027241,1941,0,0
CHEMBL10272,0.7027241,1942,0,0
CHEMBL27475,0.70249206,1943,0,0
CHEMBL32635,0.7024319,1944,0,0
CHEMBL11398,0.7024132,1945,0,0
CHEMBL10118,0.70220494,1946,0,0
CHEMBL23454,0.7022049,1947,0,0
CHEMBL3309549,0.7021921,1948,0,0
CHEMBL9649,0.70205426,1949,0,0
CHEMBL26199,0.70205426,1950,0,0
CHEMBL27929,0.70182526,1951,0,0
CHEMBL20847,0.7015574,1952,0,0
CHEMBL3309620,0.7015034,1953,0,0
CHEMBL40054,0.7015034,1954,0,0
CHEMBL41278,0.7013504,1955,0,0
CHEMBL23377,0.7013504,1956,0,0
CHEMBL3309802,0.7013504,1957,0,0
CHEMBL29676,0.7012427,1958,0,0
CHEMBL38904,0.7012427,1959,0,0
CHEMBL21921,0.7012427,1960,0,0
CHEMBL14595,0.7012391,1961,0,0
CHEMBL35663,0.7011361,1962,0,0
CHEMBL17346,0.7011361,1963,0,0
CHEMBL3310770,0.7009762,1964,0,0
CHEMBL26050,0.7009762,1965,0,0
CHEMBL17996,0.7009762,1966,0,0
CHEMBL32908,0.7009762,1967,0,0
CHEMBL33330,0.700907,1968,0,0
CHEMBL17331,0.7008385,1969,0,0
CHEMBL35492,0.7008385,1970,0,0
CHEMBL36420,0.70083296,1971,0,0
CHEMBL21950,0.7008142,1972,0,0
CHEMBL38351,0.7005688,1973,0,0
CHEMBL35231,0.7005688,1974,0,0
CHEMBL39123,0.7005688,1975,0,0
CHEMBL21809,0.7005688,1976,0,0
CHEMBL31644,0.7005688,1977,0,0
CHEMBL12072,0.7005688,1978,0,0
CHEMBL33142,0.70049703,1979,0,0
CHEMBL21121,0.70049703,1980,0,0
CHEMBL10317,0.70044684,1981,0,0
CHEMBL24615,0.70044684,1982,0,0
CHEMBL9647,0.70044684,1983,0,0
CHEMBL29389,0.70044684,1984,0,0
CHEMBL21656,0.70044684,1985,0,0
CHEMBL42856,0.70042497,1986,0,0
CHEMBL10312,0.70042497,1987,0,0
CHEMBL4553580,0.70018446,1988,0,0
CHEMBL11965,0.7001613,1989,0,0
CHEMBL10654,0.70014703,1990,0,0
CHEMBL9232,0.70014703,1991,0,0
CHEMBL34257,0.7001222,1992,0,0
CHEMBL34919,0.7001222,1993,0,0
CHEMBL29285,0.7001222,1994,0,0
CHEMBL4543376,0.7001222,1995,0,0
CHEMBL39220,0.7001222,1996,0,0
CHEMBL20921,0.7001222,1997,0,0
CHEMBL26473,0.7001222,1998,0,0
CHEMBL37598,0.7001222,1999,0,0
CHEMBL33918,0.7001222,2000,0,0
CHEMBL22517,0.7001222,2001,0,0
CHEMBL4436184,0.7001222,2002,0,0
CHEMBL36543,0.7001222,2003,0,0
CHEMBL534280,0.7001222,2004,0,0
CHEMBL3310021,0.7001222,2005,0,0
CHEMBL40016,0.7001222,2006,0,0
CHEMBL12359,0.7001222,2007,0,0
CHEMBL7587,0.7001222,2008,0,0
CHEMBL12710,0.7001222,2009,0,0
CHEMBL35086,0.7001222,2010,0,0
CHEMBL22022,0.7001222,2011,0,0
CHEMBL28457,0.7001222,2012,0,0
CHEMBL26352,0.7001222,2013,0,0
CHEMBL21573,0.7001222,2014,0,0
CHEMBL9922,0.7001222,2015,0,0
CHEMBL37499,0.7001222,2016,0,0
CHEMBL20237,0.7001222,2017,0,0
CHEMBL21382,0.7001222,2018,0,0
CHEMBL4435641,0.7001222,2019,0,0
CHEMBL35941,0.7001222,2020,0,0
CHEMBL22438,0.7001222,2021,0,0
CHEMBL16752,0.7001222,2022,0,0
CHEMBL7113,0.7001222,2023,0,0
CHEMBL35312,0.7001222,2024,0,0
CHEMBL9571,0.7001222,2025,0,0
CHEMBL38042,0.7001222,2026,0,0
CHEMBL31648,0.7001222,2027,0,0
CHEMBL27685,0.7001222,2028,0,0
CHEMBL17127,0.7001222,2029,0,0
CHEMBL4559951,0.7001222,2030,0,0
CHEMBL32881,0.7001222,2031,0,0
CHEMBL22109,0.7001222,2032,0,0
CHEMBL40435,0.7001222,2033,0,0
CHEMBL8282,0.7001222,2034,0,0
CHEMBL30246,0.69944245,2035,0,0
CHEMBL33190,0.69908655,2036,0,0
CHEMBL8841,0.69908655,2037,0,0
CHEMBL25386,0.69908655,2038,0,0
CHEMBL16762,0.69908655,2039,0,0
CHEMBL22629,0.69908655,2040,0,0
CHEMBL7575,0.69908655,2041,0,0
CHEMBL41313,0.69908655,2042,0,0
CHEMBL40010,0.69908655,2043,0,0
CHEMBL19039,0.69908655,2044,0,0
CHEMBL11220,0.69908655,2045,0,0
CHEMBL18868,0.69908655,2046,0,0
CHEMBL3309614,0.69908655,2047,0,0
CHEMBL11467,0.69908655,2048,0,0
CHEMBL39586,0.69908655,2049,0,0
CHEMBL8576,0.69908655,2050,0,0
CHEMBL33271,0.69908655,2051,0,0
CHEMBL28345,0.69908655,2052,0,0
CHEMBL33313,0.69908655,2053,0,0
CHEMBL34187,0.69908655,2054,0,0
CHEMBL26677,0.69908655,2055,0,0
CHEMBL26444,0.69908655,2056,0,0
CHEMBL9000,0.69908655,2057,0,0
CHEMBL3310378,0.69908655,2058,0,0
CHEMBL1163385,0.69908655,2059,0,0
CHEMBL28753,0.69908655,2060,0,0
CHEMBL19351,0.69908655,2061,0,0
CHEMBL21203,0.69908655,2062,0,0
CHEMBL40828,0.69908655,2063,0,0
CHEMBL10943,0.69908655,2064,0,0
CHEMBL10420,0.69908655,2065,0,0
CHEMBL3310235,0.69908655,2066,0,0
CHEMBL37429,0.69908655,2067,0,0
CHEMBL4436146,0.69908655,2068,0,0
CHEMBL40331,0.69908655,2069,0,0
CHEMBL18775,0.69908655,2070,0,0
CHEMBL1783422,0.69908655,2071,0,0
CHEMBL37090,0.69908655,2072,0,0
CHEMBL23200,0.69908655,2073,0,0
CHEMBL41908,0.69908655,2074,0,0
CHEMBL500207,0.69908655,2075,0,0
CHEMBL22267,0.69908655,2076,0,0
CHEMBL36154,0.69908655,2077,0,0
CHEMBL20669,0.69908655,2078,0,0
CHEMBL26122,0.69908655,2079,0,0
CHEMBL14290,0.69908655,2080,0,0
CHEMBL22206,0.69908655,2081,0,0
CHEMBL34636,0.69908655,2082,0,0
CHEMBL28009,0.6990221,2083,0,0
CHEMBL36992,0.69856143,2084,0,0
CHEMBL26856,0.6984793,2085,0,0
CHEMBL7870,0.6984793,2086,0,0
CHEMBL38334,0.6984793,2087,0,0
CHEMBL23744,0.6984793,2088,0,0
CHEMBL32118,0.6984793,2089,0,0
CHEMBL13695,0.6984793,2090,0,0
CHEMBL24270,0.6984793,2091,0,0
CHEMBL16287,0.6983102,2092,0,0
CHEMBL17810,0.69805676,2093,0,0
CHEMBL4543280,0.6978918,2094,0,0
CHEMBL11383,0.69759524,2095,0,0
CHEMBL27616,0.69759524,2096,0,0
CHEMBL38623,0.69736725,2097,0,0
CHEMBL39723,0.69721085,2099,0,0
CHEMBL28452,0.69721085,2100,0,0
CHEMBL17952,0.69721085,2101,0,0
CHEMBL14160,0.69703156,2102,0,0
CHEMBL27930,0.69703156,2103,0,0
CHEMBL32256,0.69703156,2104,0,0
CHEMBL17985,0.69703156,2105,0,0
CHEMBL35208,0.69703156,2106,0,0
CHEMBL7481,0.69703156,2107,0,0
CHEMBL27814,0.69703156,2108,0,0
CHEMBL11626,0.69703156,2109,0,0
CHEMBL15001,0.69703156,2110,0,0
CHEMBL33465,0.69703156,2111,0,0
CHEMBL35938,0.69703156,2112,0,0
CHEMBL36052,0.69703156,2113,0,0
CHEMBL34106,0.69703156,2114,0,0
CHEMBL20160,0.69696665,2115,0,0
CHEMBL29819,0.69687986,2116,0,0
CHEMBL42042,0.69682825,2117,0,0
CHEMBL11606,0.69682825,2118,0,0
CHEMBL4543552,0.69682825,2119,0,0
CHEMBL15808,0.69682825,2120,0,0
CHEMBL4543504,0.69682825,2121,0,0
CHEMBL9287,0.69682825,2122,0,0
CHEMBL30831,0.69665474,2123,0,0
CHEMBL4543179,0.69655365,2124,0,0
CHEMBL4435178,0.6963355,2125,0,0
CHEMBL17196,0.69625294,2126,0,0
CHEMBL21190,0.69625294,2127,0,0
CHEMBL31192,0.69625294,2128,0,0
CHEMBL10973,0.69625294,2129,0,0
CHEMBL27507,0.69625294,2130,0,0
CHEMBL17543,0.69625294,2131,0,0
CHEMBL13683,0.69625294,2132,0,0
CHEMBL1076408,0.69617116,2133,0,0
CHEMBL23925,0.69617116,2134,0,0
CHEMBL4435674,0.69617116,2135,0,0
CHEMBL4435337,0.69617116,2136,0,0
CHEMBL26060,0.69617116,2137,0,0
CHEMBL584384,0.69617116,2138,0,0
CHEMBL14091,0.69617116,2139,0,0
CHEMBL39030,0.69617116,2140,0,0
CHEMBL7964,0.69617116,2141,0,0
CHEMBL24108,0.69617116,2142,0,0
CHEMBL39042,0.69617116,2143,0,0
CHEMBL32888,0.69617116,2144,0,1
CHEMBL14139,0.69617116,2145,0,0
CHEMBL17774,0.69617116,2146,0,0
CHEMBL3309540,0.69617116,2147,0,0
CHEMBL4435360,0.69617116,2148,0,0
CHEMBL4435298,0.69617116,2149,0,0
CHEMBL4435299,0.69617116,2150,0,0
CHEMBL569690,0.69617116,2151,0,0
CHEMBL3309415,0.69617116,2152,0,0
CHEMBL3309429,0.69617116,2153,0,0
CHEMBL38349,0.69617116,2154,0,0
CHEMBL4435703,0.69617116,2155,0,0
CHEMBL4435529,0.69617116,2156,0,0
CHEMBL4435530,0.69617116,2157,0,0
CHEMBL14364,0.69617116,2158,0,0
CHEMBL14375,0.69617116,2159,0,0
CHEMBL23810,0.69617116,2160,0,0
CHEMBL4435632,0.69617116,2161,0,0
CHEMBL10692,0.69617116,2162,0,0
CHEMBL23693,0.69617116,2163,0,0
CHEMBL28757,0.69617116,2164,0,0
CHEMBL39404,0.69617116,2165,0,0
CHEMBL13989,0.69617116,2166,0,0
CHEMBL10170,0.69617116,2167,0,0
CHEMBL265900,0.69617116,2168,0,0
CHEMBL11639,0.69617116,2169,0,0
CHEMBL11640,0.69617116,2170,0,0
CHEMBL29606,0.69617116,2171,0,0
CHEMBL42259,0.69617116,2172,0,0
CHEMBL12654,0.69617116,2173,0,0
CHEMBL42156,0.69617116,2174,0,0
CHEMBL11689,0.69617116,2175,0,0
CHEMBL15743,0.69617116,2176,0,0
CHEMBL35478,0.69617116,2177,0,0
CHEMBL33947,0.69617116,2178,0,0
CHEMBL3309727,0.69617116,2179,0,0
CHEMBL8488,0.69617116,2180,0,0
CHEMBL8524,0.69617116,2181,0,0
CHEMBL21390,0.69617116,2182,0,0
CHEMBL39527,0.69617116,2183,0,0
CHEMBL21431,0.69617116,2184,0,0
CHEMBL39421,0.69617116,2185,0,0
CHEMBL4435321,0.69617116,2186,0,0
CHEMBL20599,0.69617116,2187,0,0
CHEMBL20612,0.69617116,2188,0,0
CHEMBL17573,0.69617116,2189,0,0
CHEMBL8413,0.69617116,2190,0,0
CHEMBL541483,0.69617116,2191,0,0
CHEMBL4435253,0.69617116,2192,0,0
CHEMBL19466,0.69617116,2193,0,0
CHEMBL591912,0.69617116,2194,0,0
CHEMBL592623,0.69617116,2195,0,0
CHEMBL595793,0.69617116,2196,0,0
CHEMBL21651,0.69617116,2197,0,0
CHEMBL20253,0.69617116,2198,0,0
CHEMBL42091,0.69617116,2199,0,0
CHEMBL18832,0.69617116,2200,0,0
CHEMBL30300,0.69617116,2201,0,0
CHEMBL25730,0.69617116,2202,0,0
CHEMBL22663,0.69617116,2203,0,0
CHEMBL27212,0.69617116,2204,0,0
CHEMBL16493,0.69617116,2205,0,0
CHEMBL15695,0.69617116,2206,0,0
CHEMBL35506,0.69617116,2207,0,0
CHEMBL35538,0.69617116,2208,0,0
CHEMBL32361,0.69617116,2209,0,0
CHEMBL39725,0.69617116,2210,0,0
CHEMBL39757,0.69617116,2211,0,0
CHEMBL10853,0.69617116,2212,0,0
CHEMBL32439,0.69617116,2213,0,0
CHEMBL7757,0.69617116,2214,0,0
CHEMBL37987,0.69617116,2215,0,0
CHEMBL37939,0.69617116,2216,0,0
CHEMBL37881,0.69617116,2217,0,0
CHEMBL4435874,0.69617116,2218,0,0
CHEMBL4435818,0.69617116,2219,0,0
CHEMBL14593,0.69617116,2220,0,0
CHEMBL17345,0.69617116,2221,0,0
CHEMBL4435147,0.69617116,2222,0,0
CHEMBL19392,0.69617116,2223,0,0
CHEMBL19404,0.69617116,2224,0,0
CHEMBL7639,0.69617116,2225,0,0
CHEMBL32265,0.69617116,2226,0,0
CHEMBL39831,0.69617116,2227,0,0
CHEMBL28149,0.69617116,2228,0,0
CHEMBL17410,0.69617116,2229,0,0
CHEMBL37801,0.69617116,2230,0,0
CHEMBL23537,0.69617116,2231,0,0
CHEMBL10875,0.69617116,2232,0,0
CHEMBL40038,0.69617116,2233,0,0
CHEMBL18153,0.69617116,2234,0,0
CHEMBL39883,0.69617116,2235,0,0
CHEMBL1199171,0.69617116,2236,0,0
CHEMBL37629,0.69617116,2237,0,0
CHEMBL37557,0.69617116,2238,0,0
CHEMBL37563,0.69617116,2239,0,0
CHEMBL539185,0.69617116,2240,0,0
CHEMBL40126,0.69617116,2241,0,0
CHEMBL40130,0.69617116,2242,0,0
CHEMBL40148,0.69617116,2243,0,0
CHEMBL40170,0.69617116,2244,0,0
CHEMBL531989,0.69617116,2245,0,0
CHEMBL1161178,0.69617116,2246,0,0
CHEMBL23397,0.69617116,2247,0,0
CHEMBL217730,0.69617116,2248,0,0
CHEMBL3310200,0.69617116,2249,0,0
CHEMBL3310202,0.69617116,2250,0,0
CHEMBL3310205,0.69617116,2251,0,0
CHEMBL12761,0.69617116,2252,0,0
CHEMBL30405,0.69617116,2253,0,0
CHEMBL30414,0.69617116,2254,0,0
CHEMBL18777,0.69617116,2255,0,0
CHEMBL30459,0.69617116,2256,0,0
CHEMBL6841,0.69617116,2257,0,0
CHEMBL9866,0.69617116,2258,0,0
CHEMBL33702,0.69617116,2259,0,0
CHEMBL33750,0.69617116,2260,0,0
CHEMBL24635,0.69617116,2261,0,0
CHEMBL24638,0.69617116,2262,0,0
CHEMBL31984,0.69617116,2263,0,0
CHEMBL24539,0.69617116,2264,0,0
CHEMBL24573,0.69617116,2265,0,0
CHEMBL610484,0.69617116,2266,0,0
CHEMBL611662,0.69617116,2267,0,0
CHEMBL4435025,0.69617116,2268,0,0
CHEMBL37504,0.69617116,2269,0,0
CHEMBL3310211,0.69617116,2270,0,0
CHEMBL24600,0.69617116,2271,0,0
CHEMBL37069,0.69617116,2272,0,0
CHEMBL27796,0.69617116,2273,0,0
CHEMBL12411,0.69617116,2274,0,0
CHEMBL10115,0.69617116,2275,0,0
CHEMBL403325,0.69617116,2276,0,0
CHEMBL4434987,0.69617116,2277,0,0
CHEMBL4435004,0.69617116,2278,0,0
CHEMBL34435,0.69617116,2279,0,0
CHEMBL11931,0.69617116,2280,0,0
CHEMBL30973,0.69617116,2281,0,0
CHEMBL3310255,0.69617116,2282,0,0
CHEMBL25706,0.69617116,2283,0,0
CHEMBL6880,0.69617116,2284,0,0
CHEMBL41830,0.69617116,2285,0,0
CHEMBL7118,0.69617116,2286,0,0
CHEMBL34079,0.69617116,2287,0,0
CHEMBL9608,0.69617116,2288,0,0
CHEMBL4559926,0.69617116,2289,0,0
CHEMBL4543354,0.69617116,2290,0,0
CHEMBL1171716,0.69617116,2291,0,0
CHEMBL29336,0.69617116,2292,0,0
CHEMBL43778,0.69617116,2293,0,0
CHEMBL13526,0.69617116,2294,0,0
CHEMBL40465,0.69617116,2295,0,0
CHEMBL10906,0.69617116,2296,0,0
CHEMBL20771,0.69617116,2297,0,0
CHEMBL10094,0.69617116,2298,0,0
CHEMBL4436211,0.69617116,2299,0,0
CHEMBL3310401,0.69617116,2300,0,0
CHEMBL500548,0.69617116,2301,0,0
CHEMBL13223,0.69617116,2302,0,0
CHEMBL23278,0.69617116,2303,0,0
CHEMBL20096,0.69617116,2304,0,0
CHEMBL37139,0.69617116,2305,0,0
CHEMBL7334,0.69617116,2306,0,0
CHEMBL7338,0.69617116,2307,0,0
CHEMBL33109,0.69617116,2308,0,0
CHEMBL36769,0.69617116,2309,0,0
CHEMBL36379,0.69617116,2310,0,0
CHEMBL22788,0.69617116,2311,0,0
CHEMBL3310772,0.69617116,2312,0,0
CHEMBL25175,0.69617116,2313,0,0
CHEMBL4434656,0.69617116,2314,0,0
CHEMBL4434703,0.69617116,2315,0,0
CHEMBL35995,0.69617116,2316,0,0
CHEMBL29938,0.69617116,2318,0,0
CHEMBL4543249,0.69617116,2319,0,0
CHEMBL27385,0.69617116,2320,0,0
CHEMBL16648,0.69617116,2321,0,0
CHEMBL20306,0.69617116,2322,0,0
CHEMBL26929,0.69617116,2323,0,0
CHEMBL4543180,0.69617116,2324,0,0
CHEMBL4543195,0.69617116,2325,0,0
CHEMBL33258,0.69617116,2326,0,0
CHEMBL10358,0.69617116,2327,0,0
CHEMBL10369,0.69617116,2328,0,0
CHEMBL4436453,0.69617116,2329,0,0
CHEMBL29162,0.69617116,2330,0,0
CHEMBL24951,0.69617116,2331,0,0
CHEMBL10138,0.69617116,2332,0,0
CHEMBL40961,0.69617116,2333,0,0
CHEMBL31388,0.69617116,2334,0,0
CHEMBL40850,0.69617116,2335,0,0
CHEMBL409,0.69617116,2336,0,0
CHEMBL27705,0.69617116,2337,0,0
CHEMBL16869,0.69617116,2338,0,0
CHEMBL10385,0.69617116,2339,0,0
CHEMBL35198,0.69617116,2340,0,0
CHEMBL4434865,0.69617116,2341,0,0
CHEMBL4434724,0.69617116,2342,0,0
CHEMBL18450,0.69617116,2343,0,0
CHEMBL18459,0.69617116,2344,0,0
CHEMBL31311,0.69617116,2345,0,0
CHEMBL41150,0.69617116,2346,0,0
CHEMBL25005,0.69617116,2348,0,0
CHEMBL4436405,0.69617116,2349,0,0
CHEMBL4436419,0.69617116,2350,0,0
CHEMBL20009,0.69617116,2351,0,0
CHEMBL36640,0.69617116,2352,0,0
CHEMBL16860,0.69617116,2353,0,0
CHEMBL4434659,0.69617116,2354,0,0
CHEMBL11352,0.69617116,2355,0,0
CHEMBL35114,0.69617116,2356,0,0
CHEMBL22468,0.69617116,2357,0,0
CHEMBL4560027,0.69617116,2358,0,0
CHEMBL4560050,0.69617116,2359,0,0
CHEMBL22030,0.69617116,2360,0,0
CHEMBL36466,0.69617116,2361,0,0
CHEMBL36490,0.69617116,2362,0,0
CHEMBL33119,0.69617116,2363,0,0
CHEMBL19626,0.69617116,2364,0,0
CHEMBL36558,0.69617116,2365,0,0
CHEMBL3311424,0.69617116,2367,0,0
CHEMBL36502,0.69617116,2368,0,0
CHEMBL36247,0.69617116,2369,0,0
CHEMBL36188,0.69617116,2370,0,0
CHEMBL22752,0.69617116,2371,0,0
CHEMBL26521,0.69617116,2372,0,0
CHEMBL27357,0.69617116,2373,0,0
CHEMBL19220,0.69617116,2374,0,0
CHEMBL19227,0.69617116,2375,0,0
CHEMBL25108,0.69617116,2376,0,0
CHEMBL15920,0.69617116,2377,0,0
CHEMBL8256,0.69617116,2378,0,0
CHEMBL4553158,0.69617116,2379,0,0
CHEMBL38632,0.69617116,2380,0,0
CHEMBL14288,0.69617116,2381,0,0
CHEMBL38561,0.69617116,2382,0,0
CHEMBL4435461,0.69617116,2383,0,0
CHEMBL4435467,0.69617116,2384,0,0
CHEMBL14175,0.69617116,2385,0,0
CHEMBL38937,0.69617116,2386,0,0
CHEMBL14211,0.69617116,2387,0,0
CHEMBL8036,0.69617116,2388,0,0
CHEMBL38773,0.69617116,2389,0,0
CHEMBL38496,0.69617116,2390,0,0
CHEMBL9924,0.69617116,2391,0,0
CHEMBL6590,0.69617116,2392,0,0
CHEMBL12768,0.69617116,2393,0,0
CHEMBL38532,0.69617116,2394,0,0
CHEMBL3309374,0.69617116,2395,0,0
CHEMBL25591,0.69617116,2396,0,0
CHEMBL12898,0.69617116,2397,0,0
CHEMBL42361,0.69617116,2398,0,0
CHEMBL20935,0.69617116,2399,0,0
CHEMBL12094,0.69617116,2401,0,0
CHEMBL12105,0.69617116,2402,0,0
CHEMBL34204,0.69617116,2403,0,0
CHEMBL1163386,0.69617116,2404,0,0
CHEMBL35374,0.69617116,2405,0,0
CHEMBL35284,0.69617116,2406,0,0
CHEMBL35359,0.69617116,2407,0,0
CHEMBL4553616,0.69617116,2408,0,0
CHEMBL37318,0.6958446,2409,0,0
CHEMBL4435763,0.6958446,2410,0,0
CHEMBL499087,0.6958148,2411,0,0
CHEMBL4436284,0.6958148,2412,0,0
CHEMBL596,0.6958148,2413,0,0
CHEMBL7875,0.6958148,2414,0,0
CHEMBL36040,0.69556,2415,0,0
CHEMBL9798,0.69556,2416,0,0
CHEMBL14539,0.69556,2417,0,0
CHEMBL9629,0.69556,2418,0,0
CHEMBL18053,0.69548035,2419,0,0
CHEMBL4553618,0.6954577,2420,0,0
CHEMBL39566,0.69534713,2421,0,0
CHEMBL35711,0.69531184,2422,0,0
CHEMBL8045,0.69531184,2423,0,0
CHEMBL39464,0.69531184,2424,0,0
CHEMBL3310055,0.69506663,2425,0,0
CHEMBL23149,0.69500107,2426,0,0
CHEMBL15257,0.69469595,2427,0,0
CHEMBL4435424,0.6941516,2428,0,0
CHEMBL7636,0.6941516,2429,0,0
CHEMBL8368,0.69403434,2430,0,0
CHEMBL19104,0.6940305,2431,0,0
CHEMBL25867,0.69396,2432,0,0
CHEMBL13608,0.69363904,2433,0,0
CHEMBL8818,0.6936079,2434,0,0
CHEMBL39302,0.69285077,2435,0,0
CHEMBL15210,0.69273394,2436,0,0
CHEMBL4435777,0.69273394,2437,0,0
CHEMBL4553560,0.6926755,2439,0,0
CHEMBL592,0.6926686,2440,0,0
CHEMBL37583,0.6926686,2441,0,0
CHEMBL41710,0.69263846,2442,0,0
CHEMBL32257,0.69263846,2443,0,0
CHEMBL14472,0.6926206,2444,0,0
CHEMBL31625,0.6920621,2445,0,0
CHEMBL23345,0.6919223,2446,0,0
CHEMBL20592,0.6919223,2447,0,0
CHEMBL36830,0.6919223,2448,0,0
CHEMBL540951,0.6918275,2449,0,0
CHEMBL30734,0.6918275,2450,0,0
CHEMBL36366,0.6918275,2451,0,0
CHEMBL23952,0.69168067,2452,0,0
CHEMBL36392,0.69168,2453,0,0
CHEMBL14940,0.69156295,2454,0,0
CHEMBL35945,0.69112915,2455,0,0
CHEMBL9847,0.6910835,2456,0,0
CHEMBL25896,0.6910835,2457,0,0
CHEMBL31715,0.6910835,2458,0,0
CHEMBL4543424,0.6910835,2459,0,0
CHEMBL33656,0.6908544,2460,0,0
CHEMBL30032,0.6907589,2461,0,0
CHEMBL9714,0.6907477,2462,0,0
CHEMBL4553631,0.6906073,2463,0,0
CHEMBL29036,0.6903537,2464,0,0
CHEMBL35554,0.6903537,2465,0,0
CHEMBL3310210,0.6903537,2466,0,0
CHEMBL29657,0.6903537,2467,0,0
CHEMBL2146580,0.6903537,2468,0,0
CHEMBL26233,0.6903537,2469,0,0
CHEMBL8216,0.6903537,2470,0,0
CHEMBL33062,0.6903537,2471,0,0
CHEMBL21512,0.6903537,2472,0,0
CHEMBL23927,0.6903537,2473,0,0
CHEMBL31765,0.6903537,2474,0,0
CHEMBL3310924,0.6903537,2475,0,0
CHEMBL3311430,0.6903537,2476,0,0
CHEMBL34641,0.6903537,2477,0,0
CHEMBL19619,0.6903537,2478,0,0
CHEMBL4434792,0.6903537,2479,0,0
CHEMBL6897,0.6903537,2480,0,0
CHEMBL4436070,0.6903537,2481,0,0
CHEMBL3310206,0.6903537,2482,0,0
CHEMBL19837,0.6903537,2483,0,0
CHEMBL15683,0.6903537,2484,0,0
CHEMBL263193,0.6903537,2485,0,0
CHEMBL28055,0.6903537,2486,0,0
CHEMBL3310212,0.6903537,2487,0,0
CHEMBL33765,0.69021916,2488,0,0
CHEMBL21290,0.69021916,2489,0,0
CHEMBL9869,0.69021916,2490,0,0
CHEMBL20529,0.69012725,2491,0,0
CHEMBL41712,0.68998426,2492,0,0
CHEMBL1163396,0.6898291,2493,0,0
CHEMBL14556,0.68945366,2494,0,0
CHEMBL37082,0.6894453,2495,0,0
CHEMBL12963,0.6894453,2496,0,0
CHEMBL35701,0.6894453,2497,0,0
CHEMBL26883,0.6894453,2498,0,0
CHEMBL6900,0.68911654,2499,0,0
CHEMBL15649,0.6887849,2500,0,0
CHEMBL4543174,0.6887358,2501,0,0
CHEMBL40729,0.6883132,2502,0,0
CHEMBL41580,0.6882755,2503,0,0
CHEMBL34691,0.6882755,2504,0,0
CHEMBL29098,0.6882755,2505,0,0
CHEMBL9220,0.6882755,2506,0,0
CHEMBL37962,0.6882755,2507,0,0
CHEMBL25933,0.6882755,2508,0,0
CHEMBL12022,0.6882755,2509,0,0
CHEMBL262267,0.6882755,2510,0,0
CHEMBL35466,0.6882755,2511,0,0
CHEMBL32899,0.6882755,2512,0,0
CHEMBL7703,0.6880418,2513,0,0
CHEMBL31061,0.6878909,2514,0,0
CHEMBL25396,0.6878909,2515,0,0
CHEMBL20199,0.6877602,2516,0,0
CHEMBL27166,0.6877093,2517,0,0
CHEMBL39966,0.6877091,2518,0,0
CHEMBL30937,0.6875667,2519,0,0
CHEMBL11136,0.68754834,2520,0,0
CHEMBL20993,0.68754834,2521,0,0
CHEMBL12581,0.68754834,2522,0,0
CHEMBL36720,0.68716174,2523,0,0
CHEMBL1187868,0.6870567,2524,0,0
CHEMBL30845,0.6870567,2525,0,0
CHEMBL30402,0.6870567,2526,0,0
CHEMBL31300,0.6868171,2527,0,0
CHEMBL14653,0.6865318,2528,0,0
CHEMBL6839,0.6865318,2529,0,0
CHEMBL33974,0.6865318,2530,0,0
CHEMBL40096,0.6865318,2531,0,0
CHEMBL37293,0.6863554,2532,0,0
CHEMBL4434878,0.6863294,2533,0,0
CHEMBL7289,0.68609023,2534,0,0
CHEMBL31027,0.68609023,2535,0,0
CHEMBL14793,0.68609023,2536,0,0
CHEMBL41332,0.6858558,2537,0,0
CHEMBL28947,0.6858558,2538,0,0
CHEMBL21213,0.6858558,2539,0,0
CHEMBL37633,0.6858558,2540,0,0
CHEMBL36478,0.6858558,2541,0,0
CHEMBL4435236,0.6858558,2542,0,0
CHEMBL27275,0.6858558,2543,0,0
CHEMBL36103,0.6858076,2544,0,0
CHEMBL42159,0.6854107,2545,0,0
CHEMBL9436,0.68533874,2546,0,0
CHEMBL15422,0.6849806,2547,0,0
CHEMBL31409,0.68490696,2548,0,0
CHEMBL41882,0.6846004,2549,0,0
CHEMBL23288,0.6846004,2550,0,0
CHEMBL3309581,0.6846004,2551,0,0
CHEMBL37070,0.6846004,2552,0,0
CHEMBL36430,0.6846004,2553,0,0
CHEMBL39406,0.6846004,2554,0,0
CHEMBL34608,0.6846004,2555,0,0
CHEMBL8323,0.6846004,2556,0,0
CHEMBL10061,0.6846004,2557,0,0
CHEMBL24461,0.6846004,2558,0,0
CHEMBL11380,0.68448234,2559,0,0
CHEMBL22724,0.684308,2560,0,0
CHEMBL40835,0.68416375,2561,0,0
CHEMBL17387,0.68416375,2562,0,0
CHEMBL4434859,0.6840559,2563,0,0
CHEMBL7731,0.6838515,2564,0,0
CHEMBL26993,0.6838515,2565,0,0
CHEMBL17650,0.6838515,2566,0,0
CHEMBL14828,0.6838515,2567,0,0
CHEMBL38944,0.6838515,2568,0,0
CHEMBL14430,0.6838515,2569,0,0
CHEMBL9359,0.6838515,2570,0,0
CHEMBL12485,0.6838515,2571,0,0
CHEMBL15482,0.6838515,2572,0,0
CHEMBL15238,0.6838515,2573,0,0
CHEMBL37440,0.6838515,2574,0,0
CHEMBL8963,0.6838515,2575,0,0
CHEMBL3310238,0.6838515,2576,0,0
CHEMBL15507,0.6838515,2577,0,0
CHEMBL32583,0.6838515,2578,0,0
CHEMBL39447,0.6838515,2579,0,0
CHEMBL41020,0.6837654,2580,0,0
CHEMBL4435273,0.6837654,2581,0,0
CHEMBL28093,0.6837654,2582,0,0
CHEMBL33406,0.6837654,2583,0,0
CHEMBL22442,0.68363154,2584,0,0
CHEMBL37841,0.6835087,2585,0,0
CHEMBL20710,0.6835087,2586,0,0
CHEMBL17761,0.6835087,2587,0,0
CHEMBL26135,0.6833833,2588,0,0
CHEMBL35074,0.6833833,2589,0,0
CHEMBL25630,0.6832808,2590,0,0
CHEMBL29069,0.68315977,2591,0,0
CHEMBL13345,0.6830015,2592,0,0
CHEMBL1744108,0.6830015,2593,0,0
CHEMBL4553654,0.6830015,2594,0,0
CHEMBL20201,0.6830015,2595,0,0
CHEMBL3310198,0.6830015,2596,0,0
CHEMBL4436249,0.6830015,2597,0,0
CHEMBL31220,0.6830015,2598,0,0
CHEMBL38315,0.6830015,2599,0,0
CHEMBL35257,0.6830015,2600,0,0
CHEMBL14279,0.6830015,2601,0,0
CHEMBL27826,0.6830015,2602,0,0
CHEMBL39798,0.6830015,2603,0,0
CHEMBL19307,0.6830015,2604,0,0
CHEMBL11338,0.6825522,2605,0,0
CHEMBL35148,0.6825522,2606,0,0
CHEMBL37223,0.6825522,2607,0,0
CHEMBL26975,0.6822008,2608,0,0
CHEMBL42014,0.68209696,2609,0,0
CHEMBL33537,0.6820931,2610,0,0
CHEMBL32220,0.6820931,2611,0,0
CHEMBL33697,0.6820931,2612,0,0
CHEMBL17930,0.6820931,2613,0,0
CHEMBL11513,0.682084,2614,0,0
CHEMBL31915,0.682084,2615,0,0
CHEMBL36868,0.682084,2616,0,0
CHEMBL39721,0.682084,2617,0,0
CHEMBL15930,0.6819957,2618,0,0
CHEMBL12032,0.6818562,2619,0,0
CHEMBL583947,0.6818562,2620,0,0
CHEMBL17781,0.6818562,2621,0,0
CHEMBL4435058,0.6818562,2622,0,0
CHEMBL20448,0.6818562,2623,0,0
CHEMBL16809,0.6818562,2624,0,0
CHEMBL18548,0.6817962,2625,0,0
CHEMBL31797,0.6817962,2626,0,0
CHEMBL38470,0.6817962,2627,0,0
CHEMBL33762,0.6817962,2628,0,0
CHEMBL3310234,0.6817962,2629,0,0
CHEMBL31370,0.6817962,2630,0,0
CHEMBL33172,0.68168765,2631,0,0
CHEMBL17370,0.68168765,2632,0,0
CHEMBL12751,0.68168765,2633,0,0
CHEMBL26106,0.68168765,2634,0,0
CHEMBL4435028,0.68168765,2635,0,0
CHEMBL41834,0.68168765,2636,0,0
CHEMBL4436221,0.68168765,2637,0,0
CHEMBL28236,0.68168765,2638,0,0
CHEMBL21842,0.68168765,2639,0,0
CHEMBL28644,0.68168765,2640,0,0
CHEMBL40589,0.68168765,2641,0,0
CHEMBL31389,0.68168765,2642,0,0
CHEMBL16539,0.68168765,2643,0,0
CHEMBL41533,0.68168765,2644,0,0
CHEMBL3310302,0.68168765,2645,0,0
CHEMBL31319,0.68168765,2646,0,0
CHEMBL3310170,0.68168765,2647,0,0
CHEMBL4116111,0.68168765,2648,0,0
CHEMBL12677,0.68168765,2649,0,0
CHEMBL4559997,0.68168765,2650,0,0
CHEMBL26320,0.68157774,2651,0,0
CHEMBL19036,0.68157774,2652,0,0
CHEMBL23390,0.68157774,2653,0,0
CHEMBL36590,0.6815035,2654,0,0
CHEMBL26293,0.6814438,2655,0,0
CHEMBL9558,0.68144196,2656,0,0
CHEMBL1093624,0.68142974,2657,0,0
CHEMBL9508,0.6814131,2658,0,0
CHEMBL23778,0.6814131,2659,0,0
CHEMBL32334,0.68112403,2660,0,0
CHEMBL26013,0.68112403,2661,0,0
CHEMBL14376,0.68112403,2662,0,0
CHEMBL3310898,0.68095577,2663,0,0
CHEMBL473,0.6807862,2664,0,0
CHEMBL1091391,0.6807862,2665,0,0
CHEMBL25439,0.6807367,2666,0,0
CHEMBL579880,0.6807367,2667,0,0
CHEMBL3310359,0.6807062,2668,0,0
CHEMBL13325,0.68068635,2669,0,0
CHEMBL38246,0.6806138,2670,0,0
CHEMBL37067,0.6806138,2671,0,0
CHEMBL30774,0.6806138,2672,0,0
CHEMBL21356,0.6806138,2673,0,0
CHEMBL8797,0.6806138,2674,0,0
CHEMBL39296,0.6806138,2675,0,0
CHEMBL40711,0.6806138,2676,0,0
CHEMBL41552,0.68023336,2677,0,0
CHEMBL23659,0.6795756,2678,0,0
CHEMBL19929,0.6795469,2679,0,0
CHEMBL31750,0.67943484,2680,0,0
CHEMBL32120,0.6793849,2681,0,0
CHEMBL38151,0.6791808,2682,0,0
CHEMBL31432,0.6791542,2683,0,0
CHEMBL37709,0.67890066,2684,0,0
CHEMBL34067,0.67890066,2685,0,0
CHEMBL38858,0.6785844,2686,0,0
CHEMBL26068,0.67845416,2687,0,0
CHEMBL4543233,0.67845416,2688,0,0
CHEMBL13460,0.67845416,2689,0,0
CHEMBL3310768,0.67845416,2690,0,0
CHEMBL4435325,0.67845416,2691,0,0
CHEMBL15062,0.67845416,2692,0,0
CHEMBL28436,0.67845416,2693,0,0
CHEMBL10218,0.67845416,2694,0,0
CHEMBL21049,0.67845416,2695,0,0
CHEMBL22314,0.67845416,2696,0,0
CHEMBL4435149,0.67845416,2697,0,0
CHEMBL35897,0.67845416,2698,0,0
CHEMBL3309628,0.67845416,2699,0,0
CHEMBL19029,0.67845416,2700,0,0
CHEMBL40516,0.6783878,2701,0,0
CHEMBL11407,0.6782789,2702,0,0
CHEMBL6940,0.6779867,2703,0,0
CHEMBL24565,0.6779763,2704,0,0
CHEMBL22020,0.67750424,2705,0,0
CHEMBL14592,0.6774514,2706,0,0
CHEMBL18509,0.67720246,2707,0,0
CHEMBL3310341,0.67720246,2708,0,0
CHEMBL268086,0.67720246,2709,0,0
CHEMBL39624,0.67720246,2710,0,0
CHEMBL20875,0.6768015,2711,0,0
CHEMBL9921,0.6768015,2712,0,0
CHEMBL41689,0.6768015,2713,0,0
CHEMBL33240,0.67659867,2715,0,0
CHEMBL20295,0.67659867,2716,0,0
CHEMBL29199,0.6764335,2717,0,0
CHEMBL17894,0.67619973,2718,0,0
CHEMBL21572,0.6761351,2719,0,0
CHEMBL40151,0.6760773,2720,0,0
CHEMBL33840,0.675711,2721,0,0
CHEMBL6222,0.675711,2722,0,0
CHEMBL20254,0.67528737,2723,0,0
CHEMBL40011,0.67528737,2724,0,0
CHEMBL32059,0.67528737,2725,0,0
CHEMBL10132,0.67528737,2726,0,0
CHEMBL23092,0.67528737,2727,0,0
CHEMBL7750,0.67528737,2728,0,0
CHEMBL547407,0.6750847,2729,0,0
CHEMBL38572,0.6749944,2730,0,0
CHEMBL3309852,0.6741155,2731,0,0
CHEMBL4436479,0.6740638,2732,0,0
CHEMBL37823,0.6739756,2733,0,0
CHEMBL18994,0.67367303,2734,0,0
CHEMBL14832,0.67367303,2735,0,0
CHEMBL4436510,0.67366993,2736,0,0
CHEMBL6699,0.67366993,2737,0,0
CHEMBL3309621,0.67366993,2738,0,0
CHEMBL4543285,0.67347383,2739,0,0
CHEMBL1096286,0.67347383,2740,0,0
CHEMBL25846,0.6733501,2741,0,0
CHEMBL41371,0.67325294,2742,0,0
CHEMBL41592,0.67325294,2743,0,0
CHEMBL27404,0.67310745,2744,0,0
CHEMBL3310262,0.67306995,2745,0,0
CHEMBL17669,0.6728582,2746,0,0
CHEMBL37098,0.6727743,2747,0,0
CHEMBL41400,0.6727743,2748,0,0
CHEMBL14729,0.6727743,2749,0,0
CHEMBL14065,0.6727743,2750,0,0
CHEMBL13198,0.6727743,2751,0,0
CHEMBL32057,0.6723643,2752,0,0
CHEMBL10194,0.671862,2753,0,0
CHEMBL22071,0.671862,2754,0,0
CHEMBL38214,0.671862,2755,0,0
CHEMBL25401,0.671862,2756,0,0
CHEMBL41868,0.671862,2757,0,0
CHEMBL10724,0.671862,2758,0,0
CHEMBL26853,0.671862,2759,0,0
CHEMBL4553151,0.671862,2760,0,0
CHEMBL4543412,0.671862,2761,0,0
CHEMBL8820,0.6714921,2762,0,0
CHEMBL25182,0.6714921,2763,0,0
CHEMBL11973,0.6714921,2764,0,0
CHEMBL15954,0.6714921,2765,0,0
CHEMBL16491,0.6714921,2766,0,0
CHEMBL28280,0.67144006,2767,0,0
CHEMBL20499,0.67144006,2768,0,0
CHEMBL37152,0.67112225,2769,0,0
CHEMBL3311040,0.67095727,2770,0,0
CHEMBL16844,0.66978294,2771,0,0
CHEMBL37820,0.66906697,2772,0,0
CHEMBL1222867,0.66906697,2773,0,0
CHEMBL39262,0.6689717,2774,0,0
CHEMBL39923,0.6689717,2775,0,0
CHEMBL11309,0.6689717,2776,0,0
CHEMBL24674,0.6689717,2777,0,0
CHEMBL27646,0.6689717,2778,0,0
CHEMBL36019,0.6689717,2779,0,0
CHEMBL22822,0.6689717,2780,0,0
CHEMBL18845,0.6689717,2781,0,0
CHEMBL23733,0.6689717,2782,0,0
CHEMBL33227,0.6689005,2783,0,0
CHEMBL16712,0.6689005,2784,0,0
CHEMBL19147,0.66822267,2785,0,0
CHEMBL38462,0.66807336,2786,0,0
CHEMBL34715,0.66807336,2787,0,0
CHEMBL26278,0.66807336,2788,0,0
CHEMBL37875,0.66807336,2789,0,0
CHEMBL26407,0.66807336,2790,0,0
CHEMBL38902,0.66807336,2791,0,0
CHEMBL36808,0.66807336,2792,0,0
CHEMBL22620,0.66803193,2793,0,0
CHEMBL26336,0.66803193,2794,0,0
CHEMBL36002,0.66803193,2795,0,0
CHEMBL8733,0.6679522,2796,0,0
CHEMBL22395,0.66791993,2797,0,0
CHEMBL34292,0.6678591,2798,0,0
CHEMBL42620,0.66779315,2799,0,0
CHEMBL3309434,0.667778,2800,0,0
CHEMBL17928,0.66771317,2801,0,0
CHEMBL12409,0.6676457,2802,0,0
CHEMBL38570,0.6676457,2803,0,0
CHEMBL6418,0.6676457,2804,0,0
CHEMBL6665,0.6676457,2805,0,0
CHEMBL27416,0.6676457,2806,0,0
CHEMBL10359,0.6676457,2807,0,0
CHEMBL25862,0.6676457,2808,0,0
CHEMBL30043,0.6676457,2809,0,0
CHEMBL11735,0.6676457,2810,0,0
CHEMBL8004,0.6676457,2811,0,0
CHEMBL3309688,0.6676457,2812,0,0
CHEMBL29961,0.6676457,2813,0,0
CHEMBL33954,0.6676457,2814,0,0
CHEMBL524317,0.6676457,2815,0,0
CHEMBL41456,0.6676457,2816,0,0
CHEMBL8416,0.6676457,2817,0,0
CHEMBL18887,0.6676457,2818,0,0
CHEMBL4436327,0.6676457,2819,0,0
CHEMBL40203,0.6676457,2820,0,0
CHEMBL570602,0.6676457,2821,0,0
CHEMBL35390,0.6676457,2822,0,0
CHEMBL25283,0.6676457,2823,0,0
CHEMBL12513,0.66750747,2824,0,0
CHEMBL25128,0.66750747,2825,0,0
CHEMBL39139,0.66750747,2826,0,0
CHEMBL20192,0.66750747,2827,0,0
CHEMBL18520,0.66750747,2828,0,0
CHEMBL17553,0.6673531,2829,0,0
CHEMBL30469,0.6670629,2830,0,0
CHEMBL41232,0.66705793,2831,0,0
CHEMBL1163480,0.6668724,2832,0,0
CHEMBL10349,0.666521,2833,0,0
CHEMBL1160771,0.6665116,2834,0,0
CHEMBL42231,0.66636926,2835,0,0
CHEMBL26392,0.6658909,2836,0,0
CHEMBL38915,0.6656913,2837,0,0
CHEMBL34592,0.66543764,2838,0,0
CHEMBL607364,0.66531,2839,0,0
CHEMBL13694,0.66486317,2840,0,0
CHEMBL30125,0.6646132,2841,0,0
CHEMBL27399,0.6645282,2842,0,0
CHEMBL31940,0.6645282,2843,0,0
CHEMBL9515,0.6645282,2844,0,0
CHEMBL40695,0.6645282,2845,0,0
CHEMBL29242,0.6645282,2846,0,0
CHEMBL4435375,0.6645282,2847,0,0
CHEMBL6233,0.6645282,2848,0,0
CHEMBL19829,0.6645282,2849,0,0
CHEMBL1163365,0.6645282,2850,0,0
CHEMBL16022,0.6645282,2851,0,0
CHEMBL31037,0.6645282,2852,0,0
CHEMBL36792,0.6645282,2853,0,0
CHEMBL24815,0.6645282,2854,0,0
CHEMBL12448,0.6645282,2855,0,0
CHEMBL10438,0.6642549,2856,0,0
CHEMBL42841,0.66409063,2857,0,0
CHEMBL20826,0.66407555,2858,0,0
CHEMBL29542,0.66407555,2859,0,0
CHEMBL32338,0.66407555,2860,0,0
CHEMBL29733,0.66407555,2861,0,0
CHEMBL21127,0.66407555,2862,0,0
CHEMBL11656,0.66407555,2863,0,0
CHEMBL29563,0.66407555,2864,0,0
CHEMBL3309686,0.66405725,2865,0,0
CHEMBL39238,0.66405725,2866,0,0
CHEMBL39587,0.66383815,2867,0,0
CHEMBL27394,0.6637504,2868,0,0
CHEMBL4543403,0.6637504,2869,0,0
CHEMBL1164952,0.6637504,2870,0,0
CHEMBL36318,0.6637504,2871,0,0
CHEMBL28245,0.6637504,2872,0,0
CHEMBL8387,0.6637504,2873,0,0
CHEMBL41910,0.6637504,2874,0,0
CHEMBL26225,0.6637504,2875,0,0
CHEMBL32069,0.6637504,2876,0,0
CHEMBL33602,0.6637504,2877,0,0
CHEMBL9337,0.6637504,2878,0,0
CHEMBL22102,0.6637504,2879,0,0
CHEMBL25860,0.6637504,2880,0,0
CHEMBL7620,0.6637504,2881,0,0
CHEMBL41426,0.6637504,2882,0,0
CHEMBL9369,0.6637504,2883,0,0
CHEMBL4436469,0.6637504,2884,0,0
CHEMBL35131,0.6637504,2885,0,0
CHEMBL3309974,0.6637504,2886,0,0
CHEMBL17576,0.663112,2888,0,0
CHEMBL24630,0.6631112,2889,0,0
CHEMBL4543232,0.6629981,2890,0,0
CHEMBL39311,0.6629981,2891,0,0
CHEMBL41598,0.6629981,2892,0,0
CHEMBL26252,0.6629981,2893,0,0
CHEMBL22367,0.6629981,2894,0,0
CHEMBL3310355,0.6628522,2895,0,0
CHEMBL28505,0.66284776,2896,0,0
CHEMBL28114,0.6627163,2897,0,0
CHEMBL33922,0.6627163,2898,0,0
CHEMBL35387,0.6627163,2899,0,0
CHEMBL28808,0.6627163,2900,0,0
CHEMBL15498,0.6626633,2901,0,0
CHEMBL28161,0.662606,2902,0,0
CHEMBL600052,0.66257596,2903,0,0
CHEMBL7560,0.66257596,2904,0,0
CHEMBL17722,0.66257596,2905,0,0
CHEMBL21086,0.66257596,2906,0,0
CHEMBL38304,0.66257596,2907,0,0
CHEMBL18725,0.6624962,2908,0,0
CHEMBL35437,0.6624962,2909,0,0
CHEMBL8129,0.6616576,2910,0,0
CHEMBL9138,0.6616576,2911,0,0
CHEMBL30556,0.6614004,2912,0,0
CHEMBL38365,0.6611849,2913,0,0
CHEMBL33009,0.6611849,2914,0,0
CHEMBL17006,0.6611849,2915,0,0
CHEMBL18649,0.6611849,2916,0,0
CHEMBL41074,0.6611849,2917,0,0
CHEMBL20995,0.6611849,2918,0,0
CHEMBL38482,0.6611849,2919,0,0
CHEMBL34920,0.6611849,2920,0,0
CHEMBL14120,0.6611849,2921,0,0
CHEMBL37088,0.6611849,2922,0,0
CHEMBL35886,0.6611849,2923,0,0
CHEMBL3310456,0.6605107,2924,0,0
CHEMBL34053,0.6603398,2925,0,0
CHEMBL9491,0.6603398,2926,0,0
CHEMBL25450,0.659724,2927,0,0
CHEMBL3309898,0.65956205,2928,0,0
CHEMBL19001,0.65956205,2929,0,0
CHEMBL33613,0.65956205,2930,0,0
CHEMBL4435862,0.65956205,2931,0,0
CHEMBL9538,0.6592555,2932,0,0
CHEMBL4435293,0.6589342,2933,0,0
CHEMBL18789,0.6588574,2934,0,0
CHEMBL14647,0.65852726,2935,0,0
CHEMBL18428,0.6585128,2936,0,0
CHEMBL38133,0.6585128,2937,0,0
CHEMBL42420,0.6585128,2938,0,0
CHEMBL37720,0.6585128,2939,0,0
CHEMBL24755,0.6582224,2940,0,0
CHEMBL40904,0.65819126,2941,0,0
CHEMBL10507,0.6579114,2942,0,0
CHEMBL39516,0.6579114,2943,0,0
CHEMBL4543289,0.6579114,2944,0,0
CHEMBL35600,0.6579114,2945,0,0
CHEMBL24587,0.6571973,2946,0,0
CHEMBL14639,0.6571973,2947,0,0
CHEMBL20106,0.6571973,2948,0,0
CHEMBL4434688,0.6571973,2949,0,0
CHEMBL6340,0.6571973,2950,0,0
CHEMBL29499,0.6571973,2951,0,0
CHEMBL13171,0.6571973,2952,0,0
CHEMBL6291,0.6571973,2953,0,0
CHEMBL6666,0.65708035,2954,0,0
CHEMBL35666,0.6565494,2955,0,0
CHEMBL43597,0.6565494,2956,0,0
CHEMBL3309590,0.65618205,2957,0,0
CHEMBL4435131,0.6561444,2958,0,0
CHEMBL34635,0.65610665,2959,0,0
CHEMBL16511,0.65610665,2960,0,0
CHEMBL7395,0.6560394,2961,0,0
CHEMBL11995,0.65586597,2962,0,0
CHEMBL35963,0.65586597,2963,0,0
CHEMBL1224265,0.65586597,2964,0,0
CHEMBL3311159,0.65586597,2965,0,0
CHEMBL35909,0.6557155,2966,0,0
CHEMBL21722,0.6557155,2967,0,0
CHEMBL37183,0.6557155,2968,0,0
CHEMBL4436313,0.6554239,2969,0,0
CHEMBL28251,0.6553391,2970,0,0
CHEMBL14874,0.6553391,2971,0,0
CHEMBL38193,0.6553391,2972,0,0
CHEMBL4553537,0.6553391,2973,0,0
CHEMBL32365,0.6553391,2974,0,0
CHEMBL19043,0.6553391,2975,0,0
CHEMBL8250,0.6553371,2976,0,0
CHEMBL10569,0.6553371,2977,0,0
CHEMBL7814,0.6553371,2978,0,0
CHEMBL37196,0.6553371,2979,0,0
CHEMBL11256,0.6549077,2980,0,0
CHEMBL18138,0.6549077,2981,0,0
CHEMBL3310309,0.6548939,2982,0,0
CHEMBL38882,0.65405893,2983,0,0
CHEMBL18179,0.6538842,2984,0,0
CHEMBL31897,0.6538842,2985,0,0
CHEMBL17197,0.65387154,2986,0,0
CHEMBL23776,0.65358394,2987,0,0
CHEMBL28729,0.65358394,2988,0,0
CHEMBL22576,0.6535375,2989,0,0
CHEMBL34306,0.65338314,2990,0,0
CHEMBL3311222,0.6530812,2991,0,0
CHEMBL23246,0.6530812,2992,0,0
CHEMBL33769,0.6529664,2993,0,0
CHEMBL7711,0.6529664,2994,0,0
CHEMBL19506,0.6528758,2995,0,0
CHEMBL34959,0.6528758,2996,0,0
CHEMBL17395,0.6528758,2997,0,0
CHEMBL13713,0.6528758,2998,0,0
CHEMBL18456,0.6528758,2999,0,0
CHEMBL1205646,0.6528758,3000,0,0
CHEMBL33173,0.6528758,3001,0,0
CHEMBL34184,0.6528758,3002,0,0
CHEMBL7035,0.6528758,3003,0,0
CHEMBL21686,0.6528758,3004,0,0
CHEMBL31351,0.652687,3005,0,0
CHEMBL25734,0.652687,3006,0,0
CHEMBL3309930,0.652687,3007,0,0
CHEMBL28561,0.652687,3008,0,0
CHEMBL14287,0.65237445,3009,0,0
CHEMBL39968,0.65237445,3010,0,0
CHEMBL39881,0.65237445,3011,0,0
CHEMBL7585,0.65237445,3012,0,0
CHEMBL10309,0.65237445,3013,0,0
CHEMBL25579,0.6523155,3014,0,0
CHEMBL4435085,0.6522354,3015,0,0
CHEMBL11779,0.6522354,3016,0,0
CHEMBL17099,0.6521605,3017,0,0
CHEMBL4436424,0.652091,3018,0,0
CHEMBL7229,0.6518962,3019,0,0
CHEMBL32453,0.6518962,3020,0,0
CHEMBL38951,0.6518962,3021,0,0
CHEMBL35016,0.6518962,3022,0,0
CHEMBL7474,0.6518962,3023,0,0
CHEMBL16947,0.6518962,3024,0,0
CHEMBL11541,0.6518962,3025,0,0
CHEMBL3309853,0.6514706,3026,0,0
CHEMBL3309663,0.6514706,3027,0,0
CHEMBL3310233,0.6514706,3028,0,0
CHEMBL37038,0.6513652,3029,0,0
CHEMBL35183,0.6513489,3030,0,0
CHEMBL17390,0.6513489,3031,0,0
CHEMBL9460,0.6512225,3032,0,0
CHEMBL42626,0.6512225,3033,0,0
CHEMBL7492,0.65120167,3034,0,0
CHEMBL4434693,0.65120167,3035,0,0
CHEMBL22193,0.65120167,3036,0,0
CHEMBL32708,0.65120167,3037,0,0
CHEMBL37579,0.65120167,3038,0,0
CHEMBL27515,0.65120167,3039,0,0
CHEMBL3311320,0.65120167,3040,0,0
CHEMBL33370,0.65120167,3041,0,0
CHEMBL23996,0.6511055,3042,0,0
CHEMBL22759,0.6510844,3043,0,0
CHEMBL22681,0.65097904,3044,0,0
CHEMBL39730,0.65080094,3045,0,0
CHEMBL14625,0.65080094,3046,0,0
CHEMBL16621,0.65080094,3047,0,0
CHEMBL23630,0.65080094,3048,0,0
CHEMBL36814,0.65080094,3049,0,0
CHEMBL15003,0.65080094,3050,0,0
CHEMBL26232,0.65080094,3051,0,0
CHEMBL10681,0.65080094,3052,0,0
CHEMBL27029,0.65080094,3053,0,0
CHEMBL37432,0.65080094,3054,0,0
CHEMBL27398,0.65080094,3055,0,0
CHEMBL23489,0.6506799,3056,0,0
CHEMBL7881,0.6506799,3057,0,0
CHEMBL7959,0.6506799,3058,0,0
CHEMBL20502,0.6506799,3059,0,0
CHEMBL33342,0.6506799,3060,0,0
CHEMBL7583,0.6506799,3061,0,0
CHEMBL28794,0.6506799,3062,0,0
CHEMBL16779,0.6506799,3063,0,0
CHEMBL11774,0.6506799,3064,0,0
CHEMBL4435484,0.6506799,3065,0,0
CHEMBL17426,0.65053594,3066,0,0
CHEMBL21021,0.6505267,3067,0,0
CHEMBL10108,0.6505267,3068,0,0
CHEMBL32593,0.6505267,3069,0,0
CHEMBL7297,0.65044963,3070,0,0
CHEMBL29953,0.6504281,3071,0,0
CHEMBL4435803,0.65039325,3072,0,0
CHEMBL19077,0.6503558,3073,0,0
CHEMBL21544,0.65032417,3074,0,0
CHEMBL32784,0.6501772,3075,0,0
CHEMBL9560,0.6501024,3076,0,0
CHEMBL22901,0.6501024,3077,0,0
CHEMBL3311313,0.6501024,3078,0,0
CHEMBL18709,0.6501024,3079,0,0
CHEMBL34692,0.6501024,3080,0,0
CHEMBL3311548,0.6501024,3081,0,0
CHEMBL6612,0.6500081,3082,0,0
CHEMBL6689,0.6500081,3083,0,0
CHEMBL4435099,0.6500081,3084,0,0
CHEMBL20341,0.6500081,3085,0,0
CHEMBL21368,0.6500081,3086,0,0
CHEMBL541537,0.6500081,3087,0,0
CHEMBL10653,0.6500081,3088,0,0
CHEMBL23038,0.6500081,3089,0,0
CHEMBL38784,0.6500081,3090,0,0
CHEMBL39745,0.6500081,3091,0,0
CHEMBL35744,0.6500081,3092,0,0
CHEMBL24236,0.6500081,3093,0,0
CHEMBL18089,0.6500081,3094,0,0
CHEMBL15882,0.6499923,3095,0,0
CHEMBL507307,0.6498869,3096,0,0
CHEMBL29348,0.6498869,3097,0,0
CHEMBL6864,0.6498869,3098,0,0
CHEMBL26221,0.6498869,3099,0,0
CHEMBL32594,0.64988,3100,0,0
CHEMBL623,0.64926714,3101,0,0
CHEMBL40810,0.64926124,3102,0,0
CHEMBL14389,0.6492377,3103,0,0
CHEMBL4435387,0.6492377,3104,0,0
CHEMBL28577,0.6492377,3105,0,0
CHEMBL19359,0.6492377,3106,0,0
CHEMBL11186,0.6488339,3107,0,0
CHEMBL16368,0.6488339,3108,0,0
CHEMBL18974,0.6488339,3109,0,0
CHEMBL36492,0.648625,3110,0,0
CHEMBL4436274,0.648625,3111,0,0
CHEMBL21434,0.64859986,3112,0,0
CHEMBL21497,0.64857,3113,0,0
CHEMBL1163163,0.64850813,3114,0,0
CHEMBL21071,0.6483857,3115,0,0
CHEMBL29433,0.6483857,3116,0,0
CHEMBL13850,0.6483554,3117,0,0
CHEMBL4553134,0.6483554,3118,0,0
CHEMBL4560035,0.6483554,3119,0,0
CHEMBL17680,0.6483554,3120,0,0
CHEMBL4435885,0.6481647,3121,0,0
CHEMBL3309527,0.64805126,3122,0,0
CHEMBL17568,0.647955,3123,0,0
CHEMBL4435136,0.647955,3124,0,0
CHEMBL15986,0.647955,3125,0,0
CHEMBL17408,0.64782786,3126,0,0
CHEMBL27890,0.64776194,3127,0,0
CHEMBL25152,0.6476966,3128,0,0
CHEMBL3309611,0.64764476,3129,0,0
CHEMBL28039,0.6476407,3130,0,0
CHEMBL38104,0.6476407,3131,0,0
CHEMBL29273,0.6476407,3132,0,0
CHEMBL4435526,0.6476407,3133,0,0
CHEMBL36551,0.64758265,3134,0,0
CHEMBL36303,0.64757156,3135,0,0
CHEMBL11271,0.64757156,3136,0,0
CHEMBL19395,0.64757156,3137,0,0
CHEMBL26137,0.64757156,3138,0,0
CHEMBL3310257,0.64757156,3139,0,0
CHEMBL11307,0.64757156,3140,0,0
CHEMBL8575,0.64757156,3141,0,0
CHEMBL3310964,0.64757156,3142,0,0
CHEMBL31122,0.64757156,3143,0,0
CHEMBL39015,0.64757156,3144,0,0
CHEMBL4435459,0.64744896,3145,0,0
CHEMBL31660,0.64739144,3146,0,0
CHEMBL19768,0.64739144,3147,0,0
CHEMBL17224,0.64739144,3148,0,0
CHEMBL12749,0.64739144,3149,0,0
CHEMBL37468,0.64739144,3150,0,0
CHEMBL4115984,0.64739144,3151,0,0
CHEMBL37751,0.64739144,3152,0,0
CHEMBL4434665,0.64739144,3153,0,0
CHEMBL16983,0.64739144,3154,0,0
CHEMBL19139,0.64739144,3155,0,0
CHEMBL39952,0.64739144,3156,0,0
CHEMBL23824,0.64739144,3157,0,0
CHEMBL16913,0.6472255,3158,0,0
CHEMBL568776,0.6472255,3159,0,0
CHEMBL24975,0.6472255,3160,0,0
CHEMBL31645,0.6469555,3161,0,0
CHEMBL22696,0.646833,3162,0,0
CHEMBL14077,0.646621,3163,0,0
CHEMBL33892,0.646621,3164,0,0
CHEMBL9476,0.646255,3165,0,0
CHEMBL13384,0.64625156,3166,0,0
CHEMBL33283,0.6461105,3167,0,0
CHEMBL16580,0.6460765,3168,0,0
CHEMBL10471,0.64601386,3169,0,0
CHEMBL26366,0.64601386,3170,0,0
CHEMBL38775,0.64601386,3171,0,0
CHEMBL30305,0.64601386,3172,0,0
CHEMBL35579,0.64601386,3173,0,0
CHEMBL35865,0.64601386,3174,0,0
CHEMBL35981,0.64596903,3175,0,0
CHEMBL6981,0.64590836,3176,0,0
CHEMBL17366,0.64563847,3177,0,0
CHEMBL500021,0.64563847,3178,0,0
CHEMBL41140,0.64563847,3179,0,0
CHEMBL15875,0.6456095,3180,0,0
CHEMBL39653,0.645492,3181,0,0
CHEMBL4435619,0.645492,3182,0,0
CHEMBL32524,0.645492,3183,0,0
CHEMBL14255,0.645492,3184,0,0
CHEMBL26562,0.64532876,3185,0,0
CHEMBL3309321,0.64532876,3186,0,0
CHEMBL37792,0.64532876,3187,0,0
CHEMBL10331,0.64532876,3188,0,0
CHEMBL1163212,0.64532876,3189,0,0
CHEMBL42761,0.64521605,3190,0,0
CHEMBL34247,0.64521605,3191,0,0
CHEMBL10053,0.64521605,3192,0,0
CHEMBL33008,0.64521605,3193,0,0
CHEMBL25142,0.6447439,3194,0,0
CHEMBL23349,0.6442708,3195,0,0
CHEMBL14170,0.6442666,3196,0,0
CHEMBL39857,0.6440553,3197,0,0
CHEMBL37937,0.6440553,3198,0,0
CHEMBL36701,0.6440553,3199,0,0
CHEMBL1163363,0.6440553,3200,0,0
CHEMBL14769,0.6440553,3201,0,0
CHEMBL7467,0.6440553,3202,0,0
CHEMBL19848,0.6440553,3203,0,0
CHEMBL31278,0.6440553,3204,0,0
CHEMBL23878,0.6440553,3205,0,0
CHEMBL12163,0.6440553,3206,0,0
CHEMBL9318,0.6439383,3207,0,0
CHEMBL20920,0.6439383,3208,0,0
CHEMBL579595,0.6439383,3209,0,0
CHEMBL14300,0.64380187,3210,0,0
CHEMBL20090,0.6435198,3211,0,0
CHEMBL37324,0.6435198,3212,0,0
CHEMBL33166,0.6435198,3213,0,0
CHEMBL26189,0.64344364,3214,0,0
CHEMBL4435917,0.64344364,3215,0,0
CHEMBL7939,0.64344364,3216,0,0
CHEMBL9944,0.64344364,3217,0,0
CHEMBL10152,0.64344364,3218,0,0
CHEMBL20602,0.64344364,3219,0,0
CHEMBL23749,0.64344364,3220,0,0
CHEMBL18030,0.64344364,3221,0,0
CHEMBL13855,0.64344364,3222,0,0
CHEMBL39282,0.64344364,3223,0,0
CHEMBL34284,0.64344364,3224,0,0
CHEMBL8453,0.64344364,3225,0,0
CHEMBL13826,0.64344364,3226,0,0
CHEMBL42618,0.64344364,3227,0,0
CHEMBL8536,0.64344364,3228,0,0
CHEMBL7274,0.64344364,3229,0,0
CHEMBL11911,0.64344364,3230,0,0
CHEMBL1090597,0.64344364,3231,0,0
CHEMBL27310,0.64344364,3232,0,0
CHEMBL13018,0.64344364,3233,0,0
CHEMBL4436523,0.64344364,3234,0,0
CHEMBL16988,0.64344364,3235,0,0
CHEMBL14342,0.64344364,3236,0,0
CHEMBL41390,0.64344364,3237,0,0
CHEMBL13309,0.64344364,3238,0,0
CHEMBL17445,0.64344364,3239,0,0
CHEMBL18853,0.64344364,3240,0,0
CHEMBL30324,0.64344364,3241,0,0
CHEMBL3310220,0.64344364,3242,0,0
CHEMBL17736,0.64344364,3243,0,0
CHEMBL21150,0.64344364,3244,0,0
CHEMBL21170,0.64344364,3245,0,0
CHEMBL25976,0.64344364,3246,0,0
CHEMBL19816,0.64344364,3247,0,0
CHEMBL34934,0.64344364,3248,0,0
CHEMBL30901,0.64344364,3249,0,0
CHEMBL3309978,0.64344364,3250,0,0
CHEMBL37819,0.64344364,3251,0,0
CHEMBL3309979,0.64344364,3252,0,0
CHEMBL37802,0.64344364,3253,0,0
CHEMBL16929,0.64344364,3254,0,0
CHEMBL10066,0.64344364,3255,0,0
CHEMBL4436491,0.64344364,3256,0,0
CHEMBL42706,0.64344364,3257,0,0
CHEMBL4435286,0.64344364,3258,0,0
CHEMBL4435268,0.64344364,3259,0,0
CHEMBL12408,0.6433511,3260,0,0
CHEMBL37535,0.6428463,3261,0,0
CHEMBL14681,0.642773,3262,0,0
CHEMBL28847,0.6426699,3263,0,0
CHEMBL30073,0.6426699,3264,0,0
CHEMBL16832,0.6422043,3265,0,0
CHEMBL9755,0.6422043,3266,0,0
CHEMBL4435851,0.6422043,3267,0,0
CHEMBL3309535,0.6422043,3268,0,0
CHEMBL6983,0.6420734,3269,0,0
CHEMBL28553,0.6419572,3270,0,0
CHEMBL38362,0.6417891,3271,0,0
CHEMBL17168,0.6417543,3272,0,0
CHEMBL16410,0.641464,3273,0,0
CHEMBL4436589,0.6411344,3274,0,0
CHEMBL20194,0.6408627,3275,0,0
CHEMBL31290,0.64067763,3276,0,0
CHEMBL19599,0.64067763,3277,0,0
CHEMBL22247,0.64067763,3278,0,0
CHEMBL31038,0.64067763,3279,0,0
CHEMBL10109,0.6406736,3280,0,0
CHEMBL22083,0.6406736,3281,0,0
CHEMBL43186,0.6406736,3282,0,0
CHEMBL22937,0.64036006,3283,0,0
CHEMBL38677,0.64019614,3284,0,0
CHEMBL13036,0.64002,3285,0,0
CHEMBL17723,0.64002,3286,0,0
CHEMBL13037,0.64002,3287,0,0
CHEMBL32209,0.6398636,3288,0,0
CHEMBL12256,0.6398636,3289,0,0
CHEMBL583154,0.63963187,3290,0,0
CHEMBL11107,0.639563,3291,0,0
CHEMBL3309775,0.639563,3292,0,0
CHEMBL38634,0.63955647,3293,0,0
CHEMBL42514,0.63955176,3294,0,0
CHEMBL3311042,0.6387838,3295,0,0
CHEMBL4559958,0.6387738,3296,0,0
CHEMBL40373,0.6383242,3297,0,0
CHEMBL18669,0.6383242,3298,0,0
CHEMBL39621,0.6380873,3299,0,0
CHEMBL36952,0.6379649,3300,0,0
CHEMBL38880,0.6379649,3301,0,0
CHEMBL484581,0.63787085,3302,0,0
CHEMBL39289,0.63775235,3303,0,0
CHEMBL29066,0.637498,3304,0,0
CHEMBL35536,0.637498,3305,0,0
CHEMBL37886,0.637498,3307,0,0
CHEMBL4559978,0.637498,3308,0,0
CHEMBL3310176,0.637498,3309,0,0
CHEMBL34816,0.637498,3310,0,0
CHEMBL19550,0.637498,3311,0,0
CHEMBL3311470,0.637498,3312,0,0
CHEMBL4543272,0.637498,3313,0,0
CHEMBL1187616,0.637498,3314,0,0
CHEMBL38216,0.637498,3315,0,0
CHEMBL17813,0.637498,3316,0,0
CHEMBL35758,0.637498,3317,0,0
CHEMBL41225,0.637498,3318,0,0
CHEMBL13624,0.637498,3319,0,0
CHEMBL19320,0.6374272,3320,0,0
CHEMBL10055,0.63678235,3321,0,0
CHEMBL19769,0.6366904,3322,0,0
CHEMBL264055,0.63664883,3323,0,0
CHEMBL21463,0.6362043,3324,0,0
CHEMBL24061,0.6362043,3325,0,0
CHEMBL608190,0.63616693,3326,0,0
CHEMBL4435057,0.63616693,3327,0,0
CHEMBL24229,0.63616693,3328,0,0
CHEMBL11890,0.63616693,3329,0,0
CHEMBL29076,0.63589996,3330,0,0
CHEMBL20469,0.63589996,3331,0,0
CHEMBL3311106,0.63589996,3332,0,0
CHEMBL36313,0.63589996,3333,0,0
CHEMBL26539,0.63589996,3334,0,0
CHEMBL25118,0.63589996,3335,0,0
CHEMBL9323,0.63589996,3336,0,0
CHEMBL25327,0.63589996,3337,0,0
CHEMBL3310305,0.63589996,3338,0,0
CHEMBL3309815,0.63589996,3339,0,0
CHEMBL15115,0.63589996,3340,0,0
CHEMBL26564,0.63589996,3341,0,0
CHEMBL14086,0.63589996,3342,0,0
CHEMBL35771,0.63589996,3343,0,0
CHEMBL4553675,0.63589996,3344,0,0
CHEMBL28312,0.63589996,3345,0,0
CHEMBL4435747,0.63589996,3346,0,0
CHEMBL25704,0.63589996,3347,0,0
CHEMBL9856,0.63589996,3348,0,0
CHEMBL21591,0.63589996,3349,0,0
CHEMBL12430,0.63589996,3350,0,0
CHEMBL21091,0.63589996,3351,0,0
CHEMBL18703,0.63589996,3352,0,0
CHEMBL33085,0.6358968,3353,0,0
CHEMBL13333,0.6357416,3354,0,0
CHEMBL28593,0.6357416,3355,0,0
CHEMBL33554,0.6357416,3356,0,0
CHEMBL15470,0.6357416,3357,0,0
CHEMBL9781,0.6357416,3358,0,0
CHEMBL27790,0.6357416,3359,0,0
CHEMBL23672,0.63571167,3360,0,0
CHEMBL10772,0.63571167,3361,0,0
CHEMBL4435155,0.63567936,3362,0,0
CHEMBL23850,0.6356314,3363,0,0
CHEMBL10448,0.6352284,3364,0,0
CHEMBL15281,0.6352284,3365,0,0
CHEMBL20505,0.63519746,3366,0,0
CHEMBL559228,0.63490754,3367,0,0
CHEMBL35030,0.6345854,3368,0,0
CHEMBL24981,0.6345854,3369,0,0
CHEMBL4116138,0.6345854,3370,0,0
CHEMBL18754,0.6343054,3371,0,0
CHEMBL14345,0.6341776,3372,0,0
CHEMBL7443,0.63416713,3373,0,0
CHEMBL34498,0.6341541,3374,0,0
CHEMBL41100,0.634065,3375,0,0
CHEMBL18529,0.634065,3376,0,0
CHEMBL15941,0.634065,3377,0,0
CHEMBL20301,0.634065,3378,0,0
CHEMBL37219,0.63403434,3379,0,0
CHEMBL37509,0.6339553,3380,0,0
CHEMBL29986,0.6339553,3381,0,0
CHEMBL21613,0.6339553,3382,0,0
CHEMBL3309909,0.6334574,3383,0,0
CHEMBL22838,0.6334574,3384,0,0
CHEMBL24483,0.6334287,3385,0,0
CHEMBL9524,0.6331667,3386,0,0
CHEMBL9884,0.6331481,3387,0,0
CHEMBL3309785,0.63312757,3388,0,0
CHEMBL28158,0.6323024,3389,0,0
CHEMBL13681,0.6323024,3390,0,0
CHEMBL39933,0.6323024,3391,0,0
CHEMBL17986,0.6323024,3392,0,0
CHEMBL24007,0.6323024,3393,0,0
CHEMBL22757,0.6323024,3394,0,0
CHEMBL3311044,0.6323024,3395,0,0
CHEMBL22848,0.6323024,3396,0,0
CHEMBL3310377,0.6323024,3397,0,0
CHEMBL18164,0.6323024,3398,0,0
CHEMBL39370,0.6323024,3399,0,0
CHEMBL26742,0.6323024,3400,0,0
CHEMBL24303,0.6323024,3401,0,0
CHEMBL3310381,0.6323024,3402,0,0
CHEMBL3310380,0.6323024,3403,0,0
CHEMBL25237,0.63201106,3404,0,0
CHEMBL17493,0.6316816,3405,0,0
CHEMBL10953,0.6316816,3406,0,0
CHEMBL10673,0.6316816,3407,0,0
CHEMBL28474,0.6316816,3408,0,0
CHEMBL19913,0.6316483,3409,0,0
CHEMBL18295,0.6316483,3410,0,0
CHEMBL4435300,0.6314916,3411,0,0
CHEMBL38418,0.63138443,3412,0,0
CHEMBL36977,0.6311657,3413,0,0
CHEMBL712,0.63103473,3414,0,0
CHEMBL4543356,0.6306099,3415,0,0
CHEMBL16303,0.6306099,3416,0,0
CHEMBL20685,0.630581,3417,0,0
CHEMBL7803,0.6305208,3418,0,0
CHEMBL3310767,0.6305208,3419,0,0
CHEMBL12961,0.6305208,3420,0,0
CHEMBL30358,0.6305208,3421,0,0
CHEMBL7358,0.63024133,3422,0,0
CHEMBL14514,0.63024133,3423,0,0
CHEMBL7389,0.63024133,3424,0,0
CHEMBL12340,0.63024133,3425,0,0
CHEMBL16035,0.63024133,3426,0,0
CHEMBL16464,0.63024133,3427,0,0
CHEMBL19658,0.63024133,3428,0,0
CHEMBL31131,0.63024133,3429,0,0
CHEMBL7114,0.63024133,3430,0,0
CHEMBL35085,0.63024133,3431,0,0
CHEMBL17832,0.63024133,3432,0,0
CHEMBL19275,0.63024133,3433,0,0
CHEMBL23201,0.63024133,3434,0,0
CHEMBL6975,0.63024133,3435,0,0
CHEMBL22439,0.63024133,3436,0,0
CHEMBL12427,0.63024133,3437,0,0
CHEMBL25412,0.63024133,3438,0,0
CHEMBL4435320,0.63014984,3439,0,0
CHEMBL16458,0.6295567,3440,0,0
CHEMBL26518,0.6295567,3441,0,0
CHEMBL14784,0.6295567,3442,0,0
CHEMBL17314,0.62944555,3443,0,0
CHEMBL26018,0.62944555,3444,0,0
CHEMBL1163490,0.62944555,3445,0,0
CHEMBL17699,0.62944555,3446,0,0
CHEMBL3309486,0.62901884,3447,0,0
CHEMBL36041,0.62849116,3448,0,0
CHEMBL491,0.62849116,3449,0,0
CHEMBL25895,0.62849116,3450,0,0
CHEMBL20722,0.62849116,3451,0,0
CHEMBL1187952,0.62849116,3452,0,0
CHEMBL22492,0.62849116,3453,0,0
CHEMBL37577,0.62849116,3454,0,0
CHEMBL4435986,0.62849116,3455,0,0
CHEMBL23453,0.62849116,3456,0,0
CHEMBL10978,0.62849116,3457,0,0
CHEMBL37673,0.62849116,3458,0,0
CHEMBL32730,0.62849116,3459,0,0
CHEMBL11203,0.62849116,3460,0,0
CHEMBL42377,0.62849116,3461,0,0
CHEMBL38873,0.62849116,3462,0,0
CHEMBL31887,0.62849116,3463,0,0
CHEMBL40631,0.62849116,3464,0,0
CHEMBL24155,0.62849116,3465,0,0
CHEMBL20854,0.62849116,3466,0,0
CHEMBL3310953,0.62849116,3467,0,0
CHEMBL30694,0.62826943,3468,0,0
CHEMBL21118,0.62826943,3469,0,0
CHEMBL1189963,0.62826943,3470,0,0
CHEMBL29422,0.62826943,3471,0,0
CHEMBL35481,0.62826943,3472,0,0
CHEMBL34140,0.62826943,3473,0,0
CHEMBL40741,0.62826943,3474,0,0
CHEMBL20763,0.62826943,3475,0,0
CHEMBL1187588,0.62826943,3476,0,0
CHEMBL37001,0.62800425,3477,0,0
CHEMBL35136,0.62787646,3478,0,0
CHEMBL28097,0.6278285,3479,0,0
CHEMBL27956,0.6278285,3480,0,0
CHEMBL36796,0.62758356,3481,0,0
CHEMBL18905,0.62758356,3482,0,0
CHEMBL3311219,0.6275296,3483,0,0
CHEMBL31977,0.6273317,3484,0,0
CHEMBL31174,0.6273317,3485,0,0
CHEMBL21638,0.6273317,3486,0,0
CHEMBL20446,0.6273317,3487,0,0
CHEMBL14905,0.6273149,3488,0,0
CHEMBL4559976,0.627196,3489,0,0
CHEMBL24985,0.6270812,3490,0,0
CHEMBL9503,0.6270812,3491,0,0
CHEMBL38981,0.6270812,3492,0,0
CHEMBL10396,0.62695736,3493,0,0
CHEMBL17522,0.62695736,3494,0,0
CHEMBL27902,0.62695736,3495,0,0
CHEMBL9585,0.62695736,3496,0,0
CHEMBL10387,0.62690353,3497,0,0
CHEMBL35511,0.6268859,3498,0,0
CHEMBL36476,0.62660444,3499,0,0
CHEMBL26836,0.6265161,3500,0,0
CHEMBL27752,0.6265161,3501,0,0
CHEMBL28995,0.6265161,3502,0,0
CHEMBL23162,0.6265161,3503,0,0
CHEMBL9004,0.62637514,3504,0,0
CHEMBL18361,0.62630755,3505,0,0
CHEMBL17116,0.62630755,3506,0,0
CHEMBL37225,0.62630755,3507,0,0
CHEMBL35791,0.62630755,3508,0,0
CHEMBL3309767,0.62630755,3509,0,0
CHEMBL33891,0.62630755,3510,0,0
CHEMBL16681,0.62630755,3511,0,0
CHEMBL37110,0.62608945,3512,0,0
CHEMBL10702,0.62608945,3513,0,0
CHEMBL24295,0.62574506,3514,0,0
CHEMBL11983,0.6254581,3515,0,0
CHEMBL17302,0.6254581,3516,0,0
CHEMBL4436108,0.6254581,3517,0,0
CHEMBL11045,0.6252956,3518,0,0
CHEMBL4435045,0.6248421,3519,0,0
CHEMBL40269,0.6248421,3520,0,0
CHEMBL4543306,0.62432176,3521,0,0
CHEMBL22125,0.6242844,3522,0,0
CHEMBL38620,0.62423503,3523,0,0
CHEMBL26514,0.6239467,3524,0,0
CHEMBL3310303,0.62388027,3525,0,0
CHEMBL25945,0.62388027,3526,0,0
CHEMBL6328,0.62388027,3527,0,0
CHEMBL20538,0.62388027,3528,0,0
CHEMBL23416,0.62388027,3529,0,0
CHEMBL23234,0.62388027,3530,0,0
CHEMBL3310203,0.62388027,3531,0,0
CHEMBL6496,0.62388027,3532,0,0
CHEMBL24435,0.62388027,3533,0,0
CHEMBL11691,0.62388027,3534,0,0
CHEMBL42349,0.62388027,3535,0,0
CHEMBL4435535,0.62388027,3536,0,0
CHEMBL28143,0.62388027,3537,0,0
CHEMBL6795,0.62388027,3538,0,0
CHEMBL10187,0.62388027,3539,0,0
CHEMBL31883,0.62388027,3540,0,0
CHEMBL35942,0.62388027,3541,0,0
CHEMBL32468,0.62388027,3542,0,0
CHEMBL8542,0.62388027,3543,0,0
CHEMBL9109,0.62388027,3544,0,0
CHEMBL36989,0.62388027,3545,0,0
CHEMBL15985,0.62388027,3546,0,0
CHEMBL39179,0.62388027,3547,0,0
CHEMBL38215,0.62388027,3548,0,0
CHEMBL16718,0.62388027,3549,0,0
CHEMBL38321,0.62388027,3550,0,0
CHEMBL15147,0.6236191,3551,0,0
CHEMBL30216,0.6236191,3552,0,0
CHEMBL3309526,0.6236191,3553,0,0
CHEMBL31804,0.6236191,3554,0,0
CHEMBL3310781,0.6236191,3555,0,0
CHEMBL4543475,0.6236191,3556,0,0
CHEMBL35777,0.6236191,3557,0,0
CHEMBL16314,0.6236191,3558,0,0
CHEMBL28997,0.6236191,3559,0,0
CHEMBL20291,0.6236191,3560,0,0
CHEMBL40984,0.6236191,3561,0,0
CHEMBL38123,0.6236191,3562,0,0
CHEMBL35721,0.6236191,3563,0,0
CHEMBL28138,0.6236191,3564,0,0
CHEMBL39641,0.6236191,3565,0,0
CHEMBL27728,0.6236191,3566,0,0
CHEMBL23399,0.6236191,3567,0,0
CHEMBL13197,0.6236191,3568,0,0
CHEMBL30092,0.6236191,3569,0,0
CHEMBL28598,0.6236191,3570,0,0
CHEMBL41310,0.6236191,3571,0,0
CHEMBL4116100,0.6236191,3572,0,0
CHEMBL4303151,0.6236191,3573,0,0
CHEMBL23251,0.62349623,3574,0,0
CHEMBL34352,0.6234567,3575,0,0
CHEMBL4435176,0.6234074,3576,0,0
CHEMBL38260,0.62337023,3577,0,0
CHEMBL4543365,0.6232771,3578,0,0
CHEMBL11187,0.6230431,3579,0,0
CHEMBL3310450,0.6227204,3580,0,0
CHEMBL32830,0.6227204,3581,0,0
CHEMBL21688,0.6227204,3582,0,0
CHEMBL23238,0.6227204,3583,0,0
CHEMBL581928,0.6227204,3586,0,0
CHEMBL37234,0.62271154,3587,0,0
CHEMBL37991,0.6226631,3588,0,0
CHEMBL38713,0.6226631,3590,0,0
CHEMBL21786,0.6226631,3591,0,0
CHEMBL8861,0.6226631,3592,0,0
CHEMBL22120,0.6226631,3593,0,0
CHEMBL8344,0.6226631,3594,0,0
CHEMBL13381,0.6226631,3595,0,0
CHEMBL24459,0.62252474,3596,0,0
CHEMBL1163380,0.62252474,3597,0,0
CHEMBL38930,0.62252474,3598,0,0
CHEMBL19537,0.62252474,3599,0,0
CHEMBL32916,0.62252474,3600,0,0
CHEMBL40002,0.62252474,3601,0,0
CHEMBL4435620,0.62252474,3602,0,0
CHEMBL33706,0.62252474,3603,0,0
CHEMBL25680,0.62252474,3604,0,0
CHEMBL10248,0.62252474,3605,0,0
CHEMBL10432,0.62252474,3606,0,0
CHEMBL9481,0.6225203,3607,0,0
CHEMBL4434834,0.6225203,3608,0,0
CHEMBL39172,0.6225203,3609,0,0
CHEMBL4434944,0.6225203,3610,0,0
CHEMBL13458,0.6225203,3611,0,0
CHEMBL36751,0.6225203,3612,0,0
CHEMBL7567,0.6225203,3613,0,0
CHEMBL35191,0.6225203,3614,0,0
CHEMBL35309,0.6225203,3615,0,0
CHEMBL33332,0.6225203,3616,0,0
CHEMBL539611,0.6223737,3617,0,0
CHEMBL20908,0.62215316,3618,0,0
CHEMBL41939,0.62215316,3619,0,0
CHEMBL18589,0.6216987,3620,0,0
CHEMBL16421,0.6216459,3621,0,0
CHEMBL38328,0.6215022,3622,0,0
CHEMBL14161,0.6215022,3623,0,0
CHEMBL40530,0.6215022,3624,0,0
CHEMBL9420,0.6212259,3625,0,0
CHEMBL31833,0.6208249,3626,0,0
CHEMBL6344,0.6207066,3627,0,0
CHEMBL42357,0.62070113,3628,0,0
CHEMBL31864,0.62070113,3629,0,0
CHEMBL37948,0.62070113,3630,0,0
CHEMBL30013,0.62070113,3631,0,0
CHEMBL11439,0.62070113,3632,0,0
CHEMBL18005,0.62070113,3633,0,0
CHEMBL18473,0.62070113,3634,0,0
CHEMBL21410,0.62070113,3635,0,0
CHEMBL20900,0.62070113,3636,0,0
CHEMBL557764,0.62070113,3637,0,0
CHEMBL31362,0.62070113,3638,0,0
CHEMBL25530,0.62070113,3639,0,0
CHEMBL3310782,0.62070113,3640,0,0
CHEMBL24200,0.62070113,3641,0,0
CHEMBL23499,0.62070113,3642,0,0
CHEMBL7103,0.62070113,3643,0,0
CHEMBL1163528,0.62070113,3644,0,0
CHEMBL1087095,0.62070113,3645,0,0
CHEMBL18500,0.62070113,3646,0,0
CHEMBL17178,0.62070113,3647,0,0
CHEMBL18093,0.62070113,3648,0,0
CHEMBL27630,0.62070113,3649,0,0
CHEMBL28343,0.62070113,3650,0,0
CHEMBL33103,0.62049913,3651,0,0
CHEMBL29617,0.62033516,3652,0,0
CHEMBL4436499,0.6203263,3653,0,0
CHEMBL38973,0.62020445,3654,0,0
CHEMBL12402,0.62020445,3655,0,0
CHEMBL19647,0.6201203,3656,0,0
CHEMBL28594,0.6199357,3657,0,0
CHEMBL3310028,0.6194085,3658,0,0
CHEMBL10843,0.6194085,3659,0,0
CHEMBL10708,0.6193866,3660,0,0
CHEMBL41291,0.6193866,3661,0,0
CHEMBL11714,0.6192872,3662,0,0
CHEMBL14262,0.6192083,3663,0,0
CHEMBL3311240,0.6192083,3664,0,0
CHEMBL4116157,0.6192083,3665,0,0
CHEMBL4434782,0.6192083,3666,0,0
CHEMBL18023,0.6192083,3667,0,0
CHEMBL35349,0.6192083,3668,0,0
CHEMBL23532,0.6192083,3669,0,0
CHEMBL13659,0.6192083,3670,0,0
CHEMBL4435976,0.6192083,3671,0,0
CHEMBL14734,0.6192083,3672,0,0
CHEMBL21839,0.6192083,3673,0,0
CHEMBL19443,0.6192083,3674,0,0
CHEMBL4559989,0.6192083,3675,0,0
CHEMBL32170,0.6192083,3676,0,0
CHEMBL35303,0.6192083,3677,0,0
CHEMBL8015,0.6192083,3678,0,0
CHEMBL32266,0.6192083,3679,0,0
CHEMBL36512,0.6192083,3680,0,0
CHEMBL37447,0.6192083,3681,0,0
CHEMBL9890,0.6192083,3682,0,0
CHEMBL26839,0.6192083,3683,0,0
CHEMBL20083,0.6192083,3684,0,0
CHEMBL4436118,0.6192083,3685,0,0
CHEMBL27921,0.6192083,3686,0,0
CHEMBL4435421,0.6192083,3687,0,0
CHEMBL25107,0.6192083,3688,0,0
CHEMBL19055,0.6192083,3689,0,0
CHEMBL35130,0.6192083,3690,0,0
CHEMBL17944,0.6192083,3691,0,0
CHEMBL4435442,0.6192083,3692,0,0
CHEMBL4435408,0.6192083,3693,0,0
CHEMBL28543,0.6192083,3694,0,0
CHEMBL267832,0.6192083,3695,0,0
CHEMBL34858,0.6192083,3696,0,0
CHEMBL34859,0.6192083,3697,0,0
CHEMBL6676,0.6192083,3698,0,0
CHEMBL584773,0.6192083,3699,0,0
CHEMBL36077,0.6192083,3700,0,0
CHEMBL36920,0.6192083,3701,0,0
CHEMBL19790,0.6192083,3702,0,0
CHEMBL3309284,0.6192083,3703,0,0
CHEMBL15585,0.6192083,3704,0,0
CHEMBL3310670,0.6192083,3705,0,0
CHEMBL37982,0.6192083,3706,0,0
CHEMBL30364,0.6192083,3707,0,0
CHEMBL10198,0.6192083,3708,0,0
CHEMBL13834,0.6192083,3709,0,0
CHEMBL1163540,0.6192083,3710,0,0
CHEMBL38317,0.6192083,3711,0,0
CHEMBL4435668,0.6192083,3712,0,0
CHEMBL4434882,0.6192083,3713,0,0
CHEMBL19966,0.6192083,3714,0,0
CHEMBL25382,0.6192083,3715,0,0
CHEMBL7377,0.6192083,3716,0,0
CHEMBL35258,0.6192083,3717,0,0
CHEMBL39644,0.6192083,3718,0,0
CHEMBL22129,0.6192083,3719,0,0
CHEMBL3309529,0.6192083,3720,0,0
CHEMBL554586,0.6192083,3721,0,0
CHEMBL33413,0.6192083,3722,0,0
CHEMBL16541,0.6192083,3723,0,0
CHEMBL3310858,0.6192083,3724,0,0
CHEMBL34886,0.6192083,3725,0,0
CHEMBL32508,0.6192083,3726,0,0
CHEMBL3309873,0.61915064,3727,0,0
CHEMBL4435296,0.6191243,3728,0,0
CHEMBL4435905,0.61897844,3729,0,0
CHEMBL4553128,0.6188868,3730,0,0
CHEMBL34993,0.6186482,3731,0,0
CHEMBL20098,0.618586,3732,0,0
CHEMBL10823,0.618586,3733,0,0
CHEMBL26095,0.6183413,3734,0,0
CHEMBL17207,0.6182819,3735,0,0
CHEMBL27715,0.6182819,3736,0,0
CHEMBL19095,0.6182479,3737,0,0
CHEMBL24403,0.6182479,3738,0,0
CHEMBL25606,0.6182479,3739,0,0
CHEMBL21631,0.6182479,3740,0,0
CHEMBL7067,0.6182479,3741,0,0
CHEMBL37438,0.6182479,3742,0,0
CHEMBL3311425,0.6182479,3743,0,0
CHEMBL34776,0.6182479,3744,0,0
CHEMBL25799,0.6182479,3745,0,0
CHEMBL37889,0.6182479,3746,0,0
CHEMBL23946,0.6182479,3747,0,0
CHEMBL37064,0.6182479,3748,0,0
CHEMBL19977,0.6182479,3749,0,0
CHEMBL21689,0.6182479,3750,0,0
CHEMBL15597,0.6182479,3751,0,0
CHEMBL25724,0.6182479,3752,0,0
CHEMBL11305,0.6182479,3753,0,0
CHEMBL10008,0.6182479,3754,0,0
CHEMBL32590,0.6182479,3755,0,1
CHEMBL9278,0.6182479,3756,0,0
CHEMBL26896,0.6182479,3757,0,0
CHEMBL42766,0.6182479,3758,0,0
CHEMBL38342,0.6182479,3759,0,0
CHEMBL1163286,0.6182479,3760,0,0
CHEMBL3310311,0.6182479,3761,0,0
CHEMBL26464,0.6182479,3762,0,0
CHEMBL4436176,0.6182479,3763,0,0
CHEMBL4436213,0.6182479,3764,0,0
CHEMBL4434790,0.6182479,3765,0,0
CHEMBL18061,0.6182479,3766,0,0
CHEMBL33964,0.6182479,3767,0,0
CHEMBL4435097,0.6182479,3768,0,0
CHEMBL36986,0.6182479,3769,0,0
CHEMBL23495,0.6182479,3770,0,0
CHEMBL37654,0.6182479,3771,0,0
CHEMBL38663,0.6182479,3772,0,0
CHEMBL18156,0.6182479,3773,0,0
CHEMBL6317,0.6182479,3774,0,0
CHEMBL25940,0.6182479,3775,0,0
CHEMBL24414,0.6182479,3776,0,0
CHEMBL24232,0.6182479,3777,0,0
CHEMBL15982,0.6182479,3778,0,0
CHEMBL21983,0.6182479,3779,0,0
CHEMBL43675,0.6182479,3780,0,0
CHEMBL4116001,0.6182479,3781,0,0
CHEMBL3309795,0.6182479,3782,0,0
CHEMBL22575,0.6182479,3783,0,0
CHEMBL29130,0.6182479,3784,0,0
CHEMBL38005,0.6182479,3785,0,0
CHEMBL29000,0.6182479,3786,0,0
CHEMBL35248,0.6182479,3787,0,0
CHEMBL4436160,0.6182479,3788,0,0
CHEMBL43025,0.6182479,3789,0,0
CHEMBL34263,0.6182479,3790,0,0
CHEMBL18410,0.6182479,3791,0,0
CHEMBL38079,0.6182479,3792,0,0
CHEMBL3309869,0.6182479,3793,0,0
CHEMBL17868,0.6182479,3794,0,0
CHEMBL11865,0.6182479,3795,0,0
CHEMBL35270,0.6179989,3796,0,0
CHEMBL4435394,0.6179989,3797,0,0
CHEMBL40119,0.61774474,3798,0,0
CHEMBL8912,0.61774474,3799,0,0
CHEMBL4435558,0.61774474,3800,0,0
CHEMBL10615,0.61774474,3801,0,0
CHEMBL14861,0.6176612,3802,0,0
CHEMBL29679,0.6176612,3803,0,0
CHEMBL440981,0.6176251,3804,0,0
CHEMBL37493,0.6176251,3805,0,0
CHEMBL17979,0.6176251,3806,0,0
CHEMBL16165,0.6176251,3807,0,0
CHEMBL41606,0.6176251,3808,0,0
CHEMBL21515,0.6176251,3810,0,0
CHEMBL37431,0.6176251,3811,0,0
CHEMBL3310218,0.6176251,3812,0,0
CHEMBL15368,0.6176251,3813,0,0
CHEMBL7698,0.6176251,3814,0,0
CHEMBL42611,0.6176251,3815,0,0
CHEMBL1189522,0.6176251,3816,0,0
CHEMBL4435498,0.6176251,3817,0,0
CHEMBL4543291,0.6176251,3818,0,0
CHEMBL4435082,0.6176251,3819,0,0
CHEMBL4435481,0.6176251,3820,0,0
CHEMBL15261,0.6176251,3821,0,0
CHEMBL21012,0.6176251,3822,0,0
CHEMBL33728,0.6176251,3823,0,0
CHEMBL30215,0.6176251,3824,0,0
CHEMBL11946,0.6176251,3825,0,0
CHEMBL36361,0.6176251,3826,0,0
CHEMBL41351,0.6176251,3827,0,0
CHEMBL4543308,0.6176251,3828,0,0
CHEMBL7124,0.6176251,3829,0,0
CHEMBL41402,0.6176251,3830,0,0
CHEMBL6487,0.6176251,3831,0,0
CHEMBL15425,0.6176251,3832,0,0
CHEMBL1182365,0.6176251,3833,0,0
CHEMBL3309598,0.6176251,3834,0,0
CHEMBL3309531,0.6176251,3835,0,0
CHEMBL28287,0.6176251,3836,0,0
CHEMBL33934,0.6176251,3837,0,0
CHEMBL3311455,0.6176251,3838,0,0
CHEMBL42933,0.6176251,3839,0,0
CHEMBL32164,0.6176251,3840,0,0
CHEMBL39953,0.6176251,3841,0,0
CHEMBL30957,0.6176251,3842,0,0
CHEMBL7106,0.6176251,3843,0,0
CHEMBL18873,0.6176251,3844,0,0
CHEMBL12054,0.6176251,3845,0,0
CHEMBL9886,0.6176251,3846,0,0
CHEMBL37753,0.6176251,3847,0,0
CHEMBL38582,0.6176251,3848,0,0
CHEMBL4116116,0.6176251,3849,0,0
CHEMBL14719,0.6176251,3850,0,0
CHEMBL36919,0.6176251,3851,0,0
CHEMBL3310714,0.6176251,3852,0,0
CHEMBL16643,0.6176251,3853,0,0
CHEMBL28425,0.6176251,3854,0,0
CHEMBL4434747,0.6176251,3855,0,0
CHEMBL29221,0.6176251,3856,0,0
CHEMBL38684,0.6176251,3857,0,0
CHEMBL3309883,0.6176251,3858,0,0
CHEMBL19343,0.6176251,3859,0,0
CHEMBL36695,0.6176251,3860,0,0
CHEMBL3309770,0.6176251,3861,0,0
CHEMBL1203132,0.6176251,3862,0,0
CHEMBL14589,0.6176251,3863,0,0
CHEMBL21199,0.6176251,3864,0,0
CHEMBL1782793,0.6176251,3865,0,0
CHEMBL4436365,0.6176251,3866,0,0
CHEMBL27650,0.6176251,3867,0,0
CHEMBL9928,0.6176251,3868,0,0
CHEMBL17675,0.6176251,3869,0,0
CHEMBL31396,0.6176251,3870,0,0
CHEMBL43749,0.6176251,3871,0,0
CHEMBL10327,0.6176251,3872,0,0
CHEMBL34750,0.6176251,3873,0,0
CHEMBL22319,0.61744833,3874,0,0
CHEMBL13689,0.61744833,3875,0,0
CHEMBL9183,0.61744833,3876,0,0
CHEMBL31459,0.61740166,3877,0,0
CHEMBL39591,0.61740166,3878,0,0
CHEMBL34741,0.61740166,3879,0,0
CHEMBL18432,0.61740166,3880,0,0
CHEMBL4436266,0.61740166,3881,0,0
CHEMBL36234,0.61740166,3882,0,0
CHEMBL4436194,0.61740166,3883,0,0
CHEMBL14760,0.61740166,3884,0,0
CHEMBL21411,0.61740166,3885,0,0
CHEMBL3309830,0.61740166,3886,0,0
CHEMBL40955,0.61740166,3887,0,0
CHEMBL10935,0.61740166,3888,0,0
CHEMBL22123,0.61740166,3889,0,0
CHEMBL3309442,0.61740166,3890,0,0
CHEMBL39203,0.61740166,3891,0,0
CHEMBL22535,0.61740166,3892,0,0
CHEMBL20473,0.61740166,3893,0,0
CHEMBL23270,0.61740166,3894,0,0
CHEMBL11821,0.61740166,3895,0,0
CHEMBL10095,0.61740166,3896,0,0
CHEMBL11939,0.61740166,3897,0,0
CHEMBL37239,0.61740166,3898,0,0
CHEMBL17139,0.61740166,3899,0,0
CHEMBL42105,0.61740166,3900,0,0
CHEMBL1163132,0.61740166,3901,0,0
CHEMBL12946,0.61740166,3902,0,0
CHEMBL4543347,0.61740166,3903,0,0
CHEMBL1160322,0.61740166,3904,0,0
CHEMBL30323,0.61740166,3905,0,0
CHEMBL19523,0.61740166,3906,0,0
CHEMBL14510,0.61740166,3907,0,0
CHEMBL41212,0.61740166,3908,0,0
CHEMBL36889,0.61740166,3909,0,0
CHEMBL21393,0.61740166,3910,0,0
CHEMBL35243,0.61740166,3911,0,0
CHEMBL32364,0.61740166,3912,0,0
CHEMBL3309326,0.61740166,3913,0,0
CHEMBL26477,0.61724895,3914,0,0
CHEMBL3309835,0.61724895,3915,0,0
CHEMBL28204,0.61724895,3916,0,0
CHEMBL534251,0.61724895,3917,0,0
CHEMBL35247,0.6170349,3918,0,0
CHEMBL19945,0.6170349,3919,0,0
CHEMBL26420,0.6170349,3920,0,0
CHEMBL14348,0.6169429,3921,0,0
CHEMBL9610,0.6169429,3922,0,0
CHEMBL36325,0.6169429,3923,0,0
CHEMBL9642,0.61651206,3924,0,0
CHEMBL21051,0.61651206,3925,0,0
CHEMBL4436000,0.61651206,3926,0,0
CHEMBL37871,0.61651206,3927,0,0
CHEMBL26889,0.61651206,3928,0,0
CHEMBL14538,0.61651206,3929,0,0
CHEMBL37416,0.61651206,3930,0,0
CHEMBL14156,0.61614853,3932,0,0
CHEMBL16845,0.61614853,3933,0,0
CHEMBL38597,0.61614853,3934,0,0
CHEMBL8910,0.61614853,3935,0,0
CHEMBL3310789,0.61614853,3936,0,0
CHEMBL4435775,0.61614853,3937,0,0
CHEMBL37586,0.61614853,3938,0,0
CHEMBL12527,0.61614853,3939,0,0
CHEMBL37396,0.61614853,3940,0,0
CHEMBL40542,0.61614853,3941,0,0
CHEMBL16815,0.61614853,3942,0,0
CHEMBL30064,0.6159009,3943,0,0
CHEMBL23325,0.61586905,3944,0,0
CHEMBL41649,0.6156499,3945,0,0
CHEMBL501618,0.6155959,3946,0,0
CHEMBL3311351,0.6155959,3947,0,0
CHEMBL1075896,0.6154648,3948,0,0
CHEMBL12701,0.6154261,3949,0,0
CHEMBL9930,0.6153235,3950,0,0
CHEMBL21103,0.6153235,3951,0,0
CHEMBL22128,0.6153235,3952,0,0
CHEMBL558162,0.6153235,3953,0,0
CHEMBL40161,0.6153235,3954,0,0
CHEMBL34693,0.6153235,3955,0,0
CHEMBL38966,0.6153235,3956,0,0
CHEMBL14495,0.6153235,3957,0,0
CHEMBL8482,0.6153235,3958,0,0
CHEMBL41621,0.61525446,3959,0,0
CHEMBL39297,0.6151859,3960,0,0
CHEMBL29219,0.6150059,3961,0,0
CHEMBL472,0.6148453,3962,0,0
CHEMBL7572,0.6148453,3963,0,0
CHEMBL34057,0.6148453,3964,0,0
CHEMBL18337,0.6148453,3965,0,0
CHEMBL17679,0.6148453,3966,0,0
CHEMBL16564,0.6148453,3967,0,0
CHEMBL6362,0.61448365,3968,0,0
CHEMBL34887,0.61448365,3969,0,0
CHEMBL37672,0.61448365,3970,0,0
CHEMBL20287,0.6143325,3971,0,0
CHEMBL10039,0.6143325,3972,0,0
CHEMBL21305,0.6143325,3973,0,0
CHEMBL39776,0.61379987,3974,0,0
CHEMBL8020,0.613769,3975,0,0
CHEMBL1097634,0.613769,3976,0,0
CHEMBL31184,0.613769,3977,0,0
CHEMBL24026,0.6137515,3978,0,0
CHEMBL32592,0.6137515,3979,0,0
CHEMBL3310678,0.6136707,3980,0,0
CHEMBL153812,0.6133139,3981,0,0
CHEMBL21369,0.61323935,3982,0,0
CHEMBL42396,0.613179,3983,0,0
CHEMBL17220,0.613179,3984,0,0
CHEMBL4543468,0.6130926,3985,0,0
CHEMBL32401,0.6130926,3986,0,0
CHEMBL33161,0.6130926,3987,0,0
CHEMBL17365,0.6128519,3988,0,0
CHEMBL4543384,0.61279964,3989,0,0
CHEMBL12909,0.61217445,3990,0,0
CHEMBL22172,0.61185163,3991,0,0
CHEMBL29621,0.61183125,3992,0,0
CHEMBL9840,0.6116771,3993,0,0
CHEMBL3310261,0.6116771,3994,0,0
CHEMBL20205,0.6115827,3995,0,0
CHEMBL7016,0.6115827,3996,0,0
CHEMBL33708,0.6115827,3997,0,0
CHEMBL25501,0.61152744,3998,0,0
CHEMBL23753,0.6115208,3999,0,0
CHEMBL7398,0.6115208,4000,0,0
CHEMBL540662,0.6115208,4001,0,0
CHEMBL3310357,0.6115208,4002,0,0
CHEMBL14393,0.6115208,4003,0,0
CHEMBL13982,0.61135525,4004,0,0
CHEMBL8802,0.6113219,4005,0,0
CHEMBL40445,0.6113219,4006,0,0
CHEMBL7807,0.6113219,4007,0,0
CHEMBL3311465,0.6113219,4008,0,0
CHEMBL34397,0.6113219,4009,0,0
CHEMBL28622,0.6113219,4010,0,0
CHEMBL10678,0.61126053,4011,0,0
CHEMBL21561,0.6111979,4012,0,0
CHEMBL10311,0.61116,4013,0,0
CHEMBL4435189,0.61116,4014,0,0
CHEMBL16324,0.61116,4015,0,0
CHEMBL39176,0.61105424,4016,0,0
CHEMBL41823,0.610953,4017,0,0
CHEMBL29031,0.610953,4018,0,0
CHEMBL18247,0.6106675,4019,0,0
CHEMBL7357,0.6106675,4020,0,0
CHEMBL28828,0.6106675,4021,0,0
CHEMBL40734,0.6106675,4022,0,0
CHEMBL35410,0.6106675,4023,0,0
CHEMBL14790,0.61048204,4024,0,0
CHEMBL34811,0.61048204,4025,0,0
CHEMBL33715,0.61048204,4026,0,0
CHEMBL12134,0.61044407,4027,0,0
CHEMBL33693,0.61044407,4028,0,0
CHEMBL31282,0.61044407,4029,0,0
CHEMBL39746,0.61044407,4030,0,0
CHEMBL30155,0.61024266,4031,0,0
CHEMBL3309638,0.6102252,4032,0,0
CHEMBL15300,0.6102252,4033,0,0
CHEMBL32957,0.6102252,4034,0,0
CHEMBL26714,0.6102252,4035,0,0
CHEMBL24154,0.6102252,4036,0,0
CHEMBL35282,0.6100401,4037,0,1
CHEMBL30763,0.6099171,4038,0,0
CHEMBL8783,0.6099171,4039,0,0
CHEMBL34938,0.6099171,4040,0,0
CHEMBL19113,0.60990375,4041,0,0
CHEMBL36579,0.60980767,4042,0,0
CHEMBL6991,0.60980767,4043,0,0
CHEMBL4436337,0.60980767,4044,0,0
CHEMBL10868,0.6096955,4045,0,0
CHEMBL32343,0.6095014,4046,0,0
CHEMBL36809,0.60938895,4047,0,0
CHEMBL19491,0.6092975,4048,0,0
CHEMBL31898,0.6092975,4049,0,0
CHEMBL6551,0.6092975,4050,0,0
CHEMBL9876,0.6092975,4051,0,0
CHEMBL33431,0.6092975,4052,0,0
CHEMBL13505,0.6092975,4053,0,0
CHEMBL27196,0.6092975,4054,0,0
CHEMBL36045,0.6092975,4055,0,0
CHEMBL36386,0.6092975,4056,0,0
CHEMBL30198,0.6092975,4057,0,0
CHEMBL15246,0.6092975,4058,0,0
CHEMBL28891,0.6092975,4059,0,0
CHEMBL592890,0.6092975,4060,0,0
CHEMBL18440,0.6092975,4061,0,0
CHEMBL8692,0.6092975,4062,0,0
CHEMBL7779,0.6092975,4063,0,0
CHEMBL22691,0.6092975,4064,0,0
CHEMBL9015,0.6092975,4065,0,0
CHEMBL18903,0.6092975,4066,0,0
CHEMBL8617,0.6092975,4067,0,0
CHEMBL10895,0.6092975,4068,0,0
CHEMBL572517,0.6092975,4069,0,0
CHEMBL23647,0.6092975,4070,0,0
CHEMBL22075,0.6092975,4071,0,0
CHEMBL3309769,0.6092975,4072,0,0
CHEMBL4434810,0.6092975,4073,0,0
CHEMBL4435368,0.6092975,4074,0,0
CHEMBL31357,0.6092975,4075,0,0
CHEMBL15375,0.6092975,4076,0,0
CHEMBL4434745,0.6092975,4077,0,0
CHEMBL13637,0.6092975,4078,0,0
CHEMBL15805,0.6092975,4079,0,0
CHEMBL4435206,0.6092975,4080,0,0
CHEMBL36024,0.6092975,4081,0,0
CHEMBL4543218,0.6092975,4082,0,0
CHEMBL38481,0.6092975,4083,0,0
CHEMBL9796,0.6092975,4084,0,0
CHEMBL10668,0.60918784,4085,0,0
CHEMBL16223,0.60916823,4086,0,0
CHEMBL11340,0.60913247,4087,0,0
CHEMBL37131,0.60913247,4088,0,0
CHEMBL37319,0.60913247,4089,0,0
CHEMBL25493,0.60913247,4090,0,0
CHEMBL32965,0.6089669,4091,0,0
CHEMBL17258,0.6088352,4092,0,0
CHEMBL18042,0.60862184,4093,0,0
CHEMBL11940,0.6084621,4094,0,0
CHEMBL40993,0.6084621,4095,0,0
CHEMBL4435214,0.6084621,4096,0,0
CHEMBL25615,0.6084621,4097,0,0
CHEMBL30123,0.6084621,4098,0,0
CHEMBL30008,0.6084621,4099,0,0
CHEMBL19416,0.60845184,4100,0,0
CHEMBL32148,0.60845184,4101,0,0
CHEMBL17973,0.6084011,4102,0,0
CHEMBL12130,0.6084011,4103,0,0
CHEMBL24269,0.6084011,4104,0,0
CHEMBL37826,0.6084011,4105,0,0
CHEMBL12702,0.6084011,4106,0,0
CHEMBL29211,0.6084011,4107,0,0
CHEMBL30023,0.6084011,4108,0,0
CHEMBL24809,0.6084011,4109,0,0
CHEMBL30054,0.6084011,4110,0,0
CHEMBL33299,0.6084011,4111,0,0
CHEMBL13222,0.6083359,4112,0,0
CHEMBL38477,0.6081083,4113,0,0
CHEMBL20825,0.6080775,4114,0,0
CHEMBL4543342,0.6078838,4115,0,0
CHEMBL10521,0.6076924,4116,0,0
CHEMBL34629,0.6076315,4117,0,0
CHEMBL6993,0.6076315,4118,0,0
CHEMBL32056,0.6076315,4119,0,0
CHEMBL1090248,0.6076315,4120,0,0
CHEMBL33273,0.6076315,4121,0,0
CHEMBL25535,0.6076315,4122,0,0
CHEMBL31335,0.6076315,4123,0,0
CHEMBL4559925,0.6076315,4124,0,0
CHEMBL33259,0.6076315,4125,0,0
CHEMBL19692,0.6076315,4126,0,0
CHEMBL11455,0.6076315,4127,0,0
CHEMBL12608,0.6076315,4128,0,0
CHEMBL12577,0.6076315,4129,0,0
CHEMBL34000,0.6076315,4130,0,0
CHEMBL39941,0.607272,4131,0,0
CHEMBL8251,0.6069621,4132,0,0
CHEMBL3309443,0.6069621,4133,0,0
CHEMBL3309996,0.6069621,4134,0,0
CHEMBL21282,0.6069621,4135,0,0
CHEMBL9656,0.6067061,4136,0,0
CHEMBL21057,0.6067061,4137,0,0
CHEMBL1163503,0.6066966,4138,0,0
CHEMBL22271,0.606581,4139,0,0
CHEMBL767,0.60637236,4141,0,0
CHEMBL11484,0.60637236,4142,0,0
CHEMBL41262,0.60637236,4143,0,0
CHEMBL24516,0.60592926,4144,0,0
CHEMBL1185408,0.60592926,4145,0,0
CHEMBL39951,0.60592926,4146,0,0
CHEMBL43655,0.60592926,4147,0,0
CHEMBL4543265,0.60592926,4148,0,0
CHEMBL29927,0.60592926,4149,0,0
CHEMBL31904,0.60592926,4150,0,0
CHEMBL43751,0.6059266,4151,0,0
CHEMBL4116115,0.6059266,4152,0,0
CHEMBL12624,0.6058689,4153,0,0
CHEMBL20004,0.6058689,4154,0,0
CHEMBL25091,0.6058689,4155,0,0
CHEMBL46,0.6058689,4156,0,0
CHEMBL9126,0.6058689,4157,0,0
CHEMBL21629,0.6058689,4158,0,0
CHEMBL23492,0.6058689,4159,0,0
CHEMBL35071,0.6058689,4160,0,0
CHEMBL3310236,0.6058689,4161,0,0
CHEMBL41848,0.6058689,4162,0,0
CHEMBL27322,0.6058274,4163,0,0
CHEMBL14158,0.60551065,4164,0,0
CHEMBL14149,0.60551065,4165,0,0
CHEMBL17227,0.6053893,4166,0,0
CHEMBL41536,0.60523856,4167,0,0
CHEMBL9835,0.60523856,4168,0,0
CHEMBL3310376,0.60513043,4169,0,0
CHEMBL10597,0.6051149,4170,0,0
CHEMBL8593,0.6051149,4171,0,0
CHEMBL8553,0.60489213,4172,0,0
CHEMBL23163,0.60489213,4173,0,0
CHEMBL4435180,0.60489213,4174,0,0
CHEMBL4436259,0.60486573,4175,0,0
CHEMBL9531,0.6048149,4176,0,0
CHEMBL38239,0.6048149,4177,0,0
CHEMBL33045,0.6048149,4178,0,0
CHEMBL24508,0.6048149,4179,0,0
CHEMBL28562,0.6048099,4180,0,0
CHEMBL34551,0.6047285,4181,0,0
CHEMBL563918,0.6047285,4182,0,0
CHEMBL3309528,0.604727,4183,0,0
CHEMBL34136,0.604727,4184,0,0
CHEMBL16432,0.604727,4185,0,0
CHEMBL33650,0.604727,4186,0,0
CHEMBL26926,0.604727,4187,0,0
CHEMBL25742,0.604727,4188,0,0
CHEMBL11947,0.604727,4189,0,0
CHEMBL20431,0.6045965,4190,0,0
CHEMBL23822,0.60440844,4191,0,0
CHEMBL20672,0.6040555,4192,0,0
CHEMBL18255,0.6039325,4193,0,0
CHEMBL32121,0.6039325,4194,0,0
CHEMBL27266,0.60379654,4195,0,0
CHEMBL21945,0.60366076,4196,0,0
CHEMBL4434949,0.60315406,4197,0,0
CHEMBL31273,0.6026697,4198,0,0
CHEMBL37217,0.60251266,4199,0,0
CHEMBL4553669,0.60251266,4200,0,0
CHEMBL4436231,0.60251266,4201,0,0
CHEMBL22709,0.60251266,4202,0,0
CHEMBL27280,0.60251266,4203,0,0
CHEMBL42780,0.6023258,4204,0,0
CHEMBL9925,0.60217255,4205,0,0
CHEMBL1076587,0.60217255,4206,0,0
CHEMBL9586,0.6020653,4207,0,0
CHEMBL20732,0.6020389,4208,0,0
CHEMBL26433,0.6020389,4209,0,0
CHEMBL3309796,0.6020389,4210,0,0
CHEMBL24072,0.6017325,4211,0,0
CHEMBL25112,0.60126984,4212,0,0
CHEMBL22708,0.60126984,4213,0,0
CHEMBL34760,0.60126984,4214,0,0
CHEMBL14043,0.6010914,4215,0,0
CHEMBL42625,0.6010914,4216,0,0
CHEMBL4435809,0.6010914,4217,0,0
CHEMBL21959,0.60096645,4218,0,0
CHEMBL3309615,0.60096645,4219,0,0
CHEMBL28548,0.60096645,4220,0,0
CHEMBL39956,0.60096645,4221,0,0
CHEMBL609468,0.60096645,4222,0,0
CHEMBL19306,0.60096645,4223,0,0
CHEMBL32390,0.60096645,4224,0,0
CHEMBL11757,0.6009152,4225,0,0
CHEMBL35221,0.60076857,4226,0,0
CHEMBL20615,0.60076857,4227,0,0
CHEMBL27172,0.6007514,4228,0,0
CHEMBL22291,0.6005688,4229,0,0
CHEMBL1159866,0.60054857,4230,0,0
CHEMBL41828,0.6004015,4231,0,0
CHEMBL15996,0.6004015,4232,0,0
CHEMBL4435646,0.6004015,4233,0,0
CHEMBL9521,0.60025686,4234,0,0
CHEMBL15593,0.6001508,4235,0,0
CHEMBL14800,0.6001263,4236,0,0
CHEMBL15646,0.6001263,4237,0,0
CHEMBL38296,0.5998947,4238,0,0
CHEMBL22677,0.5996921,4239,0,0
CHEMBL11835,0.5996921,4240,0,0
CHEMBL11177,0.5996921,4241,0,0
CHEMBL33031,0.5996921,4242,0,0
CHEMBL27430,0.5996888,4243,0,0
CHEMBL31125,0.59968567,4244,0,0
CHEMBL24043,0.5996619,4245,0,0
CHEMBL17933,0.5996619,4246,0,0
CHEMBL28364,0.5996577,4247,0,0
CHEMBL1076741,0.5993908,4248,0,0
CHEMBL14163,0.5993785,4249,0,0
CHEMBL4436149,0.5993785,4250,0,0
CHEMBL3310063,0.5993785,4251,0,0
CHEMBL34565,0.599153,4252,0,0
CHEMBL31952,0.5988795,4253,0,0
CHEMBL41309,0.5988795,4254,0,0
CHEMBL25022,0.5988795,4255,0,0
CHEMBL1213147,0.59886754,4256,0,0
CHEMBL20525,0.59886754,4257,0,0
CHEMBL37095,0.59886754,4258,0,0
CHEMBL24944,0.59886754,4259,0,0
CHEMBL29038,0.59886754,4260,0,0
CHEMBL18770,0.59886754,4261,0,0
CHEMBL11236,0.59886754,4262,0,0
CHEMBL30260,0.59886754,4263,0,0
CHEMBL9471,0.5987607,4264,0,0
CHEMBL41935,0.5987607,4265,0,0
CHEMBL6301,0.5987046,4266,0,0
CHEMBL9190,0.5985902,4267,0,0
CHEMBL4543564,0.5985902,4268,0,0
CHEMBL24982,0.59856546,4269,0,0
CHEMBL24039,0.59856546,4270,0,0
CHEMBL17378,0.5984591,4271,0,0
CHEMBL17530,0.59819937,4272,0,0
CHEMBL19590,0.59819937,4273,0,0
CHEMBL21810,0.59819937,4274,0,0
CHEMBL32832,0.59819937,4275,0,0
CHEMBL8382,0.59819937,4276,0,0
CHEMBL8777,0.59816366,4277,0,0
CHEMBL40430,0.5980969,4278,0,0
CHEMBL22641,0.59800214,4279,0,0
CHEMBL8376,0.5979227,4280,0,0
CHEMBL19257,0.5979227,4281,0,0
CHEMBL9583,0.5979227,4282,0,0
CHEMBL9451,0.5979227,4283,0,0
CHEMBL18521,0.5979227,4284,0,0
CHEMBL35635,0.5979227,4285,0,0
CHEMBL23456,0.5979227,4286,0,0
CHEMBL9418,0.5979227,4287,0,0
CHEMBL29963,0.5976109,4288,0,0
CHEMBL37897,0.5976109,4289,0,0
CHEMBL24330,0.5976109,4290,0,0
CHEMBL35943,0.5976109,4291,0,0
CHEMBL29203,0.5976109,4292,0,0
CHEMBL38327,0.5976109,4293,0,0
CHEMBL38988,0.5976109,4294,0,0
CHEMBL35524,0.5976109,4295,0,0
CHEMBL20744,0.5976109,4296,0,0
CHEMBL7351,0.5976109,4297,0,0
CHEMBL36471,0.59724027,4298,0,0
CHEMBL25106,0.59716165,4299,0,0
CHEMBL36637,0.5971164,4300,0,0
CHEMBL7470,0.59692043,4301,0,0
CHEMBL18317,0.59692043,4302,0,0
CHEMBL34672,0.59692043,4303,0,0
CHEMBL4434898,0.59692043,4304,0,0
CHEMBL7491,0.59654284,4305,0,0
CHEMBL4553656,0.59592646,4306,0,0
CHEMBL4436519,0.595889,4307,0,0
CHEMBL43026,0.59578526,4308,0,0
CHEMBL36905,0.5957408,4309,0,0
CHEMBL42701,0.5957408,4310,0,0
CHEMBL22717,0.5957408,4311,0,0
CHEMBL4436587,0.59527695,4312,0,0
CHEMBL7450,0.59472,4313,0,0
CHEMBL15036,0.5947072,4314,0,0
CHEMBL20721,0.5946399,4315,0,0
CHEMBL36660,0.5946399,4316,0,0
CHEMBL18437,0.5945804,4317,0,0
CHEMBL4560037,0.5944872,4318,0,0
CHEMBL39386,0.5944872,4319,0,0
CHEMBL36804,0.5944872,4320,0,0
CHEMBL40469,0.5944872,4321,0,0
CHEMBL39701,0.5944872,4322,0,0
CHEMBL39517,0.59426534,4323,0,0
CHEMBL34200,0.59425026,4324,0,0
CHEMBL14425,0.5938545,4325,0,0
CHEMBL12622,0.59362096,4327,0,0
CHEMBL29783,0.5936121,4328,0,0
CHEMBL29322,0.59311116,4329,0,0
CHEMBL3311285,0.59311116,4330,0,0
CHEMBL27341,0.59311116,4331,0,0
CHEMBL28387,0.59311116,4332,0,0
CHEMBL39037,0.59311116,4333,0,0
CHEMBL22085,0.59311116,4334,0,0
CHEMBL3310001,0.59311116,4335,0,0
CHEMBL1159694,0.59311116,4336,0,0
CHEMBL4434881,0.59311116,4337,0,0
CHEMBL40650,0.59311116,4338,0,1
CHEMBL43665,0.59311116,4339,0,0
CHEMBL40696,0.59311116,4340,0,0
CHEMBL3311538,0.59309053,4341,0,0
CHEMBL12312,0.593065,4342,0,0
CHEMBL4543269,0.593065,4343,0,0
CHEMBL4543405,0.593065,4344,0,0
CHEMBL33213,0.593065,4345,0,0
CHEMBL4435185,0.593065,4346,0,0
CHEMBL1163508,0.593065,4347,0,0
CHEMBL24816,0.593065,4348,0,0
CHEMBL4435844,0.593065,4349,0,0
CHEMBL1095192,0.593065,4350,0,0
CHEMBL22789,0.593065,4351,0,0
CHEMBL12726,0.593065,4352,0,0
CHEMBL42406,0.593065,4353,0,0
CHEMBL19270,0.593065,4354,0,0
CHEMBL21506,0.593065,4355,0,0
CHEMBL4434735,0.593065,4356,0,0
CHEMBL13687,0.593065,4357,0,0
CHEMBL25034,0.593065,4358,0,0
CHEMBL16336,0.5928098,4359,0,0
CHEMBL4435957,0.5928098,4360,0,0
CHEMBL4435555,0.59275043,4361,0,0
CHEMBL6636,0.59269935,4362,0,0
CHEMBL4543200,0.59265053,4363,0,0
CHEMBL25666,0.59213156,4364,0,0
CHEMBL19292,0.59205574,4365,0,0
CHEMBL25385,0.59205574,4366,0,0
CHEMBL4436503,0.59205574,4367,0,0
CHEMBL25446,0.59205574,4368,0,0
CHEMBL8710,0.59205574,4369,0,0
CHEMBL11427,0.59205574,4370,0,0
CHEMBL41894,0.59205574,4371,0,0
CHEMBL12824,0.59205574,4372,0,0
CHEMBL19346,0.59205574,4373,0,0
CHEMBL33081,0.59205574,4374,0,0
CHEMBL36969,0.5919037,4375,0,0
CHEMBL33438,0.5918877,4376,0,1
CHEMBL38717,0.59183663,4377,0,0
CHEMBL38666,0.59171337,4378,0,0
CHEMBL1163361,0.5914622,4379,0,0
CHEMBL3310385,0.59141475,4380,0,0
CHEMBL12124,0.59141475,4381,0,0
CHEMBL37055,0.59141475,4382,0,0
CHEMBL39917,0.59141475,4383,0,0
CHEMBL7643,0.5913861,4384,0,0
CHEMBL33257,0.5913652,4385,0,0
CHEMBL6237,0.5911788,4386,0,0
CHEMBL26056,0.59114546,4387,0,0
CHEMBL3309272,0.59114546,4388,0,0
CHEMBL3310306,0.59114546,4389,0,0
CHEMBL26354,0.59087926,4390,0,0
CHEMBL41408,0.5906078,4391,0,0
CHEMBL10356,0.5906078,4392,0,0
CHEMBL8501,0.5900032,4393,0,0
CHEMBL3309595,0.5900032,4394,0,0
CHEMBL3310025,0.5900032,4395,0,0
CHEMBL18647,0.5900032,4396,0,0
CHEMBL10793,0.5900032,4397,0,0
CHEMBL37778,0.5900008,4398,0,0
CHEMBL31777,0.5899901,4399,0,0
CHEMBL13419,0.58996415,4400,0,0
CHEMBL33598,0.5899247,4401,0,0
CHEMBL38414,0.58936435,4402,0,0
CHEMBL12789,0.58923817,4403,0,0
CHEMBL4435821,0.58922553,4404,0,0
CHEMBL15965,0.58922553,4405,0,0
CHEMBL10811,0.5892024,4406,0,0
CHEMBL22699,0.5891953,4407,0,0
CHEMBL33450,0.58913225,4408,0,0
CHEMBL19631,0.5890797,4409,0,0
CHEMBL20926,0.5890797,4410,0,0
CHEMBL4434945,0.5890797,4411,0,0
CHEMBL37359,0.5890797,4412,0,0
CHEMBL12825,0.5890797,4413,0,0
CHEMBL39317,0.5890797,4414,0,0
CHEMBL4436205,0.5890797,4415,0,0
CHEMBL14141,0.5890797,4416,0,0
CHEMBL6918,0.5890797,4417,0,0
CHEMBL41626,0.5890797,4418,0,0
CHEMBL30832,0.5890797,4419,0,0
CHEMBL21943,0.5888542,4420,0,0
CHEMBL22831,0.58866763,4421,0,0
CHEMBL12661,0.58855957,4422,0,0
CHEMBL4436486,0.58855957,4423,0,0
CHEMBL39819,0.58855957,4424,0,0
CHEMBL39184,0.58855957,4425,0,0
CHEMBL27876,0.58855957,4426,0,0
CHEMBL29296,0.5883939,4427,0,0
CHEMBL28041,0.5882382,4428,0,0
CHEMBL13719,0.5882382,4429,0,0
CHEMBL21098,0.58812934,4430,0,0
CHEMBL32026,0.58812934,4431,0,0
CHEMBL20371,0.58812934,4432,0,0
CHEMBL11265,0.58812934,4433,0,0
CHEMBL3309624,0.58812934,4434,0,0
CHEMBL40731,0.58812934,4435,0,0
CHEMBL4543520,0.58812934,4436,0,0
CHEMBL37260,0.58812934,4437,0,0
CHEMBL21352,0.58812934,4438,0,0
CHEMBL9311,0.58812934,4439,0,0
CHEMBL10140,0.58812934,4440,0,0
CHEMBL33489,0.58812934,4441,0,0
CHEMBL16741,0.58812934,4442,0,0
CHEMBL37181,0.58812934,4443,0,0
CHEMBL4303797,0.5880109,4444,0,0
CHEMBL39916,0.5874844,4445,0,0
CHEMBL27691,0.5874844,4446,0,0
CHEMBL3310946,0.5874844,4447,0,0
CHEMBL39990,0.5874844,4448,0,0
CHEMBL37265,0.58739823,4449,0,0
CHEMBL19168,0.5872261,4450,0,0
CHEMBL26381,0.58700824,4451,0,0
CHEMBL4436197,0.58700824,4452,0,0
CHEMBL38517,0.58699375,4453,0,0
CHEMBL35187,0.5868697,4454,0,0
CHEMBL4435030,0.5868697,4455,0,0
CHEMBL4436254,0.5868697,4456,0,0
CHEMBL31400,0.5868697,4457,0,0
CHEMBL38581,0.58664644,4458,0,0
CHEMBL33208,0.58664155,4459,0,0
CHEMBL9001,0.5865151,4460,0,0
CHEMBL6422,0.5865151,4461,0,0
CHEMBL18130,0.5865151,4462,0,0
CHEMBL14306,0.58644444,4463,0,0
CHEMBL19923,0.58643264,4464,0,0
CHEMBL4434993,0.58643264,4465,0,0
CHEMBL32570,0.58643264,4466,0,0
CHEMBL4543435,0.58643264,4467,0,0
CHEMBL40571,0.58643264,4468,0,0
CHEMBL40736,0.58643264,4469,0,0
CHEMBL37932,0.58643264,4470,0,0
CHEMBL37150,0.58643264,4471,0,0
CHEMBL28653,0.58643264,4472,0,0
CHEMBL12717,0.58643264,4473,0,0
CHEMBL6560,0.58643264,4474,0,0
CHEMBL9916,0.58643264,4475,0,0
CHEMBL3310252,0.58642524,4476,0,0
CHEMBL17605,0.58642524,4477,0,0
CHEMBL7227,0.5863786,4478,0,0
CHEMBL1097664,0.5863786,4479,0,0
CHEMBL43740,0.5863786,4480,0,0
CHEMBL6348,0.5863786,4481,0,0
CHEMBL1077878,0.5863786,4482,0,0
CHEMBL8120,0.5863786,4483,0,0
CHEMBL12658,0.5863786,4484,0,0
CHEMBL3311535,0.5863786,4485,0,0
CHEMBL8273,0.5863786,4486,0,0
CHEMBL19862,0.5863786,4487,0,0
CHEMBL22080,0.5863786,4488,0,0
CHEMBL12136,0.5863786,4489,0,0
CHEMBL4436562,0.5863786,4490,0,0
CHEMBL6572,0.5863786,4491,0,0
CHEMBL3311429,0.5863601,4492,0,0
CHEMBL13137,0.58630645,4493,0,0
CHEMBL577685,0.58620036,4494,0,0
CHEMBL42696,0.58581483,4495,0,0
CHEMBL11824,0.5858041,4496,0,0
CHEMBL4543374,0.5858041,4497,0,0
CHEMBL12492,0.58577013,4498,0,0
CHEMBL25270,0.58577013,4499,0,0
CHEMBL7146,0.58577013,4500,0,0
CHEMBL34393,0.5855974,4501,0,0
CHEMBL28924,0.58524257,4502,0,0
CHEMBL25254,0.58523774,4503,0,0
CHEMBL28355,0.58515567,4504,0,0
CHEMBL18140,0.58515567,4505,0,0
CHEMBL6432,0.5849434,4506,0,0
CHEMBL23414,0.5849116,4507,0,0
CHEMBL16058,0.5848194,4508,0,0
CHEMBL3347277,0.5848194,4509,0,0
CHEMBL31599,0.5848194,4510,0,0
CHEMBL41943,0.5848194,4511,0,0
CHEMBL23686,0.5848194,4512,0,0
CHEMBL4435848,0.5848194,4513,0,0
CHEMBL4560023,0.5848194,4514,0,0
CHEMBL6243,0.5848194,4515,0,0
CHEMBL39958,0.5848194,4516,0,0
CHEMBL39713,0.5848194,4517,0,0
CHEMBL4435352,0.5848194,4518,0,0
CHEMBL9086,0.5846953,4519,0,0
CHEMBL32865,0.5846953,4520,0,0
CHEMBL596211,0.5846953,4521,0,0
CHEMBL40340,0.5846953,4522,0,0
CHEMBL3309556,0.5846953,4523,0,0
CHEMBL35580,0.5846953,4524,0,0
CHEMBL18281,0.5846864,4525,0,0
CHEMBL22790,0.5845914,4526,0,0
CHEMBL4559991,0.5845353,4527,0,0
CHEMBL11263,0.5845353,4528,0,0
CHEMBL35598,0.5845353,4529,0,0
CHEMBL3310106,0.5845353,4530,0,0
CHEMBL20651,0.5845353,4531,0,0
CHEMBL23263,0.5845353,4532,0,0
CHEMBL32817,0.5844867,4533,0,0
CHEMBL11532,0.58446836,4534,0,0
CHEMBL37810,0.5841396,4535,0,0
CHEMBL14631,0.58409464,4536,0,0
CHEMBL26569,0.58409464,4537,0,0
CHEMBL19325,0.58409464,4538,0,0
CHEMBL36158,0.58401084,4539,0,0
CHEMBL18956,0.58400387,4540,0,0
CHEMBL19072,0.58400387,4541,0,0
CHEMBL4436322,0.58400387,4542,0,0
CHEMBL19594,0.58400387,4543,0,0
CHEMBL38478,0.58393,4544,0,0
CHEMBL4553542,0.58385795,4545,0,0
CHEMBL4560029,0.58381814,4546,0,0
CHEMBL606771,0.583251,4547,0,0
CHEMBL3311515,0.58306766,4548,0,0
CHEMBL36211,0.58306766,4549,0,0
CHEMBL27504,0.58306766,4550,0,0
CHEMBL22041,0.58306766,4552,0,0
CHEMBL10337,0.58306766,4553,0,0
CHEMBL34822,0.58306766,4554,0,0
CHEMBL22354,0.58306766,4555,0,0
CHEMBL34687,0.58306766,4556,0,0
CHEMBL34720,0.58306766,4557,0,0
CHEMBL20996,0.58306766,4558,0,0
CHEMBL43738,0.58306766,4559,0,0
CHEMBL6899,0.58306766,4560,0,0
CHEMBL13006,0.58306766,4561,0,0
CHEMBL9861,0.58306766,4562,0,0
CHEMBL10127,0.58306766,4563,0,0
CHEMBL18731,0.58306766,4564,0,0
CHEMBL6898,0.58306766,4565,0,0
CHEMBL21789,0.58306766,4566,0,0
CHEMBL10565,0.58306766,4567,0,0
CHEMBL27879,0.58306766,4568,0,0
CHEMBL37369,0.58306766,4569,0,0
CHEMBL3310259,0.58306766,4570,0,0
CHEMBL23338,0.58306766,4571,0,0
CHEMBL30603,0.58306766,4572,0,0
CHEMBL506649,0.58306766,4573,0,0
CHEMBL4543561,0.58306766,4574,0,0
CHEMBL19193,0.58306766,4575,0,0
CHEMBL29237,0.58306766,4576,0,0
CHEMBL30850,0.58306766,4577,0,0
CHEMBL25779,0.58306766,4578,0,0
CHEMBL41418,0.58306766,4579,0,0
CHEMBL30290,0.58306766,4580,0,0
CHEMBL3311533,0.58306766,4581,0,0
CHEMBL30269,0.58306766,4582,0,0
CHEMBL35982,0.58306766,4583,0,0
CHEMBL22073,0.58306766,4584,0,0
CHEMBL10290,0.58306766,4585,0,0
CHEMBL4436206,0.58306766,4586,0,0
CHEMBL17146,0.58306766,4587,0,0
CHEMBL19065,0.58306766,4588,0,0
CHEMBL22413,0.58306766,4589,0,0
CHEMBL31196,0.58306766,4590,0,0
CHEMBL1099227,0.58306766,4591,0,0
CHEMBL10156,0.58306766,4592,0,0
CHEMBL18532,0.58306766,4593,0,0
CHEMBL37540,0.58306766,4594,0,0
CHEMBL1161220,0.58306766,4595,0,0
CHEMBL19843,0.58306766,4596,0,0
CHEMBL28110,0.58306766,4597,0,0
CHEMBL11602,0.58306766,4598,0,0
CHEMBL26314,0.58306766,4599,0,0
CHEMBL4543575,0.58306766,4600,0,0
CHEMBL35188,0.58306766,4601,0,0
CHEMBL26355,0.58306766,4602,0,0
CHEMBL8598,0.58306766,4603,0,0
CHEMBL3309848,0.58306766,4604,0,0
CHEMBL31227,0.58306766,4605,0,0
CHEMBL11362,0.58306766,4606,0,0
CHEMBL25849,0.58306766,4607,0,0
CHEMBL16338,0.58306766,4608,0,0
CHEMBL24811,0.58306766,4609,0,0
CHEMBL33338,0.58306766,4610,0,0
CHEMBL544338,0.58306766,4611,0,0
CHEMBL38457,0.58306766,4612,0,0
CHEMBL21598,0.58306766,4613,0,0
CHEMBL19651,0.58306766,4614,0,0
CHEMBL20159,0.58306766,4615,0,0
CHEMBL8400,0.58306766,4616,0,0
CHEMBL38203,0.58306766,4617,0,0
CHEMBL16307,0.58306766,4618,0,0
CHEMBL21669,0.58306766,4619,0,0
CHEMBL4435915,0.58306766,4620,0,0
CHEMBL3309674,0.58306766,4621,0,0
CHEMBL4436314,0.58306766,4622,0,0
CHEMBL14561,0.58306766,4623,0,0
CHEMBL38155,0.58306766,4624,0,0
CHEMBL3311005,0.58306766,4625,0,0
CHEMBL1186290,0.58306766,4626,0,0
CHEMBL22013,0.58306766,4627,0,0
CHEMBL22854,0.58306766,4628,0,0
CHEMBL27671,0.58306766,4629,0,0
CHEMBL22841,0.58306766,4630,0,0
CHEMBL11767,0.58306766,4631,0,0
CHEMBL21271,0.58306766,4632,0,0
CHEMBL24708,0.58306766,4633,0,0
CHEMBL38723,0.58306766,4634,0,0
CHEMBL8148,0.58306766,4635,0,0
CHEMBL38631,0.58306766,4636,0,0
CHEMBL3311170,0.58306766,4637,0,0
CHEMBL33028,0.58306766,4638,0,0
CHEMBL1075636,0.58306766,4639,0,0
CHEMBL15657,0.58306766,4640,0,0
CHEMBL17671,0.58306766,4641,0,0
CHEMBL19637,0.58306766,4642,0,0
CHEMBL8106,0.58306766,4643,0,0
CHEMBL8042,0.58306766,4644,0,0
CHEMBL28390,0.58306766,4645,0,0
CHEMBL32964,0.58306766,4646,0,0
CHEMBL12169,0.58306766,4647,0,0
CHEMBL20689,0.58306766,4648,0,0
CHEMBL38859,0.58306766,4649,0,0
CHEMBL21648,0.58306766,4650,0,0
CHEMBL4434801,0.58306766,4651,0,0
CHEMBL17442,0.58306766,4652,0,0
CHEMBL33791,0.58306766,4654,0,0
CHEMBL16485,0.58306766,4655,0,0
CHEMBL10215,0.58306766,4656,0,0
CHEMBL8128,0.58306766,4657,0,0
CHEMBL26470,0.58306766,4658,0,0
CHEMBL19961,0.58306766,4659,0,0
CHEMBL27777,0.58306766,4660,0,0
CHEMBL15070,0.58306766,4661,0,0
CHEMBL16943,0.58306766,4662,0,0
CHEMBL7459,0.58306766,4663,0,0
CHEMBL31713,0.58306766,4664,0,0
CHEMBL24709,0.58306766,4665,0,0
CHEMBL40567,0.58306766,4666,0,0
CHEMBL4434883,0.58306766,4667,0,0
CHEMBL23152,0.58306766,4668,0,0
CHEMBL19940,0.58306766,4669,0,0
CHEMBL24608,0.58306766,4670,0,0
CHEMBL7537,0.58306766,4671,0,0
CHEMBL13673,0.58306766,4672,0,0
CHEMBL35365,0.58306766,4673,0,0
CHEMBL40028,0.58306766,4674,0,0
CHEMBL24474,0.58306766,4675,0,0
CHEMBL21457,0.58306766,4676,0,0
CHEMBL7850,0.58306766,4677,0,0
CHEMBL17880,0.58306766,4678,0,0
CHEMBL32809,0.58306766,4679,0,0
CHEMBL4435333,0.58306766,4680,0,0
CHEMBL39050,0.58306766,4681,0,0
CHEMBL19397,0.58306766,4682,0,0
CHEMBL39847,0.58306766,4683,0,0
CHEMBL4543509,0.58306766,4684,0,0
CHEMBL3310779,0.58306766,4685,0,0
CHEMBL20444,0.58306766,4686,0,0
CHEMBL13796,0.58306766,4687,0,0
CHEMBL7692,0.58306766,4688,0,0
CHEMBL26560,0.58306766,4689,0,0
CHEMBL7725,0.58306766,4690,0,0
CHEMBL7806,0.58306766,4691,0,0
CHEMBL12253,0.58306766,4692,0,0
CHEMBL32348,0.58306766,4693,0,0
CHEMBL12241,0.58306766,4694,0,0
CHEMBL39489,0.58306766,4695,0,0
CHEMBL4543393,0.58306766,4696,0,0
CHEMBL20206,0.58306766,4697,0,0
CHEMBL22150,0.58306766,4698,0,0
CHEMBL13969,0.58306766,4699,0,0
CHEMBL39354,0.58306766,4700,0,0
CHEMBL7683,0.58306766,4701,0,0
CHEMBL444924,0.58306766,4702,0,0
CHEMBL34462,0.58306766,4703,0,0
CHEMBL42414,0.58306766,4704,0,0
CHEMBL6787,0.58306766,4705,0,0
CHEMBL42368,0.58306766,4706,0,0
CHEMBL6479,0.58306766,4707,0,0
CHEMBL6804,0.58306766,4708,0,0
CHEMBL27614,0.58306766,4709,0,0
CHEMBL27558,0.58306766,4710,0,0
CHEMBL29707,0.58306766,4711,0,0
CHEMBL29895,0.58306766,4712,0,0
CHEMBL42867,0.58306766,4713,0,0
CHEMBL11182,0.58306766,4714,0,0
CHEMBL25581,0.58306766,4715,0,0
CHEMBL6381,0.58306766,4716,0,0
CHEMBL446,0.58306766,4717,0,0
CHEMBL24143,0.5830193,4718,0,0
CHEMBL20940,0.58285314,4719,0,0
CHEMBL29217,0.58281386,4720,0,0
CHEMBL501699,0.5826947,4721,0,0
CHEMBL12299,0.5825577,4722,0,0
CHEMBL39258,0.5825577,4723,0,0
CHEMBL12101,0.5825577,4724,0,0
CHEMBL9626,0.5825577,4725,0,0
CHEMBL9572,0.5823173,4726,0,0
CHEMBL39800,0.58230007,4727,0,0
CHEMBL40599,0.58230007,4728,0,0
CHEMBL17613,0.58230007,4729,0,0
CHEMBL29715,0.58230007,4730,0,0
CHEMBL36290,0.5822197,4731,0,0
CHEMBL27411,0.5822197,4732,0,0
CHEMBL29862,0.5822197,4733,0,0
CHEMBL6633,0.5822197,4734,0,0
CHEMBL34494,0.5822197,4735,0,0
CHEMBL584341,0.5822197,4736,0,0
CHEMBL28926,0.5822197,4737,0,0
CHEMBL22238,0.5822197,4738,0,0
CHEMBL13892,0.5822197,4739,0,0
CHEMBL7716,0.5822197,4740,0,0
CHEMBL24345,0.5822197,4741,0,0
CHEMBL13824,0.5822197,4742,0,0
CHEMBL39869,0.5822197,4743,0,0
CHEMBL39392,0.5822197,4744,0,0
CHEMBL6755,0.5822197,4745,0,0
CHEMBL6793,0.5822197,4746,0,0
CHEMBL6774,0.5822197,4747,0,0
CHEMBL17922,0.5822197,4748,0,0
CHEMBL11215,0.5822197,4749,0,0
CHEMBL42876,0.5822197,4750,0,0
CHEMBL29650,0.5822197,4751,0,0
CHEMBL10363,0.5822197,4752,0,0
CHEMBL23264,0.5822197,4753,0,0
CHEMBL19918,0.5822197,4754,0,0
CHEMBL28722,0.5822197,4755,0,0
CHEMBL7965,0.5822197,4756,0,0
CHEMBL4435373,0.5822197,4757,0,0
CHEMBL17864,0.5822197,4758,0,0
CHEMBL19490,0.5822197,4759,0,0
CHEMBL10166,0.5822197,4760,0,0
CHEMBL31866,0.5822197,4761,0,0
CHEMBL10884,0.5822197,4762,0,0
CHEMBL29015,0.5822197,4763,0,0
CHEMBL33972,0.5822197,4764,0,0
CHEMBL31991,0.5822197,4765,0,0
CHEMBL7907,0.5822197,4766,0,0
CHEMBL14016,0.5822197,4767,0,0
CHEMBL3310973,0.5822197,4768,0,0
CHEMBL23082,0.5822197,4769,0,0
CHEMBL17000,0.5822197,4770,0,0
CHEMBL17044,0.5822197,4771,0,0
CHEMBL4434921,0.5822197,4772,0,0
CHEMBL7487,0.5822197,4773,0,0
CHEMBL1163279,0.5822197,4774,0,0
CHEMBL16646,0.5822197,4775,0,0
CHEMBL16476,0.5822197,4776,0,0
CHEMBL23187,0.5822197,4777,0,0
CHEMBL8121,0.5822197,4778,0,0
CHEMBL8171,0.5822197,4779,0,0
CHEMBL19356,0.5822197,4781,0,0
CHEMBL40118,0.5822197,4782,0,0
CHEMBL7910,0.5822197,4783,0,0
CHEMBL17431,0.5822197,4784,0,0
CHEMBL37893,0.5822197,4785,0,0
CHEMBL12019,0.5822197,4786,0,0
CHEMBL21680,0.5822197,4787,0,0
CHEMBL33583,0.5822197,4788,0,0
CHEMBL17670,0.5822197,4789,0,0
CHEMBL33634,0.5822197,4790,0,0
CHEMBL38558,0.5822197,4791,0,0
CHEMBL20175,0.5822197,4792,0,0
CHEMBL3309433,0.5822197,4793,0,0
CHEMBL22857,0.5822197,4794,0,0
CHEMBL40701,0.5822197,4795,0,0
CHEMBL31641,0.5822197,4796,0,0
CHEMBL7386,0.5822197,4797,0,0
CHEMBL10354,0.5822197,4798,0,0
CHEMBL38743,0.5822197,4799,0,0
CHEMBL26961,0.5822197,4800,0,0
CHEMBL16563,0.5822197,4801,0,0
CHEMBL11373,0.5822197,4802,0,0
CHEMBL8730,0.5822197,4803,0,0
CHEMBL19298,0.5822197,4804,0,0
CHEMBL37522,0.5822197,4805,0,0
CHEMBL13250,0.5822197,4806,0,0
CHEMBL10587,0.5822197,4807,0,0
CHEMBL41034,0.5822197,4808,0,0
CHEMBL31312,0.5822197,4809,0,0
CHEMBL25087,0.5822197,4810,0,0
CHEMBL4116101,0.5822197,4811,0,0
CHEMBL8059,0.5822197,4812,0,0
CHEMBL8107,0.5822197,4813,0,0
CHEMBL26988,0.5822197,4814,0,0
CHEMBL7544,0.5822197,4815,0,0
CHEMBL10073,0.5822197,4816,0,0
CHEMBL444024,0.5822197,4817,0,0
CHEMBL1163215,0.5822197,4818,0,0
CHEMBL506162,0.5822197,4819,0,0
CHEMBL3310157,0.5822197,4820,0,0
CHEMBL6369,0.5822197,4821,0,0
CHEMBL6370,0.5822197,4822,0,0
CHEMBL3347298,0.5822197,4823,0,0
CHEMBL30500,0.5822197,4824,0,0
CHEMBL13026,0.5822197,4825,0,0
CHEMBL25298,0.5822197,4826,0,0
CHEMBL3310104,0.5822197,4827,0,0
CHEMBL37682,0.5822197,4828,0,0
CHEMBL8679,0.5822197,4829,0,0
CHEMBL31223,0.5822197,4830,0,0
CHEMBL31316,0.5822197,4831,0,0
CHEMBL7059,0.5822197,4832,0,0
CHEMBL7072,0.5822197,4833,0,0
CHEMBL13110,0.5822197,4834,0,0
CHEMBL41441,0.5822197,4835,0,0
CHEMBL30985,0.5822197,4836,0,0
CHEMBL31028,0.5822197,4837,0,0
CHEMBL18630,0.5822197,4838,0,0
CHEMBL30788,0.5822197,4839,0,0
CHEMBL37291,0.5822197,4840,0,0
CHEMBL37367,0.5822197,4841,0,0
CHEMBL14876,0.5822197,4842,0,0
CHEMBL25694,0.5822197,4843,0,0
CHEMBL27901,0.5822197,4844,0,0
CHEMBL11726,0.5822197,4845,0,0
CHEMBL14712,0.5822197,4846,0,0
CHEMBL34251,0.5822197,4847,0,0
CHEMBL36455,0.5822197,4848,0,0
CHEMBL37200,0.5822197,4849,0,0
CHEMBL21869,0.5822197,4850,0,0
CHEMBL33458,0.5822197,4851,0,0
CHEMBL42098,0.5822197,4852,0,0
CHEMBL19137,0.5822197,4853,0,0
CHEMBL36263,0.5822197,4854,0,0
CHEMBL6444,0.5822197,4855,0,0
CHEMBL6854,0.5822197,4856,0,0
CHEMBL4543340,0.5822197,4857,0,0
CHEMBL35360,0.5821886,4859,0,0
CHEMBL19457,0.58208275,4860,0,0
CHEMBL17672,0.58208275,4861,0,0
CHEMBL16301,0.5818952,4862,0,0
CHEMBL25048,0.5816885,4863,0,0
CHEMBL10551,0.5815511,4864,0,0
CHEMBL22581,0.5815511,4865,0,0
CHEMBL18238,0.58106935,4866,0,0
CHEMBL42511,0.5807045,4867,0,0
CHEMBL36259,0.5807045,4868,0,0
CHEMBL36601,0.5805562,4869,0,0
CHEMBL20607,0.5805562,4870,0,0
CHEMBL9296,0.5805413,4871,0,0
CHEMBL38911,0.5805413,4872,0,0
CHEMBL22747,0.5805413,4873,0,0
CHEMBL42017,0.5804305,4874,0,0
CHEMBL15141,0.5800768,4875,0,0
CHEMBL3310004,0.5800768,4876,0,0
CHEMBL3310000,0.5800768,4877,0,0
CHEMBL9771,0.57960236,4878,0,0
CHEMBL9999,0.57947874,4879,0,0
CHEMBL22158,0.57939786,4880,0,0
CHEMBL1189598,0.57939786,4881,0,0
CHEMBL31998,0.57939786,4882,0,0
CHEMBL4436525,0.57939786,4883,0,0
CHEMBL19700,0.57939786,4884,0,0
CHEMBL27626,0.57939786,4885,0,0
CHEMBL40093,0.57939786,4886,0,0
CHEMBL21987,0.57939786,4887,0,0
CHEMBL9615,0.57939786,4888,0,0
CHEMBL19507,0.57939786,4889,0,0
CHEMBL18867,0.5793903,4890,0,0
CHEMBL16431,0.5792479,4891,0,0
CHEMBL39405,0.5792472,4892,0,0
CHEMBL32247,0.579148,4893,0,0
CHEMBL18108,0.57899094,4894,0,0
CHEMBL17685,0.578859,4895,0,0
CHEMBL33308,0.5787822,4896,0,0
CHEMBL4434818,0.57847357,4897,0,0
CHEMBL21749,0.57831013,4898,0,0
CHEMBL37386,0.57800186,4899,0,0
CHEMBL16061,0.57800186,4900,0,0
CHEMBL40755,0.57800186,4901,0,0
CHEMBL33150,0.57800186,4902,0,0
CHEMBL30491,0.57800186,4903,0,0
CHEMBL17483,0.57800186,4904,0,0
CHEMBL34226,0.57800186,4905,0,0
CHEMBL17326,0.57800186,4906,0,0
CHEMBL30979,0.57800186,4907,0,0
CHEMBL7497,0.57800186,4908,0,0
CHEMBL38150,0.5779371,4909,0,0
CHEMBL3310473,0.5779371,4910,0,0
CHEMBL41207,0.5779371,4911,0,0
CHEMBL32354,0.5779371,4912,0,0
CHEMBL4543523,0.5779203,4913,0,0
CHEMBL30342,0.5774862,4914,0,0
CHEMBL15312,0.5773684,4915,0,0
CHEMBL4436129,0.57735234,4916,0,0
CHEMBL4436175,0.57735234,4917,0,0
CHEMBL16023,0.5772069,4918,0,0
CHEMBL33345,0.5771596,4919,0,0
CHEMBL9516,0.57695556,4920,0,0
CHEMBL34601,0.5768367,4921,0,0
CHEMBL4435999,0.5768367,4922,0,0
CHEMBL41862,0.5767846,4923,0,0
CHEMBL10960,0.57663494,4924,0,0
CHEMBL38116,0.57663494,4925,0,0
CHEMBL548124,0.5764985,4926,0,0
CHEMBL18991,0.5764985,4927,0,0
CHEMBL32176,0.5764985,4928,0,0
CHEMBL32790,0.5764985,4929,0,0
CHEMBL28201,0.5764985,4930,0,0
CHEMBL39136,0.5764985,4931,0,0
CHEMBL18925,0.5764985,4932,0,0
CHEMBL21626,0.5764985,4933,0,0
CHEMBL39615,0.5764985,4934,0,0
CHEMBL9479,0.5764985,4935,0,0
CHEMBL40477,0.5764985,4936,0,0
CHEMBL1163155,0.5764985,4937,0,0
CHEMBL8618,0.5764985,4938,0,0
CHEMBL3310773,0.5764985,4939,0,0
CHEMBL12236,0.5764985,4940,0,0
CHEMBL25570,0.5764985,4941,0,0
CHEMBL28855,0.5764985,4942,0,0
CHEMBL11139,0.5764985,4943,0,0
CHEMBL3310354,0.5764985,4944,0,0
CHEMBL19401,0.5764985,4945,0,0
CHEMBL29573,0.57648796,4946,0,0
CHEMBL35665,0.5764663,4947,0,0
CHEMBL15717,0.5764663,4948,0,0
CHEMBL3309451,0.5764663,4949,0,0
CHEMBL41635,0.5764663,4950,0,0
CHEMBL24051,0.5764663,4951,0,0
CHEMBL14148,0.5764663,4952,0,0
CHEMBL32444,0.5764663,4953,0,0
CHEMBL9561,0.576448,4954,0,0
CHEMBL28528,0.576448,4955,0,0
CHEMBL17787,0.57635266,4956,0,0
CHEMBL38862,0.57635266,4957,0,0
CHEMBL27325,0.57635266,4958,0,0
CHEMBL16810,0.5763233,4959,0,0
CHEMBL14931,0.5762859,4960,0,0
CHEMBL36639,0.57626927,4961,0,0
CHEMBL14761,0.5761456,4962,0,0
CHEMBL16820,0.5761065,4963,0,0
CHEMBL4435685,0.5761065,4964,0,0
CHEMBL34164,0.5760053,4965,0,0
CHEMBL13638,0.5757112,4966,0,0
CHEMBL24646,0.5757112,4967,0,0
CHEMBL15387,0.5756839,4968,0,0
CHEMBL8310,0.5756702,4969,0,0
CHEMBL593201,0.57561433,4970,0,0
CHEMBL25647,0.57538205,4971,0,0
CHEMBL36592,0.57538205,4972,0,0
CHEMBL30645,0.57538205,4973,0,0
CHEMBL18430,0.57538205,4974,0,0
CHEMBL3310434,0.57538205,4975,0,0
CHEMBL39642,0.5751479,4976,0,0
CHEMBL4543482,0.57491976,4977,0,0
CHEMBL4436034,0.5746604,4978,0,0
CHEMBL19433,0.57429874,4979,0,0
CHEMBL592978,0.57418174,4980,0,0
CHEMBL12662,0.573837,4981,0,0
CHEMBL3310393,0.5732207,4982,0,0
CHEMBL19105,0.5732207,4983,0,0
CHEMBL3311399,0.5732207,4984,0,0
CHEMBL38580,0.5732207,4985,0,0
CHEMBL19181,0.5727801,4986,0,0
CHEMBL17198,0.5727801,4987,0,0
CHEMBL38263,0.57273996,4988,0,0
CHEMBL25654,0.57273996,4989,0,0
CHEMBL4436552,0.57273996,4990,0,0
CHEMBL39389,0.57248265,4991,0,0
CHEMBL36586,0.57240534,4992,0,0
CHEMBL20661,0.57240534,4993,0,0
CHEMBL41179,0.5722321,4994,0,0
CHEMBL28560,0.57218593,4995,0,0
CHEMBL40562,0.57215756,4996,0,0
CHEMBL18085,0.57215756,4997,0,0
CHEMBL22558,0.57215756,4998,0,0
CHEMBL17287,0.57215756,4999,0,0
CHEMBL40492,0.57215756,5000,0,0
CHEMBL35268,0.57215756,5001,0,0
CHEMBL4436484,0.57215756,5002,0,0
CHEMBL17773,0.57215756,5003,0,0
CHEMBL42865,0.57215756,5004,0,0
CHEMBL3310150,0.57215756,5005,0,0
CHEMBL18352,0.5718281,5006,0,0
CHEMBL34467,0.5718127,5007,0,0
CHEMBL1170828,0.5712791,5008,0,0
CHEMBL4435003,0.5712078,5009,0,0
CHEMBL18485,0.5712078,5010,0,0
CHEMBL20634,0.5712078,5012,0,0
CHEMBL39109,0.5712078,5013,0,0
CHEMBL31129,0.5712078,5014,0,0
CHEMBL17885,0.5712078,5015,0,0
CHEMBL32762,0.5710484,5016,0,0
CHEMBL32089,0.5710484,5017,0,0
CHEMBL39259,0.5710484,5018,0,0
CHEMBL4435055,0.5710484,5019,0,0
CHEMBL1161611,0.5710484,5020,0,0
CHEMBL3310037,0.5710484,5021,0,0
CHEMBL23559,0.5710484,5022,0,0
CHEMBL26977,0.5710484,5023,0,0
CHEMBL6671,0.5710484,5024,0,0
CHEMBL1084482,0.5710484,5025,0,0
CHEMBL25264,0.5710484,5026,0,0
CHEMBL21802,0.5710484,5027,0,0
CHEMBL37170,0.5710484,5028,0,0
CHEMBL17203,0.5710484,5029,0,0
CHEMBL17325,0.5710484,5030,0,0
CHEMBL7221,0.5710484,5031,0,0
CHEMBL10180,0.5710484,5032,0,0
CHEMBL28935,0.5710484,5033,0,0
CHEMBL3310171,0.5710484,5034,0,0
CHEMBL39638,0.5709186,5035,0,0
CHEMBL25545,0.5709186,5036,0,0
CHEMBL4436379,0.57089734,5037,0,0
CHEMBL18136,0.57089734,5038,0,0
CHEMBL37061,0.5704011,5039,0,0
CHEMBL22344,0.5704011,5040,0,0
CHEMBL17200,0.5704011,5041,0,0
CHEMBL603059,0.5704011,5042,0,0
CHEMBL10010,0.57039595,5043,0,0
CHEMBL43424,0.57020277,5044,0,0
CHEMBL31407,0.57020277,5045,0,0
CHEMBL35217,0.5702011,5046,0,0
CHEMBL41344,0.5701632,5047,0,0
CHEMBL9788,0.5700514,5048,0,0
CHEMBL42183,0.5699207,5049,0,0
CHEMBL33363,0.56957984,5050,0,0
CHEMBL4436323,0.56957984,5051,0,0
CHEMBL39435,0.56957984,5052,0,0
CHEMBL28950,0.56957984,5053,0,0
CHEMBL14424,0.56957984,5054,0,0
CHEMBL154192,0.56957984,5055,0,0
CHEMBL38190,0.5694489,5056,0,0
CHEMBL40005,0.5694489,5057,0,0
CHEMBL19642,0.5694489,5058,0,0
CHEMBL14029,0.5692955,5059,0,0
CHEMBL33264,0.569086,5060,0,0
CHEMBL23022,0.5686609,5061,0,0
CHEMBL25870,0.5685416,5062,0,0
CHEMBL3309525,0.5685307,5063,0,0
CHEMBL525428,0.5685015,5064,0,0
CHEMBL16529,0.5682882,5065,0,0
CHEMBL11332,0.5680302,5066,0,0
CHEMBL32633,0.5680302,5067,0,0
CHEMBL16312,0.5680302,5068,0,0
CHEMBL30098,0.56798744,5069,0,0
CHEMBL40897,0.56798744,5070,0,0
CHEMBL19574,0.56798744,5071,0,0
CHEMBL15670,0.56789035,5072,0,0
CHEMBL4553156,0.5678033,5073,0,0
CHEMBL553669,0.5678033,5074,0,0
CHEMBL261102,0.56763405,5075,0,0
CHEMBL13078,0.56755435,5076,0,0
CHEMBL31922,0.56755435,5077,0,0
CHEMBL35073,0.56748563,5078,0,0
CHEMBL264472,0.56748563,5079,0,0
CHEMBL39157,0.56748563,5080,0,0
CHEMBL4553597,0.56748563,5081,0,0
CHEMBL25056,0.56748563,5082,0,0
CHEMBL9625,0.56722635,5083,0,0
CHEMBL3309418,0.56722635,5084,0,0
CHEMBL28546,0.56722635,5085,0,0
CHEMBL15992,0.56722635,5086,0,0
CHEMBL4543524,0.56722635,5087,0,0
CHEMBL19653,0.56722635,5088,0,0
CHEMBL39316,0.56722635,5089,0,0
CHEMBL4436137,0.56722635,5090,0,0
CHEMBL32149,0.56722635,5091,0,0
CHEMBL19674,0.56722635,5092,0,0
CHEMBL24257,0.56722635,5093,0,0
CHEMBL8717,0.56722635,5094,0,0
CHEMBL30493,0.56722635,5095,0,0
CHEMBL18888,0.56722635,5096,0,0
CHEMBL30554,0.56722635,5097,0,0
CHEMBL42353,0.56722635,5098,0,0
CHEMBL29943,0.56722635,5099,0,0
CHEMBL4435367,0.56722635,5100,0,0
CHEMBL40663,0.56722635,5101,0,0
CHEMBL31643,0.56722635,5102,0,0
CHEMBL27043,0.56722635,5103,0,0
CHEMBL38407,0.56722635,5104,0,0
CHEMBL20250,0.56722635,5105,0,0
CHEMBL14057,0.56722635,5106,0,0
CHEMBL4436584,0.56722635,5107,0,0
CHEMBL38733,0.56722635,5108,0,0
CHEMBL4543348,0.56722635,5109,0,0
CHEMBL4543329,0.56722635,5110,0,0
CHEMBL1798027,0.56722635,5111,0,0
CHEMBL16260,0.56722635,5112,0,0
CHEMBL32304,0.56722635,5113,0,0
CHEMBL11961,0.56722635,5114,0,0
CHEMBL15469,0.56722635,5115,0,0
CHEMBL16560,0.56722635,5116,0,0
CHEMBL19789,0.56722635,5117,0,0
CHEMBL35076,0.56722635,5118,0,0
CHEMBL40123,0.56722635,5119,0,0
CHEMBL14849,0.56722635,5120,0,0
CHEMBL26796,0.56722635,5121,0,0
CHEMBL14517,0.56722635,5122,0,0
CHEMBL9139,0.56722635,5123,0,0
CHEMBL26950,0.56722635,5124,0,0
CHEMBL15773,0.56722635,5125,0,0
CHEMBL26962,0.56722635,5126,0,0
CHEMBL7145,0.56722635,5127,0,0
CHEMBL601082,0.56722635,5128,0,0
CHEMBL23286,0.56722635,5129,0,0
CHEMBL11433,0.56722635,5130,0,0
CHEMBL9639,0.56722635,5131,0,0
CHEMBL22658,0.56722635,5132,0,0
CHEMBL9652,0.56722635,5133,0,0
CHEMBL31487,0.56722635,5134,0,0
CHEMBL26158,0.56722635,5135,0,0
CHEMBL21905,0.56722635,5136,0,0
CHEMBL37690,0.56722635,5137,0,0
CHEMBL37714,0.56722635,5138,0,0
CHEMBL540153,0.56722635,5139,0,0
CHEMBL37655,0.56722635,5140,0,0
CHEMBL14799,0.56722635,5141,0,0
CHEMBL16024,0.56722635,5142,0,0
CHEMBL3309672,0.56722635,5143,0,0
CHEMBL26597,0.56722635,5144,0,0
CHEMBL26598,0.56722635,5145,0,0
CHEMBL3309670,0.56722635,5146,0,0
CHEMBL37960,0.56722635,5147,0,0
CHEMBL3309799,0.56722635,5148,0,0
CHEMBL38072,0.56722635,5149,0,0
CHEMBL17463,0.56722635,5150,0,0
CHEMBL3309868,0.56722635,5151,0,0
CHEMBL37989,0.56722635,5152,0,0
CHEMBL14665,0.56722635,5153,0,0
CHEMBL9124,0.56722635,5154,0,0
CHEMBL11586,0.56722635,5155,0,0
CHEMBL26250,0.56722635,5156,0,0
CHEMBL540183,0.56722635,5157,0,0
CHEMBL3310275,0.56722635,5158,0,0
CHEMBL29492,0.56722635,5159,0,0
CHEMBL4434997,0.56722635,5160,0,0
CHEMBL13406,0.56722635,5161,0,0
CHEMBL16183,0.56722635,5162,0,0
CHEMBL29277,0.56722635,5163,0,0
CHEMBL29291,0.56722635,5164,0,0
CHEMBL19237,0.56722635,5165,0,0
CHEMBL13368,0.56722635,5166,0,0
CHEMBL31083,0.56722635,5167,0,0
CHEMBL11397,0.56722635,5168,0,0
CHEMBL37211,0.56722635,5169,0,0
CHEMBL11154,0.56722635,5170,0,0
CHEMBL3311062,0.56722635,5171,0,0
CHEMBL24740,0.56722635,5172,0,0
CHEMBL15184,0.56722635,5174,0,0
CHEMBL7788,0.56722635,5175,0,0
CHEMBL12657,0.56722635,5176,0,0
CHEMBL13203,0.56722635,5177,0,0
CHEMBL42942,0.56722635,5178,0,0
CHEMBL3311185,0.56722635,5179,0,0
CHEMBL24885,0.56722635,5180,0,0
CHEMBL8817,0.56722635,5181,0,0
CHEMBL35741,0.56722635,5182,0,0
CHEMBL21445,0.56722635,5183,0,0
CHEMBL7686,0.56722635,5184,0,0
CHEMBL1088145,0.56722635,5185,0,0
CHEMBL7733,0.56722635,5186,0,0
CHEMBL34762,0.56722635,5187,0,0
CHEMBL10044,0.56722635,5188,0,0
CHEMBL9845,0.56722635,5189,0,0
CHEMBL4560039,0.5670764,5190,0,0
CHEMBL23282,0.5670471,5191,0,0
CHEMBL30149,0.5669452,5192,0,0
CHEMBL26166,0.5669452,5193,0,0
CHEMBL10934,0.5669452,5194,0,0
CHEMBL7275,0.5669209,5195,0,0
CHEMBL41791,0.5669209,5196,0,0
CHEMBL30623,0.5668398,5197,0,0
CHEMBL265830,0.56679994,5198,0,0
CHEMBL3309416,0.56679994,5199,0,0
CHEMBL18552,0.56679994,5200,0,0
CHEMBL15280,0.56679994,5201,0,0
CHEMBL22011,0.56679994,5202,0,0
CHEMBL35094,0.56679994,5203,0,0
CHEMBL16130,0.56679994,5204,0,0
CHEMBL19112,0.5667608,5205,0,0
CHEMBL23383,0.5666282,5206,0,0
CHEMBL22174,0.5665509,5207,0,0
CHEMBL31257,0.5665509,5208,0,0
CHEMBL21488,0.5665509,5209,0,0
CHEMBL3310221,0.5665509,5210,0,0
CHEMBL564096,0.5665509,5211,0,0
CHEMBL25632,0.5665509,5212,0,0
CHEMBL21877,0.56550384,5213,0,0
CHEMBL18672,0.56549317,5214,0,0
CHEMBL4435217,0.5654619,5215,0,0
CHEMBL33311,0.5654619,5216,0,0
CHEMBL16116,0.5654619,5217,0,0
CHEMBL9614,0.5654619,5218,0,0
CHEMBL10590,0.5654619,5219,0,0
CHEMBL20530,0.5654619,5220,0,0
CHEMBL15185,0.56532663,5221,0,0
CHEMBL27697,0.56521094,5222,0,0
CHEMBL4435784,0.56514204,5223,0,0
CHEMBL20325,0.5651335,5224,0,0
CHEMBL23007,0.5651335,5225,0,0
CHEMBL33399,0.56502485,5226,0,0
CHEMBL28955,0.5650074,5227,0,0
CHEMBL4559953,0.5648411,5228,0,0
CHEMBL8363,0.5647398,5229,0,0
CHEMBL17733,0.5647398,5230,0,0
CHEMBL20408,0.56465465,5231,0,0
CHEMBL25681,0.56414133,5232,0,0
CHEMBL25290,0.56410533,5233,0,0
CHEMBL3311011,0.56380147,5234,0,0
CHEMBL4560019,0.56380147,5235,0,0
CHEMBL14031,0.5637313,5236,0,0
CHEMBL33725,0.56336087,5237,0,1
CHEMBL12451,0.56283563,5238,0,0
CHEMBL28195,0.56283563,5239,0,0
CHEMBL21865,0.56283563,5240,0,0
CHEMBL24308,0.56283563,5241,0,0
CHEMBL20273,0.56283563,5242,0,0
CHEMBL501544,0.56283563,5243,0,0
CHEMBL15961,0.56269735,5244,0,0
CHEMBL29290,0.56265795,5245,0,0
CHEMBL17334,0.56265795,5246,0,0
CHEMBL11534,0.56265795,5247,0,0
CHEMBL7149,0.56265795,5248,0,0
CHEMBL33160,0.5622041,5249,0,0
CHEMBL17257,0.56194115,5250,0,0
CHEMBL21168,0.56194115,5251,0,0
CHEMBL37936,0.56194115,5252,0,0
CHEMBL33960,0.56194115,5253,0,0
CHEMBL27157,0.56194115,5254,0,0
CHEMBL41619,0.56194115,5255,0,0
CHEMBL41445,0.56194115,5256,0,0
CHEMBL4435220,0.56194115,5257,0,0
CHEMBL43101,0.56194115,5258,0,0
CHEMBL4543240,0.56194115,5259,0,0
CHEMBL35115,0.56194115,5260,0,0
CHEMBL18616,0.561825,5261,0,0
CHEMBL24087,0.5617234,5262,0,0
CHEMBL34412,0.5617234,5263,0,0
CHEMBL34436,0.5617234,5264,0,0
CHEMBL40778,0.56147635,5265,0,0
CHEMBL6635,0.56147635,5266,0,0
CHEMBL800,0.56147635,5267,0,0
CHEMBL4543407,0.5612627,5268,0,0
CHEMBL38565,0.5611755,5269,0,0
CHEMBL22992,0.56109107,5270,0,0
CHEMBL27981,0.56109107,5271,0,0
CHEMBL21462,0.56109107,5272,0,0
CHEMBL12799,0.561062,5273,0,0
CHEMBL28026,0.5610556,5274,0,0
CHEMBL36053,0.56100553,5275,0,0
CHEMBL10300,0.56051785,5276,0,0
CHEMBL20102,0.5604507,5277,0,0
CHEMBL27136,0.56034416,5278,0,0
CHEMBL37757,0.5601401,5279,0,0
CHEMBL3310290,0.55984825,5280,0,0
CHEMBL24932,0.55984825,5281,0,0
CHEMBL22583,0.55979055,5282,0,0
CHEMBL42273,0.55979055,5283,0,0
CHEMBL23705,0.55979055,5284,0,0
CHEMBL31571,0.55979055,5285,0,0
CHEMBL37092,0.55979055,5286,0,0
CHEMBL3310580,0.55979055,5287,0,0
CHEMBL32931,0.55979055,5288,0,0
CHEMBL31609,0.55979055,5289,0,0
CHEMBL38357,0.55979055,5290,0,0
CHEMBL8494,0.55979055,5291,0,0
CHEMBL19863,0.55979055,5292,0,0
CHEMBL20585,0.55979055,5293,0,0
CHEMBL9362,0.55979055,5294,0,0
CHEMBL19185,0.55979055,5295,0,0
CHEMBL33457,0.55979055,5296,0,0
CHEMBL4436015,0.55979055,5297,0,0
CHEMBL22474,0.55979055,5298,0,0
CHEMBL7800,0.55979055,5299,0,0
CHEMBL443992,0.55979055,5300,0,0
CHEMBL31814,0.55979055,5301,0,0
CHEMBL4543227,0.55979055,5302,0,0
CHEMBL26942,0.55979055,5303,0,0
CHEMBL7126,0.55979055,5304,0,0
CHEMBL20836,0.55979055,5305,0,0
CHEMBL14633,0.55979055,5306,0,0
CHEMBL19020,0.55979055,5307,0,0
CHEMBL4116121,0.55979055,5308,0,0
CHEMBL11520,0.55979055,5309,0,0
CHEMBL19344,0.55979055,5310,0,0
CHEMBL38128,0.55979055,5311,0,0
CHEMBL18999,0.55979055,5312,0,0
CHEMBL32601,0.55979055,5313,0,0
CHEMBL20649,0.55979055,5314,0,0
CHEMBL21811,0.55979055,5315,0,0
CHEMBL12436,0.55979055,5316,0,0
CHEMBL22909,0.55979055,5317,0,0
CHEMBL10824,0.55979055,5318,0,0
CHEMBL4553633,0.55979055,5319,0,0
CHEMBL37458,0.55979055,5320,0,0
CHEMBL37477,0.55979055,5321,0,0
CHEMBL7097,0.55979055,5322,0,0
CHEMBL22904,0.55979055,5323,0,0
CHEMBL18613,0.55979055,5324,0,0
CHEMBL3310855,0.55979055,5325,0,0
CHEMBL16311,0.55979055,5326,0,0
CHEMBL12737,0.55979055,5327,0,0
CHEMBL38576,0.55979055,5328,0,0
CHEMBL3310900,0.55979055,5329,0,0
CHEMBL28308,0.55979055,5330,0,0
CHEMBL24912,0.55979055,5331,0,0
CHEMBL34508,0.55979055,5332,0,0
CHEMBL29260,0.55979055,5333,0,0
CHEMBL4434655,0.55979055,5334,0,0
CHEMBL27620,0.55965817,5335,0,0
CHEMBL4436246,0.55964005,5336,0,0
CHEMBL3310339,0.55956227,5337,0,0
CHEMBL20812,0.5594232,5338,0,0
CHEMBL20300,0.55940485,5339,0,0
CHEMBL23715,0.5593984,5340,0,0
CHEMBL14076,0.5592842,5341,0,0
CHEMBL33175,0.5591192,5342,0,0
CHEMBL12819,0.5590373,5343,0,0
CHEMBL41449,0.55880123,5344,0,0
CHEMBL36632,0.55878055,5345,0,0
CHEMBL3310861,0.5587747,5346,0,0
CHEMBL7432,0.55871576,5347,0,0
CHEMBL7963,0.5586502,5348,0,0
CHEMBL37599,0.5585494,5349,0,0
CHEMBL36197,0.5585494,5350,0,0
CHEMBL14048,0.5585494,5351,0,0
CHEMBL25978,0.5584072,5352,0,0
CHEMBL7771,0.5584072,5353,0,0
CHEMBL30801,0.5584072,5354,0,0
CHEMBL10254,0.5582749,5355,0,0
CHEMBL34068,0.55820954,5356,0,0
CHEMBL4436389,0.55820954,5357,0,0
CHEMBL35754,0.5581846,5358,0,0
CHEMBL21685,0.5581144,5359,0,0
CHEMBL578823,0.5581144,5360,0,0
CHEMBL32283,0.5580781,5361,0,0
CHEMBL4303803,0.55777043,5362,0,0
CHEMBL34901,0.55777043,5363,0,0
CHEMBL36423,0.55769044,5364,0,0
CHEMBL3311256,0.5576648,5365,0,0
CHEMBL36893,0.5576648,5366,0,0
CHEMBL32092,0.5576648,5367,0,0
CHEMBL12595,0.5573749,5368,0,0
CHEMBL30359,0.5573749,5369,0,0
CHEMBL27627,0.5573749,5370,0,0
CHEMBL30389,0.5573494,5371,0,0
CHEMBL33958,0.5573112,5372,0,0
CHEMBL38347,0.55726886,5373,0,0
CHEMBL36083,0.5563362,5374,0,0
CHEMBL17135,0.5562972,5375,0,0
CHEMBL4435245,0.5561136,5376,0,0
CHEMBL18570,0.5561136,5377,0,0
CHEMBL3310180,0.5561136,5378,0,0
CHEMBL27113,0.5561136,5379,0,0
CHEMBL29037,0.5561136,5380,0,0
CHEMBL4436096,0.5561136,5381,0,0
CHEMBL4435953,0.5561136,5382,0,0
CHEMBL3311286,0.5561136,5383,0,0
CHEMBL16453,0.5561136,5384,0,0
CHEMBL35932,0.55609125,5385,0,0
CHEMBL8170,0.55591565,5386,0,0
CHEMBL20423,0.55549806,5387,0,0
CHEMBL4435960,0.5553496,5388,0,0
CHEMBL41599,0.5553496,5389,0,0
CHEMBL20484,0.5552599,5390,0,0
CHEMBL7107,0.5550884,5391,0,0
CHEMBL40466,0.5546976,5392,0,0
CHEMBL10912,0.5546976,5393,0,0
CHEMBL37822,0.5546976,5394,0,0
CHEMBL38440,0.55445534,5395,0,0
CHEMBL34099,0.5544099,5396,0,0
CHEMBL3309607,0.5544099,5397,0,0
CHEMBL28868,0.5544099,5398,0,0
CHEMBL11314,0.55422705,5399,0,0
CHEMBL23882,0.5542235,5400,0,0
CHEMBL7867,0.5540992,5401,0,0
CHEMBL24747,0.55399656,5402,0,0
CHEMBL29410,0.5538698,5403,0,0
CHEMBL30479,0.5538557,5404,0,0
CHEMBL26290,0.5536449,5405,0,0
CHEMBL20322,0.55363405,5406,0,0
CHEMBL10555,0.55363405,5407,0,0
CHEMBL29223,0.5535379,5408,0,0
CHEMBL583126,0.5534947,5409,0,0
CHEMBL10488,0.5534947,5410,0,0
CHEMBL4434904,0.5533201,5411,0,0
CHEMBL40365,0.5533201,5412,0,0
CHEMBL36309,0.5533201,5413,0,0
CHEMBL3310919,0.5533201,5414,0,0
CHEMBL37278,0.5533201,5415,0,0
CHEMBL27440,0.5533201,5416,0,0
CHEMBL22779,0.5533201,5417,0,0
CHEMBL40383,0.5533201,5418,0,0
CHEMBL13975,0.55296624,5419,0,0
CHEMBL27420,0.5529501,5420,0,0
CHEMBL17169,0.5529501,5421,0,0
CHEMBL612215,0.5529501,5422,0,0
CHEMBL20784,0.5529501,5423,0,0
CHEMBL12983,0.5529501,5424,0,0
CHEMBL12538,0.5529501,5425,0,0
CHEMBL31739,0.5529501,5426,0,0
CHEMBL26557,0.5529501,5427,0,0
CHEMBL9443,0.5529501,5428,0,0
CHEMBL35951,0.5529501,5429,0,0
CHEMBL36010,0.5529501,5430,0,0
CHEMBL30610,0.5529501,5431,0,0
CHEMBL30591,0.5529501,5432,0,0
CHEMBL15833,0.5529501,5433,0,0
CHEMBL19254,0.5529501,5434,0,0
CHEMBL4434715,0.5529501,5435,0,0
CHEMBL7320,0.5529501,5436,0,0
CHEMBL31139,0.5529501,5437,0,0
CHEMBL3310853,0.5529501,5438,0,0
CHEMBL24765,0.5529501,5439,0,0
CHEMBL18490,0.5529501,5440,0,0
CHEMBL539453,0.5529501,5441,0,0
CHEMBL24750,0.5529501,5442,0,0
CHEMBL37972,0.5529501,5443,0,0
CHEMBL28200,0.5529501,5444,0,0
CHEMBL11886,0.5529501,5445,0,0
CHEMBL1204451,0.5529501,5446,0,0
CHEMBL39904,0.5529501,5447,0,0
CHEMBL4543323,0.5529501,5448,0,0
CHEMBL10529,0.5529501,5449,0,0
CHEMBL40301,0.5529501,5450,0,0
CHEMBL35451,0.5529501,5451,0,0
CHEMBL22607,0.5529501,5452,0,0
CHEMBL7268,0.5529501,5453,0,0
CHEMBL3310871,0.5529501,5454,0,0
CHEMBL34111,0.5529501,5455,0,0
CHEMBL15865,0.5529501,5456,0,0
CHEMBL35162,0.5529501,5457,0,0
CHEMBL541435,0.5529501,5458,0,0
CHEMBL16890,0.5529501,5459,0,0
CHEMBL36722,0.5529501,5460,0,0
CHEMBL19781,0.5529501,5461,0,0
CHEMBL9514,0.5529501,5462,0,0
CHEMBL22755,0.5529501,5463,0,0
CHEMBL3310902,0.5529501,5464,0,0
CHEMBL32318,0.5529501,5465,0,0
CHEMBL39772,0.5529501,5466,0,0
CHEMBL16573,0.5529501,5467,0,0
CHEMBL3311180,0.5529501,5468,0,0
CHEMBL4553639,0.5529501,5469,0,0
CHEMBL20367,0.5529501,5470,0,0
CHEMBL14482,0.5529501,5471,0,0
CHEMBL7308,0.5529501,5472,0,0
CHEMBL21876,0.5529501,5473,0,0
CHEMBL33145,0.5529501,5474,0,0
CHEMBL37970,0.5529501,5475,0,0
CHEMBL31676,0.5529501,5476,0,0
CHEMBL37669,0.5529501,5477,0,0
CHEMBL28260,0.5529501,5478,0,0
CHEMBL28274,0.5529501,5479,0,0
CHEMBL4436506,0.5529501,5480,0,0
CHEMBL41880,0.5529501,5481,0,0
CHEMBL6595,0.5529501,5482,0,0
CHEMBL32896,0.5529501,5483,0,0
CHEMBL22693,0.5529501,5484,0,0
CHEMBL32963,0.5529501,5485,0,0
CHEMBL23734,0.5529501,5486,0,0
CHEMBL33360,0.5529501,5487,0,0
CHEMBL23844,0.5529501,5488,0,0
CHEMBL15397,0.5529501,5489,0,0
CHEMBL1163443,0.5529501,5490,0,0
CHEMBL33975,0.5529501,5491,0,0
CHEMBL3309333,0.5529501,5492,0,0
CHEMBL14313,0.5529501,5493,0,0
CHEMBL14308,0.5529501,5494,0,0
CHEMBL36880,0.5529501,5495,0,0
CHEMBL41118,0.5529501,5496,0,0
CHEMBL37695,0.5529501,5497,0,0
CHEMBL28952,0.5529501,5498,0,0
CHEMBL15651,0.5529501,5499,0,0
CHEMBL3309347,0.5529501,5500,0,0
CHEMBL28688,0.5529501,5501,0,0
CHEMBL22686,0.5529501,5502,0,0
CHEMBL3310841,0.5529501,5503,0,0
CHEMBL41088,0.5529501,5504,0,0
CHEMBL4434832,0.5529501,5505,0,0
CHEMBL38276,0.5529501,5506,0,0
CHEMBL24787,0.5529501,5507,0,0
CHEMBL31313,0.5529501,5508,0,0
CHEMBL1163139,0.5529501,5509,0,0
CHEMBL126,0.5529501,5510,0,0
CHEMBL3311261,0.5529501,5511,0,0
CHEMBL19187,0.5529501,5512,0,0
CHEMBL39549,0.5529501,5513,0,0
CHEMBL10342,0.5529501,5514,0,0
CHEMBL9547,0.5529501,5515,0,0
CHEMBL39454,0.5529501,5516,0,0
CHEMBL9550,0.5529501,5517,0,0
CHEMBL37453,0.5529501,5518,0,0
CHEMBL35685,0.5529501,5519,0,0
CHEMBL31661,0.5529501,5520,0,0
CHEMBL25145,0.5529501,5521,0,0
CHEMBL11054,0.5529501,5522,0,0
CHEMBL11058,0.5529501,5523,0,0
CHEMBL18447,0.5529501,5524,0,0
CHEMBL30710,0.5529501,5525,0,0
CHEMBL7926,0.5529501,5526,0,0
CHEMBL10800,0.5529501,5527,0,0
CHEMBL36353,0.5529501,5528,0,0
CHEMBL19021,0.5529501,5529,0,0
CHEMBL9761,0.5529501,5530,0,0
CHEMBL20419,0.5529501,5531,0,0
CHEMBL15124,0.5529501,5532,0,0
CHEMBL25215,0.5529501,5533,0,0
CHEMBL6951,0.5529501,5534,0,0
CHEMBL3310668,0.5529501,5535,0,0
CHEMBL3310671,0.5529501,5536,0,0
CHEMBL39334,0.5529501,5537,0,1
CHEMBL13990,0.5529501,5538,0,0
CHEMBL12365,0.5529501,5539,0,0
CHEMBL25277,0.5529501,5540,0,0
CHEMBL6874,0.5529501,5541,0,0
CHEMBL17056,0.5529501,5542,0,0
CHEMBL20655,0.5529501,5543,0,0
CHEMBL37621,0.5529501,5544,0,0
CHEMBL21900,0.5529501,5545,0,0
CHEMBL573208,0.5529501,5546,0,0
CHEMBL21920,0.5529501,5547,0,0
CHEMBL41401,0.5529501,5548,0,0
CHEMBL13236,0.5529501,5549,0,0
CHEMBL24282,0.5529501,5550,0,0
CHEMBL4115946,0.5529501,5551,0,0
CHEMBL7063,0.5529501,5552,0,0
CHEMBL8916,0.5529501,5553,0,0
CHEMBL32013,0.5529501,5554,0,0
CHEMBL4435525,0.5529501,5555,0,0
CHEMBL25441,0.5529501,5556,0,0
CHEMBL20985,0.5529501,5557,0,0
CHEMBL17089,0.5529501,5558,0,0
CHEMBL19955,0.5529501,5559,0,0
CHEMBL40842,0.5529501,5560,0,0
CHEMBL15527,0.5529501,5561,0,0
CHEMBL30566,0.5529501,5562,0,0
CHEMBL41775,0.5529501,5563,0,0
CHEMBL36901,0.5529501,5564,0,0
CHEMBL18996,0.5529501,5565,0,0
CHEMBL19045,0.5529501,5566,0,0
CHEMBL29817,0.5529501,5567,0,0
CHEMBL28002,0.5529501,5568,0,0
CHEMBL18418,0.5529501,5569,0,0
CHEMBL31440,0.5529501,5570,0,0
CHEMBL25350,0.5529501,5571,0,0
CHEMBL1766475,0.5529501,5572,0,0
CHEMBL3309431,0.5529501,5573,0,0
CHEMBL28446,0.5529501,5574,0,0
CHEMBL40284,0.5529501,5575,0,0
CHEMBL6749,0.5529501,5576,0,0
CHEMBL9638,0.5529501,5577,0,0
CHEMBL22672,0.5529501,5578,0,0
CHEMBL20439,0.5529501,5579,0,0
CHEMBL580660,0.5529501,5580,0,0
CHEMBL17065,0.5529501,5581,0,0
CHEMBL25300,0.5529501,5582,0,0
CHEMBL40883,0.5529501,5583,0,0
CHEMBL19375,0.5529501,5584,0,0
CHEMBL35970,0.5529501,5586,0,0
CHEMBL30661,0.5529501,5587,0,0
CHEMBL15868,0.5529501,5588,0,0
CHEMBL14559,0.5529501,5589,0,0
CHEMBL4435826,0.5529501,5590,0,0
CHEMBL34794,0.5529501,5591,0,0
CHEMBL23303,0.5529501,5592,0,0
CHEMBL32450,0.5529501,5593,0,0
CHEMBL9016,0.5529501,5594,0,0
CHEMBL23459,0.5529501,5596,0,0
CHEMBL16026,0.5529501,5597,0,0
CHEMBL40775,0.5529501,5598,0,0
CHEMBL11635,0.5529501,5599,0,0
CHEMBL15700,0.5529501,5600,0,0
CHEMBL39509,0.5529501,5601,0,0
CHEMBL39484,0.5529501,5602,0,0
CHEMBL32502,0.5529501,5603,0,0
CHEMBL35561,0.5529501,5604,0,0
CHEMBL32518,0.5529501,5605,0,0
CHEMBL37388,0.5529501,5606,0,0
CHEMBL3310260,0.5529501,5607,0,0
CHEMBL39474,0.5529501,5608,0,0
CHEMBL41972,0.5529501,5609,0,0
CHEMBL22374,0.5529501,5610,0,0
CHEMBL9744,0.5529501,5611,0,0
CHEMBL18848,0.5529501,5612,0,0
CHEMBL42126,0.5529501,5613,0,0
CHEMBL22454,0.5529501,5614,0,0
CHEMBL10158,0.5529501,5615,0,0
CHEMBL28607,0.5529501,5616,0,0
CHEMBL17783,0.55274135,5617,0,0
CHEMBL20597,0.5525726,5618,0,0
CHEMBL27725,0.5525726,5619,0,0
CHEMBL31776,0.5521375,5620,0,0
CHEMBL22430,0.5521375,5621,0,0
CHEMBL8347,0.55193716,5622,0,0
CHEMBL14373,0.5518279,5623,0,0
CHEMBL14361,0.5518279,5624,0,0
CHEMBL40522,0.5518279,5625,0,0
CHEMBL34348,0.5518279,5626,0,0
CHEMBL38348,0.5518279,5627,0,0
CHEMBL14855,0.5518279,5628,0,0
CHEMBL32673,0.5518279,5629,0,0
CHEMBL15153,0.5518279,5630,0,0
CHEMBL12229,0.5518279,5631,0,0
CHEMBL4436172,0.5518279,5632,0,0
CHEMBL4543508,0.5518279,5633,0,0
CHEMBL37638,0.5518279,5634,0,0
CHEMBL14789,0.5518279,5635,0,0
CHEMBL14739,0.5518279,5636,0,0
CHEMBL8746,0.5518279,5637,0,0
CHEMBL501858,0.5518279,5638,0,0
CHEMBL34239,0.5518279,5639,0,0
CHEMBL3311432,0.5518279,5640,0,0
CHEMBL39200,0.5518279,5641,0,0
CHEMBL22151,0.5518279,5642,0,0
CHEMBL43677,0.5518279,5643,0,0
CHEMBL38221,0.5518279,5644,0,0
CHEMBL12692,0.5518279,5645,0,0
CHEMBL15955,0.5518279,5646,0,0
CHEMBL4435434,0.5518279,5647,0,0
CHEMBL43656,0.5518279,5648,0,0
CHEMBL19849,0.5518279,5649,0,0
CHEMBL3309851,0.5518279,5650,0,0
CHEMBL39750,0.5518279,5651,0,0
CHEMBL19080,0.5518279,5652,0,0
CHEMBL42688,0.5518279,5653,0,0
CHEMBL29937,0.5518279,5654,0,0
CHEMBL39716,0.5518279,5655,0,0
CHEMBL27663,0.5518279,5656,0,0
CHEMBL6281,0.5518279,5657,0,0
CHEMBL4436478,0.5518279,5658,0,0
CHEMBL18273,0.5518279,5659,0,0
CHEMBL9844,0.5518279,5660,0,0
CHEMBL4436248,0.5517482,5661,0,0
CHEMBL31350,0.5517482,5662,0,0
CHEMBL42449,0.55170375,5663,0,0
CHEMBL14704,0.5515284,5664,0,0
CHEMBL30356,0.55132896,5665,0,0
CHEMBL34102,0.55132896,5666,0,0
CHEMBL14000,0.55130535,5667,0,0
CHEMBL4553132,0.55130535,5668,0,0
CHEMBL8538,0.55112994,5669,0,0
CHEMBL23817,0.55102223,5670,0,0
CHEMBL34612,0.5509095,5671,0,0
CHEMBL10918,0.5509095,5672,0,0
CHEMBL21948,0.5509095,5673,0,0
CHEMBL18785,0.55085933,5674,0,0
CHEMBL78310,0.5507544,5675,0,0
CHEMBL21841,0.5506338,5676,0,0
CHEMBL20807,0.5505458,5677,0,0
CHEMBL35713,0.55053204,5678,0,0
CHEMBL11430,0.55053204,5679,0,0
CHEMBL20598,0.55035794,5680,0,0
CHEMBL21927,0.5500176,5681,0,0
CHEMBL32904,0.5500176,5682,0,0
CHEMBL4435980,0.5500176,5683,0,0
CHEMBL40120,0.5499614,5684,0,0
CHEMBL27272,0.54984385,5685,0,0
CHEMBL17383,0.54979634,5686,0,0
CHEMBL10885,0.54979634,5687,0,0
CHEMBL3310209,0.54979634,5688,0,0
CHEMBL34862,0.54979634,5689,0,0
CHEMBL14814,0.54979634,5690,0,0
CHEMBL4435317,0.5497959,5691,0,0
CHEMBL40278,0.5496915,5692,0,0
CHEMBL38047,0.5496915,5693,0,0
CHEMBL8745,0.5496915,5694,0,0
CHEMBL12573,0.54966736,5695,0,0
CHEMBL19111,0.5494306,5696,0,0
CHEMBL29916,0.5494179,5697,0,0
CHEMBL37010,0.5492862,5698,0,0
CHEMBL6848,0.5492862,5699,0,0
CHEMBL41237,0.5492862,5700,0,0
CHEMBL23660,0.5491868,5701,0,0
CHEMBL34043,0.5489255,5702,0,0
CHEMBL593658,0.5477414,5703,0,0
CHEMBL25918,0.5477414,5704,0,0
CHEMBL32961,0.5477414,5705,0,0
CHEMBL29077,0.5477414,5706,0,0
CHEMBL33023,0.5477414,5707,0,0
CHEMBL503204,0.5477414,5708,0,0
CHEMBL29134,0.5477414,5709,0,0
CHEMBL39226,0.5476625,5710,0,0
CHEMBL22971,0.5476625,5711,0,0
CHEMBL1201843,0.5476625,5712,0,0
CHEMBL19814,0.5476625,5713,0,0
CHEMBL19183,0.5476625,5714,0,0
CHEMBL9127,0.5476625,5715,0,0
CHEMBL4303142,0.5476625,5716,0,0
CHEMBL13215,0.54727304,5717,0,0
CHEMBL32052,0.5472222,5718,0,0
CHEMBL17786,0.5472222,5719,0,0
CHEMBL24854,0.5470383,5720,0,0
CHEMBL17386,0.5470383,5721,0,0
CHEMBL425,0.5470383,5722,0,0
CHEMBL11607,0.5470383,5723,0,0
CHEMBL3310386,0.5470383,5724,0,0
CHEMBL4436159,0.5470383,5725,0,0
CHEMBL28565,0.5470383,5726,0,0
CHEMBL8827,0.5470383,5727,0,0
CHEMBL11273,0.5470383,5728,0,0
CHEMBL33419,0.5470383,5729,0,0
CHEMBL14620,0.54690987,5730,0,0
CHEMBL4436209,0.5468706,5731,0,0
CHEMBL3311161,0.5468706,5732,0,0
CHEMBL18673,0.5468706,5733,0,0
CHEMBL21270,0.5466937,5734,0,0
CHEMBL22563,0.54656905,5735,0,0
CHEMBL32514,0.5465134,5736,0,0
CHEMBL26934,0.5461288,5737,0,0
CHEMBL4543245,0.5461288,5738,0,0
CHEMBL27073,0.5460522,5739,0,0
CHEMBL38320,0.5460522,5740,0,0
CHEMBL3311046,0.5459968,5741,0,0
CHEMBL3309555,0.5459968,5742,0,0
CHEMBL4436056,0.5455694,5743,0,0
CHEMBL28726,0.5454504,5744,0,0
CHEMBL6928,0.54528904,5745,0,0
CHEMBL24097,0.54528904,5746,0,0
CHEMBL28573,0.5447184,5747,0,0
CHEMBL22764,0.54461294,5748,0,0
CHEMBL40518,0.5442924,5749,0,0
CHEMBL9703,0.54420525,5750,0,0
CHEMBL4436273,0.5441988,5751,0,0
CHEMBL7602,0.5440473,5752,0,0
CHEMBL4436333,0.5440473,5753,0,0
CHEMBL27036,0.5435452,5754,0,0
CHEMBL10871,0.5434246,5755,0,0
CHEMBL30009,0.5434225,5756,0,0
CHEMBL15610,0.54336214,5757,0,0
CHEMBL32097,0.54336214,5758,0,0
CHEMBL23569,0.54336214,5759,0,0
CHEMBL21880,0.54336214,5760,0,0
CHEMBL35589,0.54336214,5761,0,0
CHEMBL21673,0.54336214,5762,0,0
CHEMBL32470,0.54336214,5763,0,0
CHEMBL21844,0.54336214,5764,0,0
CHEMBL40175,0.54336214,5765,0,0
CHEMBL20884,0.54336214,5766,0,0
CHEMBL4434880,0.54336214,5767,0,0
CHEMBL33701,0.54336214,5768,0,0
CHEMBL10554,0.54336214,5769,0,0
CHEMBL42150,0.54336214,5770,0,0
CHEMBL41974,0.54336214,5771,0,0
CHEMBL41497,0.54336214,5772,0,0
CHEMBL33579,0.54333586,5773,0,0
CHEMBL12076,0.543004,5774,0,0
CHEMBL41427,0.5428379,5775,0,0
CHEMBL35555,0.5428379,5776,0,0
CHEMBL24360,0.5426923,5777,0,0
CHEMBL40221,0.5425358,5778,0,0
CHEMBL35369,0.54224795,5779,0,0
CHEMBL18232,0.5419815,5780,0,0
CHEMBL21395,0.5419558,5781,0,0
CHEMBL3309660,0.5414067,5782,0,0
CHEMBL34644,0.54133326,5783,0,0
CHEMBL39167,0.54133326,5784,0,0
CHEMBL6906,0.54133326,5785,0,0
CHEMBL3310197,0.54133326,5786,0,0
CHEMBL3309980,0.54133326,5787,0,0
CHEMBL30618,0.54130054,5788,0,0
CHEMBL16446,0.54130054,5789,0,0
CHEMBL576264,0.54130054,5790,0,0
CHEMBL3309325,0.54130054,5791,0,0
CHEMBL34309,0.54130054,5792,0,0
CHEMBL18966,0.54130054,5793,0,0
CHEMBL19884,0.54130054,5794,0,0
CHEMBL33237,0.54130054,5795,0,0
CHEMBL4553704,0.54130054,5796,0,0
CHEMBL34552,0.54130054,5797,0,0
CHEMBL4436319,0.54130054,5798,0,0
CHEMBL39801,0.54130054,5799,0,0
CHEMBL4434915,0.54130054,5800,0,0
CHEMBL13017,0.54130054,5801,0,0
CHEMBL9564,0.54130054,5802,0,0
CHEMBL1202102,0.5412001,5803,0,0
CHEMBL37344,0.5410922,5804,0,0
CHEMBL25875,0.5410922,5805,0,0
CHEMBL38121,0.5410922,5806,0,0
CHEMBL10413,0.5408464,5807,0,0
CHEMBL4434714,0.5404962,5808,0,0
CHEMBL33874,0.54033315,5809,0,0
CHEMBL24657,0.54018575,5810,0,0
CHEMBL42507,0.54014343,5811,0,0
CHEMBL35195,0.5400706,5812,0,0
CHEMBL4435918,0.5400706,5813,0,0
CHEMBL3309577,0.53999,5814,0,0
CHEMBL13740,0.5399604,5815,0,0
CHEMBL21078,0.5398784,5816,0,0
CHEMBL38235,0.5398784,5817,0,0
CHEMBL20311,0.5398784,5818,0,0
CHEMBL14415,0.5398784,5819,0,0
CHEMBL20266,0.5398784,5820,0,0
CHEMBL4435376,0.5398784,5821,0,0
CHEMBL18861,0.5398784,5822,0,0
CHEMBL17809,0.5398784,5823,0,0
CHEMBL10411,0.5398784,5824,0,0
CHEMBL36192,0.5398784,5825,0,0
CHEMBL4435700,0.5398784,5826,0,0
CHEMBL14246,0.5398784,5827,0,0
CHEMBL3309907,0.5398784,5828,0,0
CHEMBL42597,0.5398784,5829,0,0
CHEMBL39035,0.5398784,5830,0,0
CHEMBL15456,0.5398784,5831,0,0
CHEMBL19453,0.5398784,5832,0,0
CHEMBL10841,0.53984666,5833,0,0
CHEMBL30548,0.53984666,5834,0,0
CHEMBL38389,0.53984666,5835,0,0
CHEMBL32452,0.53984666,5836,0,0
CHEMBL37979,0.53976965,5837,0,0
CHEMBL4435779,0.53976965,5838,0,0
CHEMBL20918,0.539675,5839,0,0
CHEMBL3309391,0.539675,5840,0,0
CHEMBL4435494,0.5395928,5841,0,0
CHEMBL30966,0.5394994,5842,0,0
CHEMBL35479,0.5394994,5843,0,0
CHEMBL34003,0.5394994,5844,0,0
CHEMBL41078,0.5394994,5845,0,0
CHEMBL6435,0.5394994,5846,0,0
CHEMBL6230,0.5394994,5847,0,0
CHEMBL34152,0.53935593,5848,0,0
CHEMBL23093,0.53923035,5849,0,0
CHEMBL21635,0.5392221,5850,0,0
CHEMBL39937,0.5392221,5851,0,0
CHEMBL23648,0.5392221,5852,0,0
CHEMBL21630,0.5392221,5853,0,0
CHEMBL39355,0.5392221,5854,0,0
CHEMBL18575,0.5392221,5855,0,0
CHEMBL21317,0.5392221,5856,0,0
CHEMBL4434784,0.5392221,5857,0,0
CHEMBL4543392,0.5392221,5858,0,0
CHEMBL36739,0.5392221,5859,0,0
CHEMBL4559940,0.5392221,5860,0,0
CHEMBL10410,0.5392221,5861,0,0
CHEMBL4436317,0.5392221,5862,0,0
CHEMBL24689,0.5390492,5863,0,0
CHEMBL26069,0.53902054,5864,0,0
CHEMBL27261,0.53902054,5865,0,0
CHEMBL33675,0.53902054,5866,0,0
CHEMBL10434,0.53902054,5867,0,0
CHEMBL27314,0.53902054,5868,0,0
CHEMBL9200,0.53902054,5869,0,0
CHEMBL38249,0.53902054,5870,0,0
CHEMBL8184,0.53898937,5871,0,0
CHEMBL505943,0.53898937,5872,0,0
CHEMBL19908,0.5385768,5873,0,0
CHEMBL1163287,0.5383895,5874,0,0
CHEMBL41484,0.5383895,5875,0,0
CHEMBL10955,0.5383895,5876,0,0
CHEMBL33496,0.5383895,5877,0,0
CHEMBL10614,0.5383895,5878,0,0
CHEMBL41415,0.5383895,5879,0,0
CHEMBL29151,0.5383895,5880,0,0
CHEMBL3310925,0.5383846,5881,0,0
CHEMBL12334,0.5383846,5882,0,0
CHEMBL4543236,0.5383421,5883,0,0
CHEMBL7563,0.5382612,5884,0,0
CHEMBL41947,0.53812104,5885,0,0
CHEMBL22076,0.53780204,5886,0,0
CHEMBL13929,0.53780204,5887,0,0
CHEMBL12759,0.53780204,5888,0,0
CHEMBL15543,0.53779656,5889,0,0
CHEMBL39588,0.5376666,5890,0,0
CHEMBL13463,0.53740335,5891,0,0
CHEMBL20437,0.5373563,5892,0,0
CHEMBL26485,0.5373563,5893,0,0
CHEMBL27193,0.53730583,5894,0,0
CHEMBL40834,0.53730583,5895,0,0
CHEMBL30451,0.5370683,5896,0,0
CHEMBL7368,0.5370683,5897,0,0
CHEMBL14330,0.5370683,5898,0,0
CHEMBL4434847,0.5370683,5899,0,0
CHEMBL24661,0.5369732,5900,0,0
CHEMBL33746,0.53690475,5901,0,0
CHEMBL3310056,0.53681445,5902,0,0
CHEMBL22396,0.53677183,5903,0,0
CHEMBL4436442,0.5367555,5904,0,0
CHEMBL14950,0.5367237,5905,0,0
CHEMBL40940,0.5366136,5906,0,0
CHEMBL3309444,0.5365329,5907,0,0
CHEMBL1088980,0.5362868,5908,0,0
CHEMBL34002,0.5362245,5909,0,0
CHEMBL3311087,0.5362245,5910,0,0
CHEMBL8703,0.5361763,5911,0,0
CHEMBL22853,0.5360181,5912,0,0
CHEMBL37483,0.5360181,5913,0,0
CHEMBL9308,0.5360181,5914,0,0
CHEMBL17495,0.5360181,5915,0,0
CHEMBL36631,0.5359862,5916,0,0
CHEMBL16559,0.53587574,5917,0,0
CHEMBL41296,0.53587574,5918,0,0
CHEMBL13241,0.53568536,5919,0,0
CHEMBL18946,0.53568536,5920,0,0
CHEMBL485,0.53566444,5921,0,0
CHEMBL34967,0.5355639,5922,0,0
CHEMBL38243,0.5355639,5923,0,0
CHEMBL15444,0.5355639,5924,0,0
CHEMBL18811,0.5353631,5925,0,0
CHEMBL17279,0.5353631,5926,0,0
CHEMBL33957,0.5353631,5927,0,0
CHEMBL1163383,0.5353631,5928,0,0
CHEMBL18898,0.5353631,5929,0,0
CHEMBL27159,0.5353631,5930,0,0
CHEMBL19269,0.5353631,5931,0,0
CHEMBL29493,0.5353631,5932,0,0
CHEMBL17791,0.5353231,5933,0,0
CHEMBL35255,0.5353231,5934,0,0
CHEMBL37713,0.5350136,5935,0,0
CHEMBL27222,0.5346966,5936,0,0
CHEMBL30642,0.5343139,5937,0,0
CHEMBL7647,0.5343139,5938,0,0
CHEMBL12916,0.5343139,5939,0,0
CHEMBL31860,0.534218,5940,0,0
CHEMBL4559960,0.534218,5941,0,0
CHEMBL22542,0.5341114,5942,0,0
CHEMBL4436183,0.53408164,5943,0,0
CHEMBL17642,0.53408164,5944,0,0
CHEMBL29027,0.53408164,5945,0,0
CHEMBL30311,0.53408164,5946,0,0
CHEMBL28916,0.53408164,5947,0,0
CHEMBL21504,0.53408164,5948,0,0
CHEMBL39143,0.53408164,5949,0,0
CHEMBL15414,0.53408164,5950,0,0
CHEMBL15560,0.53408164,5951,0,0
CHEMBL4436046,0.53408164,5952,0,0
CHEMBL34290,0.53408164,5953,0,0
CHEMBL10511,0.53408164,5954,0,0
CHEMBL38075,0.53408164,5955,0,0
CHEMBL39575,0.53408164,5956,0,0
CHEMBL33943,0.53406215,5957,0,0
CHEMBL3309939,0.53406215,5958,0,0
CHEMBL38868,0.53376776,5959,0,0
CHEMBL27482,0.5337424,5960,0,0
CHEMBL41185,0.533233,5961,0,0
CHEMBL3310382,0.53310347,5962,0,0
CHEMBL31152,0.5330685,5963,0,0
CHEMBL35350,0.5330685,5964,0,0
CHEMBL15640,0.5330685,5965,0,0
CHEMBL39149,0.5330685,5966,0,0
CHEMBL27218,0.5330685,5967,0,0
CHEMBL4434760,0.5330685,5968,0,0
CHEMBL27256,0.5330685,5969,0,0
CHEMBL20532,0.5330685,5970,0,0
CHEMBL591228,0.5330685,5971,0,0
CHEMBL36829,0.5330146,5972,0,0
CHEMBL4553638,0.53280425,5973,0,0
CHEMBL39822,0.53280425,5974,0,0
CHEMBL1163486,0.53280425,5975,0,0
CHEMBL4553163,0.53280425,5976,0,0
CHEMBL4553546,0.53280425,5977,0,0
CHEMBL18563,0.53280425,5978,0,0
CHEMBL21756,0.53280425,5979,0,0
CHEMBL19143,0.53280425,5980,0,0
CHEMBL39186,0.53280425,5981,0,0
CHEMBL9974,0.53280425,5982,0,0
CHEMBL4435813,0.53280425,5983,0,0
CHEMBL26890,0.53280425,5984,0,0
CHEMBL9770,0.53280425,5985,0,0
CHEMBL6884,0.53280425,5986,0,0
CHEMBL34369,0.53280425,5987,0,0
CHEMBL3310264,0.53280425,5988,0,0
CHEMBL16903,0.53280425,5989,0,0
CHEMBL11161,0.53280425,5990,0,0
CHEMBL14628,0.53252697,5991,0,0
CHEMBL10530,0.5325027,5992,0,0
CHEMBL3309924,0.5325027,5993,0,0
CHEMBL38082,0.5325027,5994,0,0
CHEMBL38538,0.532432,5995,0,1
CHEMBL9203,0.5324056,5996,0,0
CHEMBL20514,0.5324056,5997,0,0
CHEMBL196395,0.5324056,5998,0,0
CHEMBL3309698,0.5324056,5999,0,0
CHEMBL4553589,0.5324056,6000,0,0
CHEMBL4434762,0.5324056,6001,0,0
CHEMBL12259,0.5324056,6002,0,0
CHEMBL29065,0.5324056,6003,0,0
CHEMBL24433,0.5324056,6004,0,0
CHEMBL37086,0.5320901,6005,0,0
CHEMBL3311426,0.5320901,6006,0,0
CHEMBL30972,0.5320901,6007,0,0
CHEMBL27759,0.5320901,6008,0,0
CHEMBL29845,0.5320901,6009,0,0
CHEMBL24947,0.5320901,6010,0,0
CHEMBL16188,0.5320901,6011,0,0
CHEMBL15286,0.5320901,6012,0,0
CHEMBL23597,0.5320901,6013,0,0
CHEMBL12890,0.5320901,6014,0,0
CHEMBL35999,0.5320901,6015,0,0
CHEMBL27401,0.5320901,6016,0,0
CHEMBL35939,0.5320901,6017,0,0
CHEMBL1085285,0.5320901,6018,0,0
CHEMBL35775,0.5320901,6019,0,0
CHEMBL24542,0.5320901,6020,0,0
CHEMBL34889,0.5320901,6021,0,0
CHEMBL27883,0.5320901,6022,0,0
CHEMBL31895,0.5320901,6023,0,0
CHEMBL19728,0.5320901,6024,0,0
CHEMBL3310123,0.5320901,6025,0,0
CHEMBL37827,0.5320901,6026,0,0
CHEMBL39577,0.5320901,6027,0,1
CHEMBL39818,0.5320901,6028,0,0
CHEMBL9898,0.5320901,6029,0,0
CHEMBL10372,0.5320901,6030,0,0
CHEMBL38050,0.5320901,6031,0,0
CHEMBL26681,0.5320901,6032,0,0
CHEMBL38085,0.5320901,6033,0,0
CHEMBL15736,0.5320901,6034,0,0
CHEMBL17533,0.5320901,6035,0,0
CHEMBL21846,0.5320901,6036,0,0
CHEMBL27907,0.5320901,6037,0,0
CHEMBL40429,0.5320901,6038,0,0
CHEMBL17914,0.5320901,6039,0,0
CHEMBL4436100,0.5320901,6040,0,0
CHEMBL13488,0.5320901,6041,0,0
CHEMBL33939,0.5320901,6042,0,0
CHEMBL23382,0.5320901,6043,0,0
CHEMBL33772,0.5320901,6044,0,0
CHEMBL29326,0.5320901,6045,0,0
CHEMBL7075,0.5320901,6046,0,0
CHEMBL34939,0.5320901,6047,0,0
CHEMBL27835,0.5320901,6048,0,0
CHEMBL6715,0.5320901,6049,0,0
CHEMBL20168,0.5320901,6050,0,0
CHEMBL28402,0.5320901,6051,0,0
CHEMBL17232,0.5320901,6052,0,0
CHEMBL4435644,0.5320901,6053,0,0
CHEMBL10564,0.5320901,6054,0,0
CHEMBL18375,0.5320901,6055,0,0
CHEMBL4436185,0.5320901,6056,0,0
CHEMBL10216,0.5320901,6057,0,0
CHEMBL24921,0.5320901,6058,0,0
CHEMBL7427,0.5320901,6059,0,0
CHEMBL19202,0.5320901,6060,0,0
CHEMBL26686,0.5320356,6061,0,0
CHEMBL4543448,0.53200084,6062,0,0
CHEMBL28284,0.53200084,6063,0,0
CHEMBL6499,0.53194714,6064,0,0
CHEMBL16598,0.53194547,6065,0,0
CHEMBL10159,0.53181815,6066,0,0
CHEMBL4436295,0.5317947,6067,0,0
CHEMBL10739,0.53167063,6068,0,0
CHEMBL22117,0.5316482,6069,0,0
CHEMBL40266,0.53164184,6070,0,0
CHEMBL4435167,0.53153527,6071,0,0
CHEMBL22561,0.5313786,6072,0,0
CHEMBL25564,0.5313786,6073,0,0
CHEMBL37050,0.5313786,6074,0,0
CHEMBL263329,0.5313786,6075,0,0
CHEMBL4435380,0.5313786,6076,0,0
CHEMBL34173,0.5313786,6077,0,0
CHEMBL35749,0.5313786,6078,0,0
CHEMBL4436210,0.5313786,6079,0,0
CHEMBL25335,0.5313786,6080,0,0
CHEMBL12026,0.53133994,6081,0,0
CHEMBL20966,0.5309987,6082,0,0
CHEMBL28928,0.5309987,6083,0,0
CHEMBL17156,0.5309987,6084,0,0
CHEMBL4116152,0.5309987,6085,0,0
CHEMBL19798,0.5309987,6086,0,0
CHEMBL34236,0.5309987,6087,0,0
CHEMBL13705,0.5309987,6088,0,0
CHEMBL11578,0.5309987,6089,0,0
CHEMBL3310766,0.5309987,6090,0,0
CHEMBL4434773,0.5309987,6091,0,0
CHEMBL24161,0.53097993,6092,0,0
CHEMBL22294,0.5307207,6093,0,0
CHEMBL18676,0.5307207,6094,0,0
CHEMBL28471,0.53068626,6095,0,0
CHEMBL4435891,0.53067255,6096,0,0
CHEMBL4116106,0.530485,6097,0,0
CHEMBL39636,0.5304331,6098,0,0
CHEMBL19865,0.5304331,6099,0,0
CHEMBL25949,0.5304331,6100,0,0
CHEMBL6272,0.5304331,6101,0,0
CHEMBL17342,0.5304331,6102,0,0
CHEMBL40143,0.5304331,6103,0,0
CHEMBL26030,0.5304331,6104,0,0
CHEMBL20426,0.5304331,6105,0,0
CHEMBL27850,0.5304331,6106,0,0
CHEMBL40343,0.5304331,6107,0,0
CHEMBL31441,0.5304331,6108,0,0
CHEMBL25509,0.5304331,6109,0,0
CHEMBL35742,0.5304331,6110,0,0
CHEMBL21151,0.5304331,6111,0,0
CHEMBL24428,0.5304331,6112,0,0
CHEMBL7419,0.5304331,6113,0,0
CHEMBL30879,0.5304331,6114,0,0
CHEMBL11879,0.5304331,6115,0,0
CHEMBL36434,0.5304331,6116,0,0
CHEMBL12663,0.5304331,6117,0,0
CHEMBL10409,0.5304331,6118,0,0
CHEMBL8208,0.5304331,6119,0,0
CHEMBL4543192,0.5304331,6120,0,0
CHEMBL17818,0.5304331,6121,0,0
CHEMBL35586,0.53034174,6122,0,0
CHEMBL19027,0.53034174,6123,0,0
CHEMBL593625,0.5302634,6124,0,0
CHEMBL17350,0.5302634,6125,0,0
CHEMBL33014,0.5302634,6126,0,0
CHEMBL32094,0.5302634,6127,0,0
CHEMBL22763,0.5302634,6128,0,0
CHEMBL4436005,0.5302634,6129,0,0
CHEMBL34138,0.53025264,6130,0,0
CHEMBL42871,0.53018063,6131,0,0
CHEMBL27330,0.53016114,6132,0,0
CHEMBL3310362,0.53016114,6133,0,0
CHEMBL3310769,0.53016114,6134,0,0
CHEMBL14310,0.53016114,6135,0,0
CHEMBL35877,0.53016114,6136,0,0
CHEMBL38299,0.53016114,6137,0,0
CHEMBL26642,0.53016114,6138,0,0
CHEMBL41398,0.53016114,6139,0,0
CHEMBL26821,0.53016114,6140,0,0
CHEMBL31237,0.5301519,6141,0,0
CHEMBL28418,0.5301519,6142,0,0
CHEMBL4553705,0.5301519,6143,0,0
CHEMBL21061,0.5301519,6144,0,0
CHEMBL4543278,0.5301519,6145,0,0
CHEMBL4435975,0.5300808,6146,0,0
CHEMBL1163505,0.5300808,6147,0,0
CHEMBL4435561,0.5300808,6148,0,0
CHEMBL23312,0.5300808,6149,0,0
CHEMBL34100,0.53004885,6150,0,0
CHEMBL38378,0.53004885,6151,0,0
CHEMBL7525,0.53004885,6152,0,0
CHEMBL32517,0.53004885,6153,0,0
CHEMBL4436420,0.53004885,6154,0,0
CHEMBL20065,0.53004885,6155,0,0
CHEMBL16612,0.53004885,6156,0,0
CHEMBL29660,0.53004885,6157,0,0
CHEMBL16783,0.53004885,6158,0,0
CHEMBL4435453,0.53004885,6159,0,0
CHEMBL32134,0.53004885,6160,0,0
CHEMBL18688,0.53004885,6161,0,0
CHEMBL38870,0.53004885,6162,0,0
CHEMBL38970,0.53004885,6163,0,0
CHEMBL7934,0.53004885,6164,0,0
CHEMBL6214,0.53004885,6165,0,0
CHEMBL23743,0.53004885,6166,0,0
CHEMBL34645,0.53004885,6167,0,0
CHEMBL41021,0.53004885,6168,0,0
CHEMBL36549,0.53004885,6169,0,0
CHEMBL37059,0.53004885,6170,0,0
CHEMBL6694,0.53004885,6171,0,0
CHEMBL22905,0.53004885,6172,0,0
CHEMBL18426,0.53004885,6173,0,0
CHEMBL4435977,0.53004885,6174,0,0
CHEMBL36481,0.53004885,6175,0,0
CHEMBL444233,0.5300312,6176,0,0
CHEMBL21274,0.5297886,6177,0,0
CHEMBL16856,0.52975756,6178,0,0
CHEMBL31576,0.5297295,6179,0,0
CHEMBL4436526,0.5296846,6180,0,0
CHEMBL26901,0.529544,6181,0,0
CHEMBL25063,0.5290432,6182,0,0
CHEMBL4435400,0.5290432,6183,0,0
CHEMBL21401,0.5290432,6184,0,0
CHEMBL21643,0.5290424,6185,0,0
CHEMBL10710,0.52848417,6186,0,0
CHEMBL19681,0.5284126,6187,0,0
CHEMBL30651,0.5284126,6188,0,0
CHEMBL14316,0.5284126,6189,0,0
CHEMBL12564,0.5284126,6190,0,0
CHEMBL291033,0.5284126,6191,0,0
CHEMBL4436086,0.5284126,6192,0,0
CHEMBL36223,0.5284126,6193,0,0
CHEMBL22278,0.5284126,6194,0,0
CHEMBL32750,0.5284126,6195,0,0
CHEMBL3311450,0.5284126,6196,0,0
CHEMBL34072,0.5284126,6197,0,0
CHEMBL14304,0.5284126,6198,0,0
CHEMBL11857,0.52824724,6199,0,0
CHEMBL27763,0.52824724,6200,0,0
CHEMBL11592,0.52824724,6201,0,0
CHEMBL42845,0.52824724,6202,0,0
CHEMBL35876,0.52824724,6203,0,0
CHEMBL37126,0.52824724,6204,0,0
CHEMBL38008,0.52824724,6205,0,0
CHEMBL19808,0.52824724,6206,0,0
CHEMBL17455,0.52824724,6207,0,0
CHEMBL19524,0.52824724,6208,0,0
CHEMBL16242,0.52824724,6209,0,0
CHEMBL7356,0.52824724,6210,0,0
CHEMBL39526,0.52824724,6211,0,0
CHEMBL23607,0.52824724,6212,0,0
CHEMBL3310344,0.5281986,6213,0,0
CHEMBL33761,0.5281986,6214,0,0
CHEMBL4435949,0.5281986,6215,0,0
CHEMBL15855,0.5281986,6216,0,0
CHEMBL19135,0.5281382,6217,0,0
CHEMBL7428,0.528065,6218,0,0
CHEMBL28180,0.528065,6219,0,0
CHEMBL18954,0.52804255,6220,0,0
CHEMBL22760,0.52803534,6221,0,0
CHEMBL14562,0.5278114,6222,0,0
CHEMBL39344,0.5275108,6223,0,0
CHEMBL39218,0.5275108,6224,0,0
CHEMBL37154,0.5272691,6225,0,0
CHEMBL23713,0.52723014,6226,0,0
CHEMBL9651,0.52692086,6227,0,0
CHEMBL3309599,0.5268604,6228,0,0
CHEMBL24960,0.52673846,6229,0,0
CHEMBL8978,0.5260437,6230,0,0
CHEMBL8002,0.52593404,6231,0,0
CHEMBL13794,0.52593404,6232,0,0
CHEMBL10557,0.52593404,6233,0,0
CHEMBL13754,0.52587515,6234,0,0
CHEMBL16202,0.52558345,6235,0,0
CHEMBL6363,0.52558005,6236,0,0
CHEMBL16059,0.52558005,6237,0,0
CHEMBL541947,0.52558005,6238,0,0
CHEMBL35453,0.52558005,6239,0,0
CHEMBL27338,0.52558005,6240,0,0
CHEMBL6240,0.52558005,6241,0,0
CHEMBL3310495,0.52558005,6242,0,0
CHEMBL12707,0.52558005,6243,0,0
CHEMBL27053,0.52558005,6244,0,0
CHEMBL8804,0.52558005,6245,0,0
CHEMBL4436004,0.52558005,6246,0,0
CHEMBL28102,0.52558005,6247,0,0
CHEMBL18829,0.52558005,6248,0,0
CHEMBL35884,0.52558005,6249,0,0
CHEMBL3311266,0.52558005,6250,0,0
CHEMBL34724,0.52558005,6251,0,0
CHEMBL32063,0.5251925,6252,0,0
CHEMBL34127,0.5251925,6253,0,0
CHEMBL39726,0.5251629,6254,0,0
CHEMBL21140,0.5251211,6255,0,0
CHEMBL34521,0.5250842,6256,0,0
CHEMBL20047,0.52491677,6257,0,0
CHEMBL12617,0.52491677,6258,0,0
CHEMBL41428,0.52491677,6259,0,0
CHEMBL27446,0.5249033,6260,0,0
CHEMBL39835,0.5248617,6261,0,0
CHEMBL3311038,0.5246078,6262,0,0
CHEMBL4434893,0.52458465,6263,0,0
CHEMBL1163372,0.5243481,6264,0,0
CHEMBL18376,0.5243481,6265,0,0
CHEMBL19609,0.52434653,6266,0,0
CHEMBL40355,0.52434653,6267,0,0
CHEMBL21557,0.52423996,6268,0,0
CHEMBL21490,0.5241756,6269,0,0
CHEMBL28534,0.52404344,6270,0,0
CHEMBL36681,0.52404344,6271,0,0
CHEMBL25367,0.52404344,6272,0,0
CHEMBL10202,0.52370715,6273,0,0
CHEMBL28365,0.5236781,6274,0,0
CHEMBL27340,0.52365965,6275,0,0
CHEMBL33422,0.52365965,6276,0,0
CHEMBL1089317,0.52365965,6277,0,0
CHEMBL25713,0.52341676,6278,0,0
CHEMBL3310364,0.52337885,6279,0,0
CHEMBL4435446,0.52337885,6280,0,0
CHEMBL29972,0.52336663,6281,0,0
CHEMBL9195,0.52336663,6282,0,0
CHEMBL22927,0.5233354,6283,0,0
CHEMBL39480,0.52316797,6284,0,0
CHEMBL27549,0.52316797,6285,0,0
CHEMBL35345,0.52316797,6286,0,0
CHEMBL7462,0.52316797,6287,0,0
CHEMBL10185,0.52316797,6288,0,0
CHEMBL28255,0.52316797,6289,0,0
CHEMBL34792,0.52316797,6290,0,0
CHEMBL4435870,0.52316797,6291,0,0
CHEMBL4435379,0.52316797,6292,0,0
CHEMBL40533,0.52316797,6293,0,0
CHEMBL19012,0.52316797,6294,0,0
CHEMBL32132,0.52316797,6295,0,0
CHEMBL40031,0.52316797,6296,0,0
CHEMBL25260,0.52316797,6297,0,0
CHEMBL27254,0.52316797,6298,0,0
CHEMBL6275,0.52316797,6299,0,0
CHEMBL25366,0.52316797,6300,0,0
CHEMBL13149,0.52316797,6301,0,0
CHEMBL4116117,0.52316797,6302,0,0
CHEMBL31023,0.52316797,6303,0,0
CHEMBL30885,0.52316797,6304,0,0
CHEMBL3309800,0.52316797,6305,0,0
CHEMBL24955,0.52316797,6306,0,0
CHEMBL10998,0.52316797,6307,0,0
CHEMBL23363,0.52316797,6308,0,0
CHEMBL24913,0.52316797,6309,0,0
CHEMBL25209,0.52316797,6310,0,0
CHEMBL4434966,0.52316797,6311,0,0
CHEMBL19615,0.522983,6312,0,0
CHEMBL265732,0.522983,6313,0,0
CHEMBL37439,0.522983,6314,0,0
CHEMBL16623,0.52252775,6315,0,0
CHEMBL3309864,0.5224108,6316,0,0
CHEMBL27083,0.5223897,6317,0,0
CHEMBL38708,0.5223897,6318,0,0
CHEMBL8648,0.5219246,6319,0,0
CHEMBL22761,0.5219246,6320,0,0
CHEMBL541695,0.5219246,6321,0,0
CHEMBL16959,0.5219246,6322,0,0
CHEMBL11034,0.5219246,6323,0,0
CHEMBL22477,0.52191335,6324,0,0
CHEMBL4436080,0.52191335,6325,0,0
CHEMBL4116000,0.52191335,6326,0,0
CHEMBL19644,0.52191335,6327,0,0
CHEMBL22781,0.52191335,6328,0,0
CHEMBL36323,0.52191335,6329,0,0
CHEMBL22226,0.52191335,6330,0,0
CHEMBL16406,0.52191335,6331,0,0
CHEMBL38503,0.52191335,6332,0,0
CHEMBL3310215,0.52191335,6333,0,0
CHEMBL6371,0.52191335,6334,0,0
CHEMBL41311,0.5218661,6335,0,0
CHEMBL4435436,0.52173257,6336,0,0
CHEMBL25736,0.5217285,6337,0,0
CHEMBL37162,0.5214881,6338,0,0
CHEMBL16046,0.5211615,6339,0,0
CHEMBL19558,0.5211615,6340,0,0
CHEMBL11917,0.5211615,6341,0,0
CHEMBL20265,0.5211615,6342,0,0
CHEMBL32986,0.52108824,6343,0,0
CHEMBL11401,0.520977,6344,0,0
CHEMBL32649,0.5208784,6345,0,0
CHEMBL20749,0.5208784,6346,0,0
CHEMBL18979,0.5208784,6347,0,0
CHEMBL7327,0.52074665,6348,0,0
CHEMBL23603,0.52074665,6349,0,0
CHEMBL38288,0.52074665,6350,0,0
CHEMBL9783,0.52074665,6351,0,0
CHEMBL32025,0.52074665,6352,0,0
CHEMBL7283,0.52074665,6353,0,0
CHEMBL22016,0.52074665,6354,0,0
CHEMBL24361,0.52074665,6355,0,0
CHEMBL15144,0.52074665,6356,0,0
CHEMBL17413,0.5204102,6357,0,0
CHEMBL14816,0.5203418,6358,0,0
CHEMBL30837,0.5202821,6359,0,0
CHEMBL7656,0.51998395,6360,0,0
CHEMBL3310292,0.51989454,6361,0,0
CHEMBL3310121,0.519883,6362,0,0
CHEMBL17715,0.519883,6363,0,0
CHEMBL39300,0.519883,6364,0,0
CHEMBL21724,0.519883,6365,0,0
CHEMBL4116093,0.5197474,6366,0,0
CHEMBL20428,0.5196819,6367,0,0
CHEMBL21031,0.5196819,6368,0,0
CHEMBL1229162,0.51951605,6369,0,0
CHEMBL9888,0.51951605,6370,0,0
CHEMBL1171068,0.51951605,6371,0,0
CHEMBL12510,0.51951605,6372,0,0
CHEMBL4435669,0.51951605,6373,0,0
CHEMBL17943,0.51951605,6374,0,0
CHEMBL8412,0.51951605,6375,0,0
CHEMBL3311400,0.519425,6376,0,0
CHEMBL6836,0.519425,6377,0,0
CHEMBL41917,0.519425,6378,0,0
CHEMBL12109,0.51871717,6379,0,0
CHEMBL26877,0.51871717,6380,0,0
CHEMBL21764,0.51871717,6381,0,0
CHEMBL32320,0.51871717,6382,0,0
CHEMBL22870,0.51871717,6383,0,0
CHEMBL6342,0.51840025,6384,0,0
CHEMBL32920,0.518311,6385,0,0
CHEMBL27469,0.518311,6386,0,0
CHEMBL35967,0.518311,6387,0,0
CHEMBL26077,0.518311,6388,0,0
CHEMBL28397,0.518311,6389,0,0
CHEMBL32037,0.518311,6390,0,0
CHEMBL14809,0.518311,6391,0,0
CHEMBL35934,0.518311,6392,0,0
CHEMBL19970,0.518311,6393,0,0
CHEMBL38960,0.518311,6394,0,0
CHEMBL17780,0.518311,6395,0,0
CHEMBL30633,0.518311,6396,0,0
CHEMBL41509,0.518311,6397,0,0
CHEMBL41671,0.518311,6398,0,0
CHEMBL34836,0.518311,6399,0,0
CHEMBL32746,0.518311,6400,0,0
CHEMBL4436280,0.518311,6401,0,0
CHEMBL32714,0.518311,6402,0,0
CHEMBL33773,0.518311,6403,0,0
CHEMBL260909,0.518311,6404,0,0
CHEMBL42760,0.518311,6405,0,0
CHEMBL34581,0.518311,6406,0,0
CHEMBL30787,0.518311,6407,0,0
CHEMBL4436152,0.518311,6408,0,0
CHEMBL24350,0.518311,6409,0,0
CHEMBL33606,0.518311,6410,0,0
CHEMBL20165,0.518311,6411,0,0
CHEMBL4543401,0.518311,6412,0,0
CHEMBL34893,0.518311,6413,0,0
CHEMBL43768,0.518311,6414,0,0
CHEMBL11553,0.518311,6415,0,0
CHEMBL35516,0.518311,6416,0,0
CHEMBL20271,0.518311,6417,0,0
CHEMBL29539,0.518311,6418,0,0
CHEMBL15318,0.518311,6419,0,0
CHEMBL9710,0.518311,6420,0,0
CHEMBL28263,0.518311,6421,0,0
CHEMBL570855,0.518311,6422,0,0
CHEMBL20279,0.518311,6423,0,0
CHEMBL4543472,0.518311,6424,0,0
CHEMBL38275,0.518311,6425,0,0
CHEMBL40538,0.518311,6426,0,0
CHEMBL39665,0.518311,6427,0,0
CHEMBL6990,0.518311,6428,0,0
CHEMBL15163,0.518311,6429,0,0
CHEMBL29131,0.518311,6430,0,0
CHEMBL7053,0.518311,6431,0,0
CHEMBL6998,0.518311,6432,0,0
CHEMBL33682,0.518311,6433,0,0
CHEMBL35636,0.518311,6434,0,0
CHEMBL3310860,0.518311,6435,0,0
CHEMBL15172,0.518311,6436,0,0
CHEMBL36771,0.518311,6437,0,0
CHEMBL3309583,0.518311,6438,0,0
CHEMBL32106,0.518311,6439,0,0
CHEMBL28199,0.518311,6440,0,0
CHEMBL29304,0.518311,6441,0,0
CHEMBL9423,0.518311,6442,0,0
CHEMBL24899,0.518311,6443,0,0
CHEMBL7463,0.518311,6444,0,0
CHEMBL9945,0.518311,6445,0,0
CHEMBL22295,0.518311,6446,0,0
CHEMBL18846,0.518311,6447,0,0
CHEMBL23681,0.518311,6448,0,0
CHEMBL6498,0.518311,6449,0,0
CHEMBL31574,0.518311,6450,0,0
CHEMBL494682,0.518311,6451,0,0
CHEMBL37099,0.518311,6452,0,0
CHEMBL15046,0.518311,6453,0,0
CHEMBL35067,0.518311,6454,0,0
CHEMBL32153,0.518311,6455,0,0
CHEMBL31426,0.518311,6456,0,0
CHEMBL20441,0.518311,6457,0,0
CHEMBL38056,0.518311,6458,0,0
CHEMBL38067,0.518311,6459,0,0
CHEMBL4435978,0.518311,6460,0,0
CHEMBL11221,0.518311,6461,0,0
CHEMBL37236,0.518311,6462,0,0
CHEMBL37226,0.518311,6463,0,0
CHEMBL28626,0.518311,6464,0,0
CHEMBL28611,0.518311,6465,0,0
CHEMBL22612,0.518311,6466,0,0
CHEMBL37227,0.518311,6467,0,0
CHEMBL22518,0.51829547,6468,0,0
CHEMBL9831,0.5181508,6469,0,0
CHEMBL28438,0.51802045,6470,0,0
CHEMBL13303,0.51785517,6471,0,0
CHEMBL9049,0.51772624,6472,0,0
CHEMBL18301,0.5176515,6473,0,0
CHEMBL26641,0.51759905,6474,0,0
CHEMBL19794,0.51759905,6475,0,0
CHEMBL19933,0.51758367,6476,0,0
CHEMBL25966,0.51758367,6477,0,0
CHEMBL17048,0.51758367,6478,0,0
CHEMBL36565,0.51758367,6479,0,0
CHEMBL18550,0.51752967,6480,0,0
CHEMBL16172,0.51752967,6481,0,0
CHEMBL24518,0.5175229,6482,0,0
CHEMBL32415,0.5175229,6483,0,0
CHEMBL27023,0.5175229,6484,0,0
CHEMBL21207,0.51751167,6485,0,0
CHEMBL3309863,0.51751167,6486,0,0
CHEMBL4436112,0.5170524,6487,0,0
CHEMBL8316,0.5170524,6488,0,0
CHEMBL19007,0.5170524,6489,0,0
CHEMBL21313,0.5170524,6490,0,0
CHEMBL19589,0.5170524,6491,0,0
CHEMBL36630,0.5170524,6492,0,0
CHEMBL12884,0.5170524,6493,0,0
CHEMBL23594,0.5170524,6494,0,0
CHEMBL32258,0.5170524,6495,0,0
CHEMBL14934,0.5170524,6496,0,0
CHEMBL7553,0.5170524,6497,0,0
CHEMBL1095336,0.5170524,6498,0,0
CHEMBL4434901,0.5170524,6499,0,0
CHEMBL9601,0.5170524,6500,0,0
CHEMBL23652,0.5170524,6501,0,0
CHEMBL37947,0.5170524,6502,0,0
CHEMBL4436347,0.5170408,6503,0,0
CHEMBL31788,0.5170408,6504,0,0
CHEMBL29590,0.51693046,6505,0,0
CHEMBL3310316,0.51672816,6506,0,0
CHEMBL41437,0.5166285,6507,0,0
CHEMBL4435041,0.5166285,6508,0,0
CHEMBL26357,0.5164646,6509,0,0
CHEMBL42683,0.5164646,6510,0,0
CHEMBL9129,0.5164646,6511,0,0
CHEMBL39940,0.5164646,6512,0,0
CHEMBL21175,0.5164646,6513,0,0
CHEMBL16123,0.51643026,6514,0,0
CHEMBL4436260,0.51641023,6515,0,0
CHEMBL19188,0.5160839,6516,0,0
CHEMBL31462,0.5160839,6517,0,0
CHEMBL11127,0.51596904,6518,0,0
CHEMBL4115992,0.51596904,6519,0,0
CHEMBL4543258,0.51596904,6520,0,0
CHEMBL15027,0.51596904,6521,0,0
CHEMBL21568,0.51596904,6522,0,0
CHEMBL37212,0.51596904,6523,0,0
CHEMBL31795,0.51596904,6524,0,0
CHEMBL21953,0.51596904,6525,0,0
CHEMBL3309798,0.51571953,6526,0,0
CHEMBL8676,0.51571953,6527,0,0
CHEMBL10792,0.5152731,6528,0,0
CHEMBL25764,0.5152314,6529,0,0
CHEMBL35722,0.5152314,6530,0,0
CHEMBL10291,0.51507676,6531,0,0
CHEMBL13569,0.51483196,6532,0,0
CHEMBL15237,0.514786,6533,0,0
CHEMBL14383,0.5147391,6534,0,0
CHEMBL28404,0.5147391,6535,0,0
CHEMBL13322,0.5142667,6536,0,0
CHEMBL4560012,0.5138578,6537,0,0
CHEMBL4435006,0.5138578,6538,0,0
CHEMBL31107,0.5138578,6539,0,0
CHEMBL35376,0.5138578,6540,0,0
CHEMBL34271,0.5137931,6541,0,0
CHEMBL35813,0.5134776,6542,0,0
CHEMBL35225,0.51346797,6543,0,0
CHEMBL32469,0.51346797,6544,0,0
CHEMBL29642,0.51346797,6545,0,0
CHEMBL12755,0.51325035,6546,0,0
CHEMBL19954,0.5131715,6547,0,0
CHEMBL16690,0.5131715,6548,0,0
CHEMBL12803,0.5131715,6549,0,0
CHEMBL4436067,0.51272213,6550,0,0
CHEMBL6403,0.51272213,6551,0,0
CHEMBL38639,0.51272213,6552,0,0
CHEMBL9931,0.5124575,6553,0,0
CHEMBL29995,0.51235193,6554,0,0
CHEMBL33322,0.51234037,6555,0,0
CHEMBL43651,0.51212484,6556,0,0
CHEMBL12488,0.51207286,6557,0,0
CHEMBL43828,0.51201636,6558,0,0
CHEMBL32036,0.51201636,6559,0,0
CHEMBL4115945,0.51201636,6560,0,0
CHEMBL41322,0.51201636,6561,0,0
CHEMBL14848,0.51201636,6562,0,0
CHEMBL20662,0.51177907,6563,0,0
CHEMBL783,0.51177907,6564,0,0
CHEMBL26452,0.51177907,6565,0,0
CHEMBL27945,0.51170415,6566,0,0
CHEMBL35035,0.51170415,6567,0,0
CHEMBL589473,0.51170415,6568,0,0
CHEMBL20055,0.51170415,6569,0,0
CHEMBL39266,0.51170415,6570,0,0
CHEMBL11850,0.51170415,6571,0,0
CHEMBL30341,0.51170415,6572,0,0
CHEMBL23181,0.5113481,6573,0,0
CHEMBL17327,0.5113481,6574,0,0
CHEMBL29674,0.51127106,6575,0,0
CHEMBL35095,0.51127106,6576,0,0
CHEMBL37418,0.51127106,6577,0,0
CHEMBL35719,0.51127106,6578,0,0
CHEMBL36036,0.51117283,6579,0,0
CHEMBL29633,0.51117283,6580,0,0
CHEMBL26631,0.51117283,6581,0,0
CHEMBL37232,0.51117283,6582,0,0
CHEMBL11068,0.51116794,6583,0,0
CHEMBL27908,0.51085997,6584,0,0
CHEMBL29746,0.51085997,6585,0,0
CHEMBL22135,0.51082194,6586,0,0
CHEMBL4435524,0.51082194,6587,0,0
CHEMBL32950,0.51082194,6588,0,0
CHEMBL12429,0.51082194,6589,0,0
CHEMBL20795,0.51082194,6590,0,0
CHEMBL10570,0.51079184,6591,0,0
CHEMBL9846,0.5107496,6592,0,0
CHEMBL9189,0.5107496,6593,0,0
CHEMBL20792,0.5107496,6594,0,0
CHEMBL37507,0.5107496,6595,0,0
CHEMBL26142,0.5107496,6596,0,0
CHEMBL42378,0.5107496,6597,0,0
CHEMBL35988,0.5107496,6598,0,0
CHEMBL6933,0.5107481,6599,0,0
CHEMBL23960,0.5107481,6600,0,0
CHEMBL24188,0.51067144,6601,0,0
CHEMBL18283,0.51067144,6602,0,0
CHEMBL41569,0.5106164,6603,0,0
CHEMBL15452,0.5106164,6604,0,0
CHEMBL36106,0.5106164,6605,0,0
CHEMBL39840,0.5106164,6606,0,0
CHEMBL32722,0.5106164,6607,0,0
CHEMBL30729,0.5106164,6608,0,0
CHEMBL17720,0.5106164,6609,0,0
CHEMBL16499,0.5106164,6610,0,0
CHEMBL12247,0.5106164,6611,0,0
CHEMBL7604,0.5106164,6612,0,0
CHEMBL21318,0.5106164,6613,0,0
CHEMBL23290,0.5106164,6614,0,0
CHEMBL16398,0.5106164,6615,0,0
CHEMBL16974,0.5106164,6616,0,0
CHEMBL19276,0.5106164,6617,0,0
CHEMBL21231,0.5106164,6618,0,0
CHEMBL11155,0.50998855,6619,0,0
CHEMBL10003,0.509759,6620,0,0
CHEMBL9910,0.50956416,6621,0,0
CHEMBL16445,0.5095598,6622,0,0
CHEMBL3310797,0.5095598,6623,0,0
CHEMBL501101,0.50954145,6624,0,0
CHEMBL7366,0.50952744,6625,0,0
CHEMBL25323,0.50952744,6626,0,0
CHEMBL10758,0.5095125,6627,0,0
CHEMBL37869,0.50951153,6628,0,0
CHEMBL29837,0.5093244,6629,0,0
CHEMBL32802,0.509015,6630,0,0
CHEMBL38197,0.509015,6631,0,0
CHEMBL34343,0.5088808,6632,0,0
CHEMBL17009,0.5088808,6633,0,0
CHEMBL10704,0.5088808,6634,0,0
CHEMBL39817,0.5088808,6635,0,0
CHEMBL17297,0.5088808,6636,0,0
CHEMBL10736,0.5088808,6637,0,0
CHEMBL18510,0.5088808,6638,0,0
CHEMBL7224,0.508729,6639,0,0
CHEMBL36292,0.508729,6640,0,0
CHEMBL36522,0.508729,6641,0,0
CHEMBL37828,0.5086142,6642,0,0
CHEMBL36047,0.5086142,6643,0,0
CHEMBL8067,0.5085296,6644,0,0
CHEMBL35075,0.5082886,6645,0,0
CHEMBL20519,0.50826967,6646,0,0
CHEMBL30153,0.50809056,6647,0,0
CHEMBL14509,0.50809056,6648,0,0
CHEMBL38017,0.50809056,6649,0,0
CHEMBL3310059,0.50809056,6650,0,0
CHEMBL41658,0.50809056,6651,0,0
CHEMBL8561,0.50809056,6652,0,0
CHEMBL35232,0.507963,6653,0,0
CHEMBL43021,0.507963,6654,0,0
CHEMBL28535,0.507963,6655,0,0
CHEMBL6224,0.507963,6656,0,0
CHEMBL13764,0.507963,6657,0,0
CHEMBL14140,0.507963,6658,0,0
CHEMBL18171,0.507963,6659,0,0
CHEMBL8568,0.507963,6660,0,0
CHEMBL16581,0.5078168,6661,0,0
CHEMBL32060,0.5078062,6662,0,0
CHEMBL33933,0.5078062,6663,0,0
CHEMBL25281,0.5078062,6664,0,0
CHEMBL9951,0.5078062,6665,0,0
CHEMBL30537,0.50757176,6666,0,0
CHEMBL18382,0.5073126,6667,0,0
CHEMBL37727,0.50723904,6668,0,0
CHEMBL29867,0.50723904,6669,0,0
CHEMBL42614,0.5072241,6670,0,0
CHEMBL29286,0.50670403,6671,0,0
CHEMBL37762,0.5063576,6672,0,0
CHEMBL19711,0.5063576,6673,0,0
CHEMBL12741,0.5063354,6674,0,0
CHEMBL9987,0.5061483,6675,0,0
CHEMBL30918,0.50610733,6676,0,0
CHEMBL4435879,0.50610733,6677,0,0
CHEMBL9563,0.50610733,6678,0,0
CHEMBL30579,0.50610733,6679,0,0
CHEMBL17011,0.50610733,6680,0,0
CHEMBL28460,0.50610733,6681,0,0
CHEMBL27402,0.5059741,6682,0,0
CHEMBL12459,0.5059741,6683,0,0
CHEMBL33556,0.5059741,6684,0,0
CHEMBL18401,0.5059741,6685,0,0
CHEMBL15117,0.5059741,6686,0,0
CHEMBL34631,0.5059741,6687,0,0
CHEMBL38998,0.5059741,6688,0,0
CHEMBL37122,0.5059741,6689,0,0
CHEMBL14806,0.5059741,6690,0,0
CHEMBL18660,0.5059741,6691,0,0
CHEMBL21817,0.5059741,6692,0,0
CHEMBL23272,0.5059732,6693,0,0
CHEMBL39703,0.50578207,6694,0,0
CHEMBL39779,0.50578207,6695,0,0
CHEMBL35617,0.50551707,6696,0,0
CHEMBL31843,0.50551707,6697,0,0
CHEMBL10591,0.50551707,6698,0,0
CHEMBL7230,0.50550133,6699,0,0
CHEMBL28613,0.50550133,6700,0,0
CHEMBL18455,0.50550133,6701,0,0
CHEMBL7194,0.50550133,6702,0,0
CHEMBL37993,0.5053604,6703,0,0
CHEMBL3547916,0.5052357,6704,0,0
CHEMBL13596,0.5052357,6705,0,0
CHEMBL34325,0.5052357,6706,0,0
CHEMBL12820,0.5052357,6707,0,0
CHEMBL28912,0.5052357,6708,0,0
CHEMBL22208,0.5052357,6709,0,0
CHEMBL30297,0.5052357,6710,0,0
CHEMBL31355,0.5052195,6711,0,0
CHEMBL33024,0.5051083,6712,0,0
CHEMBL4543419,0.5051083,6713,0,0
CHEMBL22729,0.5051083,6714,0,0
CHEMBL7593,0.5051083,6715,0,0
CHEMBL30314,0.5051083,6716,0,0
CHEMBL4435374,0.5051083,6717,0,0
CHEMBL8078,0.5051025,6718,0,0
CHEMBL17819,0.5051025,6719,0,0
CHEMBL11538,0.5051025,6720,0,0
CHEMBL9343,0.5051025,6721,0,0
CHEMBL3309646,0.5050441,6722,0,0
CHEMBL25624,0.50453794,6723,0,0
CHEMBL30884,0.5042935,6724,0,0
CHEMBL41858,0.5042935,6725,0,0
CHEMBL1075659,0.5042935,6726,0,0
CHEMBL38419,0.5042935,6727,0,0
CHEMBL36842,0.5042935,6728,0,0
CHEMBL6684,0.50427854,6729,0,0
CHEMBL16993,0.50427854,6730,0,0
CHEMBL30598,0.50427854,6731,0,0
CHEMBL687,0.50427854,6732,0,0
CHEMBL33183,0.5041902,6733,0,0
CHEMBL38559,0.5041902,6734,0,0
CHEMBL14600,0.5041902,6735,0,0
CHEMBL19543,0.5041902,6736,0,0
CHEMBL15157,0.5041902,6737,0,0
CHEMBL1075687,0.5041902,6738,0,0
CHEMBL36022,0.5040913,6739,0,0
CHEMBL4553574,0.50405705,6740,0,0
CHEMBL19820,0.50405705,6741,0,0
CHEMBL14798,0.50405705,6742,0,0
CHEMBL18894,0.50405705,6743,0,0
CHEMBL38405,0.50404674,6744,0,0
CHEMBL33821,0.50404394,6745,0,0
CHEMBL33540,0.504006,6746,0,0
CHEMBL19004,0.504006,6747,0,0
CHEMBL33253,0.504006,6748,0,0
CHEMBL17238,0.504006,6749,0,0
CHEMBL36542,0.5032478,6750,0,0
CHEMBL30795,0.50323766,6751,0,0
CHEMBL19425,0.50321436,6752,0,0
CHEMBL32047,0.5031652,6753,0,0
CHEMBL6661,0.5031242,6754,0,0
CHEMBL8506,0.5030929,6755,0,0
CHEMBL23742,0.50295955,6756,0,0
CHEMBL12598,0.5027483,6757,0,0
CHEMBL10914,0.5026313,6758,0,0
CHEMBL34042,0.5026313,6759,0,0
CHEMBL12310,0.5026313,6760,0,0
CHEMBL538928,0.5026313,6761,0,0
CHEMBL4543471,0.5026313,6762,0,0
CHEMBL13015,0.5026313,6763,0,0
CHEMBL1214443,0.5023764,6764,0,0
CHEMBL4553637,0.50232995,6765,0,0
CHEMBL37256,0.5023062,6766,0,0
CHEMBL19695,0.5023062,6767,0,0
CHEMBL15354,0.502039,6768,0,0
CHEMBL31413,0.5018067,6769,0,0
CHEMBL3309887,0.50151324,6770,0,0
CHEMBL36884,0.50151324,6771,0,0
CHEMBL10135,0.50124687,6772,0,0
CHEMBL18964,0.50081235,6773,0,0
CHEMBL32400,0.50081235,6774,0,0
CHEMBL25534,0.50056833,6775,0,0
CHEMBL15574,0.50000817,6776,0,0
CHEMBL33157,0.49992228,6777,0,0
CHEMBL4543173,0.49978766,6778,0,0
CHEMBL10879,0.49978766,6779,0,0
CHEMBL17919,0.49978766,6780,0,0
CHEMBL43833,0.49978766,6781,0,0
CHEMBL502582,0.49978766,6782,0,0
CHEMBL9501,0.49952593,6783,0,0
CHEMBL21442,0.49951968,6784,0,0
CHEMBL31509,0.4994284,6785,0,0
CHEMBL8370,0.49916875,6786,0,0
CHEMBL7718,0.4990219,6787,0,0
CHEMBL4435475,0.49894068,6788,0,0
CHEMBL14359,0.49894068,6789,0,0
CHEMBL589753,0.4987424,6790,0,0
CHEMBL18920,0.4987424,6791,0,0
CHEMBL30462,0.4987195,6792,0,0
CHEMBL39384,0.4987195,6793,0,0
CHEMBL27708,0.4987195,6794,0,0
CHEMBL35907,0.4987195,6795,0,0
CHEMBL12567,0.4987195,6796,0,0
CHEMBL43741,0.4987195,6797,0,0
CHEMBL7065,0.4987195,6798,0,0
CHEMBL36782,0.4987195,6799,0,0
CHEMBL3311308,0.4987195,6800,0,0
CHEMBL20725,0.4987195,6801,0,0
CHEMBL34021,0.4987195,6802,0,0
CHEMBL18614,0.4987195,6803,0,0
CHEMBL14242,0.4987195,6804,0,0
CHEMBL32381,0.4987195,6805,0,0
CHEMBL8242,0.4986287,6806,0,0
CHEMBL7758,0.4986287,6807,0,0
CHEMBL1171794,0.4986287,6808,0,0
CHEMBL4436025,0.4986287,6809,0,0
CHEMBL41102,0.4986287,6810,0,0
CHEMBL19163,0.4986287,6811,0,0
CHEMBL4553670,0.4986287,6812,0,0
CHEMBL32495,0.49853036,6813,0,0
CHEMBL4559980,0.49845898,6814,0,0
CHEMBL12281,0.49845898,6815,0,0
CHEMBL37472,0.4984329,6816,0,0
CHEMBL37456,0.49835315,6817,0,0
CHEMBL38358,0.49835315,6818,0,0
CHEMBL41165,0.49835315,6819,0,0
CHEMBL43574,0.49835315,6820,0,0
CHEMBL26244,0.49835315,6821,0,0
CHEMBL7267,0.49835315,6822,0,0
CHEMBL41871,0.49835315,6823,0,0
CHEMBL10429,0.49835315,6824,0,0
CHEMBL3309862,0.49835315,6825,0,0
CHEMBL9206,0.49835315,6826,0,0
CHEMBL14463,0.49822107,6827,0,0
CHEMBL10690,0.49822107,6828,0,0
CHEMBL14317,0.49822107,6829,0,0
CHEMBL19337,0.49822107,6830,0,0
CHEMBL35003,0.49822107,6831,0,0
CHEMBL4435893,0.49822107,6832,0,0
CHEMBL29096,0.49807587,6833,0,0
CHEMBL30201,0.49807587,6834,0,0
CHEMBL41381,0.49807587,6835,0,0
CHEMBL20974,0.49807587,6836,0,0
CHEMBL13166,0.49807587,6837,0,0
CHEMBL19956,0.49807587,6838,0,0
CHEMBL12889,0.49807587,6839,0,0
CHEMBL36855,0.49776545,6840,0,0
CHEMBL38826,0.49775127,6841,0,0
CHEMBL40939,0.49754378,6842,0,0
CHEMBL20061,0.49704784,6843,0,0
CHEMBL38152,0.49694338,6844,0,0
CHEMBL34222,0.4968209,6845,0,0
CHEMBL20024,0.4965253,6846,0,0
CHEMBL32991,0.49642426,6847,0,0
CHEMBL3310304,0.49637744,6848,0,0
CHEMBL36871,0.4958118,6849,0,0
CHEMBL1202974,0.49575704,6850,0,0
CHEMBL4435111,0.49575704,6851,0,0
CHEMBL42842,0.49554637,6852,0,0
CHEMBL20455,0.49532816,6853,0,0
CHEMBL3310219,0.4949989,6854,0,0
CHEMBL13809,0.49496025,6855,0,0
CHEMBL4435590,0.49491253,6856,0,0
CHEMBL15613,0.49473506,6857,0,0
CHEMBL38102,0.494466,6858,0,0
CHEMBL27655,0.49406108,6859,0,0
CHEMBL12788,0.49406108,6860,0,0
CHEMBL3309694,0.49406108,6861,0,0
CHEMBL15285,0.49406108,6862,0,0
CHEMBL19024,0.49406108,6863,0,0
CHEMBL15993,0.49404946,6864,0,0
CHEMBL23177,0.49404946,6865,0,0
CHEMBL40043,0.49393478,6866,0,0
CHEMBL36436,0.49393478,6867,0,0
CHEMBL3310713,0.49368286,6868,0,0
CHEMBL7251,0.49352178,6869,0,0
CHEMBL13841,0.49352178,6870,0,0
CHEMBL573234,0.49319616,6871,0,0
CHEMBL22333,0.49319303,6872,0,0
CHEMBL26660,0.4930932,6873,0,0
CHEMBL32122,0.4930932,6874,0,0
CHEMBL538195,0.4930932,6875,0,0
CHEMBL24410,0.4930932,6876,0,0
CHEMBL37222,0.4930932,6877,0,0
CHEMBL26020,0.4930932,6878,0,0
CHEMBL4553149,0.49308786,6879,0,0
CHEMBL600456,0.49304128,6880,0,0
CHEMBL39011,0.49304128,6881,0,0
CHEMBL39985,0.49293336,6882,0,0
CHEMBL7189,0.49293336,6883,0,0
CHEMBL10876,0.49282217,6884,0,0
CHEMBL34243,0.49281436,6885,0,0
CHEMBL3310431,0.49269944,6886,0,0
CHEMBL30021,0.49269944,6887,0,0
CHEMBL36438,0.49233565,6888,0,0
CHEMBL17690,0.4922944,6889,0,0
CHEMBL11078,0.4922944,6890,0,0
CHEMBL29521,0.49213198,6891,0,0
CHEMBL30002,0.49213198,6892,0,0
CHEMBL23551,0.49213198,6893,0,0
CHEMBL9803,0.49213198,6894,0,0
CHEMBL32386,0.49213198,6895,0,0
CHEMBL28197,0.49193412,6896,0,0
CHEMBL22833,0.49172002,6897,0,0
CHEMBL8770,0.4916964,6898,0,0
CHEMBL33124,0.49168417,6899,0,0
CHEMBL28240,0.49168417,6900,0,0
CHEMBL8854,0.49168417,6901,0,0
CHEMBL3310384,0.4914528,6902,0,0
CHEMBL11948,0.49119496,6903,0,0
CHEMBL28907,0.4908078,6904,0,0
CHEMBL25477,0.49041528,6905,0,0
CHEMBL19090,0.49041528,6906,0,0
CHEMBL4435554,0.49041528,6907,0,0
CHEMBL22751,0.49036446,6908,0,0
CHEMBL20196,0.49036446,6909,0,0
CHEMBL37527,0.490266,6910,0,0
CHEMBL611935,0.48980185,6911,0,0
CHEMBL22807,0.48980185,6912,0,0
CHEMBL7461,0.48980185,6913,0,0
CHEMBL24288,0.48980185,6914,0,0
CHEMBL28133,0.4896482,6915,0,0
CHEMBL13897,0.48946536,6916,0,0
CHEMBL15126,0.4891053,6917,0,0
CHEMBL21511,0.48902172,6918,0,0
CHEMBL9986,0.48876002,6919,0,0
CHEMBL19582,0.48871732,6920,0,0
CHEMBL3309562,0.4884871,6921,0,0
CHEMBL4560009,0.48840204,6922,0,0
CHEMBL4435816,0.48840204,6923,0,0
CHEMBL37701,0.48840204,6924,0,0
CHEMBL39439,0.48840204,6925,0,0
CHEMBL30270,0.48840204,6926,0,0
CHEMBL12910,0.48840204,6927,0,0
CHEMBL42376,0.48791862,6928,0,0
CHEMBL31775,0.48789346,6929,0,0
CHEMBL9367,0.48789346,6930,0,0
CHEMBL3310706,0.4878888,6931,0,0
CHEMBL39806,0.48771533,6932,0,0
CHEMBL4543359,0.48760906,6933,0,0
CHEMBL18398,0.48760906,6934,0,0
CHEMBL18438,0.48760906,6935,0,0
CHEMBL10386,0.48760906,6936,0,0
CHEMBL11048,0.48760906,6937,0,0
CHEMBL1214894,0.48760906,6938,0,0
CHEMBL1214724,0.48760906,6939,0,0
CHEMBL8149,0.48760906,6940,0,0
CHEMBL27654,0.48760906,6941,0,0
CHEMBL8549,0.48760906,6942,0,0
CHEMBL19106,0.48760906,6943,0,0
CHEMBL23828,0.48760906,6944,0,0
CHEMBL30772,0.48760906,6945,0,0
CHEMBL3311350,0.48760906,6946,0,0
CHEMBL21864,0.48760906,6947,0,0
CHEMBL16477,0.48760906,6948,0,0
CHEMBL18728,0.48760906,6949,0,0
CHEMBL36596,0.48760906,6950,0,0
CHEMBL27032,0.48760906,6951,0,0
CHEMBL23021,0.48760906,6952,0,0
CHEMBL16851,0.48743328,6953,0,0
CHEMBL18098,0.48743328,6954,0,0
CHEMBL37543,0.48729682,6955,0,0
CHEMBL40937,0.48729682,6956,0,0
CHEMBL10894,0.4872636,6957,0,0
CHEMBL7734,0.4872636,6958,0,0
CHEMBL24042,0.4872636,6959,0,0
CHEMBL41816,0.48712012,6960,0,0
CHEMBL33090,0.48707786,6961,0,0
CHEMBL20030,0.48668218,6962,0,0
CHEMBL9713,0.48668218,6963,0,0
CHEMBL3309928,0.48668218,6964,0,0
CHEMBL32688,0.48668218,6965,0,0
CHEMBL3309701,0.48668218,6966,0,0
CHEMBL541754,0.48668218,6967,0,0
CHEMBL20590,0.48668218,6968,0,0
CHEMBL7215,0.48668218,6969,0,0
CHEMBL30237,0.48668218,6970,0,0
CHEMBL36844,0.48668218,6971,0,0
CHEMBL28988,0.48668218,6972,0,0
CHEMBL30345,0.48668218,6973,0,0
CHEMBL3310679,0.48668218,6974,0,0
CHEMBL32987,0.48668218,6975,0,0
CHEMBL3310680,0.48668218,6976,0,0
CHEMBL31147,0.48668218,6977,0,0
CHEMBL41320,0.48668218,6978,0,0
CHEMBL7548,0.48668218,6979,0,0
CHEMBL17062,0.48668218,6980,0,0
CHEMBL25416,0.48668218,6981,0,0
CHEMBL18554,0.48668218,6982,0,0
CHEMBL36203,0.48668218,6983,0,0
CHEMBL43777,0.48668218,6984,0,0
CHEMBL7263,0.4866359,6985,0,0
CHEMBL33448,0.4866359,6986,0,0
CHEMBL16569,0.4866359,6987,0,0
CHEMBL31778,0.4866359,6988,0,0
CHEMBL3310165,0.4866359,6989,0,0
CHEMBL6989,0.4866359,6990,0,0
CHEMBL27447,0.4866359,6991,0,0
CHEMBL15756,0.4866359,6992,0,0
CHEMBL31585,0.4866359,6993,0,0
CHEMBL18009,0.4866359,6994,0,0
CHEMBL35740,0.4866359,6995,0,0
CHEMBL1075834,0.4866359,6996,0,0
CHEMBL1163455,0.4866359,6997,0,0
CHEMBL36736,0.4866359,6998,0,0
CHEMBL1163454,0.4866359,6999,0,0
CHEMBL8772,0.4866359,7000,0,0
CHEMBL27605,0.48661324,7001,0,0
CHEMBL3310775,0.4865506,7002,0,0
CHEMBL38294,0.4865506,7003,0,0
CHEMBL36155,0.48646396,7004,0,0
CHEMBL19824,0.48619398,7005,0,0
CHEMBL23049,0.48619398,7006,0,0
CHEMBL21492,0.48619318,7007,0,0
CHEMBL9960,0.4859275,7008,0,0
CHEMBL40821,0.4859275,7009,0,0
CHEMBL4543443,0.4858216,7010,0,0
CHEMBL4435551,0.48581108,7011,0,0
CHEMBL7893,0.48581108,7012,0,0
CHEMBL21843,0.48581108,7013,0,0
CHEMBL4543231,0.48581108,7014,0,0
CHEMBL26201,0.48581108,7015,0,0
CHEMBL6320,0.48581108,7016,0,0
CHEMBL3310975,0.48581108,7017,0,0
CHEMBL18470,0.48581108,7018,0,0
CHEMBL4435040,0.48581108,7019,0,0
CHEMBL19469,0.48581108,7020,0,0
CHEMBL6484,0.48581108,7021,0,0
CHEMBL29362,0.48581108,7022,0,0
CHEMBL30407,0.48581108,7023,0,0
CHEMBL19324,0.48581108,7024,0,0
CHEMBL22796,0.48578644,7025,0,0
CHEMBL28351,0.48575982,7026,0,0
CHEMBL13052,0.48575982,7027,0,0
CHEMBL3310023,0.4856794,7028,0,0
CHEMBL30245,0.4855854,7029,0,0
CHEMBL28221,0.48548236,7030,0,0
CHEMBL18922,0.4854168,7031,0,0
CHEMBL15364,0.48516738,7032,0,0
CHEMBL17608,0.48516738,7033,0,0
CHEMBL27833,0.48514527,7034,0,0
CHEMBL25205,0.48514527,7035,0,0
CHEMBL27235,0.48506784,7036,0,0
CHEMBL28774,0.4849895,7037,0,0
CHEMBL35363,0.48490724,7038,0,0
CHEMBL10527,0.48466164,7039,0,0
CHEMBL37539,0.48466164,7040,0,0
CHEMBL34884,0.48466164,7041,0,0
CHEMBL35209,0.48446363,7042,0,0
CHEMBL25047,0.48446363,7043,0,0
CHEMBL30911,0.48446363,7044,0,0
CHEMBL506172,0.48446363,7045,0,0
CHEMBL29445,0.48446363,7046,0,0
CHEMBL23159,0.48446363,7047,0,0
CHEMBL23370,0.48432368,7048,0,0
CHEMBL22974,0.48432368,7049,0,0
CHEMBL36398,0.48432368,7050,0,0
CHEMBL3310181,0.48432368,7051,0,0
CHEMBL1165348,0.48424774,7052,0,0
CHEMBL526346,0.48424774,7053,0,0
CHEMBL18557,0.48424774,7054,0,0
CHEMBL28148,0.48424774,7055,0,0
CHEMBL34956,0.48424774,7056,0,0
CHEMBL23331,0.48424774,7057,0,0
CHEMBL12273,0.48404145,7058,0,0
CHEMBL3309330,0.48380268,7059,0,0
CHEMBL41474,0.48380268,7060,0,0
CHEMBL20659,0.48378626,7061,0,0
CHEMBL15584,0.48362795,7062,0,0
CHEMBL22412,0.48348725,7063,0,0
CHEMBL18524,0.4830621,7064,0,0
CHEMBL14733,0.4830621,7065,0,0
CHEMBL4435098,0.48293528,7066,0,0
CHEMBL22657,0.48209006,7067,0,0
CHEMBL22469,0.48191246,7068,0,0
CHEMBL9014,0.48191246,7069,0,0
CHEMBL4560000,0.48191246,7070,0,0
CHEMBL34586,0.48191246,7071,0,0
CHEMBL17552,0.48191246,7072,0,0
CHEMBL28314,0.4819024,7073,0,0
CHEMBL16428,0.48186043,7074,0,0
CHEMBL11906,0.48164862,7075,0,0
CHEMBL8546,0.48158622,7076,0,0
CHEMBL36242,0.48139748,7077,0,0
CHEMBL3310256,0.48139748,7078,0,0
CHEMBL24676,0.48135486,7079,0,0
CHEMBL11385,0.48126385,7080,0,0
CHEMBL4435699,0.48126385,7081,0,0
CHEMBL37689,0.48126385,7082,0,0
CHEMBL7973,0.48126385,7083,0,0
CHEMBL7827,0.48126385,7084,0,0
CHEMBL4435724,0.48126385,7085,0,0
CHEMBL577321,0.48126385,7086,0,0
CHEMBL17861,0.48126385,7087,0,0
CHEMBL11112,0.48126385,7088,0,0
CHEMBL31230,0.48126385,7089,0,0
CHEMBL30504,0.48126385,7090,0,0
CHEMBL4435945,0.48126385,7091,0,0
CHEMBL13281,0.48126385,7092,0,0
CHEMBL35006,0.48126385,7093,0,0
CHEMBL14144,0.48126385,7094,0,0
CHEMBL29404,0.48126385,7095,0,0
CHEMBL3311477,0.48126385,7096,0,0
CHEMBL18746,0.48126385,7097,0,0
CHEMBL40911,0.48069707,7098,0,0
CHEMBL7291,0.48043278,7099,0,0
CHEMBL3310985,0.48023728,7100,0,0
CHEMBL19772,0.48023728,7101,0,0
CHEMBL26066,0.48023728,7102,0,0
CHEMBL25437,0.48012814,7103,0,0
CHEMBL29442,0.4800737,7104,0,0
CHEMBL37153,0.48005578,7105,0,0
CHEMBL34427,0.48005578,7106,0,0
CHEMBL22951,0.47991174,7107,0,0
CHEMBL574932,0.47991174,7108,0,0
CHEMBL17840,0.47966567,7109,0,0
CHEMBL15201,0.47961697,7110,0,0
CHEMBL21067,0.47930422,7111,0,0
CHEMBL30211,0.47925296,7112,0,0
CHEMBL12766,0.47925296,7113,0,0
CHEMBL10147,0.47918573,7114,0,0
CHEMBL9044,0.47918573,7115,0,0
CHEMBL35684,0.47918573,7116,0,0
CHEMBL15794,0.4791635,7117,0,0
CHEMBL36938,0.47901344,7118,0,0
CHEMBL8947,0.47883058,7119,0,0
CHEMBL12844,0.47863266,7120,0,0
CHEMBL38224,0.47863266,7121,0,0
CHEMBL37117,0.47863266,7122,0,0
CHEMBL41799,0.4784491,7123,0,0
CHEMBL3309693,0.4783464,7124,0,0
CHEMBL1187879,0.4783464,7125,0,0
CHEMBL25402,0.47807935,7126,0,0
CHEMBL4435764,0.47807935,7127,0,0
CHEMBL10902,0.4779738,7128,0,0
CHEMBL4434939,0.4779738,7129,0,0
CHEMBL20656,0.4779738,7130,0,0
CHEMBL28006,0.4779738,7131,0,0
CHEMBL34421,0.4779738,7132,0,0
CHEMBL16808,0.47763017,7133,0,0
CHEMBL36108,0.47742176,7134,0,0
CHEMBL6922,0.4773844,7135,0,0
CHEMBL7962,0.47730866,7136,0,0
CHEMBL35477,0.47730866,7137,0,0
CHEMBL29444,0.47658506,7138,0,0
CHEMBL8172,0.47658506,7139,0,0
CHEMBL32559,0.47658506,7140,0,0
CHEMBL29647,0.47658506,7141,0,0
CHEMBL23560,0.47658506,7142,0,0
CHEMBL36157,0.47658506,7143,0,0
CHEMBL8145,0.47658506,7144,0,0
CHEMBL37570,0.47658506,7145,0,0
CHEMBL8564,0.47658506,7146,0,0
CHEMBL39479,0.47658506,7147,0,0
CHEMBL30347,0.47658506,7148,0,0
CHEMBL28101,0.47658506,7149,0,0
CHEMBL25246,0.47658506,7150,0,0
CHEMBL27991,0.47658506,7151,0,0
CHEMBL3310373,0.47658506,7152,0,0
CHEMBL25540,0.47658506,7153,0,0
CHEMBL16884,0.47658506,7154,0,0
CHEMBL21351,0.47658506,7155,0,0
CHEMBL37307,0.47658506,7156,0,0
CHEMBL20799,0.47658506,7157,0,0
CHEMBL37375,0.47658506,7158,0,0
CHEMBL25889,0.47658506,7159,0,0
CHEMBL41954,0.47658506,7160,0,0
CHEMBL18784,0.47658506,7161,0,0
CHEMBL20524,0.47658473,7162,0,0
CHEMBL39988,0.4764904,7163,0,0
CHEMBL15506,0.47646022,7164,0,0
CHEMBL23323,0.47646022,7165,0,0
CHEMBL38002,0.47646022,7166,0,0
CHEMBL11322,0.47646022,7167,0,0
CHEMBL16792,0.47646022,7168,0,0
CHEMBL14387,0.4764339,7169,0,0
CHEMBL21297,0.4764339,7170,0,0
CHEMBL30461,0.4764339,7171,0,0
CHEMBL19876,0.4764339,7172,0,0
CHEMBL7102,0.47641096,7173,0,0
CHEMBL4434925,0.47641096,7174,0,0
CHEMBL34673,0.47637686,7175,0,0
CHEMBL9871,0.47621882,7176,0,0
CHEMBL43730,0.4760609,7177,0,0
CHEMBL4553155,0.47593957,7178,0,0
CHEMBL40970,0.47591823,7179,0,0
CHEMBL21384,0.47591823,7180,0,0
CHEMBL3310820,0.4758617,7181,0,0
CHEMBL1092453,0.4758617,7182,0,0
CHEMBL6809,0.4758617,7183,0,0
CHEMBL20245,0.4758617,7184,0,0
CHEMBL21444,0.4758617,7185,0,0
CHEMBL13679,0.4758617,7186,0,0
CHEMBL35214,0.4758617,7187,0,0
CHEMBL35645,0.47579405,7188,0,0
CHEMBL4434830,0.47579405,7189,0,0
CHEMBL31217,0.47579405,7190,0,0
CHEMBL6842,0.47577694,7191,0,0
CHEMBL13062,0.47577694,7192,0,0
CHEMBL21962,0.47577694,7193,0,0
CHEMBL26850,0.4753095,7194,0,0
CHEMBL6557,0.47528872,7195,0,0
CHEMBL25702,0.47508273,7196,0,0
CHEMBL34923,0.47508273,7197,0,0
CHEMBL23979,0.47508273,7198,0,0
CHEMBL11968,0.47508273,7199,0,0
CHEMBL1086439,0.47508273,7200,0,0
CHEMBL24245,0.47492468,7201,0,0
CHEMBL9998,0.47492468,7202,0,0
CHEMBL9253,0.47492468,7203,0,0
CHEMBL31026,0.4748694,7204,0,0
CHEMBL28275,0.4748694,7205,0,0
CHEMBL26104,0.4748694,7206,0,0
CHEMBL34249,0.47486082,7207,0,0
CHEMBL11958,0.47467577,7208,0,0
CHEMBL24296,0.474523,7209,0,0
CHEMBL3309606,0.47414467,7210,0,0
CHEMBL3309524,0.47414467,7211,0,0
CHEMBL41693,0.47414467,7212,0,0
CHEMBL23967,0.4740858,7213,0,0
CHEMBL19091,0.4738093,7214,0,0
CHEMBL4553710,0.4738093,7215,0,0
CHEMBL8378,0.47363558,7216,0,0
CHEMBL10466,0.47363558,7217,0,0
CHEMBL40464,0.47304168,7218,0,0
CHEMBL31912,0.47272062,7219,0,0
CHEMBL22230,0.47262853,7220,0,0
CHEMBL17002,0.47246492,7221,0,0
CHEMBL36517,0.47246492,7222,0,0
CHEMBL34559,0.47246492,7223,0,0
CHEMBL17167,0.47246492,7224,0,0
CHEMBL9469,0.4722254,7225,0,0
CHEMBL18099,0.4721278,7226,0,0
CHEMBL10436,0.4721278,7227,0,0
CHEMBL31799,0.4718981,7228,0,0
CHEMBL26343,0.4718981,7229,0,0
CHEMBL15541,0.4718981,7230,0,0
CHEMBL38728,0.4718981,7231,0,0
CHEMBL28267,0.47153264,7232,0,0
CHEMBL35213,0.47153264,7233,0,0
CHEMBL23738,0.47153264,7234,0,0
CHEMBL4553686,0.47153264,7235,0,0
CHEMBL20756,0.47153264,7236,0,0
CHEMBL40303,0.47153264,7237,0,0
CHEMBL10001,0.47148636,7238,0,0
CHEMBL9534,0.47148636,7239,0,0
CHEMBL12480,0.47148636,7240,0,0
CHEMBL21746,0.47148636,7241,0,0
CHEMBL17341,0.47148636,7242,0,0
CHEMBL36035,0.47148636,7243,0,0
CHEMBL29208,0.47148636,7244,0,0
CHEMBL3309995,0.47148636,7245,0,0
CHEMBL34757,0.4713844,7246,0,0
CHEMBL41838,0.4713844,7247,0,0
CHEMBL10809,0.4713844,7248,0,0
CHEMBL28270,0.4713844,7249,0,0
CHEMBL26134,0.4713844,7250,0,0
CHEMBL36544,0.4713844,7251,0,0
CHEMBL12700,0.47129697,7252,0,0
CHEMBL6254,0.4710945,7253,0,0
CHEMBL11149,0.4710945,7254,0,0
CHEMBL12084,0.4710945,7255,0,0
CHEMBL33564,0.47091317,7256,0,0
CHEMBL41220,0.47091317,7257,0,0
CHEMBL24283,0.47073114,7258,0,0
CHEMBL39807,0.47073114,7259,0,0
CHEMBL22924,0.47072798,7260,0,0
CHEMBL4434922,0.47054923,7261,0,0
CHEMBL20023,0.47000822,7262,0,0
CHEMBL18950,0.47000822,7263,0,0
CHEMBL3309866,0.46957856,7264,0,0
CHEMBL9172,0.46948028,7265,0,0
CHEMBL29116,0.46948028,7266,0,0
CHEMBL14269,0.46934348,7267,0,0
CHEMBL15037,0.46933803,7268,0,0
CHEMBL31908,0.46886283,7269,0,0
CHEMBL16085,0.46882895,7270,0,0
CHEMBL26365,0.46882895,7271,0,0
CHEMBL20975,0.4687844,7272,0,0
CHEMBL13986,0.46857622,7273,0,0
CHEMBL13783,0.46857622,7274,0,0
CHEMBL37726,0.46849388,7275,0,0
CHEMBL41557,0.46846008,7276,0,0
CHEMBL8878,0.46827546,7277,0,0
CHEMBL29856,0.4682071,7278,0,0
CHEMBL24649,0.46805254,7279,0,0
CHEMBL23695,0.46794727,7280,0,0
CHEMBL31825,0.46794727,7281,0,0
CHEMBL25379,0.4679172,7282,0,0
CHEMBL36979,0.4679172,7283,0,0
CHEMBL31477,0.4679172,7284,0,0
CHEMBL11486,0.4679172,7285,0,0
CHEMBL24777,0.4679172,7286,0,0
CHEMBL17974,0.4679172,7287,0,0
CHEMBL39314,0.4679172,7288,0,0
CHEMBL33112,0.46782377,7289,0,0
CHEMBL32665,0.46782377,7290,0,0
CHEMBL42152,0.46754488,7291,0,0
CHEMBL32210,0.46719912,7292,0,0
CHEMBL18650,0.467195,7293,0,0
CHEMBL10616,0.46712914,7294,0,0
CHEMBL6256,0.46690637,7295,0,0
CHEMBL24796,0.46690637,7296,0,0
CHEMBL12804,0.46690637,7297,0,0
CHEMBL8967,0.46690637,7298,0,0
CHEMBL16353,0.46690637,7299,0,0
CHEMBL28976,0.4667745,7300,0,0
CHEMBL1229036,0.4667745,7301,0,0
CHEMBL4543576,0.46668357,7302,0,0
CHEMBL41588,0.46668357,7303,0,0
CHEMBL24209,0.46668357,7304,0,0
CHEMBL21204,0.46666658,7305,0,0
CHEMBL18967,0.46666658,7306,0,0
CHEMBL38322,0.46663666,7307,0,0
CHEMBL34731,0.46663666,7308,0,0
CHEMBL32609,0.46663666,7309,0,0
CHEMBL4436020,0.46659395,7310,0,0
CHEMBL25673,0.46647817,7311,0,0
CHEMBL40071,0.4664337,7312,0,0
CHEMBL20396,0.46635827,7313,0,0
CHEMBL23157,0.46633047,7314,0,0
CHEMBL17641,0.46626827,7315,0,0
CHEMBL22515,0.46626827,7316,0,0
CHEMBL19527,0.46614963,7317,0,0
CHEMBL9587,0.46606666,7318,0,0
CHEMBL4436544,0.46606666,7319,0,0
CHEMBL15510,0.46595114,7320,0,0
CHEMBL23369,0.46567935,7321,0,0
CHEMBL14581,0.46563768,7322,0,0
CHEMBL25640,0.46559715,7323,0,0
CHEMBL20876,0.46559715,7324,0,0
CHEMBL25105,0.46559715,7325,0,0
CHEMBL10984,0.46559715,7326,0,0
CHEMBL30346,0.46559715,7327,0,0
CHEMBL22362,0.46559715,7328,0,0
CHEMBL31405,0.46559715,7329,0,0
CHEMBL10060,0.46559715,7330,0,0
CHEMBL10058,0.46559715,7331,0,0
CHEMBL10099,0.46559715,7332,0,0
CHEMBL16980,0.46559715,7333,0,0
CHEMBL3310849,0.46559715,7334,0,0
CHEMBL28854,0.46559715,7335,0,0
CHEMBL25789,0.46559715,7336,0,0
CHEMBL37292,0.46559715,7337,0,0
CHEMBL17170,0.46559715,7338,0,0
CHEMBL40591,0.46559715,7339,0,0
CHEMBL40722,0.46559715,7340,0,0
CHEMBL24632,0.46559715,7341,0,0
CHEMBL7488,0.46559715,7342,0,0
CHEMBL41024,0.46559715,7343,0,0
CHEMBL31203,0.46559715,7344,0,0
CHEMBL4434722,0.46559715,7345,0,0
CHEMBL18482,0.46559715,7346,0,0
CHEMBL3311186,0.46559715,7347,0,0
CHEMBL25428,0.46559715,7348,0,0
CHEMBL37357,0.46559715,7349,0,0
CHEMBL7687,0.46559715,7350,0,0
CHEMBL16791,0.46559715,7351,0,0
CHEMBL36495,0.46559715,7352,0,0
CHEMBL3311364,0.46559715,7353,0,0
CHEMBL3311358,0.46559715,7354,0,0
CHEMBL21375,0.46559715,7355,0,0
CHEMBL16807,0.46559715,7356,0,0
CHEMBL6542,0.46559715,7357,0,0
CHEMBL652,0.46559715,7358,0,0
CHEMBL25578,0.46559715,7359,0,0
CHEMBL37180,0.46559715,7360,0,0
CHEMBL37074,0.46559715,7361,0,0
CHEMBL37142,0.46559715,7362,0,0
CHEMBL4435163,0.46559715,7363,0,0
CHEMBL37500,0.46559715,7364,0,0
CHEMBL19534,0.46559715,7365,0,0
CHEMBL24294,0.46559715,7366,0,0
CHEMBL15388,0.46559715,7367,0,0
CHEMBL1082532,0.46559715,7368,0,0
CHEMBL41376,0.46559715,7369,0,0
CHEMBL37547,0.46559715,7370,0,0
CHEMBL11432,0.46559715,7371,0,0
CHEMBL7552,0.46559715,7372,0,0
CHEMBL24555,0.46559715,7373,0,0
CHEMBL31141,0.46559715,7374,0,0
CHEMBL29262,0.46559715,7375,0,0
CHEMBL36505,0.46559715,7376,0,0
CHEMBL36498,0.46559715,7377,0,0
CHEMBL26082,0.46559715,7378,0,0
CHEMBL20695,0.46559715,7379,0,0
CHEMBL21227,0.46559715,7380,0,0
CHEMBL19289,0.46559715,7381,0,0
CHEMBL7422,0.46559715,7382,0,0
CHEMBL10927,0.46559715,7383,0,0
CHEMBL17081,0.46559715,7384,0,0
CHEMBL21025,0.46559715,7385,0,0
CHEMBL29327,0.46559715,7386,0,0
CHEMBL41251,0.46559715,7387,0,0
CHEMBL36516,0.46559715,7388,0,0
CHEMBL20779,0.46559715,7389,0,0
CHEMBL20705,0.46559715,7390,0,0
CHEMBL26031,0.46559715,7391,0,0
CHEMBL15243,0.46559715,7392,0,0
CHEMBL24690,0.46559715,7393,0,0
CHEMBL36649,0.46559715,7394,0,0
CHEMBL24185,0.46559715,7395,0,0
CHEMBL33211,0.46559715,7396,0,0
CHEMBL36319,0.46559715,7397,0,0
CHEMBL43584,0.46559715,7398,0,0
CHEMBL7927,0.46559715,7399,0,0
CHEMBL24151,0.46559715,7400,0,0
CHEMBL15448,0.46559715,7401,0,0
CHEMBL26065,0.46559715,7402,0,0
CHEMBL37419,0.46559715,7403,0,0
CHEMBL37389,0.46559715,7404,0,0
CHEMBL17251,0.46559715,7405,0,0
CHEMBL4435404,0.46559715,7406,0,0
CHEMBL13580,0.46559715,7407,0,0
CHEMBL3310008,0.46559715,7408,0,0
CHEMBL36251,0.46559715,7409,0,0
CHEMBL33296,0.46559715,7410,0,0
CHEMBL33290,0.46559715,7411,0,0
CHEMBL12673,0.46559715,7412,0,0
CHEMBL37687,0.46559715,7413,0,0
CHEMBL37686,0.46559715,7414,0,0
CHEMBL20654,0.46559715,7415,0,0
CHEMBL37971,0.46559715,7416,0,0
CHEMBL539921,0.46559715,7417,0,0
CHEMBL18228,0.46559715,7418,0,0
CHEMBL40877,0.46559715,7419,0,0
CHEMBL4435022,0.46559715,7420,0,0
CHEMBL12301,0.46559715,7421,0,0
CHEMBL25454,0.46559715,7422,0,0
CHEMBL15499,0.46559715,7423,0,0
CHEMBL18619,0.46559715,7424,0,0
CHEMBL33328,0.46559715,7425,0,0
CHEMBL15474,0.46559715,7426,0,0
CHEMBL10740,0.46559715,7427,0,0
CHEMBL501251,0.46559715,7428,0,0
CHEMBL26408,0.46559715,7429,0,0
CHEMBL28395,0.46559715,7430,0,0
CHEMBL36107,0.46559715,7431,0,0
CHEMBL10716,0.46559715,7432,0,0
CHEMBL21644,0.46559715,7433,0,0
CHEMBL583305,0.46559715,7434,0,0
CHEMBL14765,0.46559715,7435,0,0
CHEMBL4435439,0.46559715,7436,0,0
CHEMBL40208,0.46559715,7437,0,0
CHEMBL37902,0.46559715,7438,0,0
CHEMBL17430,0.46559715,7439,0,0
CHEMBL15550,0.46559715,7440,0,0
CHEMBL16601,0.46559715,7441,0,0
CHEMBL10686,0.46559715,7442,0,0
CHEMBL23643,0.46559715,7443,0,0
CHEMBL21692,0.46559715,7444,0,0
CHEMBL33560,0.46559715,7445,0,0
CHEMBL42873,0.46559715,7446,0,0
CHEMBL13173,0.46559715,7447,0,0
CHEMBL8589,0.46559715,7448,0,0
CHEMBL26513,0.46559715,7449,0,0
CHEMBL28442,0.46559715,7450,0,0
CHEMBL23855,0.46559715,7451,0,0
CHEMBL8260,0.46559715,7452,0,0
CHEMBL3309803,0.46559715,7453,0,0
CHEMBL480,0.46559715,7454,0,0
CHEMBL26596,0.46559715,7455,0,0
CHEMBL26586,0.46559715,7456,0,0
CHEMBL26578,0.46559715,7457,0,0
CHEMBL7442,0.46559715,7458,0,0
CHEMBL16955,0.46559715,7459,0,0
CHEMBL3310859,0.46559715,7460,0,0
CHEMBL4116085,0.46559715,7461,0,0
CHEMBL41143,0.46559715,7462,0,0
CHEMBL10184,0.46559715,7463,0,0
CHEMBL15101,0.46559715,7464,0,0
CHEMBL18026,0.46559715,7465,0,0
CHEMBL33463,0.46559715,7466,0,0
CHEMBL30797,0.46559715,7467,0,0
CHEMBL16642,0.46559715,7468,0,0
CHEMBL12362,0.46559715,7469,0,0
CHEMBL12358,0.46559715,7470,0,0
CHEMBL15069,0.46559715,7471,0,0
CHEMBL25252,0.46559715,7472,0,0
CHEMBL25015,0.46559715,7473,0,0
CHEMBL22096,0.46559715,7474,0,0
CHEMBL34972,0.46559715,7475,0,0
CHEMBL36943,0.46559715,7476,0,0
CHEMBL42170,0.46559715,7477,0,0
CHEMBL42166,0.46559715,7478,0,0
CHEMBL34957,0.46559715,7479,0,0
CHEMBL34864,0.46559715,7480,0,0
CHEMBL14579,0.46559715,7481,0,0
CHEMBL13146,0.46559715,7482,0,0
CHEMBL4560049,0.46559715,7483,0,0
CHEMBL38012,0.46559715,7484,0,0
CHEMBL36970,0.46559715,7485,0,0
CHEMBL11114,0.46559715,7486,0,0
CHEMBL15205,0.46559715,7487,0,0
CHEMBL36790,0.46559715,7488,0,0
CHEMBL42765,0.46559715,7489,0,0
CHEMBL19050,0.46559715,7490,0,0
CHEMBL42850,0.46559715,7491,0,0
CHEMBL35729,0.46559715,7492,0,0
CHEMBL38110,0.46559715,7493,0,0
CHEMBL26550,0.46559715,7494,0,0
CHEMBL1163373,0.46559715,7495,0,0
CHEMBL31579,0.46559715,7496,0,0
CHEMBL39313,0.46559715,7497,0,0
CHEMBL28767,0.46559715,7498,0,0
CHEMBL18799,0.46559715,7499,0,0
CHEMBL4435515,0.46559715,7500,0,0
CHEMBL38223,0.46559715,7501,0,0
CHEMBL38211,0.46559715,7502,0,0
CHEMBL38270,0.46559715,7503,0,0
CHEMBL32070,0.46559715,7504,0,0
CHEMBL19714,0.46559715,7505,0,0
CHEMBL3309597,0.46559715,7506,0,0
CHEMBL17763,0.46559715,7507,0,0
CHEMBL28339,0.46559715,7508,0,0
CHEMBL40004,0.46559715,7509,0,0
CHEMBL32296,0.46559715,7510,0,0
CHEMBL3309634,0.46559715,7511,0,0
CHEMBL3309612,0.46559715,7512,0,0
CHEMBL26613,0.46559715,7513,0,0
CHEMBL1163525,0.46559715,7514,0,0
CHEMBL4553141,0.46559715,7515,0,0
CHEMBL26881,0.46559715,7516,0,0
CHEMBL28248,0.46559715,7517,0,0
CHEMBL4553536,0.46559715,7518,0,0
CHEMBL26832,0.46559715,7519,0,0
CHEMBL23425,0.46559715,7520,0,0
CHEMBL23392,0.46559715,7521,0,0
CHEMBL35697,0.46559715,7522,0,0
CHEMBL15660,0.46559715,7523,0,0
CHEMBL16527,0.46559715,7524,0,0
CHEMBL17838,0.46559715,7525,0,0
CHEMBL20037,0.46559715,7526,0,0
CHEMBL4436463,0.46559715,7527,0,0
CHEMBL9513,0.46559715,7528,0,0
CHEMBL11645,0.46559715,7529,0,0
CHEMBL11636,0.46559715,7530,0,0
CHEMBL20286,0.46559715,7531,0,0
CHEMBL9540,0.46559715,7532,0,0
CHEMBL22482,0.46559715,7533,0,0
CHEMBL26918,0.46559715,7534,0,0
CHEMBL20321,0.46559715,7535,0,0
CHEMBL15689,0.46559715,7536,0,0
CHEMBL35572,0.46559715,7537,0,0
CHEMBL35569,0.46559715,7538,0,0
CHEMBL34765,0.46559715,7539,0,0
CHEMBL35415,0.46559715,7540,0,0
CHEMBL18715,0.46559715,7541,0,0
CHEMBL18705,0.46559715,7542,0,0
CHEMBL20318,0.46559715,7543,0,0
CHEMBL34709,0.46559715,7544,0,0
CHEMBL22998,0.46559715,7545,0,0
CHEMBL21964,0.46559715,7546,0,0
CHEMBL21887,0.46559715,7547,0,0
CHEMBL33938,0.46559715,7548,0,0
CHEMBL15742,0.46559715,7549,0,0
CHEMBL27629,0.46559715,7550,0,0
CHEMBL21924,0.46559715,7551,0,0
CHEMBL30001,0.46559715,7552,0,0
CHEMBL18723,0.46559715,7553,0,0
CHEMBL39028,0.46559715,7554,0,0
CHEMBL27021,0.46559715,7555,0,0
CHEMBL38277,0.46559715,7556,0,0
CHEMBL27188,0.46559715,7557,0,0
CHEMBL32244,0.46559715,7558,0,0
CHEMBL39803,0.46559715,7559,0,0
CHEMBL39788,0.46559715,7560,0,0
CHEMBL18931,0.46559715,7561,0,0
CHEMBL15813,0.46559715,7562,0,0
CHEMBL39021,0.46559715,7563,0,0
CHEMBL34074,0.46559715,7564,0,0
CHEMBL10427,0.46559715,7565,0,0
CHEMBL3309273,0.46559715,7566,0,0
CHEMBL3309348,0.46559715,7567,0,0
CHEMBL4543420,0.46559715,7568,0,0
CHEMBL27038,0.46559715,7569,0,0
CHEMBL3309376,0.46559715,7570,0,0
CHEMBL32291,0.46559715,7571,0,0
CHEMBL13863,0.46559715,7572,0,0
CHEMBL39652,0.46559715,7573,0,0
CHEMBL39651,0.46559715,7574,0,0
CHEMBL9303,0.46559715,7575,0,0
CHEMBL34132,0.46559715,7576,0,0
CHEMBL35236,0.46559715,7577,0,0
CHEMBL9341,0.46559715,7578,0,0
CHEMBL30138,0.46559715,7579,0,0
CHEMBL18763,0.46559715,7580,0,0
CHEMBL34175,0.46559715,7581,0,0
CHEMBL9438,0.46559715,7582,0,0
CHEMBL33039,0.46559715,7583,0,0
CHEMBL4543361,0.46559715,7584,0,0
CHEMBL17806,0.46559715,7585,0,0
CHEMBL32921,0.46559715,7586,0,0
CHEMBL28007,0.46559715,7587,0,0
CHEMBL4436037,0.46559715,7588,0,0
CHEMBL22802,0.46559715,7589,0,0
CHEMBL22800,0.46559715,7590,0,0
CHEMBL22599,0.46559715,7591,0,0
CHEMBL30240,0.46559715,7592,0,0
CHEMBL41928,0.46559715,7593,0,0
CHEMBL41927,0.46559715,7594,0,0
CHEMBL27370,0.46559715,7595,0,0
CHEMBL4543296,0.46559715,7596,0,0
CHEMBL38771,0.46559715,7597,0,0
CHEMBL30271,0.46559715,7598,0,0
CHEMBL20982,0.46559715,7599,0,0
CHEMBL22218,0.46559715,7600,0,0
CHEMBL9857,0.46559715,7601,0,0
CHEMBL6821,0.46559715,7602,0,0
CHEMBL39357,0.46559715,7603,0,0
CHEMBL32763,0.46559715,7604,0,0
CHEMBL20007,0.46559715,7605,0,0
CHEMBL39511,0.46559715,7606,0,0
CHEMBL32780,0.46559715,7607,0,0
CHEMBL39257,0.46559715,7608,0,0
CHEMBL11000,0.46559715,7609,0,0
CHEMBL4434906,0.46559715,7610,0,0
CHEMBL19339,0.46559715,7611,0,0
CHEMBL39292,0.46559715,7612,0,0
CHEMBL37235,0.46559715,7613,0,0
CHEMBL7011,0.46559715,7614,0,0
CHEMBL21081,0.46559715,7615,0,0
CHEMBL25153,0.46559715,7616,0,0
CHEMBL11033,0.46559715,7617,0,0
CHEMBL9786,0.46559715,7618,0,0
CHEMBL4436444,0.46559715,7619,0,0
CHEMBL38995,0.46559715,7620,0,0
CHEMBL32670,0.46559715,7621,0,0
CHEMBL40843,0.46559715,7622,0,0
CHEMBL22597,0.46559715,7623,0,0
CHEMBL39100,0.46559715,7624,0,0
CHEMBL150,0.46559715,7625,0,0
CHEMBL7156,0.46559715,7626,0,0
CHEMBL32362,0.46559715,7627,0,0
CHEMBL22637,0.46559715,7628,0,0
CHEMBL36862,0.4655773,7629,0,0
CHEMBL576512,0.4654935,7630,0,0
CHEMBL21895,0.4654935,7631,0,0
CHEMBL20475,0.4654658,7632,0,0
CHEMBL41643,0.4654658,7633,0,0
CHEMBL20639,0.4654658,7634,0,0
CHEMBL25612,0.46540156,7635,0,0
CHEMBL548334,0.46531728,7636,0,0
CHEMBL37803,0.46531728,7637,0,0
CHEMBL25026,0.46531728,7638,0,0
CHEMBL19388,0.46531728,7639,0,0
CHEMBL26512,0.46531728,7640,0,0
CHEMBL22632,0.46531728,7641,0,0
CHEMBL34793,0.46531728,7642,0,0
CHEMBL34431,0.46531728,7643,0,0
CHEMBL10261,0.46531728,7644,0,0
CHEMBL12810,0.46531728,7645,0,0
CHEMBL42506,0.46531728,7646,0,0
CHEMBL21853,0.46531728,7647,0,0
CHEMBL19101,0.46531728,7648,0,0
CHEMBL19082,0.46531728,7649,0,0
CHEMBL14549,0.46531728,7650,0,0
CHEMBL7946,0.46531728,7651,0,0
CHEMBL33633,0.46531728,7652,0,0
CHEMBL4543423,0.46531728,7653,0,0
CHEMBL34001,0.46531728,7654,0,0
CHEMBL8578,0.46512285,7655,0,0
CHEMBL15322,0.4650223,7656,0,0
CHEMBL20930,0.46500257,7657,0,0
CHEMBL28815,0.46500257,7658,0,0
CHEMBL8164,0.46490523,7659,0,0
CHEMBL32336,0.4645361,7660,0,0
CHEMBL14137,0.46453515,7661,0,0
CHEMBL31816,0.46447614,7662,0,0
CHEMBL13408,0.46447614,7663,0,0
CHEMBL24651,0.46447614,7664,0,0
CHEMBL3309903,0.46447614,7665,0,0
CHEMBL3309904,0.46447614,7666,0,0
CHEMBL1086694,0.46447614,7667,0,0
CHEMBL8223,0.46447614,7668,0,0
CHEMBL29479,0.46447614,7669,0,0
CHEMBL31051,0.46447614,7670,0,0
CHEMBL8580,0.46447614,7671,0,0
CHEMBL16243,0.46447614,7672,0,0
CHEMBL13876,0.46447614,7673,0,0
CHEMBL30621,0.46447614,7674,0,0
CHEMBL22828,0.46447614,7675,0,0
CHEMBL13032,0.4644605,7676,0,0
CHEMBL8122,0.46438232,7677,0,0
CHEMBL14693,0.46434388,7678,0,0
CHEMBL37024,0.46434388,7679,0,0
CHEMBL31293,0.46434388,7680,0,0
CHEMBL33838,0.46434388,7681,0,0
CHEMBL33158,0.46434388,7682,0,0
CHEMBL25526,0.46425197,7683,0,0
CHEMBL14650,0.46421087,7684,0,0
CHEMBL31059,0.46421087,7685,0,0
CHEMBL7002,0.46419454,7686,0,0
CHEMBL1163173,0.46419454,7687,0,0
CHEMBL29196,0.4641296,7688,0,0
CHEMBL12753,0.4641296,7689,0,0
CHEMBL22485,0.4641296,7690,0,0
CHEMBL28508,0.4641296,7691,0,0
CHEMBL18670,0.4641296,7692,0,0
CHEMBL37161,0.4641296,7693,0,0
CHEMBL40733,0.4641296,7694,0,0
CHEMBL8136,0.4640875,7695,0,0
CHEMBL38279,0.4640875,7696,0,0
CHEMBL16660,0.4640875,7697,0,0
CHEMBL12264,0.46405783,7698,0,0
CHEMBL4436403,0.46405783,7699,0,0
CHEMBL16767,0.46405783,7700,0,0
CHEMBL30255,0.46405783,7701,0,0
CHEMBL26239,0.46405783,7702,0,0
CHEMBL32880,0.46405783,7703,0,0
CHEMBL3310784,0.46405783,7704,0,0
CHEMBL3311397,0.46405783,7705,0,0
CHEMBL3310314,0.46405783,7706,0,0
CHEMBL29477,0.46405783,7707,0,0
CHEMBL25749,0.46405783,7708,0,0
CHEMBL18074,0.46405783,7709,0,0
CHEMBL16436,0.46405783,7710,0,0
CHEMBL33625,0.4640234,7711,0,0
CHEMBL35022,0.46398032,7712,0,0
CHEMBL6620,0.46398032,7713,0,0
CHEMBL27776,0.46398032,7714,0,0
CHEMBL27027,0.46355602,7715,0,0
CHEMBL29712,0.46355602,7716,0,0
CHEMBL16456,0.46355602,7717,0,0
CHEMBL9936,0.4635345,7718,0,0
CHEMBL586649,0.46342418,7719,0,0
CHEMBL22084,0.46342418,7720,0,0
CHEMBL6845,0.46317968,7721,0,0
CHEMBL24038,0.46317968,7722,0,0
CHEMBL4435944,0.46295634,7723,0,0
CHEMBL7023,0.4628413,7724,0,0
CHEMBL39608,0.46282834,7725,0,0
CHEMBL7198,0.46252006,7726,0,0
CHEMBL7860,0.46240798,7727,0,0
CHEMBL24420,0.46240798,7728,0,0
CHEMBL37186,0.46239576,7729,0,0
CHEMBL8333,0.46238035,7730,0,0
CHEMBL38,0.46236852,7731,0,0
CHEMBL4435584,0.46218583,7732,0,0
CHEMBL25577,0.46218583,7733,0,0
CHEMBL42007,0.46218583,7734,0,0
CHEMBL29218,0.46218583,7735,0,0
CHEMBL34344,0.46200988,7736,0,0
CHEMBL9345,0.46177843,7737,0,0
CHEMBL3309937,0.4617149,7738,0,0
CHEMBL36087,0.46163744,7739,0,0
CHEMBL19402,0.46156237,7740,0,0
CHEMBL28556,0.46149543,7741,0,0
CHEMBL31697,0.46137676,7742,0,0
CHEMBL8647,0.46046096,7743,0,0
CHEMBL41267,0.46020725,7744,0,0
CHEMBL15240,0.4600777,7745,0,0
CHEMBL23887,0.4600777,7746,0,0
CHEMBL17288,0.4600777,7747,0,0
CHEMBL13903,0.4600777,7748,0,0
CHEMBL25434,0.459999,7749,0,0
CHEMBL41498,0.45998073,7750,0,0
CHEMBL22872,0.45998073,7751,0,0
CHEMBL6797,0.4598113,7752,0,0
CHEMBL17935,0.4598113,7753,0,0
CHEMBL21162,0.45969775,7754,0,0
CHEMBL3310191,0.45969775,7755,0,0
CHEMBL38528,0.45965898,7756,0,0
CHEMBL32115,0.45965898,7757,0,0
CHEMBL1204470,0.45965898,7758,0,0
CHEMBL31520,0.45965898,7759,0,0
CHEMBL36359,0.45965898,7760,0,0
CHEMBL40099,0.45965898,7761,0,0
CHEMBL22146,0.45909855,7762,0,0
CHEMBL28126,0.45909855,7763,0,0
CHEMBL28386,0.45895898,7764,0,0
CHEMBL36446,0.4585429,7765,0,0
CHEMBL13688,0.4585429,7766,0,0
CHEMBL31042,0.4585429,7767,0,0
CHEMBL18536,0.4585429,7768,0,0
CHEMBL7599,0.4585429,7769,0,0
CHEMBL3310823,0.4585429,7770,0,0
CHEMBL27356,0.4585429,7771,0,0
CHEMBL25436,0.4585429,7772,0,0
CHEMBL20813,0.4585429,7773,0,0
CHEMBL16954,0.4585429,7774,0,0
CHEMBL30611,0.4585429,7775,0,0
CHEMBL33367,0.4585429,7776,0,0
CHEMBL6805,0.4585429,7777,0,0
CHEMBL18402,0.4583517,7778,0,0
CHEMBL18752,0.45816714,7779,0,0
CHEMBL22067,0.4580823,7780,0,0
CHEMBL38145,0.4580823,7781,0,0
CHEMBL34918,0.4580823,7782,0,0
CHEMBL21389,0.4580823,7783,0,0
CHEMBL14547,0.4580823,7784,0,0
CHEMBL1163487,0.45802766,7785,0,0
CHEMBL11341,0.45802766,7786,0,0
CHEMBL4435100,0.4579837,7787,0,0
CHEMBL16740,0.4579837,7788,0,0
CHEMBL43512,0.45795345,7789,0,0
CHEMBL4436585,0.4579136,7790,0,0
CHEMBL9219,0.45782673,7791,0,0
CHEMBL25707,0.45779738,7792,0,0
CHEMBL21791,0.45759246,7793,0,0
CHEMBL27642,0.45757705,7794,0,0
CHEMBL32810,0.45736828,7795,0,0
CHEMBL14928,0.4572035,7796,0,0
CHEMBL31674,0.456974,7797,0,0
CHEMBL36249,0.45689428,7798,0,0
CHEMBL32396,0.45682594,7799,0,0
CHEMBL30441,0.45682594,7800,0,0
CHEMBL28564,0.45682594,7801,0,0
CHEMBL19426,0.45682594,7802,0,0
CHEMBL6220,0.45682594,7803,0,0
CHEMBL4543582,0.45682594,7804,0,0
CHEMBL1091719,0.45682594,7805,0,0
CHEMBL4434973,0.45682594,7806,0,0
CHEMBL4435958,0.45682594,7807,0,0
CHEMBL19583,0.45682594,7808,0,0
CHEMBL10343,0.45680618,7809,0,0
CHEMBL12986,0.4566906,7810,0,0
CHEMBL3309931,0.4566906,7811,0,0
CHEMBL36314,0.4566906,7812,0,0
CHEMBL4553567,0.4566906,7813,0,0
CHEMBL39126,0.4566906,7814,0,0
CHEMBL31564,0.4566906,7815,0,0
CHEMBL8094,0.4566906,7816,0,0
CHEMBL16315,0.4566906,7817,0,0
CHEMBL18808,0.4566906,7818,0,0
CHEMBL14699,0.4566756,7819,0,0
CHEMBL3311348,0.45666817,7820,0,0
CHEMBL4435892,0.4565895,7821,0,0
CHEMBL22181,0.45657605,7822,0,0
CHEMBL28338,0.45654494,7823,0,0
CHEMBL42071,0.45644847,7824,0,0
CHEMBL33557,0.45644847,7825,0,0
CHEMBL32597,0.45644847,7826,0,0
CHEMBL3311462,0.45644847,7827,0,0
CHEMBL8999,0.45644847,7828,0,0
CHEMBL36733,0.45644847,7829,0,0
CHEMBL37965,0.45644847,7830,0,0
CHEMBL4435582,0.45644847,7831,0,0
CHEMBL31529,0.45644847,7832,0,0
CHEMBL6267,0.45644847,7833,0,0
CHEMBL10886,0.45644847,7834,0,0
CHEMBL9622,0.45644847,7835,0,0
CHEMBL41888,0.45644847,7836,0,0
CHEMBL9442,0.45626515,7837,0,0
CHEMBL25796,0.4560899,7838,0,0
CHEMBL4436293,0.4560899,7839,0,0
CHEMBL4435846,0.4560899,7840,0,0
CHEMBL19580,0.4560899,7841,0,0
CHEMBL17752,0.45607987,7842,0,0
CHEMBL35789,0.45594388,7843,0,0
CHEMBL39553,0.45594388,7844,0,0
CHEMBL4436261,0.45570615,7845,0,0
CHEMBL12197,0.45570615,7846,0,0
CHEMBL6714,0.45570615,7847,0,0
CHEMBL6228,0.45570615,7848,0,0
CHEMBL23570,0.45570615,7849,0,0
CHEMBL12632,0.45570615,7850,0,0
CHEMBL4434894,0.45570615,7851,0,0
CHEMBL41653,0.45570615,7852,0,0
CHEMBL19068,0.45570615,7853,0,0
CHEMBL12192,0.45560804,7854,0,0
CHEMBL500286,0.45560804,7855,0,0
CHEMBL7161,0.45560804,7856,0,0
CHEMBL3309452,0.4552496,7857,0,0
CHEMBL7272,0.4552496,7858,0,0
CHEMBL9961,0.45516747,7859,0,0
CHEMBL13745,0.45516747,7860,0,0
CHEMBL10295,0.45516747,7861,0,0
CHEMBL10822,0.45516747,7862,0,0
CHEMBL14718,0.45493793,7863,0,0
CHEMBL4436434,0.45489818,7864,0,0
CHEMBL6912,0.454645,7865,0,0
CHEMBL25455,0.454645,7866,0,0
CHEMBL3310754,0.4544218,7867,0,0
CHEMBL40324,0.4544218,7868,0,0
CHEMBL26001,0.4544218,7869,0,0
CHEMBL6486,0.4544218,7870,0,0
CHEMBL18170,0.4544218,7871,0,0
CHEMBL20378,0.4544218,7872,0,0
CHEMBL20462,0.4544218,7873,0,0
CHEMBL12472,0.4544218,7874,0,0
CHEMBL24075,0.4544218,7875,0,0
CHEMBL26495,0.4544218,7876,0,0
CHEMBL26785,0.4544218,7877,0,0
CHEMBL6565,0.4544218,7878,0,0
CHEMBL39478,0.4544218,7879,0,0
CHEMBL24408,0.4544218,7880,0,0
CHEMBL24338,0.4544218,7881,0,0
CHEMBL9119,0.4544218,7882,0,0
CHEMBL23115,0.4544218,7883,0,0
CHEMBL9033,0.4544218,7884,0,0
CHEMBL31631,0.4544218,7885,0,0
CHEMBL4435036,0.4544218,7886,0,0
CHEMBL6523,0.4544218,7887,0,0
CHEMBL20336,0.45440304,7888,0,0
CHEMBL11375,0.45433888,7889,0,0
CHEMBL1204461,0.45408893,7890,0,0
CHEMBL19991,0.45392168,7891,0,0
CHEMBL3309561,0.4536731,7892,0,0
CHEMBL18856,0.45366308,7893,0,0
CHEMBL23402,0.45366308,7894,0,0
CHEMBL34337,0.45366308,7895,0,0
CHEMBL17294,0.45366308,7896,0,0
CHEMBL11603,0.45366308,7897,0,0
CHEMBL37199,0.4535949,7898,0,0
CHEMBL33674,0.4535949,7899,0,0
CHEMBL36615,0.4535949,7900,0,0
CHEMBL4559988,0.4535949,7901,0,0
CHEMBL15142,0.4535949,7902,0,0
CHEMBL3309502,0.4535949,7903,0,0
CHEMBL19753,0.4535949,7904,0,0
CHEMBL30107,0.4535949,7905,0,0
CHEMBL1163438,0.4535949,7906,0,0
CHEMBL441948,0.4535949,7907,0,0
CHEMBL21657,0.45355737,7908,0,0
CHEMBL42283,0.45355737,7909,0,0
CHEMBL24496,0.45355737,7910,0,0
CHEMBL641,0.45355737,7911,0,0
CHEMBL21847,0.45355737,7912,0,0
CHEMBL24963,0.45355737,7913,0,0
CHEMBL6299,0.45355737,7914,0,0
CHEMBL33699,0.4534449,7915,0,0
CHEMBL18955,0.4534449,7916,0,0
CHEMBL7509,0.45332003,7917,0,0
CHEMBL3311457,0.45332003,7918,0,0
CHEMBL12089,0.4530945,7919,0,0
CHEMBL18319,0.4530857,7920,0,0
CHEMBL12566,0.4530857,7921,0,0
CHEMBL23496,0.4530857,7922,0,0
CHEMBL3309487,0.4530857,7923,0,0
CHEMBL4435109,0.4530857,7924,0,0
CHEMBL28876,0.4530857,7925,0,0
CHEMBL17580,0.4530177,7926,0,0
CHEMBL27013,0.45300695,7927,0,0
CHEMBL33865,0.45300695,7928,0,0
CHEMBL4436281,0.45300695,7929,0,0
CHEMBL40493,0.45295182,7930,0,0
CHEMBL3310247,0.45271343,7931,0,0
CHEMBL34786,0.45271343,7932,0,0
CHEMBL22916,0.45271343,7933,0,0
CHEMBL1229050,0.45271343,7934,0,0
CHEMBL38974,0.4524984,7935,0,0
CHEMBL32818,0.4524918,7936,0,0
CHEMBL3310242,0.4524918,7937,0,0
CHEMBL34217,0.4524918,7938,0,0
CHEMBL30312,0.45249125,7939,0,0
CHEMBL20349,0.4524701,7940,0,0
CHEMBL34936,0.4524674,7941,0,0
CHEMBL35046,0.4524674,7942,0,0
CHEMBL3310791,0.4524674,7943,0,0
CHEMBL15493,0.4524674,7944,0,0
CHEMBL27477,0.4524674,7945,0,0
CHEMBL20119,0.4524674,7946,0,0
CHEMBL28696,0.45226434,7947,0,0
CHEMBL41996,0.45207393,7948,0,0
CHEMBL14611,0.45207393,7949,0,0
CHEMBL18387,0.45207393,7950,0,0
CHEMBL21430,0.45207393,7951,0,0
CHEMBL19041,0.45207393,7952,0,0
CHEMBL42335,0.45207393,7953,0,0
CHEMBL25098,0.45192468,7954,0,0
CHEMBL21605,0.45192468,7955,0,0
CHEMBL4435102,0.4518064,7956,0,0
CHEMBL4436488,0.45161483,7957,0,0
CHEMBL4435654,0.45161483,7958,0,0
CHEMBL15877,0.4516012,7959,0,0
CHEMBL552980,0.4516012,7960,0,0
CHEMBL30302,0.4513763,7961,0,0
CHEMBL1077282,0.45107314,7962,0,0
CHEMBL4435043,0.45078996,7963,0,0
CHEMBL28759,0.45066598,7964,0,0
CHEMBL43726,0.4505805,7965,0,0
CHEMBL29608,0.4501748,7966,0,0
CHEMBL31044,0.44963914,7967,0,0
CHEMBL3309661,0.44961196,7968,0,0
CHEMBL4553573,0.44961196,7969,0,0
CHEMBL19675,0.44932786,7970,0,0
CHEMBL18016,0.4493243,7971,0,0
CHEMBL24622,0.44908586,7972,0,0
CHEMBL22861,0.44900674,7973,0,0
CHEMBL10213,0.44890773,7974,0,0
CHEMBL36764,0.44890773,7975,0,0
CHEMBL26770,0.44890773,7976,0,0
CHEMBL25263,0.44880593,7977,0,0
CHEMBL10389,0.44880593,7978,0,0
CHEMBL41336,0.44880593,7979,0,0
CHEMBL1163366,0.44880593,7980,0,0
CHEMBL10833,0.44880593,7981,0,0
CHEMBL4435946,0.4487652,7982,0,0
CHEMBL16048,0.4487123,7983,0,0
CHEMBL23241,0.4487123,7984,0,0
CHEMBL34274,0.44850108,7985,0,0
CHEMBL539714,0.44850108,7986,0,0
CHEMBL11521,0.4483958,7987,0,0
CHEMBL32859,0.44820973,7988,0,0
CHEMBL537860,0.44818813,7989,0,0
CHEMBL25484,0.4481457,7990,0,0
CHEMBL19461,0.44804913,7991,0,0
CHEMBL15928,0.44804913,7992,0,0
CHEMBL13297,0.4477314,7993,0,0
CHEMBL21967,0.4476993,7994,0,0
CHEMBL12240,0.4476993,7995,0,0
CHEMBL16092,0.44754952,7996,0,0
CHEMBL26690,0.44753188,7997,0,0
CHEMBL42163,0.44721988,7998,0,0
CHEMBL19755,0.44708654,7999,0,0
CHEMBL9518,0.44688052,8000,0,0
CHEMBL8606,0.44678003,8001,0,0
CHEMBL37233,0.44660318,8002,0,0
CHEMBL16427,0.44660318,8003,0,0
CHEMBL25219,0.44660318,8004,0,0
CHEMBL4435427,0.44652176,8005,0,0
CHEMBL13636,0.44645792,8006,0,0
CHEMBL34872,0.44645792,8007,0,0
CHEMBL825,0.44645792,8008,0,0
CHEMBL26190,0.4463091,8009,0,0
CHEMBL8950,0.4463091,8010,0,0
CHEMBL40108,0.44623262,8011,0,0
CHEMBL34790,0.4458543,8012,0,0
CHEMBL3310388,0.44582418,8013,0,0
CHEMBL36440,0.4455973,8014,0,0
CHEMBL22164,0.4455973,8015,0,0
CHEMBL3310383,0.4455973,8016,0,0
CHEMBL28189,0.4455973,8017,0,0
CHEMBL23696,0.4455973,8018,0,0
CHEMBL39402,0.4455973,8019,0,0
CHEMBL4116124,0.44547138,8020,0,0
CHEMBL14863,0.44547138,8021,0,0
CHEMBL4436042,0.44547138,8022,0,0
CHEMBL37009,0.44543347,8023,0,0
CHEMBL8408,0.44535443,8024,0,0
CHEMBL4435503,0.44534782,8025,0,0
CHEMBL26294,0.44534782,8026,0,0
CHEMBL34129,0.44534782,8027,0,0
CHEMBL12603,0.44534782,8028,0,0
CHEMBL527,0.44534782,8029,0,0
CHEMBL28057,0.44534782,8030,0,0
CHEMBL37817,0.44534782,8031,0,0
CHEMBL14395,0.44534782,8032,0,0
CHEMBL7325,0.44534782,8033,0,0
CHEMBL10509,0.44534782,8034,0,0
CHEMBL611871,0.44534782,8035,0,0
CHEMBL37443,0.44534782,8036,0,0
CHEMBL539138,0.44534782,8037,0,0
CHEMBL12177,0.44534782,8038,0,0
CHEMBL37046,0.44534782,8039,0,0
CHEMBL16658,0.44534782,8040,0,0
CHEMBL42274,0.44534782,8041,0,0
CHEMBL22785,0.44534782,8042,0,0
CHEMBL42936,0.44534782,8043,0,0
CHEMBL14947,0.44534782,8044,0,0
CHEMBL4436342,0.44526947,8045,0,0
CHEMBL4436169,0.44526947,8046,0,0
CHEMBL21581,0.44526947,8047,0,0
CHEMBL24422,0.44526947,8048,0,0
CHEMBL34185,0.44516292,8049,0,0
CHEMBL10087,0.44509587,8050,0,0
CHEMBL29777,0.44503468,8051,0,0
CHEMBL27252,0.4448369,8052,0,0
CHEMBL22348,0.4446319,8053,0,0
CHEMBL29213,0.4446319,8054,0,0
CHEMBL28964,0.4446319,8055,0,0
CHEMBL4434774,0.444541,8056,0,0
CHEMBL31317,0.44427788,8057,0,0
CHEMBL23904,0.44427788,8058,0,0
CHEMBL18286,0.4442022,8059,0,0
CHEMBL22712,0.4441945,8060,0,0
CHEMBL29100,0.4441945,8061,0,0
CHEMBL12970,0.4441945,8062,0,0
CHEMBL17143,0.4441945,8063,0,0
CHEMBL14573,0.4441945,8064,0,0
CHEMBL25983,0.4441945,8065,0,0
CHEMBL12642,0.4441945,8066,0,0
CHEMBL4435723,0.4441945,8067,0,0
CHEMBL29026,0.4441945,8068,0,0
CHEMBL4434846,0.4441945,8069,0,0
CHEMBL3310677,0.4441945,8070,0,0
CHEMBL552187,0.444176,8071,0,0
CHEMBL17631,0.4441616,8072,0,0
CHEMBL4543450,0.44397992,8073,0,0
CHEMBL41200,0.44328868,8074,0,0
CHEMBL36336,0.44326296,8075,0,0
CHEMBL11351,0.4428167,8076,0,0
CHEMBL8943,0.4428167,8077,0,0
CHEMBL24979,0.44279346,8078,0,0
CHEMBL22457,0.44279346,8079,0,0
CHEMBL38034,0.44279346,8080,0,0
CHEMBL1163133,0.44279346,8081,0,0
CHEMBL11311,0.4425163,8082,0,0
CHEMBL4434749,0.44218832,8083,0,0
CHEMBL4434653,0.44197926,8084,0,0
CHEMBL33325,0.44197926,8085,0,0
CHEMBL38341,0.44197926,8086,0,0
CHEMBL7136,0.44186112,8087,0,0
CHEMBL17836,0.4417893,8088,0,0
CHEMBL41912,0.4417893,8089,0,0
CHEMBL9739,0.4417893,8090,0,0
CHEMBL14143,0.4417486,8091,0,0
CHEMBL9582,0.44135487,8092,0,0
CHEMBL9507,0.44135487,8093,0,0
CHEMBL3309271,0.44135487,8094,0,0
CHEMBL27891,0.44135487,8095,0,0
CHEMBL30059,0.44106516,8096,0,0
CHEMBL17141,0.44106516,8097,0,0
CHEMBL3311393,0.4410231,8098,0,0
CHEMBL21661,0.4410231,8099,0,0
CHEMBL28448,0.44100675,8100,0,0
CHEMBL6628,0.44100675,8101,0,0
CHEMBL7477,0.44100675,8102,0,0
CHEMBL4434721,0.44100675,8103,0,0
CHEMBL33281,0.44100675,8104,0,0
CHEMBL33539,0.44100675,8105,0,0
CHEMBL28076,0.44096896,8106,0,0
CHEMBL26363,0.44087675,8107,0,0
CHEMBL38464,0.44051328,8108,0,0
CHEMBL9595,0.4405056,8109,0,0
CHEMBL1163330,0.4405056,8110,0,0
CHEMBL40924,0.4405056,8111,0,0
CHEMBL32330,0.4405056,8112,0,0
CHEMBL42002,0.4405056,8113,0,0
CHEMBL22698,0.4405056,8114,0,0
CHEMBL8238,0.4405056,8115,0,0
CHEMBL15335,0.4405056,8116,0,0
CHEMBL19983,0.44045278,8117,0,0
CHEMBL4436344,0.44027856,8118,0,0
CHEMBL39075,0.44027504,8119,0,0
CHEMBL17805,0.43998587,8120,0,0
CHEMBL4435539,0.43961376,8121,0,0
CHEMBL19195,0.43948084,8122,0,0
CHEMBL12853,0.43925706,8123,0,0
CHEMBL20108,0.43925706,8124,0,0
CHEMBL33165,0.43925706,8125,0,0
CHEMBL29166,0.43925706,8126,0,0
CHEMBL31923,0.43925706,8127,0,0
CHEMBL24881,0.43925706,8128,0,0
CHEMBL42607,0.43925706,8129,0,0
CHEMBL11583,0.43925706,8130,0,0
CHEMBL25168,0.43925706,8131,0,0
CHEMBL36385,0.43925706,8132,0,0
CHEMBL13162,0.43925706,8133,0,0
CHEMBL4436498,0.43925706,8134,0,0
CHEMBL37555,0.43925706,8135,0,0
CHEMBL12949,0.43925706,8136,0,0
CHEMBL24156,0.43925706,8137,0,0
CHEMBL4560043,0.43925706,8138,0,0
CHEMBL29418,0.43925706,8139,0,0
CHEMBL4303796,0.43925706,8140,0,0
CHEMBL8334,0.43925706,8141,0,0
CHEMBL21464,0.43925706,8142,0,0
CHEMBL26682,0.43925706,8143,0,0
CHEMBL19710,0.43925706,8144,0,0
CHEMBL36450,0.43925706,8145,0,0
CHEMBL37271,0.43925706,8146,0,0
CHEMBL25705,0.43925706,8147,0,0
CHEMBL4435388,0.43925706,8148,0,0
CHEMBL4436291,0.43925706,8149,0,0
CHEMBL659,0.43925706,8150,0,0
CHEMBL16027,0.43925706,8151,0,0
CHEMBL10241,0.43925706,8152,0,0
CHEMBL29330,0.43925706,8153,0,0
CHEMBL8296,0.43925706,8154,0,0
CHEMBL7822,0.43925706,8155,0,0
CHEMBL12842,0.43925706,8156,0,0
CHEMBL19745,0.43925706,8157,0,0
CHEMBL155656,0.43925706,8158,0,0
CHEMBL20124,0.43925706,8159,0,0
CHEMBL26416,0.43925706,8160,0,0
CHEMBL509348,0.43925706,8161,0,0
CHEMBL7504,0.43925706,8162,0,0
CHEMBL38493,0.43925706,8163,0,0
CHEMBL1163192,0.43925706,8164,0,0
CHEMBL19243,0.43925706,8165,0,0
CHEMBL27221,0.43925706,8166,0,0
CHEMBL26752,0.43925706,8167,0,0
CHEMBL34821,0.43925706,8168,0,0
CHEMBL31445,0.43925706,8169,0,0
CHEMBL40041,0.43925706,8170,0,0
CHEMBL6587,0.43925706,8171,0,0
CHEMBL12932,0.43925706,8172,0,0
CHEMBL36003,0.43925706,8173,0,0
CHEMBL16614,0.43925706,8174,0,0
CHEMBL36111,0.43925706,8175,0,0
CHEMBL20819,0.43925706,8176,0,0
CHEMBL23573,0.43925706,8177,0,0
CHEMBL34996,0.43925706,8178,0,0
CHEMBL4553592,0.43925706,8179,0,0
CHEMBL19775,0.43925706,8180,0,0
CHEMBL6827,0.43925706,8181,0,0
CHEMBL3310610,0.43925706,8182,0,0
CHEMBL20719,0.43925706,8183,0,0
CHEMBL40178,0.43925706,8184,0,0
CHEMBL37624,0.43925706,8185,0,0
CHEMBL6999,0.43925706,8186,0,0
CHEMBL18696,0.43925706,8187,0,0
CHEMBL18769,0.43925706,8188,0,0
CHEMBL9883,0.43925706,8189,0,0
CHEMBL1160429,0.43925706,8190,0,0
CHEMBL31047,0.43925706,8191,0,0
CHEMBL22220,0.43925706,8192,0,0
CHEMBL12668,0.43925706,8193,0,0
CHEMBL33815,0.43924767,8194,0,0
CHEMBL9440,0.43919405,8195,0,0
CHEMBL32375,0.43892205,8196,0,0
CHEMBL26368,0.43891957,8197,0,0
CHEMBL3309816,0.43887347,8198,0,0
CHEMBL4543574,0.43845478,8199,0,0
CHEMBL17187,0.43833894,8200,0,0
CHEMBL30680,0.43833894,8201,0,0
CHEMBL39175,0.43826097,8202,0,0
CHEMBL38865,0.43826097,8203,0,0
CHEMBL35226,0.43826097,8204,0,0
CHEMBL41027,0.43826097,8205,0,0
CHEMBL16931,0.43826097,8206,0,0
CHEMBL27095,0.43826097,8207,0,0
CHEMBL19811,0.43826097,8208,0,0
CHEMBL37906,0.43810844,8209,0,0
CHEMBL4543357,0.43810844,8210,0,0
CHEMBL21346,0.43810844,8211,0,0
CHEMBL33871,0.43810844,8212,0,0
CHEMBL37976,0.43810844,8213,0,0
CHEMBL708,0.43810844,8214,0,0
CHEMBL10377,0.43810844,8215,0,0
CHEMBL18918,0.43810844,8216,0,0
CHEMBL4543421,0.43809733,8217,0,0
CHEMBL23637,0.4379349,8218,0,0
CHEMBL33988,0.43789375,8219,0,0
CHEMBL9164,0.43760073,8220,0,0
CHEMBL9733,0.4375215,8221,0,0
CHEMBL32778,0.4375014,8222,0,0
CHEMBL7749,0.4375014,8223,0,0
CHEMBL24473,0.4375014,8224,0,0
CHEMBL21278,0.4375014,8225,0,0
CHEMBL17031,0.43745303,8226,0,0
CHEMBL4435479,0.43736124,8227,0,0
CHEMBL26543,0.43680403,8228,0,0
CHEMBL38968,0.436798,8229,0,0
CHEMBL1199671,0.43668967,8230,0,0
CHEMBL25150,0.43668967,8231,0,0
CHEMBL3310390,0.43641856,8232,0,0
CHEMBL35101,0.436383,8233,0,0
CHEMBL12764,0.4363627,8234,0,0
CHEMBL16795,0.4363123,8235,0,0
CHEMBL558744,0.4362617,8236,0,0
CHEMBL40662,0.43622208,8237,0,0
CHEMBL42038,0.43620384,8238,0,0
CHEMBL35364,0.43610823,8239,0,0
CHEMBL41454,0.43610823,8240,0,0
CHEMBL36756,0.43610823,8241,0,0
CHEMBL37992,0.43610823,8242,0,0
CHEMBL43590,0.43610823,8243,0,0
CHEMBL6236,0.43610823,8244,0,0
CHEMBL4559956,0.43610823,8245,0,0
CHEMBL31100,0.43610823,8246,0,0
CHEMBL4435696,0.43610823,8247,0,0
CHEMBL3309697,0.43610823,8248,0,0
CHEMBL28842,0.43610823,8249,0,0
CHEMBL25810,0.43610823,8250,0,0
CHEMBL13186,0.43607694,8251,0,0
CHEMBL23752,0.43607694,8252,0,0
CHEMBL32347,0.43598795,8253,0,0
CHEMBL11198,0.4358165,8254,0,0
CHEMBL444368,0.4356909,8255,0,0
CHEMBL25556,0.4356263,8256,0,0
CHEMBL28780,0.43560565,8257,0,0
CHEMBL14976,0.43560565,8258,0,0
CHEMBL26964,0.43560565,8259,0,0
CHEMBL33796,0.43541592,8260,0,0
CHEMBL4435105,0.43541592,8261,0,0
CHEMBL38095,0.43541592,8262,0,0
CHEMBL15262,0.43541592,8263,0,0
CHEMBL22668,0.43541592,8264,0,0
CHEMBL38670,0.43541592,8265,0,0
CHEMBL28818,0.43541592,8266,0,0
CHEMBL12811,0.43541592,8267,0,0
CHEMBL23521,0.43538645,8268,0,0
CHEMBL10246,0.43538645,8269,0,0
CHEMBL8747,0.43538645,8270,0,0
CHEMBL28019,0.43528178,8271,0,0
CHEMBL24827,0.43524793,8272,0,0
CHEMBL421,0.43524793,8273,0,0
CHEMBL4435916,0.4352212,8274,0,0
CHEMBL43641,0.4352212,8275,0,0
CHEMBL31102,0.4352212,8276,0,0
CHEMBL17304,0.4350791,8277,0,0
CHEMBL1163481,0.43500993,8278,0,0
CHEMBL15842,0.43473968,8279,0,0
CHEMBL16987,0.43472746,8280,0,0
CHEMBL30350,0.43468732,8281,0,0
CHEMBL27017,0.43468732,8282,0,0
CHEMBL29597,0.43468732,8283,0,0
CHEMBL13176,0.43468732,8284,0,0
CHEMBL11415,0.43468732,8285,0,0
CHEMBL18174,0.43468732,8286,0,0
CHEMBL29497,0.43468732,8287,0,0
CHEMBL41560,0.43468732,8288,0,0
CHEMBL24029,0.43468732,8289,0,0
CHEMBL1077381,0.43468732,8290,0,0
CHEMBL20352,0.43468732,8291,0,0
CHEMBL29549,0.43468732,8292,0,0
CHEMBL39771,0.43468732,8293,0,0
CHEMBL30352,0.43468732,8294,0,0
CHEMBL16154,0.43468732,8295,0,0
CHEMBL15590,0.43468732,8296,0,0
CHEMBL35802,0.43468732,8297,0,0
CHEMBL12750,0.43468732,8298,0,0
CHEMBL6258,0.43468732,8299,0,0
CHEMBL30999,0.43468732,8300,0,0
CHEMBL42537,0.43468732,8301,0,0
CHEMBL36724,0.43468732,8302,0,0
CHEMBL40116,0.43468732,8303,0,0
CHEMBL31928,0.43468732,8304,0,0
CHEMBL506642,0.43468732,8305,0,0
CHEMBL38016,0.43468732,8306,0,0
CHEMBL21304,0.43468732,8307,0,0
CHEMBL38571,0.43468732,8308,0,0
CHEMBL31221,0.43468732,8309,0,0
CHEMBL12006,0.43468732,8310,0,0
CHEMBL30733,0.43468732,8311,0,0
CHEMBL20493,0.43468732,8312,0,0
CHEMBL4543364,0.43468732,8313,0,0
CHEMBL16486,0.43468732,8314,0,0
CHEMBL37197,0.43468732,8315,0,0
CHEMBL34948,0.43468732,8316,0,0
CHEMBL20405,0.43468732,8317,0,0
CHEMBL19699,0.43468732,8318,0,0
CHEMBL42680,0.43468732,8319,0,0
CHEMBL16045,0.43468732,8320,0,0
CHEMBL32290,0.43468732,8321,0,0
CHEMBL16401,0.43468732,8322,0,0
CHEMBL42501,0.43468732,8323,0,0
CHEMBL11475,0.43468732,8324,0,0
CHEMBL1096337,0.43468732,8325,0,0
CHEMBL4543204,0.43468732,8326,0,0
CHEMBL4543243,0.43468732,8327,0,0
CHEMBL7408,0.43468732,8328,0,0
CHEMBL41054,0.43468732,8329,0,0
CHEMBL606,0.43468732,8330,0,0
CHEMBL13358,0.43468732,8331,0,0
CHEMBL37549,0.43468732,8332,0,0
CHEMBL42106,0.43468732,8333,0,0
CHEMBL27659,0.43468732,8334,0,0
CHEMBL39016,0.43468732,8335,0,0
CHEMBL4436550,0.43468732,8336,0,0
CHEMBL23004,0.43468732,8337,0,0
CHEMBL15825,0.43468732,8338,0,0
CHEMBL13348,0.43468732,8339,0,0
CHEMBL12446,0.43468732,8340,0,0
CHEMBL12443,0.43468732,8341,0,0
CHEMBL7057,0.43468732,8342,0,0
CHEMBL25060,0.43468732,8343,0,0
CHEMBL30140,0.43468732,8344,0,0
CHEMBL28481,0.43468732,8345,0,0
CHEMBL30558,0.43468732,8346,0,0
CHEMBL22039,0.43468732,8347,0,0
CHEMBL37796,0.43468732,8348,0,0
CHEMBL32874,0.43468732,8349,0,0
CHEMBL32893,0.43468732,8350,0,0
CHEMBL32860,0.43468732,8351,0,0
CHEMBL30222,0.43468732,8352,0,0
CHEMBL31439,0.43468732,8353,0,0
CHEMBL3310443,0.43468732,8354,0,0
CHEMBL4435416,0.43468732,8355,0,0
CHEMBL4435051,0.43468732,8356,0,0
CHEMBL15075,0.43468732,8357,0,0
CHEMBL15078,0.43468732,8358,0,0
CHEMBL13433,0.43468732,8359,0,0
CHEMBL21035,0.43468732,8360,0,0
CHEMBL41852,0.43468732,8361,0,0
CHEMBL3310684,0.43468732,8362,0,0
CHEMBL30282,0.43468732,8363,0,0
CHEMBL27811,0.43468732,8364,0,0
CHEMBL3309692,0.43451846,8365,0,0
CHEMBL39563,0.43451846,8366,0,0
CHEMBL31386,0.43442944,8367,0,0
CHEMBL17076,0.43442944,8368,0,0
CHEMBL30330,0.43442944,8369,0,0
CHEMBL9286,0.43440226,8370,0,0
CHEMBL33795,0.43440226,8371,0,0
CHEMBL24713,0.43438596,8372,0,0
CHEMBL4543440,0.43438596,8373,0,0
CHEMBL15223,0.43437612,8374,0,0
CHEMBL17396,0.43436626,8375,0,0
CHEMBL781,0.43428695,8376,0,0
CHEMBL31760,0.43412223,8377,0,0
CHEMBL15675,0.43393117,8378,0,0
CHEMBL20910,0.43393117,8379,0,0
CHEMBL8683,0.43393117,8380,0,0
CHEMBL31403,0.43393117,8381,0,0
CHEMBL31098,0.43393117,8382,0,0
CHEMBL37019,0.43393117,8383,0,0
CHEMBL28416,0.43393117,8384,0,0
CHEMBL39177,0.43393117,8385,0,0
CHEMBL13180,0.43393117,8386,0,0
CHEMBL7166,0.43393117,8387,0,0
CHEMBL17931,0.43383062,8388,0,0
CHEMBL12835,0.43383062,8389,0,0
CHEMBL9862,0.43383062,8390,0,0
CHEMBL40298,0.43383062,8391,0,0
CHEMBL20729,0.43383062,8392,0,0
CHEMBL4543183,0.43383062,8393,0,0
CHEMBL4435890,0.43383062,8394,0,0
CHEMBL41397,0.43383062,8395,0,0
CHEMBL20845,0.43383062,8396,0,0
CHEMBL17609,0.43383062,8397,0,0
CHEMBL17657,0.43383062,8398,0,0
CHEMBL14473,0.43383062,8399,0,0
CHEMBL29596,0.43383062,8400,0,0
CHEMBL39081,0.43383062,8401,0,0
CHEMBL15971,0.43383062,8402,0,0
CHEMBL18605,0.43383062,8403,0,0
CHEMBL34291,0.43383062,8404,0,0
CHEMBL23054,0.43383062,8405,0,0
CHEMBL11474,0.43383062,8406,0,0
CHEMBL8895,0.43383062,8407,0,0
CHEMBL540674,0.43383062,8408,0,0
CHEMBL7135,0.43383062,8409,0,0
CHEMBL15876,0.43383062,8410,0,0
CHEMBL28895,0.43383062,8411,0,0
CHEMBL3309588,0.43383062,8412,0,0
CHEMBL19694,0.43383062,8413,0,0
CHEMBL154360,0.43383062,8414,0,0
CHEMBL19374,0.43383062,8415,0,0
CHEMBL8754,0.43383062,8416,0,0
CHEMBL19729,0.43383062,8417,0,0
CHEMBL15325,0.43383062,8418,0,0
CHEMBL7715,0.43383062,8419,0,0
CHEMBL24525,0.43383062,8420,0,0
CHEMBL36612,0.43383062,8421,0,0
CHEMBL26309,0.43383062,8422,0,0
CHEMBL18498,0.43383062,8423,0,0
CHEMBL9328,0.43383062,8424,0,0
CHEMBL553,0.43383062,8425,0,0
CHEMBL12208,0.43383062,8426,0,0
CHEMBL10711,0.43383062,8427,0,0
CHEMBL6295,0.43383062,8428,0,0
CHEMBL36109,0.43383062,8429,0,0
CHEMBL34665,0.43383062,8430,0,0
CHEMBL38813,0.43383062,8431,0,0
CHEMBL3311145,0.43383062,8432,0,0
CHEMBL37544,0.43383062,8433,0,0
CHEMBL18313,0.43383062,8434,0,0
CHEMBL18995,0.43383062,8435,0,0
CHEMBL32409,0.43383062,8436,0,0
CHEMBL11245,0.43383062,8437,0,0
CHEMBL13468,0.43383062,8438,0,0
CHEMBL21494,0.43383062,8439,0,0
CHEMBL4553640,0.43383062,8440,0,0
CHEMBL26834,0.43383062,8441,0,0
CHEMBL33685,0.43383062,8442,0,0
CHEMBL13264,0.43383062,8443,0,0
CHEMBL16298,0.43383062,8444,0,0
CHEMBL4436474,0.433809,8445,0,0
CHEMBL34576,0.433809,8446,0,0
CHEMBL31681,0.433809,8447,0,0
CHEMBL23891,0.43351007,8448,0,0
CHEMBL4435312,0.43282646,8449,0,0
CHEMBL32589,0.4328037,8450,0,0
CHEMBL42086,0.4328037,8451,0,0
CHEMBL13235,0.4328037,8452,0,0
CHEMBL6440,0.4328037,8453,0,0
CHEMBL10756,0.4328037,8454,0,0
CHEMBL3310406,0.4328037,8455,0,0
CHEMBL1095033,0.4328037,8456,0,0
CHEMBL32412,0.4328037,8457,0,0
CHEMBL23212,0.4328037,8458,0,0
CHEMBL38157,0.4328037,8459,0,0
CHEMBL19189,0.4328037,8460,0,0
CHEMBL35342,0.4328037,8461,0,0
CHEMBL41029,0.4328037,8462,0,0
CHEMBL27886,0.4328037,8463,0,0
CHEMBL7108,0.4328037,8464,0,0
CHEMBL31072,0.4328037,8465,0,0
CHEMBL15879,0.4328037,8466,0,0
CHEMBL8734,0.4328037,8467,0,0
CHEMBL21011,0.4328037,8468,0,0
CHEMBL33677,0.4328037,8469,0,0
CHEMBL35059,0.4328037,8470,0,0
CHEMBL26102,0.4328037,8471,0,0
CHEMBL3309582,0.4328037,8472,0,0
CHEMBL10773,0.4328037,8473,0,0
CHEMBL27502,0.4328037,8474,0,0
CHEMBL15665,0.4328037,8475,0,0
CHEMBL23299,0.4328037,8476,0,0
CHEMBL19192,0.4328037,8477,0,0
CHEMBL41217,0.4328037,8478,0,0
CHEMBL21823,0.4328037,8479,0,0
CHEMBL4543409,0.4328037,8480,0,0
CHEMBL14314,0.4328037,8481,0,0
CHEMBL19265,0.4328037,8482,0,0
CHEMBL3311001,0.4328037,8483,0,0
CHEMBL6826,0.4328037,8484,0,0
CHEMBL3310990,0.4328037,8485,0,0
CHEMBL19310,0.4328037,8486,0,0
CHEMBL4434805,0.4328037,8487,0,0
CHEMBL31337,0.4328037,8488,0,0
CHEMBL16429,0.4328037,8489,0,0
CHEMBL19932,0.4328037,8490,0,0
CHEMBL17899,0.4328037,8491,0,0
CHEMBL17886,0.4328037,8492,0,0
CHEMBL18993,0.4328037,8493,0,0
CHEMBL8948,0.4328037,8494,0,0
CHEMBL21899,0.4328037,8495,0,0
CHEMBL22665,0.4328037,8496,0,0
CHEMBL35419,0.4328037,8497,0,0
CHEMBL31591,0.43270212,8498,0,0
CHEMBL17433,0.43249932,8499,0,0
CHEMBL14981,0.43247876,8500,0,0
CHEMBL42318,0.4323377,8501,0,0
CHEMBL4116114,0.4323377,8502,0,0
CHEMBL16629,0.4322492,8503,0,0
CHEMBL32054,0.4322492,8504,0,0
CHEMBL21392,0.4322492,8505,0,0
CHEMBL41403,0.43224525,8506,0,0
CHEMBL20366,0.43219975,8507,0,0
CHEMBL11098,0.432113,8508,0,0
CHEMBL42058,0.432113,8509,0,0
CHEMBL1207940,0.43199766,8510,0,0
CHEMBL13712,0.4318144,8511,0,0
CHEMBL28089,0.4318144,8512,0,0
CHEMBL4543215,0.4318144,8513,0,0
CHEMBL25351,0.43179548,8514,0,0
CHEMBL1171953,0.43174204,8515,0,0
CHEMBL42527,0.43174204,8516,0,0
CHEMBL3310396,0.43174204,8517,0,0
CHEMBL10815,0.43174204,8518,0,0
CHEMBL3309544,0.43174204,8519,0,0
CHEMBL19003,0.43155277,8520,0,0
CHEMBL34839,0.43155122,8521,0,0
CHEMBL4436016,0.43155122,8522,0,0
CHEMBL30432,0.43155122,8523,0,0
CHEMBL10573,0.43152097,8524,0,0
CHEMBL34034,0.43150327,8525,0,0
CHEMBL23784,0.43150327,8526,0,0
CHEMBL3309320,0.43150327,8527,0,0
CHEMBL10667,0.43150327,8528,0,0
CHEMBL27018,0.43150327,8529,0,0
CHEMBL39358,0.43150327,8530,0,0
CHEMBL15559,0.43150327,8531,0,0
CHEMBL9959,0.43150327,8532,0,0
CHEMBL9954,0.43150327,8533,0,0
CHEMBL22327,0.43150327,8534,0,0
CHEMBL35692,0.43150327,8535,0,0
CHEMBL31831,0.43150327,8536,0,0
CHEMBL31654,0.43150327,8537,0,0
CHEMBL9548,0.43150327,8538,0,0
CHEMBL3309596,0.43150327,8539,0,0
CHEMBL40078,0.43150327,8540,0,0
CHEMBL9671,0.43150327,8541,0,0
CHEMBL3309618,0.43150327,8542,0,0
CHEMBL34006,0.43150327,8543,0,0
CHEMBL40020,0.43150327,8544,0,0
CHEMBL43016,0.43150327,8545,0,0
CHEMBL33437,0.43150327,8546,0,0
CHEMBL42067,0.43150327,8547,0,0
CHEMBL21871,0.43150327,8548,0,0
CHEMBL13486,0.43150327,8549,0,0
CHEMBL35649,0.43150327,8550,0,0
CHEMBL621,0.43150327,8551,0,0
CHEMBL25723,0.43150327,8552,0,0
CHEMBL37358,0.43150327,8553,0,0
CHEMBL9453,0.43150327,8554,0,0
CHEMBL35607,0.43150327,8555,0,0
CHEMBL4434657,0.43150327,8556,0,0
CHEMBL41388,0.43150327,8557,0,0
CHEMBL12551,0.43150327,8558,0,0
CHEMBL28833,0.43150327,8559,0,0
CHEMBL25931,0.43150327,8560,0,0
CHEMBL32329,0.43150327,8561,0,0
CHEMBL4435409,0.43150327,8562,0,0
CHEMBL33612,0.43150327,8563,0,0
CHEMBL42078,0.43150327,8564,0,0
CHEMBL36209,0.43150327,8565,0,0
CHEMBL28186,0.43150327,8566,0,0
CHEMBL33977,0.43150327,8567,0,0
CHEMBL264812,0.43150327,8568,0,0
CHEMBL4553558,0.43150327,8569,0,0
CHEMBL24701,0.43150327,8570,0,0
CHEMBL37062,0.43150327,8571,0,0
CHEMBL16825,0.43150327,8572,0,0
CHEMBL17093,0.43150327,8573,0,0
CHEMBL4435276,0.43150327,8574,0,0
CHEMBL31379,0.43150327,8575,0,0
CHEMBL31419,0.43150327,8576,0,0
CHEMBL36457,0.43149397,8577,0,0
CHEMBL27914,0.43149397,8578,0,0
CHEMBL4116141,0.43149397,8579,0,0
CHEMBL17676,0.43149397,8580,0,0
CHEMBL37342,0.43123105,8581,0,0
CHEMBL34563,0.43123105,8582,0,0
CHEMBL9730,0.4310861,8583,0,0
CHEMBL28544,0.43072256,8584,0,0
CHEMBL19547,0.43062863,8585,0,0
CHEMBL4543264,0.43041256,8586,0,0
CHEMBL40358,0.43035153,8587,0,0
CHEMBL19690,0.430311,8588,0,0
CHEMBL16657,0.430311,8589,0,0
CHEMBL4436449,0.430311,8590,0,0
CHEMBL1096822,0.430311,8591,0,0
CHEMBL17695,0.430311,8592,0,0
CHEMBL16409,0.430311,8593,0,0
CHEMBL29799,0.430311,8594,0,0
CHEMBL12988,0.430311,8595,0,0
CHEMBL14069,0.430311,8596,0,0
CHEMBL36822,0.430311,8597,0,0
CHEMBL6475,0.430311,8598,0,0
CHEMBL12869,0.430311,8599,0,0
CHEMBL42526,0.430311,8600,0,0
CHEMBL37155,0.430311,8601,0,0
CHEMBL8445,0.43025944,8602,0,0
CHEMBL42409,0.43025944,8603,0,0
CHEMBL8558,0.43025944,8604,0,0
CHEMBL38622,0.4301305,8605,0,0
CHEMBL36647,0.4301305,8606,0,0
CHEMBL3309987,0.4301305,8607,0,0
CHEMBL28717,0.4301305,8608,0,0
CHEMBL37433,0.4301305,8609,0,0
CHEMBL39198,0.43012998,8610,0,0
CHEMBL4543319,0.43004733,8611,0,0
CHEMBL10560,0.43001232,8612,0,0
CHEMBL16665,0.4299572,8613,0,0
CHEMBL29395,0.42968422,8614,0,0
CHEMBL39601,0.42966312,8615,0,0
CHEMBL18556,0.429596,8616,0,0
CHEMBL4434751,0.42948368,8617,0,0
CHEMBL14747,0.42946908,8618,0,0
CHEMBL20542,0.42946908,8619,0,0
CHEMBL8105,0.42946908,8620,0,0
CHEMBL17926,0.42946908,8621,0,0
CHEMBL9818,0.4293539,8622,0,0
CHEMBL23468,0.4293539,8623,0,0
CHEMBL12806,0.4293539,8624,0,0
CHEMBL21136,0.42934394,8625,0,0
CHEMBL38939,0.4292647,8626,0,0
CHEMBL7433,0.42926136,8627,0,0
CHEMBL29112,0.42912853,8628,0,0
CHEMBL29551,0.42912292,8629,0,0
CHEMBL33351,0.42897317,8630,0,0
CHEMBL35895,0.42897317,8631,0,0
CHEMBL39946,0.42897317,8632,0,0
CHEMBL34120,0.42897317,8633,0,0
CHEMBL3310906,0.42897317,8634,0,0
CHEMBL10070,0.42897317,8635,0,0
CHEMBL11040,0.42897317,8636,0,0
CHEMBL16877,0.42897317,8637,0,0
CHEMBL16589,0.42897317,8638,0,0
CHEMBL11515,0.42897317,8639,0,0
CHEMBL15227,0.4288936,8640,0,0
CHEMBL24131,0.42888734,8641,0,0
CHEMBL11918,0.4284743,8642,0,0
CHEMBL11749,0.4284743,8643,0,0
CHEMBL39943,0.4284743,8644,0,0
CHEMBL22868,0.4284743,8645,0,0
CHEMBL21336,0.4284743,8646,0,0
CHEMBL10049,0.4284743,8647,0,0
CHEMBL19201,0.4284743,8648,0,0
CHEMBL41573,0.4284743,8649,0,0
CHEMBL40272,0.4284743,8650,0,0
CHEMBL4553609,0.4284743,8651,0,0
CHEMBL12141,0.4284743,8652,0,0
CHEMBL14923,0.4284743,8653,0,0
CHEMBL22922,0.4284743,8654,0,0
CHEMBL8475,0.4284743,8655,0,0
CHEMBL37658,0.4284743,8656,0,0
CHEMBL14794,0.4284743,8657,0,0
CHEMBL4435335,0.42836753,8658,0,0
CHEMBL22579,0.42836753,8659,0,0
CHEMBL21596,0.42835182,8660,0,0
CHEMBL31583,0.42835182,8661,0,0
CHEMBL21414,0.42835182,8662,0,0
CHEMBL9490,0.428311,8663,0,0
CHEMBL15288,0.428311,8664,0,0
CHEMBL7950,0.42830655,8665,0,0
CHEMBL38942,0.4282001,8666,0,0
CHEMBL11787,0.42817518,8667,0,0
CHEMBL37777,0.42817518,8668,0,0
CHEMBL33404,0.42817518,8669,0,0
CHEMBL36268,0.4278189,8670,0,0
CHEMBL22389,0.4278189,8671,0,0
CHEMBL11670,0.4278189,8672,0,0
CHEMBL4434886,0.42768925,8673,0,0
CHEMBL42031,0.4275182,8674,0,0
CHEMBL27816,0.4275182,8675,0,0
CHEMBL40629,0.42676443,8676,0,0
CHEMBL41897,0.4267168,8677,0,0
CHEMBL14930,0.4267168,8678,0,0
CHEMBL39741,0.42647427,8679,0,0
CHEMBL27187,0.42618397,8680,0,0
CHEMBL12797,0.42614117,8681,0,0
CHEMBL10258,0.42614117,8682,0,0
CHEMBL1163371,0.42614117,8683,0,0
CHEMBL3309295,0.42614117,8684,0,0
CHEMBL505806,0.42614117,8685,0,0
CHEMBL32918,0.4259949,8686,0,0
CHEMBL14708,0.42595366,8687,0,0
CHEMBL574027,0.42580876,8688,0,0
CHEMBL40769,0.42580876,8689,0,0
CHEMBL4543528,0.4258015,8690,0,0
CHEMBL4435492,0.42577583,8691,0,0
CHEMBL17177,0.42559615,8692,0,0
CHEMBL41194,0.42559615,8693,0,0
CHEMBL39874,0.42549938,8694,0,0
CHEMBL26241,0.42549938,8695,0,0
CHEMBL24949,0.42549938,8696,0,0
CHEMBL22293,0.42549938,8697,0,0
CHEMBL38242,0.4254363,8698,0,0
CHEMBL10808,0.42522204,8699,0,0
CHEMBL15222,0.42515114,8700,0,0
CHEMBL40666,0.4250228,8701,0,0
CHEMBL22087,0.4247331,8702,0,0
CHEMBL6729,0.4244742,8703,0,0
CHEMBL24898,0.4244742,8704,0,0
CHEMBL16816,0.4244742,8705,0,0
CHEMBL40693,0.4244742,8706,0,0
CHEMBL23292,0.4244742,8707,0,0
CHEMBL4435900,0.4244742,8708,0,0
CHEMBL17469,0.4244742,8709,0,0
CHEMBL4435852,0.4244742,8710,0,0
CHEMBL40076,0.42440966,8711,0,0
CHEMBL8010,0.4241531,8712,0,0
CHEMBL1163532,0.42393437,8713,0,0
CHEMBL41385,0.42393437,8714,0,0
CHEMBL9541,0.42393437,8715,0,0
CHEMBL4436508,0.42393437,8716,0,0
CHEMBL16951,0.42393437,8717,0,0
CHEMBL3310411,0.42393437,8718,0,0
CHEMBL11560,0.42393437,8719,0,0
CHEMBL40256,0.42393437,8720,0,0
CHEMBL14284,0.42378923,8721,0,0
CHEMBL30368,0.42353535,8722,0,0
CHEMBL4434982,0.42337695,8723,0,0
CHEMBL7247,0.4232289,8724,0,0
CHEMBL573078,0.4232141,8725,0,0
CHEMBL30800,0.4231323,8726,0,0
CHEMBL7873,0.4231323,8727,0,0
CHEMBL37277,0.4229917,8728,0,0
CHEMBL29859,0.4229443,8729,0,0
CHEMBL24418,0.4229443,8730,0,0
CHEMBL40893,0.4228436,8731,0,0
CHEMBL4543479,0.4228436,8732,0,0
CHEMBL18798,0.4228436,8733,0,0
CHEMBL42862,0.4228436,8734,0,0
CHEMBL19291,0.4228436,8735,0,0
CHEMBL592393,0.42278844,8736,0,0
CHEMBL3310317,0.4224918,8737,0,0
CHEMBL25788,0.42244983,8738,0,0
CHEMBL8850,0.4224049,8739,0,0
CHEMBL13158,0.4224049,8740,0,0
CHEMBL19707,0.4224049,8742,0,0
CHEMBL4436360,0.4224049,8743,0,0
CHEMBL31974,0.42225298,8744,0,0
CHEMBL9860,0.42225298,8745,0,0
CHEMBL42020,0.42225298,8746,0,0
CHEMBL1222790,0.42177963,8747,0,0
CHEMBL30925,0.42177963,8748,0,0
CHEMBL25611,0.42177963,8749,0,0
CHEMBL4436553,0.42168027,8750,0,0
CHEMBL4543525,0.42165896,8751,0,0
CHEMBL24244,0.42165896,8752,0,0
CHEMBL22157,0.42165896,8753,0,0
CHEMBL30716,0.42165896,8754,0,0
CHEMBL22113,0.42165896,8755,0,0
CHEMBL4435909,0.42165896,8756,0,0
CHEMBL40351,0.42162243,8757,0,0
CHEMBL36719,0.42162243,8758,0,0
CHEMBL13747,0.42162243,8759,0,0
CHEMBL22836,0.42162243,8760,0,0
CHEMBL16072,0.42162243,8761,0,0
CHEMBL3311184,0.42162243,8762,0,0
CHEMBL34030,0.42162243,8763,0,0
CHEMBL21930,0.4215214,8764,0,0
CHEMBL12127,0.42115283,8765,0,0
CHEMBL4434837,0.42113853,8766,0,0
CHEMBL12744,0.4208115,8767,0,0
CHEMBL20977,0.42071486,8768,0,0
CHEMBL539748,0.42062575,8769,0,0
CHEMBL38141,0.42028564,8770,0,0
CHEMBL28616,0.42028564,8771,0,0
CHEMBL38170,0.42028564,8772,0,0
CHEMBL530730,0.42028147,8773,0,0
CHEMBL42711,0.42028147,8774,0,0
CHEMBL23711,0.42028147,8775,0,0
CHEMBL4434825,0.42028147,8776,0,0
CHEMBL4434916,0.42028147,8777,0,0
CHEMBL14272,0.42028147,8778,0,0
CHEMBL33681,0.42028147,8779,0,0
CHEMBL34863,0.42028147,8780,0,0
CHEMBL33357,0.42028147,8781,0,0
CHEMBL25236,0.42028147,8782,0,0
CHEMBL4435433,0.42028147,8783,0,0
CHEMBL4543395,0.42028147,8784,0,0
CHEMBL32248,0.42028147,8785,0,0
CHEMBL27794,0.42028147,8786,0,0
CHEMBL6775,0.42028147,8787,0,0
CHEMBL17254,0.42028147,8788,0,0
CHEMBL33734,0.42028147,8789,0,0
CHEMBL32224,0.42028147,8790,0,0
CHEMBL29181,0.42028147,8791,0,0
CHEMBL265763,0.42012823,8792,0,0
CHEMBL14541,0.41991982,8793,0,0
CHEMBL10594,0.41970322,8794,0,0
CHEMBL31620,0.41960022,8795,0,0
CHEMBL15974,0.41960022,8796,0,0
CHEMBL19931,0.4195436,8797,0,0
CHEMBL9728,0.41929698,8798,0,0
CHEMBL41350,0.41927338,8799,0,0
CHEMBL21594,0.41903308,8800,0,0
CHEMBL16233,0.41903308,8801,0,0
CHEMBL16911,0.41903308,8802,0,0
CHEMBL7367,0.41903308,8803,0,0
CHEMBL7317,0.41903308,8804,0,0
CHEMBL35781,0.41903308,8805,0,0
CHEMBL23109,0.41903308,8806,0,0
CHEMBL4553666,0.41903308,8807,0,0
CHEMBL11509,0.41903308,8808,0,0
CHEMBL7510,0.41903308,8809,0,0
CHEMBL37035,0.41903308,8810,0,0
CHEMBL43691,0.41903308,8811,0,0
CHEMBL27448,0.41903308,8812,0,0
CHEMBL36276,0.41903308,8813,0,0
CHEMBL10024,0.41898033,8814,0,0
CHEMBL6727,0.41897774,8815,0,0
CHEMBL32895,0.41897774,8816,0,0
CHEMBL3310126,0.41897774,8817,0,0
CHEMBL36539,0.4186768,8818,0,0
CHEMBL42529,0.4186768,8819,0,0
CHEMBL36129,0.4186768,8820,0,0
CHEMBL9290,0.41865626,8821,0,0
CHEMBL12597,0.41865626,8822,0,0
CHEMBL42312,0.41858974,8823,0,0
CHEMBL26656,0.41858974,8824,0,0
CHEMBL12613,0.41814402,8825,0,0
CHEMBL19621,0.41814402,8826,0,0
CHEMBL7195,0.41814402,8827,0,0
CHEMBL6740,0.41814402,8828,0,0
CHEMBL36772,0.41814402,8829,0,0
CHEMBL13646,0.41795328,8830,0,0
CHEMBL8055,0.4178336,8831,0,0
CHEMBL29236,0.41744006,8832,0,0
CHEMBL21465,0.41733703,8833,0,0
CHEMBL4543367,0.41700804,8834,0,0
CHEMBL39352,0.41700804,8835,0,0
CHEMBL2,0.4167729,8836,0,0
CHEMBL576723,0.41623402,8837,0,0
CHEMBL31588,0.41623402,8838,0,0
CHEMBL30205,0.41623402,8839,0,0
CHEMBL39485,0.41623402,8840,0,0
CHEMBL32342,0.41623402,8841,0,0
CHEMBL612143,0.41623402,8842,0,0
CHEMBL32990,0.41623402,8843,0,0
CHEMBL1205831,0.4161891,8844,0,0
CHEMBL9785,0.41615996,8845,0,0
CHEMBL35646,0.41612226,8846,0,0
CHEMBL21799,0.41612226,8847,0,0
CHEMBL14836,0.4159638,8848,0,0
CHEMBL21054,0.41586047,8849,0,0
CHEMBL31109,0.4158087,8850,0,0
CHEMBL18817,0.4158087,8851,0,0
CHEMBL19418,0.4153176,8852,0,0
CHEMBL42613,0.4153176,8853,0,0
CHEMBL3310984,0.41529602,8854,0,0
CHEMBL38409,0.41520625,8855,0,0
CHEMBL3309269,0.41520625,8856,0,0
CHEMBL22249,0.41520625,8857,0,0
CHEMBL3310342,0.41520625,8858,0,0
CHEMBL41444,0.41520625,8859,0,0
CHEMBL28789,0.41520625,8860,0,0
CHEMBL13067,0.41504702,8861,0,0
CHEMBL11092,0.4150212,8862,0,0
CHEMBL16124,0.41487384,8863,0,0
CHEMBL14955,0.41485915,8864,0,0
CHEMBL29003,0.41485915,8865,0,0
CHEMBL32658,0.41483453,8866,0,0
CHEMBL32067,0.41483453,8867,0,0
CHEMBL27331,0.41483453,8868,0,0
CHEMBL40128,0.41483453,8869,0,0
CHEMBL540227,0.41483453,8870,0,0
CHEMBL25003,0.41483453,8871,0,0
CHEMBL31222,0.41483453,8872,0,0
CHEMBL40605,0.41483453,8873,0,0
CHEMBL10022,0.41483453,8874,0,0
CHEMBL29684,0.41482806,8875,0,0
CHEMBL15264,0.41473553,8876,0,0
CHEMBL10956,0.41473553,8877,0,0
CHEMBL1214259,0.41473553,8878,0,0
CHEMBL4435533,0.41473553,8879,0,0
CHEMBL6521,0.41473553,8880,0,0
CHEMBL3309396,0.41464096,8881,0,0
CHEMBL6942,0.41464096,8882,0,0
CHEMBL29122,0.41464096,8883,0,0
CHEMBL18680,0.41463014,8884,0,0
CHEMBL21043,0.41463014,8885,0,0
CHEMBL24126,0.4145578,8886,0,0
CHEMBL14496,0.4145578,8887,0,0
CHEMBL11163,0.4145578,8888,0,0
CHEMBL17593,0.4145578,8889,0,0
CHEMBL4435344,0.4145578,8890,0,0
CHEMBL4435267,0.4145578,8891,0,0
CHEMBL34806,0.4145578,8892,0,0
CHEMBL4559955,0.4145578,8893,0,0
CHEMBL8942,0.4145578,8894,0,0
CHEMBL8769,0.4145578,8895,0,0
CHEMBL35000,0.4145578,8896,0,0
CHEMBL26089,0.4145578,8897,0,0
CHEMBL18632,0.4145578,8898,0,0
CHEMBL21989,0.4145578,8899,0,0
CHEMBL38897,0.4145578,8900,0,0
CHEMBL19281,0.4145578,8901,0,0
CHEMBL42327,0.4145578,8902,0,0
CHEMBL40908,0.4145578,8903,0,0
CHEMBL9235,0.4145578,8904,0,0
CHEMBL29174,0.4145578,8905,0,0
CHEMBL38031,0.4145578,8906,0,0
CHEMBL10340,0.4145578,8907,0,0
CHEMBL21327,0.4145578,8908,0,0
CHEMBL8952,0.4145578,8909,0,0
CHEMBL29301,0.4145578,8910,0,0
CHEMBL16442,0.4145578,8911,0,0
CHEMBL6492,0.4145578,8912,0,0
CHEMBL4435520,0.4145578,8913,0,0
CHEMBL7058,0.4145578,8914,0,0
CHEMBL41016,0.414496,8915,0,0
CHEMBL29495,0.41430637,8916,0,0
CHEMBL31663,0.41425675,8917,0,0
CHEMBL21904,0.41385606,8918,0,0
CHEMBL8988,0.41385606,8919,0,0
CHEMBL12190,0.41385606,8920,0,0
CHEMBL40927,0.41385606,8921,0,0
CHEMBL34978,0.41338643,8922,0,0
CHEMBL4436122,0.41337317,8923,0,0
CHEMBL31414,0.41305465,8924,0,0
CHEMBL4436316,0.4129016,8925,0,0
CHEMBL10596,0.4128318,8926,0,0
CHEMBL9275,0.4128318,8927,0,0
CHEMBL8095,0.41277686,8928,0,0
CHEMBL14915,0.41277686,8929,0,0
CHEMBL12552,0.4127218,8930,0,0
CHEMBL37243,0.4127218,8931,0,0
CHEMBL32687,0.41269436,8932,0,0
CHEMBL4435598,0.4126149,8933,0,0
CHEMBL10814,0.41256773,8934,0,0
CHEMBL32032,0.41238165,8935,0,0
CHEMBL38234,0.41238165,8936,0,0
CHEMBL13657,0.41203648,8937,0,0
CHEMBL12276,0.4119804,8938,0,0
CHEMBL21166,0.4119016,8939,0,0
CHEMBL41457,0.4119016,8940,0,0
CHEMBL14299,0.41181156,8941,0,0
CHEMBL17772,0.41163087,8942,0,0
CHEMBL36172,0.41163087,8943,0,0
CHEMBL23762,0.41163087,8944,0,0
CHEMBL31783,0.41143185,8945,0,0
CHEMBL14257,0.4113124,8946,0,0
CHEMBL27250,0.41122377,8947,0,0
CHEMBL18503,0.41111842,8948,0,0
CHEMBL9605,0.411062,8949,0,0
CHEMBL41214,0.411062,8950,0,0
CHEMBL24416,0.41105792,8951,0,0
CHEMBL24920,0.4109999,8952,0,0
CHEMBL33334,0.41093364,8953,0,0
CHEMBL7500,0.4108503,8954,0,0
CHEMBL28145,0.41052234,8955,0,0
CHEMBL7013,0.41052234,8956,0,0
CHEMBL4435576,0.4105195,8957,0,0
CHEMBL17554,0.41049564,8958,0,0
CHEMBL9664,0.41020104,8959,0,0
CHEMBL41596,0.41010308,8960,0,0
CHEMBL18076,0.4099926,8961,0,0
CHEMBL28191,0.4099926,8962,0,0
CHEMBL42114,0.40996897,8963,0,0
CHEMBL4434766,0.40996897,8964,0,0
CHEMBL32827,0.40967482,8965,0,0
CHEMBL35015,0.40948394,8966,0,0
CHEMBL23227,0.40943423,8967,0,0
CHEMBL23846,0.40943423,8968,0,0
CHEMBL19230,0.40943345,8969,0,0
CHEMBL42778,0.40924627,8970,0,0
CHEMBL17414,0.40898946,8971,0,0
CHEMBL35601,0.40869766,8972,0,0
CHEMBL16750,0.40865657,8973,0,0
CHEMBL40585,0.40854114,8974,0,0
CHEMBL4436071,0.4085167,8975,0,0
CHEMBL24281,0.4085167,8976,0,0
CHEMBL11134,0.4085167,8977,0,0
CHEMBL11523,0.4085167,8978,0,0
CHEMBL38196,0.4085167,8979,0,0
CHEMBL7314,0.4085167,8980,0,0
CHEMBL16986,0.40846363,8981,0,0
CHEMBL40210,0.40846363,8982,0,0
CHEMBL408,0.40846363,8983,0,0
CHEMBL28605,0.40846363,8984,0,0
CHEMBL16572,0.40846363,8985,0,0
CHEMBL4543530,0.40846363,8986,0,0
CHEMBL37479,0.40846363,8987,0,0
CHEMBL14453,0.40846363,8988,0,0
CHEMBL38184,0.40846363,8989,0,0
CHEMBL42397,0.40843874,8990,0,0
CHEMBL21997,0.40843874,8991,0,0
CHEMBL36270,0.40827513,8992,0,0
CHEMBL20584,0.40783817,8993,0,0
CHEMBL36330,0.40755787,8994,0,0
CHEMBL31752,0.40755787,8995,0,0
CHEMBL19512,0.40751255,8996,0,0
CHEMBL34654,0.40746245,8997,0,0
CHEMBL34774,0.40746245,8998,0,0
CHEMBL9988,0.40746245,8999,0,0
CHEMBL22393,0.40746245,9000,0,0
CHEMBL25648,0.40746245,9001,0,0
CHEMBL18818,0.40746245,9002,0,0
CHEMBL3309368,0.40746245,9003,0,0
CHEMBL14403,0.40746245,9004,0,0
CHEMBL35797,0.40746245,9005,0,0
CHEMBL10607,0.40746245,9006,0,0
CHEMBL42178,0.40746245,9007,0,0
CHEMBL10785,0.40746245,9008,0,0
CHEMBL14483,0.40746245,9009,0,0
CHEMBL24160,0.40746245,9010,0,0
CHEMBL32151,0.40746245,9011,0,0
CHEMBL24066,0.40746245,9012,0,0
CHEMBL8132,0.40746245,9013,0,0
CHEMBL12965,0.40746245,9014,0,0
CHEMBL3310398,0.40746245,9015,0,0
CHEMBL4553612,0.40746245,9016,0,0
CHEMBL3309593,0.40746245,9017,0,0
CHEMBL29869,0.40746245,9018,0,0
CHEMBL8935,0.40746245,9019,0,0
CHEMBL37526,0.40746245,9020,0,0
CHEMBL3310896,0.40746245,9021,0,0
CHEMBL42976,0.40746245,9022,0,0
CHEMBL3310826,0.40746245,9023,0,0
CHEMBL7231,0.40746245,9024,0,0
CHEMBL3310987,0.40746245,9025,0,0
CHEMBL4434877,0.40746245,9026,0,0
CHEMBL9370,0.40746245,9027,0,0
CHEMBL20120,0.40746245,9028,0,0
CHEMBL26938,0.40746245,9029,0,0
CHEMBL36815,0.40746245,9030,0,0
CHEMBL16901,0.40746245,9031,0,0
CHEMBL41729,0.40746245,9032,0,0
CHEMBL26188,0.40746245,9033,0,0
CHEMBL34078,0.40746245,9034,0,0
CHEMBL25127,0.40746245,9035,0,0
CHEMBL3310635,0.40746245,9036,0,0
CHEMBL30731,0.40746245,9037,0,0
CHEMBL4559947,0.40746245,9038,0,0
CHEMBL35402,0.40746245,9039,0,0
CHEMBL41723,0.40746245,9040,0,0
CHEMBL33884,0.40746245,9041,0,0
CHEMBL12391,0.40746245,9042,0,0
CHEMBL20411,0.40746245,9043,0,0
CHEMBL24515,0.40746245,9044,0,0
CHEMBL19782,0.40734985,9045,0,0
CHEMBL4435158,0.40734985,9046,0,0
CHEMBL43422,0.40734985,9047,0,0
CHEMBL4435871,0.40734985,9048,0,0
CHEMBL33410,0.40734985,9049,0,0
CHEMBL34532,0.40734985,9050,0,0
CHEMBL41480,0.40734985,9051,0,0
CHEMBL41362,0.40734985,9052,0,0
CHEMBL3310062,0.40734985,9053,0,0
CHEMBL29332,0.40734985,9054,0,0
CHEMBL23320,0.40734985,9055,0,0
CHEMBL24203,0.40734985,9056,0,0
CHEMBL8816,0.40734985,9057,0,0
CHEMBL39443,0.40734985,9058,0,0
CHEMBL4436331,0.40734985,9059,0,0
CHEMBL40396,0.40734985,9060,0,0
CHEMBL11699,0.40734985,9061,0,0
CHEMBL4553559,0.40734985,9062,0,0
CHEMBL9640,0.40734985,9063,0,0
CHEMBL34469,0.40734985,9064,0,0
CHEMBL13178,0.40734985,9065,0,0
CHEMBL26899,0.40734985,9066,0,0
CHEMBL23487,0.40734985,9067,0,0
CHEMBL42684,0.40734985,9068,0,0
CHEMBL4543327,0.40734985,9069,0,0
CHEMBL29979,0.40734985,9070,0,0
CHEMBL26533,0.40734985,9071,0,0
CHEMBL35388,0.40734985,9072,0,0
CHEMBL3310110,0.40734985,9073,0,0
CHEMBL3310114,0.40734985,9074,0,0
CHEMBL4436507,0.40734985,9075,0,0
CHEMBL20059,0.40734985,9076,0,0
CHEMBL4435072,0.40734985,9077,0,0
CHEMBL36738,0.40734985,9078,0,0
CHEMBL3311160,0.40734985,9079,0,0
CHEMBL31876,0.40734985,9080,0,0
CHEMBL22968,0.40734985,9081,0,0
CHEMBL35220,0.40734985,9082,0,0
CHEMBL21982,0.40734985,9083,0,0
CHEMBL28190,0.40734985,9084,0,0
CHEMBL23046,0.4071926,9085,0,0
CHEMBL19701,0.4071926,9086,0,0
CHEMBL9950,0.407172,9087,0,0
CHEMBL32177,0.40715057,9088,0,0
CHEMBL23821,0.40706223,9089,0,0
CHEMBL34579,0.40700573,9090,0,0
CHEMBL154658,0.40694323,9091,0,0
CHEMBL40127,0.40694323,9092,0,0
CHEMBL16459,0.40694323,9093,0,0
CHEMBL6850,0.4066304,9094,0,0
CHEMBL1214854,0.40637827,9095,0,0
CHEMBL11732,0.406246,9096,0,0
CHEMBL24285,0.40586486,9097,0,0
CHEMBL38186,0.40585622,9098,0,0
CHEMBL30664,0.40585622,9099,0,0
CHEMBL1199236,0.40585622,9100,0,0
CHEMBL41510,0.40575272,9101,0,0
CHEMBL30301,0.4056499,9102,0,0
CHEMBL14276,0.4056307,9103,0,0
CHEMBL42416,0.4056011,9104,0,0
CHEMBL27732,0.40559953,9105,0,0
CHEMBL27741,0.4052784,9106,0,0
CHEMBL30722,0.4052784,9107,0,0
CHEMBL29054,0.4051605,9108,0,0
CHEMBL27772,0.4049941,9109,0,0
CHEMBL35084,0.4049941,9110,0,0
CHEMBL14924,0.4047838,9111,0,0
CHEMBL21114,0.40462884,9112,0,0
CHEMBL11144,0.40448308,9113,0,0
CHEMBL14452,0.404234,9114,0,0
CHEMBL14619,0.40421164,9115,0,0
CHEMBL20664,0.4041002,9116,0,0
CHEMBL28212,0.40404972,9117,0,0
CHEMBL21778,0.40404972,9118,0,0
CHEMBL21285,0.40404972,9119,0,0
CHEMBL25238,0.40404972,9120,0,0
CHEMBL41821,0.40384382,9121,0,0
CHEMBL4543399,0.403832,9122,0,0
CHEMBL4559932,0.40373456,9123,0,0
CHEMBL24523,0.40373456,9124,0,0
CHEMBL28948,0.40373456,9125,0,0
CHEMBL23461,0.40368816,9126,0,0
CHEMBL42278,0.40368816,9127,0,0
CHEMBL18109,0.40363666,9128,0,0
CHEMBL4553133,0.40363666,9129,0,0
CHEMBL27766,0.40362898,9130,0,0
CHEMBL30969,0.40361452,9131,0,0
CHEMBL4435835,0.40326348,9132,0,0
CHEMBL32199,0.40326348,9133,0,0
CHEMBL27961,0.40326348,9134,0,0
CHEMBL29595,0.40326348,9135,0,0
CHEMBL32939,0.40312803,9136,0,0
CHEMBL8572,0.40312803,9137,0,0
CHEMBL37244,0.40271538,9138,0,0
CHEMBL30209,0.40271538,9139,0,0
CHEMBL18927,0.40271538,9140,0,0
CHEMBL726,0.40271538,9141,0,0
CHEMBL41681,0.40271538,9142,0,0
CHEMBL4553545,0.40271538,9143,0,0
CHEMBL41231,0.40271538,9144,0,0
CHEMBL25981,0.40271538,9145,0,0
CHEMBL37634,0.4027055,9146,0,0
CHEMBL35014,0.40239206,9147,0,0
CHEMBL37005,0.40230364,9148,0,0
CHEMBL1163546,0.40227574,9149,0,0
CHEMBL9230,0.40221688,9150,0,0
CHEMBL20549,0.40221688,9151,0,0
CHEMBL35745,0.40221688,9152,0,0
CHEMBL9791,0.40221688,9153,0,0
CHEMBL11403,0.40221688,9154,0,0
CHEMBL34609,0.40221688,9155,0,0
CHEMBL8206,0.40221688,9156,0,0
CHEMBL31854,0.40221688,9157,0,0
CHEMBL25483,0.4022148,9158,0,0
CHEMBL43664,0.4022148,9159,0,0
CHEMBL30991,0.4022148,9160,0,0
CHEMBL36332,0.4022148,9161,0,0
CHEMBL32914,0.4022148,9162,0,0
CHEMBL4434781,0.4022148,9163,0,0
CHEMBL4434779,0.4022148,9164,0,0
CHEMBL15169,0.4022148,9165,0,0
CHEMBL4436522,0.4022148,9166,0,0
CHEMBL10549,0.4022148,9167,0,0
CHEMBL9698,0.4022148,9168,0,0
CHEMBL23611,0.4022148,9169,0,0
CHEMBL22660,0.4020988,9170,0,0
CHEMBL24306,0.40203226,9171,0,0
CHEMBL3309302,0.40195006,9172,0,0
CHEMBL10593,0.40191033,9173,0,0
CHEMBL1159835,0.40166625,9174,0,0
CHEMBL15534,0.40166625,9175,0,0
CHEMBL28844,0.40166625,9176,0,0
CHEMBL41749,0.40166625,9177,0,0
CHEMBL28174,0.40166625,9178,0,0
CHEMBL40782,0.40166625,9179,0,0
CHEMBL31200,0.40166625,9180,0,0
CHEMBL17094,0.40166625,9181,0,0
CHEMBL27987,0.40166625,9182,0,0
CHEMBL4436561,0.40166625,9183,0,0
CHEMBL21186,0.40166625,9184,0,0
CHEMBL24665,0.40166625,9185,0,0
CHEMBL27483,0.40166625,9186,0,0
CHEMBL14525,0.40166625,9187,0,0
CHEMBL7668,0.40166625,9188,0,0
CHEMBL33022,0.40166625,9189,0,0
CHEMBL36400,0.40166625,9190,0,0
CHEMBL103,0.40166625,9191,0,0
CHEMBL25890,0.4014986,9192,0,0
CHEMBL4436215,0.40137666,9193,0,0
CHEMBL35253,0.40137666,9194,0,0
CHEMBL8130,0.40137666,9195,0,0
CHEMBL36269,0.40137666,9196,0,0
CHEMBL16552,0.40137666,9197,0,0
CHEMBL41463,0.40137666,9198,0,0
CHEMBL29441,0.40137666,9199,0,0
CHEMBL21416,0.4011955,9200,0,0
CHEMBL28361,0.40111417,9201,0,0
CHEMBL28660,0.40079382,9202,0,0
CHEMBL37237,0.40075788,9203,0,0
CHEMBL25025,0.40075788,9204,0,0
CHEMBL3309923,0.40075788,9205,0,0
CHEMBL22962,0.40075788,9206,0,0
CHEMBL4435489,0.40075788,9207,0,0
CHEMBL19634,0.40075788,9208,0,0
CHEMBL30615,0.40075788,9209,0,0
CHEMBL9919,0.40075788,9210,0,0
CHEMBL4435859,0.40075788,9211,0,0
CHEMBL22625,0.40075788,9212,0,0
CHEMBL26868,0.40075788,9213,0,0
CHEMBL25346,0.40075788,9214,0,0
CHEMBL33649,0.40075788,9215,0,0
CHEMBL17020,0.40069127,9216,0,0
CHEMBL3311068,0.40063542,9217,0,0
CHEMBL10292,0.40063542,9218,0,0
CHEMBL16766,0.40063542,9219,0,0
CHEMBL3310029,0.40063542,9220,0,0
CHEMBL32825,0.40063542,9221,0,0
CHEMBL26900,0.40063542,9222,0,0
CHEMBL38343,0.40063542,9223,0,0
CHEMBL22611,0.40063542,9224,0,0
CHEMBL10000,0.40063542,9225,0,0
CHEMBL24077,0.3998189,9226,0,0
CHEMBL11207,0.399717,9227,0,0
CHEMBL16515,0.39971238,9228,0,0
CHEMBL3309579,0.39944148,9229,0,0
CHEMBL4543208,0.39944148,9230,0,0
CHEMBL22431,0.39944148,9231,0,0
CHEMBL7502,0.39944148,9232,0,0
CHEMBL263614,0.39936924,9233,0,0
CHEMBL1093316,0.39906895,9234,0,0
CHEMBL27355,0.39906895,9235,0,0
CHEMBL39325,0.39888185,9236,0,0
CHEMBL4559934,0.39888185,9237,0,0
CHEMBL3310194,0.39875638,9238,0,0
CHEMBL7554,0.39875638,9239,0,0
CHEMBL8849,0.398617,9240,0,0
CHEMBL19228,0.3985739,9241,0,0
CHEMBL17452,0.39857057,9242,0,0
CHEMBL4543518,0.39857057,9243,0,0
CHEMBL30817,0.3984915,9244,0,0
CHEMBL34596,0.39849085,9245,0,0
CHEMBL35310,0.3981997,9246,0,0
CHEMBL20544,0.3981997,9247,0,0
CHEMBL32398,0.3981997,9248,0,0
CHEMBL527864,0.3980179,9249,0,0
CHEMBL27149,0.3980179,9250,0,0
CHEMBL4436195,0.3980179,9251,0,0
CHEMBL3311023,0.39789316,9252,0,0
CHEMBL578346,0.39789099,9253,0,0
CHEMBL24737,0.39789099,9254,0,0
CHEMBL8732,0.3978311,9255,0,0
CHEMBL25546,0.3978311,9256,0,0
CHEMBL37360,0.3978311,9257,0,0
CHEMBL13755,0.3978311,9258,0,0
CHEMBL35370,0.3978311,9259,0,0
CHEMBL6812,0.3978311,9260,0,0
CHEMBL17688,0.3978311,9261,0,0
CHEMBL11632,0.39776668,9262,0,0
CHEMBL18569,0.39760023,9263,0,0
CHEMBL17147,0.3975848,9264,0,0
CHEMBL18167,0.39747003,9265,0,0
CHEMBL10074,0.39730105,9266,0,0
CHEMBL37241,0.39730105,9267,0,0
CHEMBL15098,0.39730105,9268,0,0
CHEMBL9398,0.39730105,9269,0,0
CHEMBL3310460,0.39730105,9270,0,0
CHEMBL16402,0.39730105,9271,0,0
CHEMBL39841,0.39730105,9272,0,0
CHEMBL4543474,0.39730105,9273,0,0
CHEMBL10995,0.39730105,9274,0,0
CHEMBL32402,0.39730105,9275,0,0
CHEMBL10209,0.39730105,9276,0,0
CHEMBL18349,0.39730105,9277,0,0
CHEMBL35142,0.39730105,9278,0,0
CHEMBL7330,0.39730105,9279,0,0
CHEMBL37748,0.39730105,9280,0,0
CHEMBL20801,0.39730105,9281,0,0
CHEMBL22601,0.39730105,9282,0,0
CHEMBL13760,0.39730105,9283,0,0
CHEMBL39948,0.39730105,9284,0,0
CHEMBL31157,0.39730105,9285,0,0
CHEMBL3310848,0.39730105,9286,0,0
CHEMBL6893,0.39730105,9287,0,0
CHEMBL29581,0.39730105,9288,0,0
CHEMBL29247,0.39730105,9289,0,0
CHEMBL6935,0.39730105,9290,0,0
CHEMBL7556,0.39730105,9291,0,0
CHEMBL4435005,0.39730105,9292,0,0
CHEMBL77,0.39730105,9293,0,0
CHEMBL3310980,0.39728427,9294,0,0
CHEMBL38835,0.39728427,9295,0,0
CHEMBL22881,0.3971984,9296,0,0
CHEMBL1163201,0.39707965,9297,0,0
CHEMBL592870,0.39698344,9298,0,0
CHEMBL19877,0.39698344,9299,0,0
CHEMBL23608,0.3968176,9300,0,0
CHEMBL9882,0.3968176,9301,0,0
CHEMBL25234,0.39673308,9302,0,0
CHEMBL11342,0.39673308,9303,0,0
CHEMBL11408,0.39673308,9304,0,0
CHEMBL24103,0.39673308,9305,0,0
CHEMBL33968,0.39673308,9306,0,0
CHEMBL4436078,0.39673308,9307,0,0
CHEMBL33180,0.39673308,9308,0,0
CHEMBL39597,0.39673308,9309,0,0
CHEMBL20290,0.39673308,9310,0,0
CHEMBL40949,0.39673308,9311,0,0
CHEMBL29909,0.39673308,9312,0,0
CHEMBL8167,0.39673308,9313,0,0
CHEMBL7271,0.39673308,9314,0,0
CHEMBL8886,0.39673308,9315,0,0
CHEMBL32752,0.39673308,9316,0,0
CHEMBL38132,0.39673308,9317,0,0
CHEMBL37715,0.39673308,9318,0,0
CHEMBL34587,0.39673308,9319,0,0
CHEMBL26206,0.39673308,9320,0,0
CHEMBL9249,0.39673308,9321,0,0
CHEMBL24591,0.39673308,9322,0,0
CHEMBL43817,0.39658266,9323,0,0
CHEMBL39859,0.39655223,9324,0,0
CHEMBL9600,0.39655223,9325,0,0
CHEMBL21650,0.39655223,9326,0,0
CHEMBL31182,0.3964496,9327,0,0
CHEMBL6948,0.3964496,9328,0,0
CHEMBL22441,0.3964496,9329,0,0
CHEMBL3309323,0.3964496,9330,0,0
CHEMBL14709,0.3964496,9331,0,0
CHEMBL24731,0.3964496,9332,0,0
CHEMBL38428,0.39627057,9333,0,0
CHEMBL14208,0.39627057,9334,0,0
CHEMBL36248,0.39627057,9335,0,0
CHEMBL13752,0.39627057,9336,0,0
CHEMBL13188,0.39627057,9337,0,0
CHEMBL38530,0.39620626,9338,0,0
CHEMBL27395,0.39600018,9339,0,0
CHEMBL4436346,0.39600018,9340,0,0
CHEMBL7531,0.39600018,9341,0,0
CHEMBL21433,0.3959166,9342,0,0
CHEMBL40463,0.39568114,9343,0,0
CHEMBL27431,0.39557433,9344,0,0
CHEMBL3310923,0.39557433,9345,0,0
CHEMBL14199,0.39540672,9346,0,0
CHEMBL4553647,0.39535782,9347,0,0
CHEMBL41369,0.39535782,9348,0,0
CHEMBL4436091,0.39523432,9349,0,0
CHEMBL39924,0.39523432,9350,0,0
CHEMBL8713,0.39523432,9351,0,0
CHEMBL27365,0.39523432,9352,0,0
CHEMBL547873,0.39523432,9353,0,0
CHEMBL9926,0.39523432,9354,0,0
CHEMBL3309737,0.39523432,9355,0,0
CHEMBL22891,0.3952134,9356,0,0
CHEMBL35251,0.39510533,9357,0,0
CHEMBL31304,0.39510533,9358,0,0
CHEMBL19951,0.39493564,9359,0,0
CHEMBL672,0.39474317,9360,0,0
CHEMBL21461,0.39474317,9361,0,0
CHEMBL38149,0.39474317,9362,0,0
CHEMBL21354,0.39474317,9363,0,0
CHEMBL4553673,0.39466763,9364,0,0
CHEMBL7407,0.39455467,9365,0,0
CHEMBL16649,0.39434895,9366,0,0
CHEMBL10671,0.3942119,9367,0,0
CHEMBL38671,0.3942119,9368,0,0
CHEMBL10454,0.3942119,9369,0,0
CHEMBL36664,0.3942119,9370,0,0
CHEMBL35537,0.39406714,9371,0,0
CHEMBL12780,0.39406714,9372,0,0
CHEMBL40264,0.393966,9373,0,0
CHEMBL17536,0.39395222,9374,0,0
CHEMBL25538,0.3938497,9375,0,0
CHEMBL19464,0.39352134,9376,0,0
CHEMBL3310901,0.39352134,9377,0,0
CHEMBL16216,0.39352134,9378,0,0
CHEMBL22017,0.39352134,9379,0,0
CHEMBL29087,0.39347753,9380,0,0
CHEMBL20561,0.39347753,9381,0,0
CHEMBL24426,0.39312294,9382,0,0
CHEMBL29405,0.39312294,9383,0,0
CHEMBL24692,0.39312294,9384,0,0
CHEMBL4553683,0.39312294,9385,0,0
CHEMBL34556,0.39312294,9386,0,0
CHEMBL24957,0.39310333,9387,0,0
CHEMBL24260,0.39299542,9388,0,0
CHEMBL4553563,0.39299542,9389,0,0
CHEMBL10746,0.39299542,9390,0,0
CHEMBL27894,0.39296857,9391,0,0
CHEMBL552967,0.39293605,9392,0,0
CHEMBL21965,0.3925763,9393,0,0
CHEMBL23719,0.39252993,9394,0,0
CHEMBL39214,0.39252993,9395,0,0
CHEMBL13232,0.39246297,9396,0,0
CHEMBL40582,0.39219415,9397,0,0
CHEMBL35382,0.3921613,9398,0,0
CHEMBL4435749,0.3918391,9399,0,0
CHEMBL43592,0.3918391,9400,0,0
CHEMBL36818,0.39142227,9401,0,0
CHEMBL22655,0.39142126,9402,0,0
CHEMBL4116122,0.39127254,9403,0,0
CHEMBL37042,0.39127254,9404,0,0
CHEMBL9470,0.3912173,9405,0,0
CHEMBL6312,0.39115208,9406,0,0
CHEMBL33255,0.39115208,9407,0,0
CHEMBL16771,0.39109933,9408,0,0
CHEMBL42721,0.39106315,9409,0,0
CHEMBL26271,0.39095873,9410,0,0
CHEMBL17017,0.39094418,9411,0,0
CHEMBL13927,0.39093602,9412,0,0
CHEMBL31057,0.39093602,9413,0,0
CHEMBL32011,0.39093602,9414,0,0
CHEMBL7829,0.39093602,9415,0,0
CHEMBL12364,0.39093602,9416,0,0
CHEMBL24118,0.39093602,9417,0,0
CHEMBL22276,0.39093602,9418,0,0
CHEMBL17098,0.39093602,9419,0,0
CHEMBL9280,0.39093602,9420,0,0
CHEMBL17003,0.39069787,9421,0,0
CHEMBL28703,0.39051527,9422,0,0
CHEMBL13258,0.39041972,9423,0,0
CHEMBL4543209,0.39037836,9424,0,0
CHEMBL10253,0.39037836,9425,0,0
CHEMBL34925,0.39037836,9426,0,0
CHEMBL3310972,0.39037836,9427,0,0
CHEMBL3309695,0.39037836,9428,0,0
CHEMBL3309261,0.39037836,9429,0,0
CHEMBL13085,0.39037836,9430,0,0
CHEMBL35879,0.39037836,9431,0,0
CHEMBL29375,0.39037836,9432,0,0
CHEMBL39656,0.39037836,9433,0,0
CHEMBL38166,0.39037836,9434,0,0
CHEMBL10806,0.3903403,9435,0,0
CHEMBL12997,0.3903208,9436,0,0
CHEMBL33987,0.39021137,9437,0,0
CHEMBL25295,0.3897984,9438,0,0
CHEMBL39646,0.3897984,9439,0,0
CHEMBL8503,0.3897984,9440,0,0
CHEMBL34172,0.3897608,9441,0,0
CHEMBL24502,0.38970757,9442,0,0
CHEMBL17896,0.38967374,9443,0,0
CHEMBL4543410,0.38967374,9444,0,0
CHEMBL17801,0.38955417,9445,0,0
CHEMBL41285,0.38955417,9446,0,0
CHEMBL3309794,0.38948485,9447,0,0
CHEMBL37410,0.38948485,9448,0,0
CHEMBL42104,0.38948485,9449,0,0
CHEMBL41188,0.38917378,9450,0,0
CHEMBL4435804,0.38917378,9451,0,0
CHEMBL36588,0.38917378,9452,0,0
CHEMBL15508,0.38917378,9453,0,0
CHEMBL42962,0.38917378,9454,0,0
CHEMBL14859,0.38899225,9455,0,0
CHEMBL9970,0.38899225,9456,0,0
CHEMBL8029,0.3889579,9457,0,0
CHEMBL15309,0.38883093,9458,0,0
CHEMBL19026,0.38877118,9459,0,0
CHEMBL24791,0.38832295,9460,0,0
CHEMBL3309422,0.38806874,9461,0,0
CHEMBL4436307,0.38793704,9462,0,0
CHEMBL12222,0.38784653,9463,0,0
CHEMBL22736,0.38782984,9464,0,0
CHEMBL17766,0.38775,9465,0,0
CHEMBL37508,0.38774619,9466,0,0
CHEMBL3311157,0.38774619,9467,0,0
CHEMBL24262,0.38774619,9468,0,0
CHEMBL1187398,0.38774619,9469,0,0
CHEMBL12503,0.3877114,9470,0,0
CHEMBL41234,0.38765064,9471,0,0
CHEMBL553153,0.3875873,9472,0,0
CHEMBL25179,0.38738537,9473,0,0
CHEMBL21602,0.38738537,9474,0,0
CHEMBL8615,0.38728026,9475,0,0
CHEMBL39855,0.38718504,9476,0,0
CHEMBL33353,0.38718504,9477,0,0
CHEMBL22754,0.38718504,9478,0,0
CHEMBL30897,0.38714492,9479,0,0
CHEMBL33430,0.3870752,9480,0,0
CHEMBL11011,0.38705438,9481,0,0
CHEMBL4543510,0.38678262,9482,0,0
CHEMBL12914,0.38678262,9483,0,0
CHEMBL7147,0.38678262,9484,0,0
CHEMBL34137,0.38678262,9485,0,0
CHEMBL32471,0.38678262,9486,0,0
CHEMBL27677,0.38677603,9487,0,0
CHEMBL32793,0.38663745,9488,0,0
CHEMBL37498,0.38660234,9489,0,0
CHEMBL41229,0.3865043,9490,0,0
CHEMBL4435339,0.3865043,9491,0,0
CHEMBL20113,0.3865043,9492,0,0
CHEMBL38999,0.3865043,9493,0,0
CHEMBL21707,0.3865043,9494,0,0
CHEMBL265564,0.3865043,9495,0,0
CHEMBL36662,0.3863659,9496,0,0
CHEMBL34800,0.3863099,9497,0,0
CHEMBL36317,0.3861495,9498,0,0
CHEMBL32303,0.3861495,9499,0,0
CHEMBL41239,0.3861495,9500,0,0
CHEMBL10536,0.38608116,9501,0,0
CHEMBL7748,0.38608116,9502,0,0
CHEMBL10872,0.38604435,9503,0,0
CHEMBL1086459,0.38599074,9504,0,0
CHEMBL42119,0.38599074,9505,0,0
CHEMBL26511,0.38599074,9506,0,0
CHEMBL7835,0.38594675,9507,0,0
CHEMBL23870,0.38593748,9508,0,0
CHEMBL25001,0.38593748,9509,0,0
CHEMBL42629,0.38583788,9510,0,0
CHEMBL20129,0.38583788,9511,0,0
CHEMBL11764,0.38583788,9512,0,0
CHEMBL6358,0.38578802,9513,0,0
CHEMBL14732,0.38555232,9514,0,0
CHEMBL13035,0.38552424,9515,0,0
CHEMBL18969,0.3850586,9516,0,0
CHEMBL3309495,0.3849119,9517,0,0
CHEMBL34897,0.3848683,9518,0,0
CHEMBL37164,0.38486445,9519,0,0
CHEMBL22479,0.38486445,9520,0,0
CHEMBL18001,0.38485858,9521,0,0
CHEMBL24027,0.38485858,9522,0,0
CHEMBL39356,0.38485858,9523,0,0
CHEMBL19196,0.38479033,9524,0,0
CHEMBL23051,0.38435423,9525,0,0
CHEMBL12783,0.38435423,9526,0,0
CHEMBL32595,0.3841749,9527,0,0
CHEMBL13830,0.38410363,9528,0,0
CHEMBL31566,0.38405204,9529,0,0
CHEMBL16850,0.38397598,9530,0,0
CHEMBL9554,0.3839051,9531,0,0
CHEMBL17078,0.38372627,9532,0,0
CHEMBL32925,0.38372627,9533,0,0
CHEMBL4435038,0.38372627,9534,0,0
CHEMBL4434863,0.38358647,9535,0,0
CHEMBL7735,0.38358647,9536,0,0
CHEMBL3309378,0.38356408,9537,0,0
CHEMBL3310530,0.38351163,9538,0,0
CHEMBL41284,0.38351163,9539,0,0
CHEMBL9504,0.38351163,9540,0,0
CHEMBL30291,0.38351163,9541,0,0
CHEMBL30706,0.38351163,9542,0,0
CHEMBL22843,0.38351163,9543,0,0
CHEMBL24850,0.38351163,9544,0,0
CHEMBL40671,0.38351163,9545,0,0
CHEMBL18711,0.38351163,9546,0,0
CHEMBL1077248,0.38351163,9547,0,0
CHEMBL40380,0.38351163,9548,0,0
CHEMBL19058,0.38351163,9549,0,0
CHEMBL30719,0.38351163,9550,0,0
CHEMBL24504,0.38351163,9551,0,0
CHEMBL26849,0.38351163,9552,0,0
CHEMBL26623,0.38351163,9553,0,0
CHEMBL1187750,0.38351163,9554,0,0
CHEMBL36494,0.38351163,9555,0,0
CHEMBL8789,0.38351163,9556,0,0
CHEMBL25901,0.38351163,9557,0,0
CHEMBL14182,0.38351163,9558,0,0
CHEMBL12967,0.38351163,9559,0,0
CHEMBL4435133,0.38351163,9560,0,0
CHEMBL38871,0.38351163,9561,0,0
CHEMBL3309872,0.38351163,9562,0,0
CHEMBL4543255,0.38351163,9563,0,0
CHEMBL7273,0.38351163,9564,0,0
CHEMBL14738,0.38351163,9565,0,0
CHEMBL34951,0.38351163,9566,0,0
CHEMBL20158,0.38351163,9567,0,0
CHEMBL9069,0.38351163,9568,0,0
CHEMBL4435347,0.38351163,9569,0,0
CHEMBL20827,0.38351163,9570,0,0
CHEMBL3347290,0.38351163,9571,0,0
CHEMBL31646,0.38351163,9572,0,0
CHEMBL10798,0.38351163,9573,0,0
CHEMBL13000,0.38351163,9574,0,0
CHEMBL41948,0.38351163,9575,0,1
CHEMBL20556,0.38351163,9576,0,0
CHEMBL20043,0.38351163,9577,0,0
CHEMBL20814,0.38351163,9578,0,0
CHEMBL4434819,0.38334876,9579,0,0
CHEMBL17040,0.3832615,9580,0,0
CHEMBL37525,0.3832615,9581,0,0
CHEMBL32179,0.3832615,9582,0,0
CHEMBL10928,0.3832615,9583,0,0
CHEMBL13788,0.38311654,9584,0,0
CHEMBL12989,0.38311654,9585,0,0
CHEMBL35029,0.38311654,9586,0,0
CHEMBL40391,0.38311654,9587,0,0
CHEMBL19154,0.38311654,9588,0,0
CHEMBL9509,0.38311654,9589,0,0
CHEMBL25272,0.38311654,9590,0,0
CHEMBL3310356,0.38311654,9591,0,0
CHEMBL3309558,0.38311654,9592,0,0
CHEMBL4543498,0.38311654,9593,0,0
CHEMBL13723,0.38311654,9594,0,0
CHEMBL37296,0.38311654,9595,0,0
CHEMBL4436527,0.38311654,9596,0,0
CHEMBL4434804,0.38311654,9597,0,0
CHEMBL18690,0.3830537,9598,0,0
CHEMBL1092134,0.38300866,9599,0,0
CHEMBL4436321,0.3829508,9600,0,0
CHEMBL4543333,0.3829508,9601,0,0
CHEMBL7441,0.3829508,9602,0,0
CHEMBL17558,0.3829508,9603,0,0
CHEMBL524910,0.3829508,9604,0,0
CHEMBL3310030,0.3829508,9605,0,0
CHEMBL32953,0.3829508,9606,0,0
CHEMBL36800,0.3829508,9607,0,0
CHEMBL39197,0.3829508,9608,0,0
CHEMBL7055,0.38291782,9609,0,0
CHEMBL9413,0.38284078,9610,0,0
CHEMBL10414,0.38284078,9611,0,0
CHEMBL20327,0.38284078,9612,0,0
CHEMBL3309619,0.38283825,9613,0,0
CHEMBL1088172,0.38279983,9614,0,0
CHEMBL21064,0.38279983,9615,0,0
CHEMBL4434674,0.38279983,9616,0,0
CHEMBL35341,0.38267374,9617,0,0
CHEMBL10086,0.38256547,9618,0,0
CHEMBL8177,0.3825564,9619,0,0
CHEMBL24745,0.3825564,9620,0,0
CHEMBL40388,0.38248304,9621,0,0
CHEMBL26319,0.38231447,9622,0,0
CHEMBL7371,0.38206533,9623,0,0
CHEMBL32137,0.38202003,9624,0,0
CHEMBL3309792,0.38176715,9625,0,0
CHEMBL3311449,0.38176715,9626,0,0
CHEMBL1086530,0.3817013,9627,0,0
CHEMBL7726,0.3816495,9628,0,0
CHEMBL9952,0.3816089,9629,0,0
CHEMBL9963,0.3816089,9630,0,0
CHEMBL6673,0.3816089,9631,0,0
CHEMBL13366,0.3816089,9632,0,0
CHEMBL21617,0.38139024,9633,0,0
CHEMBL28271,0.38139024,9634,0,0
CHEMBL19258,0.38139024,9635,0,0
CHEMBL608687,0.38139024,9636,0,0
CHEMBL39163,0.38139024,9637,0,0
CHEMBL21538,0.38139024,9638,0,0
CHEMBL26090,0.38139024,9639,0,0
CHEMBL37865,0.38139024,9640,0,0
CHEMBL27688,0.38139024,9641,0,0
CHEMBL3309617,0.38139024,9642,0,0
CHEMBL4553642,0.38139024,9643,0,0
CHEMBL21355,0.38139024,9644,0,0
CHEMBL1094708,0.38139024,9645,0,0
CHEMBL10067,0.38139024,9646,0,0
CHEMBL21518,0.3813173,9647,0,0
CHEMBL24050,0.38086653,9648,0,0
CHEMBL20879,0.38086653,9649,0,0
CHEMBL28234,0.38062292,9650,0,0
CHEMBL31372,0.3806003,9651,0,0
CHEMBL42958,0.38051194,9652,0,0
CHEMBL1209204,0.3804414,9653,0,0
CHEMBL41887,0.3804414,9654,0,0
CHEMBL9940,0.38032776,9655,0,0
CHEMBL31732,0.3802062,9656,0,0
CHEMBL25807,0.38004512,9657,0,0
CHEMBL19967,0.37990728,9658,0,0
CHEMBL11610,0.37984362,9659,0,0
CHEMBL1163428,0.37977025,9660,0,0
CHEMBL19456,0.3796357,9661,0,0
CHEMBL19763,0.37954274,9662,0,0
CHEMBL30543,0.37954274,9663,0,0
CHEMBL29287,0.37934047,9664,0,0
CHEMBL34305,0.37934047,9665,0,0
CHEMBL28459,0.37934047,9666,0,0
CHEMBL41469,0.37934047,9667,0,0
CHEMBL36454,0.37934047,9668,0,0
CHEMBL38741,0.3793284,9669,0,0
CHEMBL1163156,0.3792603,9670,0,0
CHEMBL31639,0.3792603,9671,0,0
CHEMBL9535,0.3791886,9672,0,0
CHEMBL4435790,0.37910852,9673,0,0
CHEMBL24604,0.37910852,9674,0,0
CHEMBL26657,0.37910852,9675,0,0
CHEMBL29424,0.37904927,9676,0,0
CHEMBL24083,0.37904927,9677,0,0
CHEMBL501136,0.37888068,9678,0,0
CHEMBL35830,0.37888068,9679,0,0
CHEMBL30100,0.37888068,9680,0,0
CHEMBL32720,0.37863103,9681,0,0
CHEMBL14234,0.37863103,9682,0,0
CHEMBL260970,0.37863103,9683,0,0
CHEMBL21333,0.37863103,9684,0,0
CHEMBL6250,0.37863103,9685,0,0
CHEMBL25345,0.37863103,9686,0,0
CHEMBL14544,0.37863103,9687,0,0
CHEMBL34356,0.37862545,9688,0,0
CHEMBL20474,0.37862545,9689,0,0
CHEMBL15302,0.37862545,9690,0,0
CHEMBL27681,0.37862545,9691,0,0
CHEMBL6225,0.37862545,9692,0,0
CHEMBL13866,0.37862545,9693,0,0
CHEMBL40201,0.37862545,9694,0,0
CHEMBL29035,0.37862545,9695,0,0
CHEMBL7802,0.37862545,9696,0,0
CHEMBL4543214,0.37862545,9697,0,0
CHEMBL39769,0.37862545,9698,0,0
CHEMBL28998,0.37862545,9699,0,0
CHEMBL13054,0.37862545,9700,0,0
CHEMBL39692,0.37862545,9701,0,0
CHEMBL28025,0.37862545,9702,0,0
CHEMBL28422,0.37862545,9703,0,0
CHEMBL3310041,0.37862545,9704,0,0
CHEMBL13977,0.37862545,9705,0,0
CHEMBL28771,0.37862545,9706,0,0
CHEMBL21193,0.37862545,9707,0,0
CHEMBL16635,0.37858272,9708,0,0
CHEMBL16602,0.37857366,9709,0,0
CHEMBL39301,0.37852862,9710,0,0
CHEMBL13324,0.37783962,9711,0,0
CHEMBL42329,0.37783962,9712,0,0
CHEMBL40483,0.3777948,9713,0,0
CHEMBL8944,0.3777948,9714,0,0
CHEMBL43782,0.37775958,9715,0,0
CHEMBL32555,0.37774143,9716,0,0
CHEMBL4543360,0.3776694,9717,0,0
CHEMBL9263,0.37748122,9718,0,0
CHEMBL39124,0.37710375,9719,0,0
CHEMBL23877,0.37710375,9720,0,0
CHEMBL14423,0.37710375,9721,0,0
CHEMBL31087,0.37710375,9722,0,0
CHEMBL22110,0.37710375,9723,0,0
CHEMBL28352,0.37710375,9724,0,0
CHEMBL12656,0.37710375,9725,0,0
CHEMBL38199,0.37710375,9726,0,0
CHEMBL6762,0.37710375,9727,0,0
CHEMBL41061,0.37710375,9728,0,0
CHEMBL558352,0.37710375,9729,0,0
CHEMBL1085658,0.37710375,9730,0,0
CHEMBL25954,0.37710375,9731,0,0
CHEMBL27271,0.37664092,9732,0,0
CHEMBL43682,0.37664092,9733,0,0
CHEMBL7611,0.3765598,9734,0,0
CHEMBL35012,0.37646517,9735,0,0
CHEMBL43659,0.37619486,9736,0,0
CHEMBL4435430,0.37619486,9737,0,0
CHEMBL3309322,0.37602198,9738,0,0
CHEMBL7775,0.37602198,9739,0,0
CHEMBL21974,0.37599257,9740,0,0
CHEMBL11718,0.37591663,9741,0,0
CHEMBL19203,0.37591663,9742,0,0
CHEMBL1078223,0.3758546,9743,0,0
CHEMBL20040,0.3758546,9744,0,0
CHEMBL10990,0.37571922,9745,0,0
CHEMBL20688,0.3757035,9746,0,0
CHEMBL23348,0.37540776,9747,0,0
CHEMBL29955,0.3751111,9748,0,0
CHEMBL39907,0.37507296,9749,0,0
CHEMBL29271,0.37507296,9750,0,0
CHEMBL15600,0.37507296,9751,0,0
CHEMBL40976,0.37507296,9752,0,0
CHEMBL31253,0.37507296,9753,0,0
CHEMBL36086,0.37507296,9754,0,0
CHEMBL31272,0.37507296,9755,0,0
CHEMBL8514,0.37485328,9756,0,0
CHEMBL32960,0.37479943,9757,0,0
CHEMBL20212,0.37479943,9758,0,0
CHEMBL24993,0.37479943,9759,0,0
CHEMBL4434999,0.37479943,9760,0,0
CHEMBL14707,0.37479943,9761,0,0
CHEMBL17758,0.37479943,9762,0,0
CHEMBL33756,0.37479943,9763,0,0
CHEMBL28398,0.37452838,9764,0,0
CHEMBL26377,0.37452638,9765,0,0
CHEMBL12645,0.37452346,9766,0,0
CHEMBL39536,0.37452346,9767,0,0
CHEMBL17001,0.37446722,9768,0,0
CHEMBL35608,0.37446722,9769,0,0
CHEMBL41490,0.37446722,9770,0,0
CHEMBL24132,0.37446722,9771,0,0
CHEMBL4434840,0.37446722,9772,0,0
CHEMBL11852,0.37446722,9773,0,0
CHEMBL41806,0.37446722,9774,0,0
CHEMBL13738,0.37446722,9775,0,0
CHEMBL9184,0.37446722,9776,0,0
CHEMBL19158,0.37435344,9777,0,0
CHEMBL14884,0.37425008,9778,0,0
CHEMBL23075,0.37425008,9779,0,0
CHEMBL13896,0.37425008,9780,0,0
CHEMBL37053,0.37425008,9781,0,0
CHEMBL17716,0.37425008,9782,0,0
CHEMBL36803,0.37425008,9783,0,0
CHEMBL4553717,0.37425008,9784,0,0
CHEMBL16687,0.37413296,9785,0,0
CHEMBL21077,0.3740039,9786,0,0
CHEMBL8283,0.3740039,9787,0,0
CHEMBL4435794,0.3740039,9788,0,0
CHEMBL3310231,0.37399584,9789,0,0
CHEMBL33423,0.37394965,9790,0,0
CHEMBL1076357,0.37387905,9791,0,0
CHEMBL27556,0.37387905,9792,0,0
CHEMBL36397,0.37387905,9793,0,0
CHEMBL1078741,0.37371764,9794,0,0
CHEMBL14095,0.37371764,9795,0,0
CHEMBL4435401,0.37360564,9796,0,0
CHEMBL27585,0.37356564,9797,0,0
CHEMBL38983,0.37342423,9798,0,0
CHEMBL34045,0.3733491,9799,0,0
CHEMBL23625,0.37331942,9800,0,0
CHEMBL39348,0.3732763,9801,0,0
CHEMBL16757,0.37283856,9802,0,0
CHEMBL36823,0.37252438,9803,0,0
CHEMBL25729,0.37245238,9804,0,0
CHEMBL1161839,0.37227553,9805,0,0
CHEMBL20720,0.37225544,9806,0,0
CHEMBL28454,0.37223622,9807,0,0
CHEMBL8068,0.37209937,9808,0,0
CHEMBL3310444,0.37207586,9809,0,0
CHEMBL38465,0.37207586,9810,0,0
CHEMBL18215,0.371858,9811,0,0
CHEMBL18720,0.371858,9812,0,0
CHEMBL26953,0.371858,9813,0,0
CHEMBL30671,0.371858,9814,0,0
CHEMBL3309578,0.371858,9815,0,0
CHEMBL40246,0.371858,9816,0,0
CHEMBL10703,0.371858,9817,0,0
CHEMBL3311304,0.371858,9818,0,0
CHEMBL19078,0.371858,9819,0,0
CHEMBL22820,0.371858,9820,0,0
CHEMBL18934,0.371858,9821,0,0
CHEMBL36619,0.371858,9822,0,0
CHEMBL3310438,0.371858,9823,0,0
CHEMBL29455,0.371858,9824,0,0
CHEMBL40165,0.371858,9825,0,0
CHEMBL17453,0.371858,9826,0,0
CHEMBL8278,0.371858,9827,0,0
CHEMBL6404,0.371858,9828,0,0
CHEMBL40964,0.3717265,9829,0,0
CHEMBL20289,0.3717265,9830,0,0
CHEMBL17023,0.37123507,9831,0,0
CHEMBL37100,0.37123507,9832,0,0
CHEMBL28244,0.37123507,9833,0,0
CHEMBL33331,0.37123507,9834,0,0
CHEMBL15983,0.37123507,9835,0,0
CHEMBL28897,0.37123507,9836,0,0
CHEMBL25990,0.37098712,9837,0,0
CHEMBL24976,0.3708918,9838,0,0
CHEMBL1094912,0.3706198,9839,0,0
CHEMBL4435209,0.37011123,9840,0,0
CHEMBL10682,0.36990243,9841,0,0
CHEMBL24412,0.36990243,9842,0,0
CHEMBL39799,0.3698735,9843,0,0
CHEMBL29929,0.3698735,9844,0,0
CHEMBL37641,0.36970454,9845,0,0
CHEMBL579869,0.3694316,9846,0,0
CHEMBL1076814,0.36929786,9847,0,0
CHEMBL499520,0.36929786,9848,0,0
CHEMBL10820,0.36929786,9849,0,0
CHEMBL3309268,0.36929786,9850,0,0
CHEMBL24880,0.36929786,9851,0,0
CHEMBL26298,0.36898035,9852,0,0
CHEMBL26863,0.3689337,9853,0,0
CHEMBL38869,0.36886966,9854,0,0
CHEMBL31369,0.36886966,9855,0,0
CHEMBL24333,0.36886966,9856,0,0
CHEMBL15002,0.36886966,9857,0,0
CHEMBL4435800,0.36886966,9858,0,0
CHEMBL8697,0.36886966,9859,0,0
CHEMBL39366,0.36886966,9860,0,0
CHEMBL43503,0.36886966,9861,0,0
CHEMBL28934,0.36886966,9862,0,0
CHEMBL29636,0.36886966,9863,0,0
CHEMBL29525,0.36886966,9864,0,0
CHEMBL14548,0.36882684,9865,0,0
CHEMBL26231,0.36879617,9866,0,0
CHEMBL27524,0.36869842,9867,0,0
CHEMBL35337,0.36869842,9868,0,0
CHEMBL29256,0.36869842,9869,0,0
CHEMBL37944,0.36869842,9870,0,0
CHEMBL33038,0.36869842,9871,0,0
CHEMBL27525,0.36869842,9872,0,0
CHEMBL4436051,0.36869842,9873,0,0
CHEMBL1202021,0.36869842,9874,0,0
CHEMBL21424,0.36869842,9875,0,0
CHEMBL7520,0.36869842,9876,0,0
CHEMBL4435730,0.36869842,9877,0,0
CHEMBL14630,0.36869842,9878,0,0
CHEMBL33434,0.36869842,9879,0,0
CHEMBL18973,0.36869842,9880,0,0
CHEMBL30355,0.36869842,9881,0,0
CHEMBL10051,0.36869842,9882,0,0
CHEMBL41236,0.36869842,9883,0,0
CHEMBL3311078,0.36869842,9884,0,0
CHEMBL1076555,0.36869842,9885,0,0
CHEMBL41892,0.36869842,9886,0,0
CHEMBL3310403,0.36869842,9887,0,0
CHEMBL1162300,0.36869842,9888,0,0
CHEMBL22866,0.36869842,9889,0,0
CHEMBL32442,0.36869842,9890,0,0
CHEMBL28045,0.36869842,9891,0,0
CHEMBL4435237,0.36869842,9892,0,0
CHEMBL37922,0.36869842,9893,0,0
CHEMBL15831,0.36869842,9894,0,0
CHEMBL4434815,0.36869842,9895,0,0
CHEMBL36050,0.36869842,9896,0,0
CHEMBL31436,0.36869842,9897,0,0
CHEMBL34188,0.36869842,9898,0,0
CHEMBL37763,0.36869842,9899,0,0
CHEMBL40572,0.36869842,9900,0,0
CHEMBL15558,0.36869842,9901,0,0
CHEMBL17399,0.36869842,9902,0,0
CHEMBL35582,0.36869842,9903,0,0
CHEMBL33570,0.36869842,9904,0,0
CHEMBL10559,0.36869842,9905,0,0
CHEMBL10576,0.36869842,9906,0,0
CHEMBL20800,0.36869842,9907,0,0
CHEMBL16291,0.36869842,9908,0,0
CHEMBL34841,0.36869842,9909,0,0
CHEMBL29697,0.36869842,9910,0,0
CHEMBL14323,0.36869842,9911,0,0
CHEMBL35508,0.36869842,9912,0,0
CHEMBL15817,0.36869842,9913,0,0
CHEMBL3309432,0.36869842,9914,0,0
CHEMBL3311357,0.36869842,9915,0,0
CHEMBL3309430,0.36869842,9916,0,0
CHEMBL40087,0.36869842,9917,0,0
CHEMBL32499,0.36869842,9918,0,0
CHEMBL40058,0.36869842,9919,0,0
CHEMBL18448,0.36869842,9920,0,0
CHEMBL37759,0.36869842,9921,0,0
CHEMBL33239,0.36869842,9922,0,0
CHEMBL26078,0.36869842,9923,0,0
CHEMBL19373,0.36869842,9924,0,0
CHEMBL12454,0.36869842,9925,0,0
CHEMBL4434857,0.36869842,9926,0,0
CHEMBL39510,0.36869842,9927,0,0
CHEMBL563301,0.36869842,9928,0,0
CHEMBL36217,0.36869842,9929,0,0
CHEMBL12501,0.36869842,9930,0,0
CHEMBL28864,0.36869842,9931,0,0
CHEMBL42968,0.36869842,9932,0,0
CHEMBL21771,0.36869842,9933,0,0
CHEMBL553689,0.36869842,9934,0,0
CHEMBL37725,0.36869842,9935,0,0
CHEMBL37703,0.36869842,9936,0,0
CHEMBL1093605,0.36869842,9937,0,0
CHEMBL3311246,0.36869842,9938,0,0
CHEMBL36326,0.36869842,9939,0,0
CHEMBL30678,0.36869842,9940,0,0
CHEMBL28973,0.36869842,9941,0,0
CHEMBL31668,0.36869842,9942,0,0
CHEMBL34288,0.36869842,9943,0,0
CHEMBL3310962,0.36869842,9944,0,0
CHEMBL40702,0.36869842,9945,0,0
CHEMBL30531,0.36869842,9946,0,0
CHEMBL3309871,0.36869842,9947,0,0
CHEMBL34104,0.36869842,9948,0,0
CHEMBL17548,0.36869842,9949,0,0
CHEMBL22903,0.36869842,9950,0,0
CHEMBL31810,0.36869842,9951,0,0
CHEMBL31695,0.36869842,9952,0,0
CHEMBL31683,0.36869842,9953,0,0
CHEMBL11751,0.36869842,9954,0,0
CHEMBL3310819,0.36869842,9955,0,0
CHEMBL30090,0.36869842,9956,0,0
CHEMBL21099,0.36869842,9957,0,0
CHEMBL6824,0.36869842,9958,0,0
CHEMBL30870,0.36868602,9959,0,0
CHEMBL4435697,0.36861983,9960,0,0
CHEMBL9719,0.36853537,9961,0,0
CHEMBL34547,0.36853537,9962,0,0
CHEMBL24112,0.36853537,9963,0,0
CHEMBL34703,0.36852944,9964,0,0
CHEMBL8467,0.36852944,9965,0,0
CHEMBL10494,0.36852944,9966,0,0
CHEMBL27301,0.36852944,9967,0,0
CHEMBL4435405,0.3684386,9968,0,0
CHEMBL22122,0.36834782,9969,0,0
CHEMBL17162,0.36817306,9970,0,0
CHEMBL18895,0.3679709,9971,0,0
CHEMBL34659,0.3679709,9972,0,0
CHEMBL15294,0.3679709,9973,0,0
CHEMBL30704,0.3679709,9974,0,0
CHEMBL19944,0.3678772,9975,0,0
CHEMBL23273,0.36787254,9976,0,0
CHEMBL36703,0.36787254,9977,0,0
CHEMBL41485,0.36787254,9978,0,0
CHEMBL26096,0.3678213,9979,0,0
CHEMBL13196,0.36774468,9980,0,0
CHEMBL39538,0.36774468,9981,0,0
CHEMBL3311158,0.36773837,9982,0,0
CHEMBL30823,0.36773837,9983,0,0
CHEMBL3310249,0.36758253,9984,0,0
CHEMBL4434828,0.3671943,9985,0,0
CHEMBL7534,0.3671943,9986,0,0
CHEMBL32228,0.36719197,9987,0,0
CHEMBL37699,0.3671086,9988,0,0
CHEMBL32577,0.36706337,9989,0,0
CHEMBL7836,0.36689088,9990,0,0
CHEMBL25447,0.36689088,9991,0,0
CHEMBL4434866,0.3667978,9992,0,0
CHEMBL22204,0.366773,9993,0,0
CHEMBL4436144,0.366773,9994,0,0
CHEMBL22819,0.3667632,9995,0,0
CHEMBL12151,0.3667632,9996,0,0
CHEMBL41537,0.3667632,9997,0,0
CHEMBL25474,0.3667632,9998,0,0
CHEMBL38595,0.3667632,9999,0,0
CHEMBL6792,0.3667632,10000,0,0
CHEMBL30949,0.3667632,10001,0,0
CHEMBL19856,0.3667632,10002,0,0
CHEMBL28068,0.36668912,10003,0,0
CHEMBL16083,0.36668912,10004,0,0
CHEMBL4435998,0.36664262,10005,0,0
CHEMBL19677,0.3666119,10006,0,0
CHEMBL10417,0.3666119,10007,0,0
CHEMBL20222,0.36647034,10008,0,0
CHEMBL41849,0.36647034,10009,0,0
CHEMBL39928,0.36644685,10010,0,0
CHEMBL25785,0.36644685,10011,0,0
CHEMBL18270,0.36644685,10012,0,0
CHEMBL17656,0.36644685,10013,0,0
CHEMBL41487,0.36644685,10014,0,0
CHEMBL38488,0.36628988,10015,0,0
CHEMBL10485,0.366261,10016,0,0
CHEMBL4435384,0.36603805,10017,0,0
CHEMBL41459,0.36603805,10018,0,0
CHEMBL4436448,0.36603805,10019,0,0
CHEMBL27852,0.36602092,10020,0,0
CHEMBL22615,0.3653754,10021,0,0
CHEMBL12933,0.365277,10022,0,0
CHEMBL17218,0.36510634,10023,0,0
CHEMBL39848,0.36494312,10024,0,0
CHEMBL43765,0.3647745,10025,0,0
CHEMBL29934,0.3647745,10026,0,0
CHEMBL6946,0.36467588,10027,0,0
CHEMBL104,0.36467588,10028,0,1
CHEMBL19062,0.36462182,10029,0,0
CHEMBL19144,0.36462182,10030,0,0
CHEMBL20848,0.36462182,10031,0,0
CHEMBL6248,0.36462182,10032,0,0
CHEMBL36903,0.36462182,10033,0,0
CHEMBL9142,0.36456865,10034,0,0
CHEMBL31498,0.36455244,10035,0,0
CHEMBL30180,0.36455244,10036,0,0
CHEMBL14927,0.36455244,10037,0,0
CHEMBL29807,0.36455244,10038,0,0
CHEMBL38039,0.36455244,10039,0,0
CHEMBL26174,0.3643345,10040,0,0
CHEMBL11026,0.36431336,10041,0,0
CHEMBL39253,0.36429894,10042,0,0
CHEMBL36427,0.36428323,10043,0,0
CHEMBL16585,0.36428323,10044,0,0
CHEMBL4559944,0.36428323,10045,0,0
CHEMBL16818,0.36428323,10046,0,0
CHEMBL18584,0.36428323,10047,0,0
CHEMBL10863,0.36428323,10048,0,0
CHEMBL19477,0.36428323,10049,0,0
CHEMBL16056,0.36428323,10050,0,0
CHEMBL30173,0.36428323,10051,0,0
CHEMBL4553649,0.36428323,10052,0,0
CHEMBL15391,0.36421403,10053,0,0
CHEMBL40180,0.36421403,10054,0,0
CHEMBL42935,0.36421403,10055,0,0
CHEMBL9281,0.36421403,10056,0,0
CHEMBL36688,0.36406174,10057,0,0
CHEMBL27109,0.36406174,10058,0,0
CHEMBL4543371,0.36406174,10059,0,0
CHEMBL14400,0.36406174,10060,0,0
CHEMBL31861,0.364059,10061,0,0
CHEMBL41646,0.3640124,10062,0,0
CHEMBL38898,0.3635924,10063,0,0
CHEMBL27445,0.36340836,10064,0,0
CHEMBL12553,0.36340836,10065,0,0
CHEMBL35438,0.36333993,10066,0,0
CHEMBL23803,0.36333993,10067,0,0
CHEMBL15197,0.36333993,10068,0,0
CHEMBL39515,0.36333993,10069,0,0
CHEMBL7828,0.36333993,10070,0,0
CHEMBL25964,0.36333993,10071,0,0
CHEMBL4116099,0.36333993,10072,0,0
CHEMBL28639,0.36333993,10073,0,0
CHEMBL20438,0.36322007,10074,0,0
CHEMBL21250,0.36322007,10075,0,0
CHEMBL20998,0.36322007,10076,0,0
CHEMBL18559,0.36320508,10077,0,0
CHEMBL33842,0.36318874,10078,0,0
CHEMBL10567,0.36318168,10079,0,0
CHEMBL13341,0.3630492,10080,0,0
CHEMBL40765,0.36275595,10081,0,0
CHEMBL15382,0.36275595,10082,0,0
CHEMBL22568,0.3624946,10083,0,0
CHEMBL563,0.3624946,10084,0,0
CHEMBL25258,0.36225504,10085,0,0
CHEMBL8373,0.3621568,10086,0,0
CHEMBL37656,0.3621568,10087,0,0
CHEMBL26170,0.3621568,10088,0,0
CHEMBL29602,0.3621568,10089,0,0
CHEMBL6364,0.3621568,10090,0,0
CHEMBL8740,0.3621568,10091,0,0
CHEMBL41942,0.3621568,10092,0,0
CHEMBL37276,0.36209023,10093,0,0
CHEMBL29007,0.36209023,10094,0,0
CHEMBL33983,0.36208472,10095,0,0
CHEMBL27156,0.36208472,10096,0,0
CHEMBL6308,0.36206946,10097,0,0
CHEMBL31891,0.36183882,10098,0,0
CHEMBL443,0.36183882,10099,0,0
CHEMBL43734,0.36183882,10100,0,0
CHEMBL815,0.36183882,10101,0,0
CHEMBL14835,0.36183882,10102,0,0
CHEMBL37514,0.36183882,10103,0,0
CHEMBL29358,0.36183882,10104,0,0
CHEMBL12777,0.3616059,10105,0,0
CHEMBL741,0.36158797,10106,0,0
CHEMBL10264,0.36158797,10107,0,0
CHEMBL24429,0.36120787,10108,0,0
CHEMBL38748,0.3611973,10109,0,0
CHEMBL20074,0.3611973,10110,0,0
CHEMBL24239,0.36112553,10111,0,0
CHEMBL39252,0.36106703,10112,0,0
CHEMBL32875,0.3609053,10113,0,0
CHEMBL11738,0.3608946,10114,0,0
CHEMBL7747,0.36073592,10115,0,0
CHEMBL12899,0.36073592,10116,0,0
CHEMBL3309472,0.36053035,10117,0,0
CHEMBL4435015,0.36053035,10118,0,0
CHEMBL34994,0.3604703,10119,0,0
CHEMBL4553659,0.36035,10120,0,0
CHEMBL32004,0.36035,10121,0,0
CHEMBL12025,0.36035,10122,0,0
CHEMBL8989,0.36024848,10123,0,0
CHEMBL4436345,0.36024442,10124,0,0
CHEMBL25313,0.36024442,10125,0,0
CHEMBL16137,0.36018008,10126,0,0
CHEMBL41199,0.36018008,10127,0,0
CHEMBL8735,0.36018008,10128,0,0
CHEMBL43754,0.36018008,10129,0,0
CHEMBL22154,0.36018008,10130,0,0
CHEMBL7650,0.36018008,10131,0,0
CHEMBL2147660,0.36018008,10132,0,0
CHEMBL1213767,0.36018008,10133,0,0
CHEMBL29074,0.36018008,10134,0,0
CHEMBL10535,0.36018008,10135,0,0
CHEMBL540902,0.36018008,10136,0,0
CHEMBL32403,0.36018008,10137,0,0
CHEMBL7678,0.36018008,10138,0,0
CHEMBL38705,0.36018008,10139,0,0
CHEMBL10406,0.36018008,10140,0,0
CHEMBL4434651,0.36018008,10141,0,0
CHEMBL39456,0.36018008,10142,0,0
CHEMBL7713,0.36018008,10143,0,0
CHEMBL8664,0.36018008,10144,0,0
CHEMBL36212,0.36018008,10145,0,0
CHEMBL31336,0.36018008,10146,0,0
CHEMBL35351,0.36018008,10147,0,0
CHEMBL9428,0.36018008,10148,0,0
CHEMBL33897,0.36018008,10149,0,0
CHEMBL9859,0.36018008,10150,0,0
CHEMBL21262,0.36018008,10151,0,0
CHEMBL41864,0.36018008,10152,0,0
CHEMBL32636,0.36018008,10153,0,0
CHEMBL9430,0.36018008,10154,0,0
CHEMBL41555,0.36018008,10155,0,0
CHEMBL25488,0.36018008,10156,0,0
CHEMBL20268,0.36018008,10157,0,0
CHEMBL21295,0.36018008,10158,0,0
CHEMBL18698,0.36018008,10159,0,0
CHEMBL18745,0.36018008,10160,0,0
CHEMBL37347,0.36018008,10161,0,0
CHEMBL33098,0.36018008,10162,0,0
CHEMBL41301,0.36018008,10163,0,0
CHEMBL22306,0.36018008,10164,0,0
CHEMBL17234,0.35976583,10165,0,0
CHEMBL642,0.35949475,10166,0,0
CHEMBL24347,0.35939986,10167,0,0
CHEMBL17447,0.3592656,10168,0,0
CHEMBL40511,0.3592656,10169,0,0
CHEMBL1163228,0.35904634,10170,0,0
CHEMBL13354,0.3589063,10171,0,0
CHEMBL9505,0.3589063,10172,0,0
CHEMBL4435341,0.3589063,10173,0,0
CHEMBL24595,0.3589063,10174,0,0
CHEMBL7296,0.3589063,10175,0,0
CHEMBL17502,0.3589063,10176,0,0
CHEMBL498905,0.3589063,10177,0,0
CHEMBL21882,0.3589063,10178,0,0
CHEMBL13611,0.3589063,10179,0,0
CHEMBL15171,0.35875127,10180,0,0
CHEMBL9338,0.3587203,10181,0,0
CHEMBL19738,0.35861745,10182,0,0
CHEMBL16722,0.35861745,10183,0,0
CHEMBL39918,0.35861745,10184,0,0
CHEMBL14092,0.35859773,10185,0,0
CHEMBL41304,0.35859773,10186,0,0
CHEMBL14320,0.35859773,10187,0,0
CHEMBL12030,0.35849488,10188,0,0
CHEMBL16151,0.35834432,10189,0,0
CHEMBL39106,0.3582913,10190,0,0
CHEMBL6570,0.35819888,10191,0,0
CHEMBL4553556,0.35819888,10192,0,0
CHEMBL19703,0.35819888,10193,0,0
CHEMBL14951,0.35810292,10194,0,0
CHEMBL10672,0.35806912,10195,0,0
CHEMBL26048,0.35803437,10196,0,0
CHEMBL25129,0.35777307,10197,0,0
CHEMBL31363,0.35777307,10198,0,0
CHEMBL22623,0.35777307,10199,0,0
CHEMBL35808,0.35777307,10200,0,0
CHEMBL10837,0.35777307,10201,0,0
CHEMBL28511,0.35748297,10202,0,0
CHEMBL37996,0.3573944,10203,0,0
CHEMBL31032,0.35714093,10204,0,0
CHEMBL28296,0.35714093,10205,0,0
CHEMBL4553555,0.35675845,10206,0,0
CHEMBL1086063,0.35675845,10207,0,0
CHEMBL37551,0.35675845,10208,0,0
CHEMBL4553634,0.35673907,10209,0,0
CHEMBL13030,0.3565945,10210,0,0
CHEMBL4553714,0.3565945,10211,0,0
CHEMBL17707,0.3565945,10212,0,0
CHEMBL8093,0.3565945,10213,0,0
CHEMBL501256,0.3565945,10214,0,0
CHEMBL38894,0.3565945,10215,0,0
CHEMBL14113,0.35640106,10216,0,0
CHEMBL3085797,0.35628024,10217,0,0
CHEMBL30241,0.3562802,10218,0,0
CHEMBL36061,0.3562802,10219,0,0
CHEMBL29354,0.3562802,10220,0,0
CHEMBL29114,0.3562802,10221,0,0
CHEMBL38088,0.3562802,10222,0,0
CHEMBL12832,0.35587728,10223,0,0
CHEMBL15247,0.35585904,10224,0,0
CHEMBL14773,0.35580084,10225,0,0
CHEMBL15914,0.3557591,10226,0,0
CHEMBL41651,0.35571098,10227,0,0
CHEMBL3310246,0.35559642,10228,0,0
CHEMBL30096,0.35559642,10229,0,0
CHEMBL25500,0.35559642,10230,0,0
CHEMBL15922,0.35559642,10231,0,0
CHEMBL28716,0.35559642,10232,0,0
CHEMBL17478,0.35559642,10233,0,0
CHEMBL3310497,0.35559642,10234,0,0
CHEMBL11093,0.35559642,10235,0,0
CHEMBL38120,0.35559642,10236,0,0
CHEMBL22159,0.35542715,10237,0,0
CHEMBL37909,0.35542715,10238,0,0
CHEMBL19259,0.35542715,10239,0,0
CHEMBL16248,0.3552592,10240,0,0
CHEMBL11406,0.3552592,10241,0,0
CHEMBL29190,0.35524416,10242,0,0
CHEMBL11185,0.35524416,10243,0,0
CHEMBL23089,0.35524416,10244,0,0
CHEMBL26153,0.35524416,10245,0,0
CHEMBL14878,0.35524416,10246,0,0
CHEMBL597,0.35524416,10247,0,0
CHEMBL25240,0.35524416,10248,0,0
CHEMBL32278,0.35524416,10249,0,0
CHEMBL40480,0.35524416,10250,0,0
CHEMBL23873,0.35524416,10251,0,0
CHEMBL16173,0.35524416,10252,0,0
CHEMBL23339,0.35524416,10253,0,0
CHEMBL4434838,0.35524416,10254,0,0
CHEMBL36020,0.35524416,10255,0,0
CHEMBL37735,0.35524416,10256,0,0
CHEMBL504374,0.35524416,10257,0,0
CHEMBL20414,0.35524166,10258,0,0
CHEMBL10405,0.35500196,10259,0,0
CHEMBL28458,0.35497966,10260,0,0
CHEMBL17013,0.35497966,10261,0,0
CHEMBL6632,0.35497966,10262,0,0
CHEMBL35730,0.35497966,10263,0,0
CHEMBL10188,0.35497966,10264,0,0
CHEMBL31950,0.3548192,10265,0,0
CHEMBL26259,0.3548192,10266,0,0
CHEMBL34820,0.3548192,10267,0,0
CHEMBL22780,0.3548192,10268,0,0
CHEMBL2326900,0.35431138,10269,0,0
CHEMBL43513,0.35411626,10270,0,0
CHEMBL32387,0.35396993,10271,0,0
CHEMBL25797,0.35333928,10272,0,0
CHEMBL12295,0.35333928,10273,0,0
CHEMBL28800,0.35333928,10274,0,0
CHEMBL29491,0.3532621,10275,0,0
CHEMBL10942,0.3532621,10276,0,0
CHEMBL515,0.3532621,10277,0,0
CHEMBL17185,0.3532621,10278,0,0
CHEMBL4435101,0.35318214,10279,0,0
CHEMBL21560,0.3531642,10280,0,0
CHEMBL22692,0.35296088,10281,0,0
CHEMBL14856,0.35278282,10282,0,0
CHEMBL17443,0.35278282,10283,0,0
CHEMBL41354,0.35278282,10284,0,0
CHEMBL30488,0.35278282,10285,0,0
CHEMBL11504,0.35278282,10286,0,0
CHEMBL10301,0.35278282,10287,0,0
CHEMBL10988,0.35278282,10288,0,0
CHEMBL15216,0.35278282,10289,0,0
CHEMBL32109,0.35278282,10290,0,0
CHEMBL12679,0.35278282,10291,0,0
CHEMBL25709,0.35278282,10292,0,0
CHEMBL10204,0.35278282,10293,0,0
CHEMBL30408,0.35278282,10294,0,0
CHEMBL154940,0.35278282,10295,0,0
CHEMBL12854,0.35278282,10296,0,0
CHEMBL37622,0.35278282,10297,0,0
CHEMBL36333,0.35278282,10298,0,0
CHEMBL27366,0.35278282,10299,0,0
CHEMBL29468,0.35278282,10300,0,0
CHEMBL30793,0.35278282,10301,0,0
CHEMBL10790,0.35278282,10302,0,0
CHEMBL4435171,0.35278282,10303,0,0
CHEMBL4435996,0.35278282,10304,0,0
CHEMBL4436534,0.35277885,10305,0,0
CHEMBL3310916,0.35265425,10306,0,0
CHEMBL38369,0.3526388,10307,0,0
CHEMBL4435306,0.3526388,10308,0,0
CHEMBL14980,0.3525846,10309,0,0
CHEMBL25040,0.3525846,10310,0,0
CHEMBL38080,0.35241604,10311,0,0
CHEMBL154714,0.35228306,10312,0,0
CHEMBL13891,0.35196006,10313,0,0
CHEMBL811,0.35193977,10314,0,0
CHEMBL9414,0.35189837,10315,0,0
CHEMBL30472,0.35189837,10316,0,0
CHEMBL16208,0.35189837,10317,0,0
CHEMBL34139,0.35189837,10318,0,0
CHEMBL19960,0.35189837,10319,0,0
CHEMBL3309324,0.35189837,10320,0,0
CHEMBL35277,0.35189837,10321,0,0
CHEMBL8350,0.35189837,10322,0,0
CHEMBL7825,0.35189837,10323,0,0
CHEMBL39513,0.35189837,10324,0,0
CHEMBL19247,0.35189837,10325,0,0
CHEMBL40023,0.35189837,10326,0,0
CHEMBL10546,0.35177806,10327,0,0
CHEMBL24627,0.3517416,10328,0,0
CHEMBL38326,0.3517416,10329,0,0
CHEMBL31288,0.35162464,10330,0,0
CHEMBL8033,0.35162464,10331,0,0
CHEMBL11051,0.3513235,10332,0,0
CHEMBL36033,0.3511667,10333,0,0
CHEMBL28227,0.35106042,10334,0,0
CHEMBL9968,0.35085824,10335,0,0
CHEMBL21608,0.3504827,10336,0,0
CHEMBL16016,0.35043132,10337,0,0
CHEMBL41396,0.35031033,10338,0,0
CHEMBL8954,0.35031033,10339,0,0
CHEMBL23003,0.3502214,10340,0,0
CHEMBL21773,0.3498908,10341,0,0
CHEMBL26843,0.34974256,10342,0,0
CHEMBL17949,0.34966433,10343,0,0
CHEMBL4434794,0.34966433,10344,0,0
CHEMBL23943,0.34938213,10345,0,0
CHEMBL21247,0.34929657,10346,0,0
CHEMBL32691,0.34916717,10347,0,0
CHEMBL16799,0.3490996,10348,0,0
CHEMBL31364,0.34882003,10349,0,0
CHEMBL23968,0.34882003,10350,0,0
CHEMBL12826,0.34882003,10351,0,0
CHEMBL36334,0.34882003,10352,0,0
CHEMBL26982,0.34882003,10353,0,0
CHEMBL6311,0.34882003,10354,0,0
CHEMBL39254,0.34882003,10355,0,0
CHEMBL3310248,0.34882003,10356,0,0
CHEMBL41183,0.34882003,10357,0,0
CHEMBL36567,0.34882003,10358,0,0
CHEMBL40974,0.34882003,10359,0,0
CHEMBL31677,0.34882003,10360,0,0
CHEMBL8682,0.34882003,10361,0,0
CHEMBL31844,0.34882003,10362,0,0
CHEMBL33352,0.34882003,10363,0,0
CHEMBL22315,0.34882003,10364,0,0
CHEMBL17059,0.34882003,10365,0,0
CHEMBL32683,0.34882003,10366,0,0
CHEMBL33018,0.34882003,10367,0,0
CHEMBL14551,0.34882003,10368,0,0
CHEMBL29393,0.34882003,10369,0,0
CHEMBL4435204,0.34881085,10370,0,0
CHEMBL4116140,0.34874913,10371,0,0
CHEMBL4436230,0.34874913,10372,0,0
CHEMBL4435734,0.3485799,10373,0,0
CHEMBL3309771,0.34856075,10374,0,0
CHEMBL39216,0.34856075,10375,0,0
CHEMBL12457,0.34856075,10376,0,0
CHEMBL24192,0.34856075,10377,0,0
CHEMBL16975,0.34856075,10378,0,0
CHEMBL26765,0.34856075,10379,0,0
CHEMBL4436008,0.34856075,10380,0,0
CHEMBL40131,0.34856075,10381,0,0
CHEMBL11750,0.34856075,10382,0,0
CHEMBL33885,0.34856075,10383,0,0
CHEMBL3310777,0.3484894,10384,0,0
CHEMBL21981,0.3484419,10385,0,0
CHEMBL11125,0.3484419,10386,0,0
CHEMBL3309365,0.3484419,10387,0,0
CHEMBL36493,0.3484419,10388,0,0
CHEMBL16755,0.3484419,10389,0,0
CHEMBL15576,0.3484419,10390,0,0
CHEMBL15381,0.3484419,10391,0,0
CHEMBL26748,0.3484419,10392,0,0
CHEMBL40737,0.3484419,10393,0,0
CHEMBL25380,0.3484419,10394,0,0
CHEMBL14860,0.3484419,10395,0,0
CHEMBL36034,0.3484419,10396,0,0
CHEMBL15654,0.3484419,10397,0,0
CHEMBL21206,0.3484419,10398,0,0
CHEMBL6876,0.3484419,10399,0,0
CHEMBL13397,0.3484419,10400,0,0
CHEMBL35671,0.3484419,10401,0,0
CHEMBL14948,0.3484419,10402,0,0
CHEMBL12984,0.3484419,10403,0,0
CHEMBL15402,0.3484419,10404,0,0
CHEMBL39557,0.3484419,10405,0,0
CHEMBL28012,0.3484419,10406,0,0
CHEMBL43600,0.3484419,10407,0,0
CHEMBL42719,0.3484419,10408,0,0
CHEMBL127,0.3484419,10409,0,0
CHEMBL38393,0.3484419,10410,0,0
CHEMBL42107,0.3484419,10411,0,0
CHEMBL28923,0.3484419,10412,0,0
CHEMBL15139,0.34844178,10413,0,0
CHEMBL4435810,0.34844178,10414,0,0
CHEMBL7165,0.34844178,10415,0,0
CHEMBL4436251,0.34844178,10416,0,0
CHEMBL30681,0.34844178,10417,0,0
CHEMBL28776,0.34844178,10418,0,0
CHEMBL21437,0.34832633,10419,0,0
CHEMBL2093826,0.34806126,10420,0,0
CHEMBL12347,0.34806126,10421,0,0
CHEMBL3310308,0.34806126,10422,0,0
CHEMBL9635,0.34806126,10423,0,0
CHEMBL14975,0.34806126,10424,0,0
CHEMBL25840,0.34806126,10425,0,0
CHEMBL33516,0.34806126,10426,0,0
CHEMBL21391,0.34797874,10427,0,0
CHEMBL3309774,0.34797874,10428,0,0
CHEMBL30697,0.34762585,10429,0,0
CHEMBL8038,0.3475761,10430,0,0
CHEMBL22196,0.34743446,10431,0,0
CHEMBL26544,0.3473714,10432,0,0
CHEMBL17173,0.3473714,10433,0,0
CHEMBL21502,0.3473714,10434,0,0
CHEMBL4559950,0.3473714,10435,0,0
CHEMBL23409,0.34731656,10436,0,0
CHEMBL23899,0.34731656,10437,0,0
CHEMBL39616,0.34731156,10438,0,0
CHEMBL4435398,0.3471943,10439,0,0
CHEMBL40684,0.3471943,10440,0,0
CHEMBL14583,0.34716472,10441,0,0
CHEMBL4435197,0.3471438,10442,0,0
CHEMBL22823,0.34686667,10443,0,0
CHEMBL35423,0.34686667,10444,0,0
CHEMBL34228,0.34686667,10445,0,0
CHEMBL6962,0.34686667,10446,0,0
CHEMBL37572,0.34686667,10447,0,0
CHEMBL20234,0.34686667,10448,0,0
CHEMBL12407,0.34686667,10449,0,0
CHEMBL26008,0.34680548,10450,0,0
CHEMBL37506,0.34653404,10451,0,0
CHEMBL12888,0.34648642,10452,0,0
CHEMBL3310072,0.34625828,10453,0,0
CHEMBL572743,0.34624743,10454,0,0
CHEMBL19657,0.34624743,10455,0,0
CHEMBL37973,0.34624743,10456,0,0
CHEMBL34570,0.34624743,10457,0,0
CHEMBL13379,0.34624743,10458,0,0
CHEMBL18771,0.34621924,10459,0,0
CHEMBL36260,0.34618294,10460,0,0
CHEMBL27175,0.34614718,10461,0,0
CHEMBL8046,0.3461237,10462,0,0
CHEMBL31108,0.34611472,10463,0,0
CHEMBL37565,0.34611472,10464,0,0
CHEMBL4435265,0.34611472,10465,0,0
CHEMBL21660,0.3460768,10466,0,0
CHEMBL39418,0.3459852,10467,0,0
CHEMBL4435692,0.34592706,10468,0,0
CHEMBL34649,0.34580722,10469,0,0
CHEMBL35153,0.34573025,10470,0,0
CHEMBL9388,0.34573025,10471,0,0
CHEMBL25811,0.34564427,10472,0,0
CHEMBL3310673,0.3456125,10473,0,0
CHEMBL18592,0.34559983,10474,0,0
CHEMBL33680,0.34539306,10475,0,0
CHEMBL35513,0.34539306,10476,0,0
CHEMBL7219,0.34539306,10477,0,0
CHEMBL30477,0.34539306,10478,0,0
CHEMBL16127,0.34539306,10479,0,0
CHEMBL13161,0.34539306,10480,0,0
CHEMBL4543182,0.34539306,10481,0,0
CHEMBL4436423,0.34539306,10482,0,0
CHEMBL43755,0.34539306,10483,0,0
CHEMBL4436156,0.34539306,10484,0,0
CHEMBL37582,0.34539306,10485,0,0
CHEMBL3309631,0.34539306,10486,0,0
CHEMBL8386,0.34539306,10487,0,0
CHEMBL35613,0.34539306,10488,0,0
CHEMBL22897,0.34539306,10489,0,0
CHEMBL8907,0.34539306,10490,0,0
CHEMBL11908,0.34539306,10491,0,0
CHEMBL26526,0.34539306,10492,0,0
CHEMBL13392,0.34539306,10493,0,0
CHEMBL32200,0.34539306,10494,0,0
CHEMBL19138,0.34539306,10495,0,0
CHEMBL6282,0.34539306,10496,0,0
CHEMBL7512,0.34539306,10497,0,0
CHEMBL13672,0.34539306,10498,0,0
CHEMBL15371,0.34539306,10499,0,0
CHEMBL10830,0.34539306,10500,0,0
CHEMBL501701,0.34539306,10501,0,0
CHEMBL22882,0.34539306,10502,0,0
CHEMBL28949,0.34539306,10503,0,0
CHEMBL23702,0.34539306,10504,0,0
CHEMBL35864,0.34539306,10505,0,0
CHEMBL39308,0.34514928,10506,0,0
CHEMBL22408,0.34514666,10507,0,0
CHEMBL4434853,0.34504825,10508,0,0
CHEMBL14487,0.344877,10509,0,0
CHEMBL23994,0.344877,10510,0,0
CHEMBL4435372,0.34481996,10511,0,0
CHEMBL38665,0.34473902,10512,0,0
CHEMBL18930,0.34451917,10513,0,0
CHEMBL17133,0.34444803,10514,0,0
CHEMBL4434869,0.34431654,10515,0,0
CHEMBL12353,0.34395352,10516,0,0
CHEMBL16320,0.34395352,10517,0,0
CHEMBL23155,0.34395352,10518,0,0
CHEMBL4543334,0.3439036,10519,0,0
CHEMBL9748,0.34384054,10520,0,0
CHEMBL3310152,0.34356183,10521,0,0
CHEMBL13170,0.34348875,10522,0,0
CHEMBL4435707,0.34323454,10523,0,0
CHEMBL18234,0.34315926,10524,0,0
CHEMBL41003,0.34315926,10525,0,0
CHEMBL41647,0.34315926,10526,0,0
CHEMBL3310228,0.34315926,10527,0,0
CHEMBL8811,0.34315926,10528,0,0
CHEMBL26155,0.34315926,10529,0,0
CHEMBL27785,0.34315926,10530,0,0
CHEMBL13615,0.34315926,10531,0,0
CHEMBL4115943,0.34315926,10532,0,0
CHEMBL24233,0.34313813,10533,0,0
CHEMBL39448,0.34297317,10534,0,0
CHEMBL30397,0.34269938,10535,0,0
CHEMBL3310599,0.34269938,10536,0,0
CHEMBL4559973,0.34269938,10537,0,0
CHEMBL4436432,0.34269938,10538,0,0
CHEMBL14006,0.34269938,10539,0,0
CHEMBL7415,0.34269938,10540,0,0
CHEMBL28962,0.34269938,10541,0,0
CHEMBL34186,0.34269938,10542,0,0
CHEMBL18822,0.34269938,10543,0,0
CHEMBL41468,0.34269938,10544,0,0
CHEMBL37310,0.34269938,10545,0,0
CHEMBL31593,0.34258154,10546,0,0
CHEMBL22363,0.34234595,10547,0,0
CHEMBL38479,0.34234595,10548,0,0
CHEMBL13340,0.34234595,10549,0,0
CHEMBL14519,0.34234595,10550,0,0
CHEMBL7012,0.34234595,10551,0,0
CHEMBL16439,0.34234595,10552,0,0
CHEMBL33555,0.3422141,10553,0,0
CHEMBL33268,0.3421333,10554,0,0
CHEMBL26209,0.3420873,10555,0,0
CHEMBL4435795,0.3420873,10556,0,0
CHEMBL6638,0.34208015,10557,0,0
CHEMBL13905,0.34206367,10558,0,0
CHEMBL25600,0.34206367,10559,0,0
CHEMBL12999,0.34206367,10560,0,0
CHEMBL26235,0.34206367,10561,0,0
CHEMBL40588,0.34206367,10562,0,0
CHEMBL4436310,0.34206367,10563,0,0
CHEMBL23876,0.34190798,10564,0,0
CHEMBL40342,0.34190798,10565,0,0
CHEMBL17429,0.34190798,10566,0,0
CHEMBL30943,0.34190798,10567,0,0
CHEMBL23874,0.34190798,10568,0,0
CHEMBL40122,0.34190798,10569,0,0
CHEMBL31138,0.34190798,10570,0,0
CHEMBL3310685,0.34190798,10571,0,0
CHEMBL6649,0.34190798,10572,0,0
CHEMBL25204,0.34190798,10573,0,0
CHEMBL33541,0.34190798,10574,0,0
CHEMBL33495,0.34190798,10575,0,0
CHEMBL10816,0.34190798,10576,0,0
CHEMBL29376,0.34190798,10577,0,0
CHEMBL3310815,0.34190798,10578,0,0
CHEMBL34669,0.34190798,10579,0,0
CHEMBL34683,0.34190798,10580,0,0
CHEMBL10297,0.34190798,10581,0,0
CHEMBL11169,0.34190798,10582,0,0
CHEMBL15648,0.34190798,10583,0,0
CHEMBL42244,0.34190798,10584,0,0
CHEMBL3310127,0.34190798,10585,0,0
CHEMBL14372,0.34190798,10586,0,0
CHEMBL19770,0.34190798,10587,0,0
CHEMBL28911,0.34190798,10588,0,0
CHEMBL37129,0.34190798,10589,0,0
CHEMBL20595,0.34190798,10590,0,0
CHEMBL26210,0.34190798,10591,0,0
CHEMBL15088,0.34190798,10592,0,0
CHEMBL3311396,0.34190798,10593,0,0
CHEMBL4435559,0.34190798,10594,0,0
CHEMBL19922,0.34190798,10595,0,0
CHEMBL19899,0.34190798,10596,0,0
CHEMBL35852,0.34190798,10597,0,0
CHEMBL41323,0.34190798,10598,0,0
CHEMBL26200,0.34190798,10599,0,0
CHEMBL37000,0.34190798,10600,0,0
CHEMBL38780,0.34190798,10601,0,0
CHEMBL38810,0.34190798,10602,0,0
CHEMBL7635,0.34190798,10603,0,0
CHEMBL32345,0.34190798,10604,0,0
CHEMBL15555,0.34190798,10605,0,0
CHEMBL38536,0.34190798,10606,0,0
CHEMBL18656,0.34190798,10607,0,0
CHEMBL30826,0.34190798,10608,0,0
CHEMBL24857,0.34190798,10609,0,0
CHEMBL36963,0.34190798,10610,0,0
CHEMBL20903,0.34190798,10611,0,0
CHEMBL36679,0.34190798,10612,0,0
CHEMBL36666,0.34190798,10613,0,0
CHEMBL9499,0.34190798,10614,0,0
CHEMBL27985,0.34190798,10615,0,0
CHEMBL3311363,0.34190798,10616,0,0
CHEMBL43577,0.34190798,10617,0,0
CHEMBL6261,0.34190798,10618,0,0
CHEMBL30367,0.34190798,10619,0,0
CHEMBL43570,0.34190798,10620,0,0
CHEMBL30411,0.34190798,10621,0,0
CHEMBL18786,0.34190798,10622,0,0
CHEMBL17361,0.34190798,10623,0,0
CHEMBL28886,0.34190798,10624,0,0
CHEMBL16494,0.34190798,10625,0,0
CHEMBL33804,0.34190798,10626,0,0
CHEMBL22466,0.34190798,10627,0,0
CHEMBL32566,0.34190798,10628,0,0
CHEMBL15008,0.34190798,10629,0,0
CHEMBL22887,0.34190798,10630,0,0
CHEMBL29379,0.34190798,10631,0,0
CHEMBL33497,0.34190798,10632,0,0
CHEMBL33717,0.34190798,10633,0,0
CHEMBL33718,0.34190798,10634,0,0
CHEMBL13886,0.34190798,10635,0,0
CHEMBL15733,0.34190798,10636,0,0
CHEMBL10360,0.34190798,10637,0,0
CHEMBL38694,0.34190798,10638,0,0
CHEMBL36961,0.34190798,10639,0,0
CHEMBL22818,0.34190798,10640,0,0
CHEMBL10977,0.34190798,10641,0,0
CHEMBL552528,0.34190798,10642,0,0
CHEMBL24742,0.34190798,10643,0,0
CHEMBL16584,0.34190798,10644,0,0
CHEMBL15251,0.34190798,10645,0,0
CHEMBL23631,0.34190798,10646,0,0
CHEMBL3310821,0.34190798,10647,0,0
CHEMBL13335,0.34190798,10648,0,0
CHEMBL10503,0.34190798,10649,0,0
CHEMBL17884,0.34190798,10650,0,0
CHEMBL7515,0.34190798,10651,0,0
CHEMBL20557,0.34190798,10652,0,0
CHEMBL7258,0.34190798,10653,0,0
CHEMBL12385,0.34190798,10654,0,0
CHEMBL7174,0.34190798,10655,0,0
CHEMBL24759,0.34190798,10656,0,0
CHEMBL14075,0.34190798,10657,0,0
CHEMBL17124,0.34190798,10658,0,0
CHEMBL36853,0.34190798,10659,0,0
CHEMBL31054,0.34190798,10660,0,0
CHEMBL31980,0.34190798,10661,0,0
CHEMBL28570,0.34190798,10662,0,0
CHEMBL501589,0.34190798,10663,0,0
CHEMBL26212,0.34190798,10664,0,0
CHEMBL32797,0.34190798,10665,0,0
CHEMBL22878,0.34190798,10666,0,0
CHEMBL38046,0.34190798,10667,0,0
CHEMBL4435868,0.34190798,10668,0,0
CHEMBL16599,0.34190798,10669,0,0
CHEMBL16346,0.34190798,10670,0,0
CHEMBL4435931,0.34190798,10671,0,0
CHEMBL35929,0.34190798,10672,0,0
CHEMBL41601,0.34190798,10673,0,0
CHEMBL13152,0.34190798,10674,0,0
CHEMBL27474,0.34190798,10675,0,0
CHEMBL27619,0.34190798,10676,0,0
CHEMBL4435934,0.34190798,10677,0,0
CHEMBL22560,0.34190798,10678,0,0
CHEMBL32758,0.34190798,10679,0,0
CHEMBL23148,0.34190798,10680,0,0
CHEMBL10487,0.34190798,10681,0,0
CHEMBL3309270,0.34190798,10682,0,0
CHEMBL11935,0.34190798,10683,0,0
CHEMBL10482,0.34190798,10684,0,0
CHEMBL27417,0.34190798,10685,0,0
CHEMBL4436066,0.34190798,10686,0,0
CHEMBL4436104,0.34190798,10687,0,0
CHEMBL23083,0.34190798,10688,0,0
CHEMBL9037,0.34190798,10689,0,0
CHEMBL3310400,0.34190798,10690,0,0
CHEMBL3310439,0.34190798,10691,0,0
CHEMBL17008,0.34190798,10692,0,0
CHEMBL15299,0.34190798,10693,0,0
CHEMBL25697,0.34190798,10694,0,0
CHEMBL37926,0.34190798,10695,0,0
CHEMBL37885,0.34190798,10696,0,0
CHEMBL34909,0.34190798,10697,0,0
CHEMBL25743,0.34190798,10698,0,0
CHEMBL43678,0.34190798,10699,0,0
CHEMBL34896,0.34190798,10700,0,0
CHEMBL28610,0.34190798,10701,0,0
CHEMBL43815,0.34190798,10702,0,0
CHEMBL18538,0.34190798,10703,0,0
CHEMBL35017,0.34190798,10704,0,0
CHEMBL7819,0.34190798,10705,0,0
CHEMBL42540,0.34190798,10706,0,0
CHEMBL36409,0.34190798,10707,0,0
CHEMBL34942,0.34190798,10708,0,0
CHEMBL11936,0.34190798,10709,0,0
CHEMBL35899,0.34190798,10710,0,0
CHEMBL13525,0.34190798,10711,0,0
CHEMBL32754,0.34190798,10712,0,0
CHEMBL17405,0.34190798,10713,0,0
CHEMBL37338,0.34190798,10714,0,0
CHEMBL3309861,0.34190798,10715,0,0
CHEMBL20510,0.34190798,10716,0,0
CHEMBL22224,0.34190798,10717,0,0
CHEMBL15856,0.34190798,10718,0,0
CHEMBL3309413,0.34190798,10719,0,0
CHEMBL10606,0.34190798,10720,0,0
CHEMBL24113,0.34190798,10721,0,0
CHEMBL18245,0.34190798,10722,0,0
CHEMBL20984,0.34190798,10723,0,0
CHEMBL37834,0.34190798,10724,0,0
CHEMBL23032,0.34190798,10725,0,0
CHEMBL3311178,0.34190798,10726,0,0
CHEMBL36403,0.34190798,10727,0,0
CHEMBL20204,0.34190798,10728,0,0
CHEMBL19305,0.34190798,10729,0,0
CHEMBL11882,0.34190798,10730,0,0
CHEMBL41249,0.34190798,10731,0,0
CHEMBL40793,0.34190798,10732,0,0
CHEMBL31096,0.34190798,10733,0,0
CHEMBL19175,0.34190798,10734,0,0
CHEMBL40512,0.34190798,10735,0,0
CHEMBL34883,0.34190798,10736,0,0
CHEMBL7127,0.34190798,10737,0,0
CHEMBL25463,0.34190798,10738,0,0
CHEMBL21228,0.34190798,10739,0,0
CHEMBL25507,0.34190798,10740,0,0
CHEMBL6316,0.34190798,10741,0,0
CHEMBL25562,0.34190798,10742,0,0
CHEMBL25561,0.34190798,10743,0,0
CHEMBL11080,0.34190798,10744,0,0
CHEMBL41347,0.34190798,10745,0,0
CHEMBL13185,0.34190798,10746,0,0
CHEMBL15529,0.34190798,10747,0,0
CHEMBL14810,0.34190798,10748,0,0
CHEMBL22995,0.34190798,10749,0,0
CHEMBL37645,0.34190798,10750,0,0
CHEMBL607213,0.34190798,10751,0,0
CHEMBL16653,0.34190798,10752,0,0
CHEMBL12610,0.34190798,10753,0,0
CHEMBL25135,0.34190798,10754,0,0
CHEMBL25141,0.34190798,10755,0,0
CHEMBL3310787,0.34190798,10756,0,0
CHEMBL10609,0.34190798,10757,0,0
CHEMBL33408,0.34190798,10758,0,0
CHEMBL3311063,0.34190798,10759,0,0
CHEMBL29741,0.34190798,10760,0,0
CHEMBL10726,0.34190798,10761,0,0
CHEMBL18267,0.34190798,10762,0,0
CHEMBL31734,0.34190798,10763,0,0
CHEMBL36014,0.34190798,10764,0,0
CHEMBL24551,0.34190798,10765,0,0
CHEMBL26874,0.34190798,10766,0,0
CHEMBL11776,0.34190798,10767,0,0
CHEMBL7375,0.34190798,10768,0,0
CHEMBL35049,0.34190798,10769,0,0
CHEMBL34063,0.34190798,10770,0,0
CHEMBL35165,0.34190798,10771,0,0
CHEMBL3310783,0.34190798,10772,0,0
CHEMBL6984,0.34190798,10773,0,0
CHEMBL25271,0.34190798,10774,0,0
CHEMBL11255,0.34190798,10775,0,0
CHEMBL25328,0.34190798,10776,0,0
CHEMBL14969,0.34184828,10777,0,0
CHEMBL10832,0.34147805,10778,0,0
CHEMBL43591,0.34125283,10779,0,0
CHEMBL4560005,0.34120095,10780,0,0
CHEMBL40819,0.34120095,10781,0,0
CHEMBL39921,0.34120095,10782,0,0
CHEMBL15315,0.34120095,10783,0,0
CHEMBL4116166,0.34120095,10784,0,0
CHEMBL14748,0.3411326,10785,0,0
CHEMBL3311401,0.3410822,10786,0,0
CHEMBL20865,0.3409673,10787,0,0
CHEMBL19879,0.34094533,10788,0,0
CHEMBL37651,0.34094533,10789,0,0
CHEMBL20032,0.34094533,10790,0,0
CHEMBL22710,0.34094533,10791,0,0
CHEMBL23179,0.34094533,10792,0,0
CHEMBL43692,0.34094533,10793,0,0
CHEMBL10305,0.34094533,10794,0,0
CHEMBL4436142,0.34078687,10795,0,0
CHEMBL30951,0.3405582,10796,0,0
CHEMBL30574,0.34053648,10797,0,0
CHEMBL29772,0.34030035,10798,0,0
CHEMBL11781,0.34030035,10799,0,0
CHEMBL16861,0.34030035,10800,0,0
CHEMBL25948,0.34027988,10801,0,0
CHEMBL22166,0.33991948,10802,0,0
CHEMBL7759,0.33991948,10803,0,0
CHEMBL38500,0.33991948,10804,0,0
CHEMBL9128,0.33991948,10805,0,0
CHEMBL35881,0.33991948,10806,0,0
CHEMBL9002,0.3398676,10807,0,0
CHEMBL11813,0.3398676,10808,0,0
CHEMBL29672,0.3398676,10809,0,0
CHEMBL35362,0.3398676,10810,0,0
CHEMBL571,0.3398676,10811,0,0
CHEMBL1084615,0.3398676,10812,0,0
CHEMBL36665,0.3398676,10813,0,0
CHEMBL4116103,0.3398676,10814,0,0
CHEMBL3309938,0.3394778,10815,0,0
CHEMBL24865,0.33926383,10816,0,0
CHEMBL40600,0.338989,10817,0,0
CHEMBL6352,0.33878842,10818,0,0
CHEMBL8341,0.3386057,10819,0,0
CHEMBL11912,0.33793667,10820,0,0
CHEMBL20257,0.33782488,10821,0,0
CHEMBL25689,0.3378129,10822,0,0
CHEMBL4435474,0.3378129,10823,0,0
CHEMBL36672,0.3378129,10824,0,0
CHEMBL16737,0.3378129,10825,0,0
CHEMBL12576,0.3375776,10826,0,0
CHEMBL16848,0.3375664,10827,0,0
CHEMBL8812,0.33753085,10828,0,0
CHEMBL10390,0.33738133,10829,0,0
CHEMBL13632,0.3372949,10830,0,0
CHEMBL32476,0.3371865,10831,0,0
CHEMBL43587,0.3371865,10832,0,0
CHEMBL31813,0.3371865,10833,0,0
CHEMBL25068,0.33694255,10834,0,0
CHEMBL16354,0.33686206,10835,0,0
CHEMBL6409,0.33682767,10836,0,0
CHEMBL4553630,0.33679906,10837,0,0
CHEMBL31112,0.33679906,10838,0,0
CHEMBL29183,0.33679906,10839,0,0
CHEMBL3310371,0.33670837,10840,0,0
CHEMBL40966,0.33670837,10841,0,1
CHEMBL24279,0.33670837,10842,0,0
CHEMBL4553620,0.33666694,10843,0,0
CHEMBL28906,0.33662358,10844,0,0
CHEMBL35564,0.33629724,10845,0,0
CHEMBL3309375,0.33591938,10846,0,0
CHEMBL40179,0.33584595,10847,0,0
CHEMBL29530,0.33560556,10848,0,0
CHEMBL13604,0.33528742,10849,0,0
CHEMBL22215,0.33528742,10850,0,0
CHEMBL262244,0.33528742,10851,0,0
CHEMBL9806,0.33528742,10852,0,0
CHEMBL4435016,0.33528742,10853,0,0
CHEMBL10355,0.33528742,10854,0,0
CHEMBL6905,0.33528742,10855,0,0
CHEMBL17500,0.33528742,10856,0,0
CHEMBL4543559,0.33528742,10857,0,0
CHEMBL21119,0.33522984,10858,0,0
CHEMBL19171,0.3350017,10859,0,0
CHEMBL40558,0.3349312,10860,0,0
CHEMBL29276,0.33478507,10861,0,0
CHEMBL40077,0.33478507,10862,0,0
CHEMBL29978,0.33458868,10863,0,0
CHEMBL41918,0.3345307,10864,0,0
CHEMBL38555,0.3345307,10865,0,0
CHEMBL33915,0.33448747,10866,0,0
CHEMBL4553624,0.3344836,10867,0,0
CHEMBL25664,0.33446756,10868,0,0
CHEMBL15699,0.33441415,10869,0,0
CHEMBL20621,0.33441415,10870,0,0
CHEMBL19839,0.33441415,10871,0,0
CHEMBL9679,0.33441415,10872,0,0
CHEMBL4560046,0.33439106,10873,0,0
CHEMBL28791,0.33414355,10874,0,0
CHEMBL4434930,0.33414355,10875,0,0
CHEMBL23948,0.33414355,10876,0,0
CHEMBL31551,0.33414355,10877,0,0
CHEMBL24307,0.33414355,10878,0,0
CHEMBL15362,0.33414355,10879,0,0
CHEMBL13536,0.33410776,10880,0,0
CHEMBL15853,0.33410776,10881,0,0
CHEMBL29544,0.33410776,10882,0,0
CHEMBL17458,0.33410776,10883,0,0
CHEMBL34979,0.3340573,10884,0,0
CHEMBL7129,0.3340015,10885,0,0
CHEMBL31560,0.3340015,10886,0,0
CHEMBL19262,0.33394343,10887,0,0
CHEMBL32525,0.3338429,10888,0,0
CHEMBL28507,0.33379745,10889,0,0
CHEMBL41831,0.3337547,10890,0,0
CHEMBL16082,0.3337547,10891,0,0
CHEMBL3310435,0.3337547,10892,0,0
CHEMBL1163511,0.3335615,10893,0,0
CHEMBL3311447,0.3335615,10894,0,0
CHEMBL16774,0.3335615,10895,0,0
CHEMBL36501,0.3335615,10896,0,0
CHEMBL4435666,0.3335615,10897,0,0
CHEMBL14961,0.33353585,10898,0,0
CHEMBL3310455,0.33353585,10899,0,0
CHEMBL24681,0.33342677,10900,0,0
CHEMBL6462,0.3333336,10901,0,0
CHEMBL25261,0.33325988,10902,0,0
CHEMBL28937,0.33323064,10903,0,0
CHEMBL23388,0.33308828,10904,0,0
CHEMBL16727,0.33291546,10905,0,0
CHEMBL22650,0.33291546,10906,0,0
CHEMBL13187,0.33291546,10907,0,0
CHEMBL32820,0.33291546,10908,0,0
CHEMBL4435913,0.33291546,10909,0,0
CHEMBL11239,0.33291546,10910,0,0
CHEMBL34266,0.33291546,10911,0,0
CHEMBL26915,0.33291546,10912,0,0
CHEMBL18736,0.33291546,10913,0,0
CHEMBL41538,0.33291546,10914,0,0
CHEMBL10182,0.33291546,10915,0,0
CHEMBL37261,0.33291546,10916,0,0
CHEMBL13416,0.33291546,10917,0,0
CHEMBL1209059,0.33291546,10918,0,0
CHEMBL42118,0.33291546,10919,0,0
CHEMBL40207,0.33291546,10920,0,0
CHEMBL42229,0.33291546,10921,0,0
CHEMBL12422,0.33291546,10922,0,0
CHEMBL583071,0.33291546,10923,0,0
CHEMBL32286,0.33291546,10924,0,0
CHEMBL3310131,0.33291546,10925,0,0
CHEMBL8780,0.33291546,10926,0,0
CHEMBL30492,0.33291546,10927,0,0
CHEMBL43832,0.33291546,10928,0,0
CHEMBL35992,0.33291546,10929,0,0
CHEMBL40815,0.33291546,10930,0,0
CHEMBL36594,0.33288878,10931,0,0
CHEMBL42084,0.33264196,10932,0,0
CHEMBL20053,0.33249578,10933,0,0
CHEMBL19851,0.3324443,10934,0,0
CHEMBL13154,0.33225316,10935,0,0
CHEMBL20467,0.33225316,10936,0,0
CHEMBL11900,0.33225316,10937,0,0
CHEMBL38444,0.33225316,10938,0,0
CHEMBL19486,0.33225316,10939,0,0
CHEMBL40003,0.33225316,10940,0,0
CHEMBL14701,0.33225316,10941,0,0
CHEMBL22516,0.33221996,10942,0,0
CHEMBL17175,0.33221996,10943,0,0
CHEMBL27562,0.33221996,10944,0,0
CHEMBL14827,0.33217132,10945,0,0
CHEMBL31563,0.33212823,10946,0,0
CHEMBL4435769,0.3317132,10947,0,0
CHEMBL4435452,0.3314767,10948,0,0
CHEMBL42153,0.33142495,10949,0,0
CHEMBL18032,0.331416,10950,0,0
CHEMBL37929,0.33106112,10951,0,0
CHEMBL34844,0.33097365,10952,0,0
CHEMBL4435164,0.33092037,10953,0,0
CHEMBL38324,0.33092034,10954,0,0
CHEMBL14644,0.3306754,10955,0,0
CHEMBL34986,0.33066836,10956,0,0
CHEMBL37327,0.33066836,10957,0,0
CHEMBL3309363,0.33066836,10958,0,0
CHEMBL1088978,0.33066836,10959,0,0
CHEMBL31310,0.33066836,10960,0,0
CHEMBL13321,0.33066836,10961,0,0
CHEMBL34599,0.33066836,10962,0,0
CHEMBL23900,0.33066836,10963,0,0
CHEMBL18192,0.33066836,10964,0,0
CHEMBL29399,0.33066836,10965,0,0
CHEMBL12403,0.33066836,10966,0,0
CHEMBL15399,0.33066836,10967,0,0
CHEMBL18611,0.3306359,10968,0,0
CHEMBL14812,0.3304612,10969,0,0
CHEMBL36272,0.3304612,10970,0,0
CHEMBL33136,0.3304612,10971,0,0
CHEMBL8476,0.3304612,10972,0,0
CHEMBL583284,0.3304612,10973,0,0
CHEMBL36006,0.3304612,10974,0,0
CHEMBL27937,0.3304612,10975,0,0
CHEMBL40681,0.3304612,10976,0,0
CHEMBL4435289,0.33043474,10977,0,0
CHEMBL39520,0.33043474,10978,0,0
CHEMBL501922,0.33040693,10979,0,0
CHEMBL487,0.33027983,10980,0,0
CHEMBL29641,0.33027983,10981,0,0
CHEMBL4435205,0.33027983,10982,0,0
CHEMBL19793,0.33027983,10983,0,0
CHEMBL35205,0.33022353,10984,0,0
CHEMBL23317,0.33022353,10985,0,0
CHEMBL19494,0.33022353,10986,0,0
CHEMBL19468,0.3301051,10987,0,0
CHEMBL31256,0.3301051,10988,0,0
CHEMBL4434707,0.3301051,10989,0,0
CHEMBL35462,0.3301051,10990,0,0
CHEMBL1163444,0.3301051,10991,0,0
CHEMBL4435631,0.3301051,10992,0,0
CHEMBL12202,0.3301051,10993,0,0
CHEMBL31076,0.3301051,10994,0,0
CHEMBL3309926,0.3300602,10995,0,0
CHEMBL39141,0.32994685,10996,0,0
CHEMBL4436349,0.3299071,10997,0,0
CHEMBL32497,0.32987642,10998,0,0
CHEMBL1163524,0.32986087,10999,0,0
CHEMBL36324,0.3297194,11000,0,0
CHEMBL10037,0.32962203,11001,0,0
CHEMBL30208,0.32959762,11002,0,0
CHEMBL4435359,0.32959762,11003,0,0
CHEMBL33201,0.32959762,11004,0,0
CHEMBL3310776,0.32959202,11005,0,0
CHEMBL21754,0.32959202,11006,0,0
CHEMBL23745,0.32959202,11007,0,0
CHEMBL25994,0.32959202,11008,0,0
CHEMBL36881,0.32959202,11009,0,0
CHEMBL3310298,0.32959202,11010,0,0
CHEMBL3310036,0.32959202,11011,0,0
CHEMBL529327,0.32959202,11012,0,0
CHEMBL1098309,0.32959202,11013,0,0
CHEMBL39202,0.32959202,11014,0,0
CHEMBL4553131,0.3291978,11015,0,0
CHEMBL13077,0.329089,11016,0,0
CHEMBL33661,0.32903546,11017,0,0
CHEMBL8581,0.32903546,11018,0,0
CHEMBL17961,0.32903546,11019,0,0
CHEMBL33272,0.32903546,11020,0,0
CHEMBL41261,0.32892102,11021,0,0
CHEMBL27063,0.32866302,11022,0,0
CHEMBL7600,0.32866302,11023,0,0
CHEMBL34922,0.3286466,11024,0,0
CHEMBL33027,0.32851794,11025,0,0
CHEMBL4435547,0.32851794,11026,0,0
CHEMBL15814,0.32851794,11027,0,0
CHEMBL15691,0.32851794,11028,0,0
CHEMBL4435279,0.32851794,11029,0,0
CHEMBL18674,0.32851794,11030,0,0
CHEMBL17163,0.32851794,11031,0,0
CHEMBL8879,0.3285053,11032,0,0
CHEMBL26538,0.3285053,11033,0,0
CHEMBL4559967,0.3285053,11034,0,0
CHEMBL42705,0.3285053,11035,0,0
CHEMBL25919,0.3285053,11036,0,0
CHEMBL17881,0.3285053,11037,0,0
CHEMBL23134,0.3285053,11038,0,0
CHEMBL23941,0.3285053,11039,0,0
CHEMBL4435346,0.3285053,11040,0,0
CHEMBL7630,0.3285053,11041,0,0
CHEMBL41502,0.3285053,11042,0,0
CHEMBL8987,0.3285053,11043,0,0
CHEMBL30515,0.3283986,11044,0,0
CHEMBL36635,0.32837802,11045,0,0
CHEMBL9030,0.32824394,11046,0,0
CHEMBL29786,0.32808602,11047,0,0
CHEMBL40573,0.32808602,11048,0,0
CHEMBL18297,0.32808602,11049,0,0
CHEMBL35803,0.32808602,11050,0,0
CHEMBL37942,0.32805127,11051,0,0
CHEMBL3309265,0.32805127,11052,0,0
CHEMBL35099,0.327885,11053,0,0
CHEMBL4543346,0.32788384,11054,0,0
CHEMBL38997,0.32788384,11055,0,0
CHEMBL30144,0.32788384,11056,0,0
CHEMBL4436057,0.32788384,11057,0,0
CHEMBL3310778,0.32788384,11058,0,0
CHEMBL28591,0.32786137,11059,0,0
CHEMBL11097,0.32786137,11060,0,0
CHEMBL20987,0.32786137,11061,0,0
CHEMBL19318,0.32786137,11062,0,0
CHEMBL36193,0.32786137,11063,0,0
CHEMBL16478,0.32786137,11064,0,0
CHEMBL38312,0.32786137,11065,0,0
CHEMBL16500,0.32786137,11066,0,0
CHEMBL11178,0.32786137,11067,0,0
CHEMBL13680,0.32786137,11068,0,0
CHEMBL35869,0.32786137,11069,0,0
CHEMBL10348,0.32786137,11070,0,0
CHEMBL4543304,0.32786137,11071,0,0
CHEMBL31856,0.32784685,11072,0,0
CHEMBL9320,0.32778034,11073,0,0
CHEMBL8108,0.32768494,11074,0,0
CHEMBL4553699,0.3276576,11075,0,0
CHEMBL3310372,0.32764152,11076,0,0
CHEMBL3309854,0.32764152,11077,0,0
CHEMBL4436404,0.32757223,11078,0,0
CHEMBL3310199,0.32744768,11079,0,0
CHEMBL29417,0.3274033,11080,0,0
CHEMBL4436412,0.3274033,11081,0,0
CHEMBL17947,0.3274033,11082,0,0
CHEMBL23353,0.3274033,11083,0,0
CHEMBL34465,0.3274033,11084,0,0
CHEMBL4436467,0.3274033,11085,0,0
CHEMBL25214,0.3274033,11086,0,0
CHEMBL37721,0.3274033,11087,0,0
CHEMBL4553599,0.3274033,11088,0,0
CHEMBL4435033,0.3274033,11089,0,0
CHEMBL711,0.327321,11090,0,0
CHEMBL29523,0.32726622,11091,0,0
CHEMBL13275,0.32719654,11092,0,0
CHEMBL39851,0.32719654,11093,0,0
CHEMBL17498,0.32715452,11094,0,0
CHEMBL15420,0.32710057,11095,0,0
CHEMBL9584,0.32709605,11096,0,0
CHEMBL19406,0.32709605,11097,0,0
CHEMBL9255,0.3269649,11098,0,0
CHEMBL19040,0.3269649,11099,0,0
CHEMBL16379,0.3269649,11100,0,0
CHEMBL583519,0.3269649,11101,0,0
CHEMBL34668,0.3269649,11102,0,0
CHEMBL4543223,0.3269649,11103,0,0
CHEMBL3309807,0.3269649,11104,0,0
CHEMBL35011,0.3269649,11105,0,0
CHEMBL18258,0.3269649,11106,0,0
CHEMBL31390,0.3269649,11107,0,0
CHEMBL17767,0.3269649,11108,0,0
CHEMBL13315,0.3269649,11109,0,0
CHEMBL3310577,0.32685208,11110,0,0
CHEMBL30692,0.3267377,11111,0,0
CHEMBL9604,0.3267377,11112,0,0
CHEMBL20951,0.3267377,11113,0,0
CHEMBL21859,0.3267377,11114,0,0
CHEMBL40857,0.3267255,11115,0,0
CHEMBL28953,0.32662326,11116,0,0
CHEMBL8437,0.32662326,11117,0,0
CHEMBL4435651,0.32662326,11118,0,0
CHEMBL14691,0.32662326,11119,0,0
CHEMBL38238,0.32662326,11120,0,0
CHEMBL22628,0.32662326,11121,0,0
CHEMBL14127,0.3265584,11122,0,0
CHEMBL4436315,0.32648873,11123,0,0
CHEMBL6927,0.3264573,11124,0,0
CHEMBL4436559,0.3264573,11125,0,0
CHEMBL25253,0.32633904,11126,0,0
CHEMBL35627,0.32633904,11127,0,0
CHEMBL34810,0.32633904,11128,0,0
CHEMBL36817,0.32633904,11129,0,0
CHEMBL10776,0.32633904,11130,0,0
CHEMBL28720,0.32633904,11131,0,0
CHEMBL29711,0.32626694,11132,0,0
CHEMBL27808,0.32622054,11133,0,0
CHEMBL13042,0.32622054,11134,0,0
CHEMBL1077444,0.32620972,11135,0,0
CHEMBL7931,0.32620972,11136,0,0
CHEMBL12021,0.32620972,11137,0,0
CHEMBL27611,0.32620972,11138,0,0
CHEMBL38380,0.32620972,11139,0,0
CHEMBL9701,0.32620972,11140,0,0
CHEMBL4543470,0.3262078,11141,0,0
CHEMBL4436199,0.32617664,11142,0,0
CHEMBL43753,0.32603687,11143,0,0
CHEMBL10779,0.3260231,11144,0,0
CHEMBL6429,0.32595396,11145,0,0
CHEMBL36725,0.32595396,11146,0,0
CHEMBL38323,0.32595396,11147,0,0
CHEMBL41264,0.32595396,11148,0,0
CHEMBL21309,0.32589498,11149,0,0
CHEMBL35997,0.3258089,11150,0,0
CHEMBL37618,0.3257239,11151,0,0
CHEMBL32929,0.32558614,11152,0,0
CHEMBL34318,0.32558614,11153,0,0
CHEMBL35974,0.32543582,11154,0,0
CHEMBL11115,0.32518265,11155,0,0
CHEMBL18269,0.32518265,11156,0,0
CHEMBL14713,0.32515952,11157,0,0
CHEMBL11336,0.32492355,11158,0,0
CHEMBL25607,0.32492355,11159,0,0
CHEMBL24399,0.32492355,11160,0,0
CHEMBL41079,0.32492355,11161,0,0
CHEMBL28881,0.32492355,11162,0,0
CHEMBL28872,0.32492355,11163,0,0
CHEMBL3311089,0.32492355,11164,0,0
CHEMBL35329,0.32492355,11165,0,0
CHEMBL33886,0.32492355,11166,0,0
CHEMBL8837,0.32492355,11167,0,0
CHEMBL29685,0.32492355,11168,0,0
CHEMBL40296,0.32492355,11169,0,0
CHEMBL33485,0.32492355,11170,0,0
CHEMBL41472,0.32492355,11171,0,0
CHEMBL23992,0.32492355,11172,0,0
CHEMBL38160,0.32492355,11173,0,0
CHEMBL19603,0.32492355,11174,0,0
CHEMBL608409,0.32491156,11175,0,0
CHEMBL15517,0.3245922,11176,0,0
CHEMBL27727,0.3245294,11177,0,0
CHEMBL4435476,0.32440227,11178,0,0
CHEMBL12174,0.32431114,11179,0,0
CHEMBL11798,0.32412878,11180,0,0
CHEMBL36858,0.32412878,11181,0,0
CHEMBL41603,0.3240669,11182,0,0
CHEMBL34740,0.32376707,11183,0,0
CHEMBL4436340,0.32376707,11184,0,0
CHEMBL41370,0.32376707,11185,0,0
CHEMBL19226,0.32376707,11186,0,0
CHEMBL7791,0.32376707,11187,0,0
CHEMBL4435827,0.32376707,11188,0,0
CHEMBL25461,0.32376707,11189,0,0
CHEMBL8447,0.32376707,11190,0,0
CHEMBL18212,0.32376707,11191,0,0
CHEMBL28627,0.32376707,11192,0,0
CHEMBL27342,0.32376707,11193,0,0
CHEMBL3310921,0.32376707,11194,0,0
CHEMBL22033,0.32376707,11195,0,0
CHEMBL19347,0.32376707,11196,0,0
CHEMBL39606,0.32365245,11197,0,0
CHEMBL34710,0.32365245,11198,0,0
CHEMBL15148,0.32365245,11199,0,0
CHEMBL27388,0.32359913,11200,0,0
CHEMBL29688,0.32339588,11201,0,0
CHEMBL13159,0.32339588,11202,0,0
CHEMBL30395,0.32339588,11203,0,0
CHEMBL3309644,0.32339588,11204,0,0
CHEMBL34455,0.32339588,11205,0,0
CHEMBL12927,0.32327098,11206,0,0
CHEMBL30948,0.3230349,11207,0,0
CHEMBL16834,0.3229634,11208,0,0
CHEMBL23506,0.3229634,11209,0,0
CHEMBL30657,0.3229634,11210,0,0
CHEMBL38969,0.3229161,11211,0,0
CHEMBL4553142,0.3229161,11212,0,0
CHEMBL20072,0.3225346,11213,0,0
CHEMBL18662,0.3225346,11214,0,0
CHEMBL21988,0.3225346,11215,0,0
CHEMBL23539,0.3225346,11216,0,0
CHEMBL32988,0.32246202,11217,0,0
CHEMBL37877,0.32246202,11218,0,0
CHEMBL33202,0.32246202,11219,0,0
CHEMBL16994,0.3223511,11220,0,0
CHEMBL42869,0.32228816,11221,0,0
CHEMBL40381,0.32228816,11222,0,0
CHEMBL4543512,0.32228816,11223,0,0
CHEMBL30905,0.32226187,11224,0,0
CHEMBL26858,0.32226187,11225,0,0
CHEMBL36380,0.32220253,11226,0,0
CHEMBL33665,0.32220253,11227,0,0
CHEMBL17636,0.32220253,11228,0,0
CHEMBL27559,0.32220253,11229,0,0
CHEMBL28382,0.32220253,11230,0,0
CHEMBL25517,0.32220137,11231,0,0
CHEMBL16405,0.3216927,11232,0,0
CHEMBL4436470,0.32162735,11233,0,0
CHEMBL25359,0.32162735,11234,0,0
CHEMBL39890,0.32159618,11235,0,0
CHEMBL4436387,0.32159618,11236,0,0
CHEMBL18331,0.32159618,11237,0,0
CHEMBL3311164,0.32159618,11238,0,0
CHEMBL25062,0.32159457,11239,0,0
CHEMBL42257,0.32151332,11240,0,0
CHEMBL18396,0.3214766,11241,0,0
CHEMBL31580,0.32123065,11242,0,0
CHEMBL4435292,0.32123065,11243,0,0
CHEMBL10148,0.32123065,11244,0,0
CHEMBL17052,0.32123065,11245,0,0
CHEMBL16697,0.32112336,11246,0,0
CHEMBL20912,0.32112336,11247,0,0
CHEMBL13781,0.32112336,11248,0,0
CHEMBL19732,0.32112336,11249,0,0
CHEMBL10675,0.32112336,11250,0,0
CHEMBL32300,0.32112336,11251,0,0
CHEMBL41483,0.32112336,11252,0,0
CHEMBL4435396,0.32110068,11253,0,0
CHEMBL8976,0.32097712,11254,0,0
CHEMBL29740,0.32094496,11255,0,0
CHEMBL4435295,0.3208684,11256,0,0
CHEMBL39733,0.320867,11257,0,0
CHEMBL31060,0.320867,11258,0,0
CHEMBL10586,0.320867,11259,0,0
CHEMBL12732,0.32078472,11260,0,0
CHEMBL18653,0.32078472,11261,0,0
CHEMBL7969,0.32078472,11262,0,0
CHEMBL4543422,0.32064196,11263,0,0
CHEMBL3309743,0.32061875,11264,0,0
CHEMBL4435142,0.3203482,11265,0,0
CHEMBL21712,0.3203482,11266,0,0
CHEMBL12713,0.3203482,11267,0,0
CHEMBL39158,0.3203482,11268,0,0
CHEMBL33491,0.3203482,11269,0,0
CHEMBL28874,0.3203482,11270,0,0
CHEMBL17525,0.32033968,11271,0,0
CHEMBL37446,0.32015818,11272,0,0
CHEMBL546744,0.32011798,11273,0,0
CHEMBL6887,0.32011798,11274,0,0
CHEMBL11669,0.32011798,11275,0,0
CHEMBL37520,0.32011798,11276,0,0
CHEMBL20420,0.31997895,11277,0,0
CHEMBL3309547,0.31997895,11278,0,0
CHEMBL34468,0.31993544,11279,0,0
CHEMBL14100,0.31992278,11280,0,0
CHEMBL3309850,0.31992278,11281,0,0
CHEMBL24034,0.31992278,11282,0,0
CHEMBL37974,0.31992278,11283,0,0
CHEMBL33067,0.31992278,11284,0,0
CHEMBL32637,0.31992278,11285,0,0
CHEMBL6357,0.31992278,11286,0,0
CHEMBL19438,0.31992278,11287,0,0
CHEMBL41106,0.31992278,11288,0,0
CHEMBL34267,0.3199042,11289,0,0
CHEMBL40935,0.3199042,11290,0,0
CHEMBL11580,0.3199042,11291,0,0
CHEMBL3310024,0.3199042,11292,0,0
CHEMBL3310105,0.3199042,11293,0,0
CHEMBL19767,0.3199042,11294,0,0
CHEMBL20575,0.3199042,11295,0,0
CHEMBL15723,0.3199042,11296,0,0
CHEMBL4435172,0.3199042,11297,0,0
CHEMBL15671,0.3199042,11298,0,0
CHEMBL24828,0.3199042,11299,0,0
CHEMBL19777,0.3199042,11300,0,0
CHEMBL10120,0.3199042,11301,0,0
CHEMBL14587,0.3199042,11302,0,0
CHEMBL35323,0.3199042,11303,0,0
CHEMBL27170,0.3199042,11304,0,0
CHEMBL39555,0.3199042,11305,0,0
CHEMBL25638,0.3199042,11306,0,0
CHEMBL14416,0.3199042,11307,0,0
CHEMBL37764,0.3198812,11308,0,0
CHEMBL15828,0.31954643,11309,0,0
CHEMBL4436088,0.31952044,11310,0,0
CHEMBL38437,0.31952044,11311,0,0
CHEMBL4116087,0.31942558,11312,0,0
CHEMBL4543344,0.31929493,11313,0,0
CHEMBL41130,0.31925383,11314,0,0
CHEMBL21649,0.3191521,11315,0,0
CHEMBL35832,0.3191521,11316,0,0
CHEMBL3310189,0.3191521,11317,0,0
CHEMBL17311,0.31914702,11318,0,0
CHEMBL32567,0.3190406,11319,0,0
CHEMBL30789,0.31895998,11320,0,0
CHEMBL3310850,0.3189095,11321,0,0
CHEMBL24597,0.3187269,11322,0,0
CHEMBL4543477,0.3187269,11323,0,0
CHEMBL3310122,0.3187269,11324,0,0
CHEMBL4553576,0.31871086,11325,0,0
CHEMBL37013,0.31871086,11326,0,0
CHEMBL37495,0.31871086,11327,0,0
CHEMBL31622,0.31871086,11328,0,0
CHEMBL14401,0.31860864,11329,0,0
CHEMBL14563,0.31860864,11330,0,0
CHEMBL10116,0.31857076,11331,0,0
CHEMBL32532,0.31850648,11332,0,0
CHEMBL41349,0.31843892,11333,0,0
CHEMBL15051,0.31840804,11334,0,0
CHEMBL36622,0.31840804,11335,0,0
CHEMBL32051,0.31840804,11336,0,0
CHEMBL37635,0.31840804,11337,0,0
CHEMBL3309940,0.31813183,11338,0,0
CHEMBL33609,0.31813183,11339,0,0
CHEMBL19638,0.3181303,11340,0,0
CHEMBL41587,0.3181303,11341,0,0
CHEMBL27179,0.3181303,11342,0,0
CHEMBL3309927,0.3181303,11343,0,0
CHEMBL41764,0.3181303,11344,0,0
CHEMBL31002,0.3181303,11345,0,0
CHEMBL4543425,0.31808046,11346,0,0
CHEMBL29182,0.31808046,11347,0,0
CHEMBL18624,0.31805307,11348,0,0
CHEMBL4435232,0.31792676,11349,0,0
CHEMBL13918,0.31762072,11350,0,0
CHEMBL500798,0.31743264,11351,0,0
CHEMBL26723,0.31741938,11352,0,0
CHEMBL24568,0.31741938,11353,0,0
CHEMBL28031,0.31741938,11354,0,0
CHEMBL38382,0.3173053,11355,0,0
CHEMBL14741,0.31675845,11356,0,0
CHEMBL553624,0.31664893,11357,0,0
CHEMBL31690,0.3166428,11358,0,0
CHEMBL40805,0.3164716,11359,0,0
CHEMBL7704,0.3164716,11360,0,0
CHEMBL38297,0.31635538,11361,0,0
CHEMBL13199,0.31635538,11362,0,0
CHEMBL3310034,0.31635538,11363,0,0
CHEMBL11979,0.31635538,11364,0,0
CHEMBL28618,0.31615913,11365,0,0
CHEMBL34458,0.31597692,11366,0,0
CHEMBL27171,0.31578267,11367,0,0
CHEMBL6646,0.31578267,11368,0,0
CHEMBL20006,0.31578267,11369,0,0
CHEMBL22290,0.31578267,11370,0,0
CHEMBL16240,0.31578267,11371,0,0
CHEMBL17057,0.31578267,11372,0,0
CHEMBL23077,0.31578267,11373,0,0
CHEMBL4560016,0.31578267,11374,0,0
CHEMBL3309730,0.31578267,11375,0,0
CHEMBL3309414,0.31578267,11376,0,0
CHEMBL7131,0.31578267,11377,0,0
CHEMBL3310421,0.31578267,11378,0,0
CHEMBL10923,0.31578267,11379,0,0
CHEMBL24939,0.3156899,11380,0,0
CHEMBL12037,0.31567404,11381,0,0
CHEMBL20923,0.31559655,11382,0,0
CHEMBL28,0.31559655,11383,0,0
CHEMBL16685,0.31559655,11384,0,0
CHEMBL12290,0.31559655,11385,0,0
CHEMBL17088,0.31559655,11386,0,0
CHEMBL9462,0.31559655,11387,0,0
CHEMBL28431,0.31559655,11388,0,0
CHEMBL25314,0.31559655,11389,0,0
CHEMBL21808,0.31559655,11390,0,0
CHEMBL6682,0.31559655,11391,0,0
CHEMBL17374,0.31559655,11392,0,0
CHEMBL36510,0.31559655,11393,0,0
CHEMBL41155,0.31558153,11394,0,0
CHEMBL7790,0.31558153,11395,0,0
CHEMBL41434,0.31558153,11396,0,0
CHEMBL4434682,0.31558153,11397,0,0
CHEMBL19950,0.3154534,11398,0,0
CHEMBL32545,0.3154534,11399,0,0
CHEMBL41256,0.3154534,11400,0,0
CHEMBL15709,0.3153802,11401,0,0
CHEMBL17415,0.3152756,11402,0,0
CHEMBL19465,0.31511614,11403,0,0
CHEMBL4435261,0.31511614,11404,0,0
CHEMBL28223,0.31467378,11405,0,0
CHEMBL41389,0.31460908,11406,0,0
CHEMBL10818,0.31443343,11407,0,0
CHEMBL8064,0.31443343,11408,0,0
CHEMBL30143,0.31443343,11409,0,0
CHEMBL14040,0.31443343,11410,0,0
CHEMBL6832,0.31433308,11411,0,0
CHEMBL3311451,0.3142377,11412,0,0
CHEMBL15269,0.31420168,11413,0,0
CHEMBL11029,0.31411484,11414,0,0
CHEMBL18276,0.31411484,11415,0,0
CHEMBL16021,0.31411484,11416,0,0
CHEMBL20451,0.31411484,11417,0,0
CHEMBL1163493,0.31411484,11418,0,0
CHEMBL38778,0.31411484,11419,0,0
CHEMBL35265,0.3140991,11420,0,0
CHEMBL17768,0.31404027,11421,0,0
CHEMBL4434934,0.31402096,11422,0,0
CHEMBL10124,0.31402096,11423,0,0
CHEMBL4553588,0.31402096,11424,0,0
CHEMBL25051,0.31402096,11425,0,0
CHEMBL4435403,0.31402096,11426,0,0
CHEMBL30438,0.31402096,11427,0,0
CHEMBL33984,0.31402096,11428,0,0
CHEMBL36349,0.31402096,11429,0,0
CHEMBL19676,0.31392542,11430,0,0
CHEMBL38912,0.31390876,11431,0,0
CHEMBL22262,0.31390876,11432,0,0
CHEMBL3309908,0.31390876,11433,0,0
CHEMBL3309935,0.31390876,11434,0,0
CHEMBL30191,0.31390876,11435,0,0
CHEMBL3309936,0.31390876,11436,0,0
CHEMBL36487,0.31379288,11437,0,0
CHEMBL16113,0.3137487,11438,0,0
CHEMBL3311503,0.3137487,11439,0,0
CHEMBL37073,0.3137487,11440,0,0
CHEMBL28440,0.3137487,11441,0,0
CHEMBL22231,0.3137487,11442,0,0
CHEMBL38691,0.3137487,11443,0,0
CHEMBL28931,0.3137487,11444,0,0
CHEMBL4435778,0.31365132,11445,0,0
CHEMBL4435365,0.31365132,11446,0,0
CHEMBL4435183,0.3135904,11447,0,0
CHEMBL29904,0.31358203,11448,0,0
CHEMBL6582,0.31358203,11449,0,0
CHEMBL34223,0.31356704,11450,0,0
CHEMBL36896,0.31356704,11451,0,0
CHEMBL30278,0.31356704,11452,0,0
CHEMBL27892,0.31336406,11453,0,0
CHEMBL16840,0.31336406,11454,0,0
CHEMBL14475,0.31336406,11455,0,0
CHEMBL36104,0.3132366,11456,0,0
CHEMBL29940,0.3132366,11457,0,0
CHEMBL4553590,0.31301337,11458,0,0
CHEMBL1172056,0.31299838,11459,0,0
CHEMBL37184,0.31299838,11460,0,0
CHEMBL33130,0.31299838,11461,0,0
CHEMBL29826,0.31299838,11462,0,0
CHEMBL12903,0.31299838,11463,0,0
CHEMBL40385,0.31297272,11464,0,0
CHEMBL3310240,0.31297192,11465,0,0
CHEMBL21182,0.31297192,11466,0,0
CHEMBL4436060,0.3129294,11467,0,0
CHEMBL9682,0.31289893,11468,0,0
CHEMBL40164,0.31289893,11469,0,0
CHEMBL17535,0.31289893,11470,0,0
CHEMBL8245,0.3127902,11471,0,0
CHEMBL31484,0.31277233,11472,0,0
CHEMBL34349,0.31277233,11473,0,0
CHEMBL28106,0.31275538,11474,0,0
CHEMBL39225,0.31269017,11475,0,0
CHEMBL25248,0.3126872,11476,0,0
CHEMBL3310686,0.3126872,11477,0,0
CHEMBL21277,0.3126872,11478,0,0
CHEMBL15255,0.3126872,11479,0,0
CHEMBL29197,0.3126872,11480,0,0
CHEMBL17275,0.31257206,11481,0,0
CHEMBL4436264,0.31257206,11482,0,0
CHEMBL9927,0.31257206,11483,0,0
CHEMBL444434,0.31248856,11484,0,0
CHEMBL31354,0.31243315,11485,0,0
CHEMBL13284,0.31205735,11486,0,0
CHEMBL503814,0.31205735,11487,0,0
CHEMBL34664,0.31198138,11488,0,0
CHEMBL33071,0.31184107,11489,0,0
CHEMBL26330,0.31184107,11490,0,0
CHEMBL20117,0.31174,11491,0,0
CHEMBL4436477,0.31162682,11492,0,0
CHEMBL37448,0.31154174,11493,0,0
CHEMBL39159,0.31154174,11494,0,0
CHEMBL4116143,0.31154174,11495,0,0
CHEMBL36877,0.31152758,11496,0,0
CHEMBL24312,0.31124127,11497,0,0
CHEMBL11698,0.31107017,11498,0,0
CHEMBL41127,0.31107017,11499,0,0
CHEMBL6392,0.31084764,11500,0,0
CHEMBL9140,0.31084764,11501,0,0
CHEMBL4435106,0.31071472,11502,0,0
CHEMBL19776,0.310676,11503,0,0
CHEMBL17118,0.310676,11504,0,0
CHEMBL19459,0.310676,11505,0,0
CHEMBL40520,0.31064454,11506,0,0
CHEMBL6625,0.31064454,11507,0,0
CHEMBL24614,0.31064454,11508,0,0
CHEMBL10114,0.31062314,11509,0,0
CHEMBL4553697,0.31062314,11510,0,0
CHEMBL16778,0.31062314,11511,0,0
CHEMBL22649,0.31062314,11512,0,0
CHEMBL20882,0.31062314,11513,0,0
CHEMBL4435490,0.31062314,11514,0,0
CHEMBL24225,0.31062314,11515,0,0
CHEMBL32459,0.31062314,11516,0,0
CHEMBL39052,0.31049967,11517,0,0
CHEMBL8981,0.31049967,11518,0,0
CHEMBL27784,0.31049967,11519,0,0
CHEMBL40799,0.31049967,11520,0,0
CHEMBL42952,0.31049967,11521,0,0
CHEMBL13441,0.31049967,11522,0,0
CHEMBL13440,0.31049967,11523,0,0
CHEMBL24073,0.31049967,11524,0,0
CHEMBL37850,0.31049967,11525,0,0
CHEMBL29126,0.31049967,11526,0,0
CHEMBL19561,0.31049967,11527,0,0
CHEMBL17025,0.31049967,11528,0,0
CHEMBL15403,0.31049967,11529,0,0
CHEMBL37676,0.31049967,11530,0,0
CHEMBL31046,0.31049967,11531,0,0
CHEMBL8022,0.31049967,11532,0,0
CHEMBL20478,0.31049967,11533,0,0
CHEMBL22810,0.31049967,11534,0,0
CHEMBL27542,0.31049967,11535,0,0
CHEMBL14129,0.31049967,11536,0,0
CHEMBL12118,0.31049967,11537,0,0
CHEMBL39387,0.31049967,11538,0,0
CHEMBL9389,0.31049967,11539,0,0
CHEMBL9246,0.31048882,11540,0,0
CHEMBL41424,0.3104601,11541,0,0
CHEMBL3310846,0.3104601,11542,0,0
CHEMBL40307,0.3104601,11543,0,0
CHEMBL4434855,0.31043303,11544,0,0
CHEMBL55,0.31042483,11545,0,0
CHEMBL9214,0.31042483,11546,0,0
CHEMBL4434771,0.31021187,11547,0,0
CHEMBL21428,0.31021124,11548,0,0
CHEMBL4435175,0.31021124,11549,0,0
CHEMBL25923,0.31020766,11550,0,0
CHEMBL29680,0.31006974,11551,0,0
CHEMBL32634,0.31006974,11552,0,0
CHEMBL33923,0.31006974,11553,0,0
CHEMBL595330,0.31006974,11554,0,0
CHEMBL24618,0.31006974,11555,0,0
CHEMBL37616,0.30980596,11556,0,0
CHEMBL39236,0.30972886,11557,0,0
CHEMBL11871,0.30962896,11558,0,0
CHEMBL40344,0.30962896,11559,0,0
CHEMBL19706,0.30962896,11560,0,0
CHEMBL24977,0.30962896,11561,0,0
CHEMBL32123,0.30962896,11562,0,0
CHEMBL33527,0.30962896,11563,0,0
CHEMBL1170659,0.30959246,11564,0,0
CHEMBL29670,0.30958164,11565,0,0
CHEMBL18147,0.30943993,11566,0,0
CHEMBL26262,0.30943993,11567,0,0
CHEMBL16128,0.30943993,11568,0,0
CHEMBL17917,0.30921352,11569,0,0
CHEMBL25636,0.30908695,11570,0,0
CHEMBL3309334,0.30908695,11571,0,0
CHEMBL20899,0.3090312,11572,0,0
CHEMBL16739,0.3090312,11573,0,0
CHEMBL17856,0.3090312,11574,0,0
CHEMBL10946,0.3090312,11575,0,0
CHEMBL27555,0.3090312,11576,0,0
CHEMBL35229,0.30883375,11577,0,0
CHEMBL36363,0.30883375,11578,0,0
CHEMBL36071,0.30883375,11579,0,0
CHEMBL25593,0.30883375,11580,0,0
CHEMBL24536,0.30883375,11581,0,0
CHEMBL1782891,0.30883375,11582,0,0
CHEMBL21408,0.30879062,11583,0,0
CHEMBL26536,0.30850545,11584,0,0
CHEMBL14009,0.3084725,11585,0,0
CHEMBL4434831,0.3084725,11586,0,0
CHEMBL23838,0.3084725,11587,0,0
CHEMBL11060,0.3084725,11588,0,0
CHEMBL23140,0.3084725,11589,0,0
CHEMBL4553632,0.3084725,11590,0,0
CHEMBL34350,0.3084725,11591,0,0
CHEMBL27374,0.30844942,11592,0,0
CHEMBL33986,0.30838823,11593,0,0
CHEMBL42510,0.30838823,11594,0,0
CHEMBL26197,0.30838823,11595,0,0
CHEMBL37481,0.30838823,11596,0,0
CHEMBL22273,0.3082871,11597,0,0
CHEMBL525627,0.30806747,11598,0,0
CHEMBL39401,0.30794373,11599,0,0
CHEMBL1163188,0.30794373,11600,0,0
CHEMBL539191,0.30794373,11601,0,0
CHEMBL3309349,0.30794373,11602,0,0
CHEMBL35724,0.30794373,11603,0,0
CHEMBL9519,0.30792704,11604,0,0
CHEMBL438329,0.30774894,11605,0,0
CHEMBL36504,0.30763552,11606,0,0
CHEMBL32028,0.30762565,11607,0,0
CHEMBL11334,0.30750358,11608,0,0
CHEMBL41516,0.30724385,11609,0,0
CHEMBL28175,0.30724385,11610,0,0
CHEMBL22259,0.30719876,11611,0,0
CHEMBL4435168,0.30704567,11612,0,0
CHEMBL13244,0.30699497,11613,0,0
CHEMBL41525,0.30697602,11614,0,0
CHEMBL39063,0.3068357,11615,0,0
CHEMBL18116,0.30683136,11616,0,0
CHEMBL17745,0.30667755,11617,0,0
CHEMBL36198,0.30659533,11618,0,0
CHEMBL8565,0.30657515,11619,0,0
CHEMBL8125,0.30657372,11620,0,0
CHEMBL35055,0.30652672,11621,0,0
CHEMBL14214,0.30652672,11622,0,0
CHEMBL35556,0.30652672,11623,0,0
CHEMBL29329,0.30652672,11624,0,0
CHEMBL12931,0.30652672,11625,0,0
CHEMBL19076,0.30652672,11626,0,0
CHEMBL37736,0.30626157,11627,0,0
CHEMBL18434,0.30557984,11628,0,0
CHEMBL27545,0.30557635,11629,0,0
CHEMBL27423,0.30550814,11630,0,0
CHEMBL3310454,0.30550814,11631,0,0
CHEMBL30699,0.3054382,11632,0,0
CHEMBL27471,0.3054382,11633,0,0
CHEMBL38172,0.3054382,11634,0,0
CHEMBL40258,0.30500463,11635,0,0
CHEMBL3309371,0.3049965,11636,0,0
CHEMBL22514,0.3048488,11637,0,0
CHEMBL32190,0.30482253,11638,0,0
CHEMBL20785,0.30471608,11639,0,0
CHEMBL7451,0.30471608,11640,0,0
CHEMBL21886,0.30468294,11641,0,0
CHEMBL35116,0.30468294,11642,0,0
CHEMBL34031,0.30468294,11643,0,0
CHEMBL27560,0.30468294,11644,0,0
CHEMBL14094,0.30468294,11645,0,0
CHEMBL3310318,0.30468294,11646,0,0
CHEMBL3310241,0.30468294,11647,0,0
CHEMBL36699,0.30468294,11648,0,0
CHEMBL11022,0.30468294,11649,0,0
CHEMBL36132,0.30468294,11650,0,0
CHEMBL22596,0.30468294,11651,0,0
CHEMBL1163391,0.30468294,11652,0,0
CHEMBL16696,0.30468294,11653,0,0
CHEMBL40707,0.30468294,11654,0,0
CHEMBL31327,0.30468294,11655,0,0
CHEMBL8522,0.30468294,11656,0,0
CHEMBL41180,0.30468294,11657,0,0
CHEMBL28662,0.30468294,11658,0,0
CHEMBL33739,0.30468294,11659,0,0
CHEMBL9776,0.30468294,11660,0,0
CHEMBL22465,0.30468294,11661,0,0
CHEMBL12955,0.30468294,11662,0,0
CHEMBL41355,0.30468294,11663,0,0
CHEMBL37670,0.30468294,11664,0,0
CHEMBL3311181,0.30468294,11665,0,0
CHEMBL504192,0.30468294,11666,0,0
CHEMBL32903,0.30468294,11667,0,0
CHEMBL39525,0.30468294,11668,0,0
CHEMBL21069,0.30468294,11669,0,0
CHEMBL3347288,0.30468294,11670,0,0
CHEMBL15602,0.30468294,11671,0,0
CHEMBL18623,0.30468294,11672,0,0
CHEMBL41836,0.30468294,11673,0,0
CHEMBL40691,0.30468294,11674,0,0
CHEMBL8714,0.30468294,11675,0,0
CHEMBL24788,0.30468294,11676,0,0
CHEMBL18000,0.30468294,11677,0,0
CHEMBL4553585,0.30468294,11678,0,0
CHEMBL20731,0.30468294,11679,0,0
CHEMBL39307,0.30468294,11680,0,0
CHEMBL39318,0.30468294,11681,0,0
CHEMBL36797,0.30468294,11682,0,0
CHEMBL26637,0.30468294,11683,0,0
CHEMBL13560,0.30468294,11684,0,0
CHEMBL23684,0.30468294,11685,0,0
CHEMBL8222,0.30468294,11686,0,0
CHEMBL23658,0.30468294,11687,0,0
CHEMBL34848,0.30468294,11688,0,0
CHEMBL10893,0.30468294,11689,0,0
CHEMBL43650,0.30468294,11690,0,0
CHEMBL16760,0.30468294,11691,0,0
CHEMBL39199,0.30468294,11692,0,0
CHEMBL37317,0.30468294,11693,0,0
CHEMBL37309,0.30468294,11694,0,0
CHEMBL9737,0.30468294,11695,0,0
CHEMBL10045,0.30468294,11696,0,0
CHEMBL4435418,0.30468294,11697,0,0
CHEMBL7538,0.30468294,11698,0,0
CHEMBL20162,0.30468294,11699,0,0
CHEMBL13168,0.30468294,11700,0,0
CHEMBL39219,0.30468294,11701,0,0
CHEMBL16084,0.30468294,11702,0,0
CHEMBL7772,0.30468294,11703,0,0
CHEMBL11584,0.30468294,11704,0,0
CHEMBL36345,0.30468294,11705,0,0
CHEMBL3309678,0.30468294,11706,0,0
CHEMBL21527,0.30468294,11707,0,0
CHEMBL31494,0.30468294,11708,0,0
CHEMBL39639,0.30468294,11709,0,0
CHEMBL11251,0.30468294,11710,0,0
CHEMBL26283,0.30468294,11711,0,0
CHEMBL13605,0.30468294,11712,0,0
CHEMBL37536,0.30468294,11713,0,0
CHEMBL9466,0.30468294,11714,0,0
CHEMBL9480,0.30468294,11715,0,0
CHEMBL40967,0.30468294,11716,0,0
CHEMBL37119,0.30468294,11717,0,0
CHEMBL18197,0.30468294,11718,0,0
CHEMBL27047,0.30468294,11719,0,0
CHEMBL14735,0.30468294,11720,0,0
CHEMBL3310986,0.30468294,11721,0,0
CHEMBL33751,0.30468294,11722,0,0
CHEMBL25027,0.30468294,11723,0,0
CHEMBL10500,0.30468294,11724,0,0
CHEMBL23905,0.30468294,11725,0,0
CHEMBL30035,0.30468294,11726,0,0
CHEMBL30046,0.30468294,11727,0,0
CHEMBL3310854,0.30468294,11728,0,0
CHEMBL37951,0.30468294,11729,0,0
CHEMBL25688,0.30468294,11730,0,0
CHEMBL31559,0.30468294,11731,0,0
CHEMBL7832,0.30468294,11732,0,0
CHEMBL1184897,0.30468294,11733,0,0
CHEMBL13923,0.30468294,11734,0,0
CHEMBL38336,0.30468294,11735,0,0
CHEMBL9427,0.30468294,11736,0,0
CHEMBL4543293,0.30468294,11737,0,0
CHEMBL494,0.30468294,11738,0,0
CHEMBL8667,0.30468294,11739,0,0
CHEMBL7708,0.30468294,11740,0,0
CHEMBL26840,0.30468294,11741,0,0
CHEMBL40021,0.30468294,11742,0,0
CHEMBL602115,0.30466402,11743,0,0
CHEMBL37596,0.30466402,11744,0,0
CHEMBL43831,0.30462438,11745,0,0
CHEMBL38301,0.30462438,11746,0,0
CHEMBL37591,0.3043488,11747,0,0
CHEMBL38872,0.30427897,11748,0,0
CHEMBL28697,0.30427897,11749,0,0
CHEMBL33858,0.30427802,11750,0,0
CHEMBL29936,0.30424616,11751,0,0
CHEMBL6970,0.30394685,11752,0,0
CHEMBL15373,0.30390972,11753,0,0
CHEMBL41970,0.3038023,11754,0,0
CHEMBL27517,0.3038023,11755,0,0
CHEMBL14677,0.3038023,11756,0,0
CHEMBL22687,0.3038023,11757,0,0
CHEMBL525228,0.3038023,11758,0,0
CHEMBL26712,0.3038023,11759,0,0
CHEMBL27855,0.3038023,11760,0,0
CHEMBL7785,0.3038023,11761,0,0
CHEMBL4560047,0.3038023,11762,0,0
CHEMBL12776,0.30373737,11763,0,0
CHEMBL37075,0.30369887,11764,0,0
CHEMBL29742,0.30355415,11765,0,0
CHEMBL39108,0.30355415,11766,0,0
CHEMBL25310,0.30355415,11767,0,0
CHEMBL13425,0.30355415,11768,0,0
CHEMBL23590,0.30355415,11769,0,0
CHEMBL25426,0.30355415,11770,0,0
CHEMBL4434868,0.30355415,11771,0,0
CHEMBL4553579,0.30324143,11772,0,0
CHEMBL25996,0.30308953,11773,0,0
CHEMBL23403,0.30308953,11774,0,0
CHEMBL7795,0.30308953,11775,0,0
CHEMBL36514,0.30308953,11776,0,0
CHEMBL31965,0.30294722,11777,0,0
CHEMBL20559,0.3028976,11778,0,0
CHEMBL8444,0.3028976,11779,0,0
CHEMBL4435113,0.30282515,11780,0,0
CHEMBL3310108,0.30280557,11781,0,0
CHEMBL538460,0.30252972,11782,0,0
CHEMBL41674,0.30252972,11783,0,0
CHEMBL17867,0.30252972,11784,0,0
CHEMBL6594,0.30252972,11785,0,0
CHEMBL13101,0.30252972,11786,0,0
CHEMBL4435565,0.30252972,11787,0,0
CHEMBL761,0.30252972,11788,0,0
CHEMBL37370,0.30252972,11789,0,0
CHEMBL37304,0.30252972,11790,0,0
CHEMBL16909,0.30252972,11791,0,0
CHEMBL532261,0.30232984,11792,0,0
CHEMBL9267,0.30232984,11793,0,0
CHEMBL26772,0.30219027,11794,0,0
CHEMBL9222,0.30219027,11795,0,0
CHEMBL8452,0.30219027,11796,0,0
CHEMBL9266,0.30219027,11797,0,0
CHEMBL33823,0.30219027,11798,0,0
CHEMBL6463,0.30219027,11799,0,0
CHEMBL29507,0.30215085,11800,0,0
CHEMBL10079,0.30204841,11801,0,0
CHEMBL4434675,0.3020056,11802,0,0
CHEMBL26246,0.30199307,11803,0,0
CHEMBL35614,0.30178806,11804,0,0
CHEMBL12873,0.30160525,11805,0,0
CHEMBL22947,0.30157158,11806,0,0
CHEMBL11343,0.301282,11807,0,0
CHEMBL6306,0.30106345,11808,0,0
CHEMBL24807,0.30106345,11809,0,0
CHEMBL23168,0.30105743,11810,0,0
CHEMBL6833,0.30104873,11811,0,0
CHEMBL39813,0.30104873,11812,0,0
CHEMBL10446,0.30104873,11813,0,0
CHEMBL17488,0.30104873,11814,0,0
CHEMBL17905,0.30104873,11815,0,0
CHEMBL36358,0.30104873,11816,0,0
CHEMBL27118,0.30104873,11817,0,0
CHEMBL36124,0.30104873,11818,0,0
CHEMBL7566,0.30104873,11819,0,0
CHEMBL32681,0.30104873,11820,0,0
CHEMBL27033,0.30104873,11821,0,0
CHEMBL4435068,0.30104873,11822,0,0
CHEMBL42424,0.30104873,11823,0,0
CHEMBL4436468,0.30104873,11824,0,0
CHEMBL28208,0.30104873,11825,0,0
CHEMBL38630,0.30104873,11826,0,0
CHEMBL12653,0.30104873,11827,0,0
CHEMBL26522,0.30104873,11828,0,0
CHEMBL28938,0.30104873,11829,0,0
CHEMBL9690,0.30104873,11830,0,0
CHEMBL33803,0.30104873,11831,0,0
CHEMBL26164,0.30098912,11832,0,0
CHEMBL20686,0.30098912,11833,0,0
CHEMBL158232,0.30098912,11834,0,0
CHEMBL20377,0.30098912,11835,0,0
CHEMBL37282,0.30098912,11836,0,0
CHEMBL17826,0.30098912,11837,0,0
CHEMBL10453,0.30098912,11838,0,0
CHEMBL37041,0.30098912,11839,0,0
CHEMBL37103,0.30098912,11840,0,0
CHEMBL15674,0.30098912,11841,0,0
CHEMBL4435042,0.30095243,11842,0,0
CHEMBL7675,0.30095243,11843,0,0
CHEMBL9368,0.30073628,11844,0,0
CHEMBL6276,0.3005634,11845,0,0
CHEMBL20698,0.3005634,11846,0,0
CHEMBL34903,0.3005634,11847,0,0
CHEMBL25916,0.3005634,11848,0,0
CHEMBL37747,0.3005634,11849,0,0
CHEMBL3310251,0.3005366,11850,0,0
CHEMBL27499,0.3005366,11851,0,0
CHEMBL42462,0.3005366,11852,0,0
CHEMBL16603,0.3005366,11853,0,0
CHEMBL3309912,0.3005366,11854,0,0
CHEMBL21402,0.3005366,11855,0,0
CHEMBL20067,0.3005245,11856,0,0
CHEMBL4560007,0.3004425,11857,0,0
CHEMBL36895,0.3004425,11858,0,0
CHEMBL25575,0.3004425,11859,0,0
CHEMBL11841,0.3004425,11860,0,0
CHEMBL8700,0.3004425,11861,0,0
CHEMBL26663,0.3004425,11862,0,0
CHEMBL14097,0.3004425,11863,0,0
CHEMBL11716,0.3004425,11864,0,0
CHEMBL13879,0.3004425,11865,0,0
CHEMBL18657,0.30041277,11866,0,0
CHEMBL16839,0.30040494,11867,0,0
CHEMBL34060,0.30035093,11868,0,0
CHEMBL25288,0.30033022,11869,0,0
CHEMBL27797,0.30033022,11870,0,0
CHEMBL10802,0.30033022,11871,0,0
CHEMBL6631,0.30033022,11872,0,0
CHEMBL24394,0.30033022,11873,0,0
CHEMBL13302,0.3002476,11874,0,0
CHEMBL7727,0.3002476,11875,0,0
CHEMBL6546,0.30019376,11876,0,0
CHEMBL22783,0.30005062,11877,0,0
CHEMBL9489,0.30005062,11878,0,0
CHEMBL38359,0.30005062,11879,0,0
CHEMBL17444,0.30005062,11880,0,0
CHEMBL9676,0.30005062,11881,0,0
CHEMBL14088,0.2998797,11882,0,0
CHEMBL19051,0.2998797,11883,0,0
CHEMBL18501,0.2998797,11884,0,0
CHEMBL24687,0.29987097,11885,0,0
CHEMBL42593,0.29980406,11886,0,0
CHEMBL17882,0.29980406,11887,0,0
CHEMBL21046,0.29980406,11888,0,0
CHEMBL15359,0.29966944,11889,0,0
CHEMBL22959,0.29966944,11890,0,0
CHEMBL18963,0.29966944,11891,0,0
CHEMBL28861,0.29966944,11892,0,0
CHEMBL6865,0.29964578,11893,0,0
CHEMBL35499,0.29963472,11894,0,0
CHEMBL36801,0.2995335,11895,0,0
CHEMBL581297,0.29950437,11896,0,0
CHEMBL11499,0.29950437,11897,0,0
CHEMBL31022,0.29950437,11898,0,0
CHEMBL6996,0.29950437,11899,0,0
CHEMBL30416,0.29950437,11900,0,0
CHEMBL39501,0.29950437,11901,0,0
CHEMBL19516,0.29950437,11902,0,0
CHEMBL15461,0.29950437,11903,0,0
CHEMBL3309589,0.29950437,11904,0,0
CHEMBL22427,0.29950437,11905,0,0
CHEMBL35161,0.29950437,11906,0,0
CHEMBL503474,0.29950437,11907,0,0
CHEMBL32804,0.29950437,11908,0,0
CHEMBL21293,0.2993396,11909,0,0
CHEMBL37174,0.2992948,11910,0,0
CHEMBL16365,0.2992948,11911,0,0
CHEMBL6379,0.299129,11912,0,0
CHEMBL39320,0.29891774,11913,0,0
CHEMBL539434,0.2989094,11914,0,0
CHEMBL6259,0.2987403,11915,0,0
CHEMBL34541,0.29855388,11916,0,0
CHEMBL14219,0.29855388,11917,0,0
CHEMBL34761,0.29850706,11918,0,0
CHEMBL36683,0.29850706,11919,0,0
CHEMBL3310621,0.29840457,11920,0,0
CHEMBL39309,0.29840457,11921,0,0
CHEMBL41761,0.29840457,11922,0,0
CHEMBL42177,0.29840457,11923,0,0
CHEMBL18740,0.29840457,11924,0,0
CHEMBL41328,0.29840457,11925,0,0
CHEMBL30134,0.29839846,11926,0,0
CHEMBL22355,0.29834956,11927,0,0
CHEMBL35991,0.29830667,11928,0,0
CHEMBL34727,0.29825145,11929,0,0
CHEMBL9949,0.29825145,11930,0,0
CHEMBL25071,0.29825145,11931,0,0
CHEMBL20684,0.29825145,11932,0,0
CHEMBL24817,0.29825145,11933,0,0
CHEMBL32791,0.29825145,11934,0,0
CHEMBL17566,0.29825145,11935,0,0
CHEMBL10605,0.29820725,11936,0,0
CHEMBL9694,0.29820725,11937,0,0
CHEMBL24906,0.29820725,11938,0,0
CHEMBL25138,0.29820725,11939,0,0
CHEMBL11090,0.29810697,11940,0,0
CHEMBL15727,0.29810685,11941,0,0
CHEMBL16867,0.29810607,11942,0,0
CHEMBL1163283,0.29785553,11943,0,0
CHEMBL22527,0.29785553,11944,0,0
CHEMBL3310280,0.2975056,11945,0,0
CHEMBL601490,0.2975056,11946,0,0
CHEMBL40906,0.2975056,11947,0,0
CHEMBL33288,0.2973533,11948,0,0
CHEMBL38346,0.29719752,11949,0,0
CHEMBL10255,0.29719752,11950,0,0
CHEMBL23235,0.29719752,11951,0,0
CHEMBL33787,0.29709157,11952,0,0
CHEMBL35837,0.29706106,11953,0,0
CHEMBL20764,0.297048,11954,0,0
CHEMBL10669,0.297048,11955,0,0
CHEMBL24366,0.297048,11956,0,0
CHEMBL41951,0.29703155,11957,0,0
CHEMBL22440,0.29697835,11958,0,0
CHEMBL19369,0.2968544,11959,0,0
CHEMBL4436253,0.2968337,11960,0,0
CHEMBL11469,0.29670113,11961,0,0
CHEMBL9083,0.2964069,11962,0,0
CHEMBL4435838,0.29639384,11963,0,0
CHEMBL14847,0.29637507,11964,0,0
CHEMBL32726,0.29623243,11965,0,0
CHEMBL41859,0.29604334,11966,0,0
CHEMBL23153,0.29593125,11967,0,0
CHEMBL39593,0.29578772,11968,0,0
CHEMBL36536,0.29578772,11969,0,0
CHEMBL263956,0.29578772,11970,0,0
CHEMBL10178,0.29578024,11971,0,0
CHEMBL39619,0.2956487,11972,0,0
CHEMBL27428,0.2956487,11973,0,0
CHEMBL38248,0.29564843,11974,0,0
CHEMBL24487,0.29563978,11975,0,0
CHEMBL19818,0.2955556,11976,0,0
CHEMBL20578,0.2955556,11977,0,0
CHEMBL10439,0.2955556,11978,0,0
CHEMBL3311257,0.2955556,11979,0,0
CHEMBL20450,0.2955556,11980,0,0
CHEMBL42452,0.2955556,11981,0,0
CHEMBL19455,0.2955556,11982,0,0
CHEMBL39976,0.2955556,11983,0,0
CHEMBL19121,0.2955556,11984,0,0
CHEMBL8800,0.2955556,11985,0,0
CHEMBL14702,0.2955556,11986,0,0
CHEMBL32879,0.2955556,11987,0,0
CHEMBL3309610,0.2955556,11988,0,0
CHEMBL25975,0.2955556,11989,0,0
CHEMBL20748,0.2955556,11990,0,0
CHEMBL41798,0.2955556,11991,0,0
CHEMBL12575,0.2955556,11992,0,0
CHEMBL41810,0.2955414,11993,0,0
CHEMBL36373,0.29552308,11994,0,0
CHEMBL3311453,0.29531065,11995,0,0
CHEMBL409297,0.295028,11996,0,0
CHEMBL22577,0.295028,11997,0,0
CHEMBL1237105,0.29486227,11998,0,0
CHEMBL8765,0.29486227,11999,0,0
CHEMBL22892,0.29486227,12000,0,0
CHEMBL23601,0.29460484,12001,0,0
CHEMBL31978,0.29460484,12002,0,0
CHEMBL16706,0.29460484,12003,0,0
CHEMBL39543,0.29460484,12004,0,0
CHEMBL36473,0.29460484,12005,0,0
CHEMBL27180,0.29460484,12006,0,0
CHEMBL34416,0.29460484,12007,0,0
CHEMBL39438,0.29460484,12008,0,0
CHEMBL16566,0.29460484,12009,0,0
CHEMBL4435522,0.29460484,12010,0,0
CHEMBL38531,0.29460484,12011,0,0
CHEMBL25169,0.29460484,12012,0,0
CHEMBL17730,0.29460484,12013,0,0
CHEMBL11425,0.29460484,12014,0,0
CHEMBL39178,0.29460484,12015,0,0
CHEMBL14788,0.29460484,12016,0,0
CHEMBL35057,0.29460484,12017,0,0
CHEMBL30946,0.2944405,12018,0,0
CHEMBL11286,0.2944405,12019,0,0
CHEMBL4435441,0.29438603,12020,0,0
CHEMBL4436462,0.29428026,12021,0,0
CHEMBL34280,0.2941459,12022,0,0
CHEMBL33814,0.29404983,12023,0,0
CHEMBL21874,0.29396465,12024,0,0
CHEMBL4434844,0.29396465,12025,0,0
CHEMBL34766,0.29396465,12026,0,0
CHEMBL1094634,0.29393265,12027,0,0
CHEMBL555,0.29393083,12028,0,0
CHEMBL16561,0.2938636,12029,0,0
CHEMBL14685,0.2936761,12030,0,0
CHEMBL33421,0.2936761,12031,0,0
CHEMBL31276,0.29352468,12032,0,0
CHEMBL40635,0.29352468,12033,0,0
CHEMBL35847,0.29352468,12034,0,0
CHEMBL3310286,0.29318124,12035,0,0
CHEMBL14845,0.2930807,12036,0,0
CHEMBL31526,0.2930807,12037,0,0
CHEMBL13987,0.2930807,12038,0,0
CHEMBL40012,0.2930807,12039,0,0
CHEMBL25348,0.2930807,12040,0,0
CHEMBL27724,0.29260468,12041,0,0
CHEMBL7947,0.29246983,12042,0,0
CHEMBL20389,0.29241228,12043,0,0
CHEMBL31172,0.2923339,12044,0,0
CHEMBL42430,0.2923339,12045,0,0
CHEMBL28904,0.29232445,12046,0,0
CHEMBL40787,0.29224655,12047,0,0
CHEMBL31757,0.2921645,12048,0,0
CHEMBL4559962,0.2919344,12049,0,0
CHEMBL43573,0.29182097,12050,0,0
CHEMBL14507,0.291807,12051,0,0
CHEMBL15618,0.291807,12052,0,0
CHEMBL37843,0.2917218,12053,0,0
CHEMBL9740,0.2917218,12054,0,0
CHEMBL27526,0.29169753,12055,0,0
CHEMBL37166,0.29169753,12056,0,0
CHEMBL37253,0.29169753,12057,0,0
CHEMBL25727,0.29169753,12058,0,0
CHEMBL14916,0.29169753,12059,0,0
CHEMBL21475,0.29169753,12060,0,0
CHEMBL23332,0.29169753,12061,0,0
CHEMBL3309787,0.29169753,12062,0,0
CHEMBL35785,0.29169753,12063,0,0
CHEMBL30988,0.29169753,12064,0,0
CHEMBL26079,0.29169753,12065,0,0
CHEMBL16483,0.29169753,12066,0,0
CHEMBL27178,0.29169753,12067,0,0
CHEMBL42404,0.29169753,12068,0,0
CHEMBL36372,0.29169753,12069,0,0
CHEMBL4435592,0.29169753,12070,0,0
CHEMBL33822,0.29169753,12071,0,0
CHEMBL6321,0.29169753,12072,0,0
CHEMBL7352,0.29169753,12073,0,0
CHEMBL6971,0.29169753,12074,0,0
CHEMBL37141,0.29169753,12075,0,0
CHEMBL30460,0.29169753,12076,0,0
CHEMBL16449,0.29166505,12077,0,0
CHEMBL16359,0.29156297,12078,0,0
CHEMBL23606,0.29153636,12079,0,0
CHEMBL23639,0.29150143,12080,0,0
CHEMBL3310461,0.29150143,12081,0,0
CHEMBL4559922,0.29150143,12082,0,0
CHEMBL4435000,0.29150143,12083,0,0
CHEMBL8433,0.29144394,12084,0,0
CHEMBL21954,0.29141226,12085,0,0
CHEMBL40049,0.29137006,12086,0,0
CHEMBL3310156,0.2913577,12087,0,0
CHEMBL4543207,0.29132465,12088,0,0
CHEMBL4435672,0.29120293,12089,0,0
CHEMBL12112,0.29112843,12090,0,0
CHEMBL33552,0.29112843,12091,0,0
CHEMBL22550,0.29112843,12092,0,0
CHEMBL37675,0.29112455,12093,0,0
CHEMBL23438,0.29112455,12094,0,0
CHEMBL31627,0.29112455,12095,0,0
CHEMBL1201754,0.29112455,12096,0,0
CHEMBL154314,0.29112455,12097,0,0
CHEMBL37538,0.29112455,12098,0,0
CHEMBL33337,0.29112455,12099,0,0
CHEMBL8674,0.29112455,12100,0,0
CHEMBL30182,0.29094818,12101,0,0
CHEMBL163819,0.2907981,12102,0,0
CHEMBL28288,0.2907981,12103,0,0
CHEMBL29721,0.2907981,12104,0,0
CHEMBL33747,0.2907981,12105,0,0
CHEMBL3309424,0.29076767,12106,0,0
CHEMBL3309372,0.29076767,12107,0,0
CHEMBL33336,0.29053608,12108,0,0
CHEMBL36956,0.2903714,12109,0,0
CHEMBL42188,0.29034635,12110,0,0
CHEMBL17222,0.29020002,12111,0,0
CHEMBL26870,0.29013002,12112,0,0
CHEMBL4434891,0.2901073,12113,0,0
CHEMBL8853,0.28997123,12114,0,0
CHEMBL27011,0.28997123,12115,0,0
CHEMBL18306,0.28997123,12116,0,0
CHEMBL13851,0.28997123,12117,0,0
CHEMBL7220,0.28997123,12118,0,0
CHEMBL41786,0.28997123,12119,0,0
CHEMBL18008,0.28997123,12120,0,0
CHEMBL39333,0.28997123,12121,0,0
CHEMBL13179,0.28997123,12122,0,0
CHEMBL4543318,0.28997123,12123,0,0
CHEMBL39,0.28997123,12124,0,0
CHEMBL21284,0.28997123,12125,0,0
CHEMBL3311009,0.28997123,12126,0,0
CHEMBL27162,0.28997123,12127,0,0
CHEMBL28389,0.28996018,12128,0,0
CHEMBL24458,0.28996018,12129,0,0
CHEMBL25904,0.28994587,12130,0,0
CHEMBL4543198,0.28983414,12131,0,0
CHEMBL36613,0.28983414,12132,0,0
CHEMBL7898,0.28983414,12133,0,0
CHEMBL43595,0.28983414,12134,0,0
CHEMBL11516,0.28979328,12135,0,0
CHEMBL7142,0.28979328,12136,0,0
CHEMBL1163184,0.28979328,12137,0,0
CHEMBL29848,0.28979328,12138,0,0
CHEMBL504142,0.28979328,12139,0,0
CHEMBL7098,0.28979328,12140,0,0
CHEMBL30120,0.28979328,12141,0,0
CHEMBL11627,0.28979328,12142,0,0
CHEMBL40281,0.2896012,12143,0,0
CHEMBL4435799,0.2895978,12144,0,0
CHEMBL41692,0.28951997,12145,0,0
CHEMBL19655,0.28946632,12146,0,0
CHEMBL19119,0.28927565,12147,0,0
CHEMBL8982,0.28927565,12148,0,0
CHEMBL34655,0.28927565,12149,0,0
CHEMBL13279,0.28927565,12150,0,0
CHEMBL504547,0.28923926,12151,0,0
CHEMBL18597,0.28923926,12152,0,0
CHEMBL15241,0.28909937,12153,0,0
CHEMBL27467,0.28908938,12154,0,0
CHEMBL11697,0.28908938,12155,0,0
CHEMBL3309428,0.28908938,12156,0,0
CHEMBL3309335,0.28908288,12157,0,0
CHEMBL36229,0.28908288,12158,0,0
CHEMBL503606,0.28908288,12159,0,0
CHEMBL42466,0.28908288,12160,0,0
CHEMBL20050,0.28908288,12161,0,0
CHEMBL39093,0.28908288,12162,0,0
CHEMBL14925,0.28908288,12163,0,0
CHEMBL28786,0.28908288,12164,0,0
CHEMBL40471,0.28908288,12165,0,0
CHEMBL601115,0.28908288,12166,0,0
CHEMBL21774,0.28908288,12167,0,0
CHEMBL23609,0.2890311,12168,0,0
CHEMBL35474,0.2890311,12169,0,0
CHEMBL22740,0.2890311,12170,0,0
CHEMBL17775,0.2890311,12171,0,0
CHEMBL22511,0.2890311,12172,0,0
CHEMBL16742,0.28899294,12173,0,0
CHEMBL8905,0.28882498,12174,0,0
CHEMBL4559987,0.28882498,12175,0,0
CHEMBL3311454,0.28882498,12176,0,0
CHEMBL31647,0.2886863,12177,0,0
CHEMBL42228,0.28852534,12178,0,0
CHEMBL23911,0.2883975,12179,0,0
CHEMBL9962,0.28839722,12180,0,0
CHEMBL8393,0.2883869,12181,0,0
CHEMBL3311315,0.2883869,12182,0,0
CHEMBL13299,0.2883869,12183,0,0
CHEMBL14823,0.2883869,12184,0,0
CHEMBL20675,0.2883869,12185,0,0
CHEMBL12386,0.2883869,12186,0,0
CHEMBL12945,0.28838596,12187,0,1
CHEMBL27667,0.28834662,12188,0,0
CHEMBL30142,0.28834662,12189,0,0
CHEMBL4436568,0.2883439,12190,0,0
CHEMBL37521,0.2883413,12191,0,0
CHEMBL13981,0.2883413,12192,0,0
CHEMBL22216,0.2883413,12193,0,0
CHEMBL19784,0.2883413,12194,0,0
CHEMBL37963,0.2883413,12195,0,0
CHEMBL35519,0.2883413,12196,0,0
CHEMBL505,0.2883413,12197,0,0
CHEMBL4436377,0.2883413,12198,0,0
CHEMBL36156,0.2883413,12199,0,0
CHEMBL22556,0.2883413,12200,0,0
CHEMBL36616,0.2883413,12201,0,0
CHEMBL12770,0.28809065,12202,0,0
CHEMBL10544,0.28808656,12203,0,0
CHEMBL3309860,0.2879896,12204,0,0
CHEMBL28922,0.28768507,12205,0,0
CHEMBL9984,0.28762564,12206,0,0
CHEMBL28091,0.2872849,12207,0,0
CHEMBL25002,0.2872849,12208,0,0
CHEMBL43829,0.2872849,12209,0,0
CHEMBL34980,0.2872849,12210,0,0
CHEMBL33839,0.2872849,12211,0,0
CHEMBL40621,0.2869369,12212,0,0
CHEMBL39679,0.28693557,12213,0,0
CHEMBL1189392,0.28693557,12214,0,0
CHEMBL17437,0.28693557,12215,0,0
CHEMBL14540,0.28693557,12216,0,0
CHEMBL22460,0.28693557,12217,0,0
CHEMBL19223,0.28693557,12218,0,0
CHEMBL23180,0.28693557,12219,0,0
CHEMBL1163415,0.28693557,12220,0,0
CHEMBL39137,0.28679034,12221,0,0
CHEMBL37837,0.28668484,12222,0,0
CHEMBL31128,0.28647992,12223,0,0
CHEMBL27327,0.28647992,12224,0,0
CHEMBL3309801,0.28647992,12225,0,0
CHEMBL35518,0.28647992,12226,0,0
CHEMBL18809,0.28640324,12227,0,0
CHEMBL4543288,0.28640324,12228,0,0
CHEMBL30135,0.28640324,12229,0,0
CHEMBL4435104,0.28630385,12230,0,0
CHEMBL16775,0.28630385,12231,0,0
CHEMBL4435275,0.28630385,12232,0,0
CHEMBL6759,0.28600547,12233,0,0
CHEMBL3310408,0.28596878,12234,0,0
CHEMBL21040,0.28596765,12235,0,0
CHEMBL4434967,0.28593495,12236,0,0
CHEMBL7181,0.28593495,12237,0,0
CHEMBL24702,0.28588483,12238,0,0
CHEMBL19441,0.28539166,12239,0,0
CHEMBL33851,0.2853763,12240,0,0
CHEMBL16388,0.2853763,12241,0,0
CHEMBL36117,0.2853763,12242,0,0
CHEMBL40581,0.28532073,12243,0,0
CHEMBL4543491,0.28532073,12244,0,0
CHEMBL38124,0.28523606,12245,0,0
CHEMBL37213,0.2852145,12246,0,0
CHEMBL3310053,0.2851698,12247,0,0
CHEMBL28414,0.2851662,12248,0,0
CHEMBL8678,0.28497228,12249,0,0
CHEMBL4435423,0.28497228,12250,0,0
CHEMBL28241,0.28497228,12251,0,0
CHEMBL21441,0.28497228,12252,0,0
CHEMBL28825,0.28497228,12253,0,0
CHEMBL31845,0.28497228,12254,0,0
CHEMBL25700,0.28497228,12255,0,0
CHEMBL20820,0.28497228,12256,0,0
CHEMBL27631,0.28497228,12257,0,0
CHEMBL3311394,0.28497228,12258,0,0
CHEMBL30141,0.28497228,12259,0,0
CHEMBL39088,0.28497228,12260,0,0
CHEMBL35196,0.28492168,12261,0,0
CHEMBL14768,0.28487703,12262,0,0
CHEMBL30039,0.28487703,12263,0,0
CHEMBL26258,0.28487703,12264,0,0
CHEMBL22850,0.28487703,12265,0,0
CHEMBL10748,0.28487703,12266,0,0
CHEMBL8030,0.28474545,12267,0,0
CHEMBL1163254,0.28466654,12268,0,0
CHEMBL4553571,0.28411183,12269,0,0
CHEMBL4435437,0.28409234,12270,0,0
CHEMBL32372,0.28403786,12271,0,0
CHEMBL12028,0.2838572,12272,0,0
CHEMBL4436180,0.2838572,12273,0,0
CHEMBL439267,0.2838572,12274,0,0
CHEMBL12908,0.2838572,12275,0,0
CHEMBL3309267,0.2838572,12276,0,0
CHEMBL41543,0.283519,12277,0,0
CHEMBL15034,0.2835009,12278,0,0
CHEMBL32280,0.2835009,12279,0,0
CHEMBL4436399,0.28323072,12280,0,0
CHEMBL24189,0.2832234,12281,0,0
CHEMBL525443,0.28318778,12282,0,0
CHEMBL21363,0.28311545,12283,0,0
CHEMBL30167,0.28311545,12284,0,0
CHEMBL41796,0.28297523,12285,0,0
CHEMBL15225,0.28297237,12286,0,0
CHEMBL13972,0.28297237,12287,0,0
CHEMBL33726,0.28297237,12288,0,0
CHEMBL9722,0.28297237,12289,0,0
CHEMBL28014,0.28297237,12290,0,0
CHEMBL21978,0.282942,12291,0,0
CHEMBL7134,0.28293738,12292,0,0
CHEMBL4436565,0.28293738,12293,0,0
CHEMBL19335,0.28293738,12294,0,0
CHEMBL4434988,0.28293738,12295,0,0
CHEMBL4435611,0.28293738,12296,0,0
CHEMBL24770,0.2828353,12297,0,0
CHEMBL4553572,0.28274098,12298,0,0
CHEMBL29902,0.2826047,12299,0,0
CHEMBL31547,0.2826047,12300,0,0
CHEMBL26606,0.28246203,12301,0,0
CHEMBL30954,0.28246203,12302,0,0
CHEMBL1160154,0.28246203,12303,0,0
CHEMBL29971,0.282441,12304,0,0
CHEMBL26039,0.28225577,12305,0,0
CHEMBL25847,0.28215384,12306,0,0
CHEMBL17186,0.28214064,12307,0,0
CHEMBL9784,0.28214064,12308,0,0
CHEMBL32753,0.28214064,12309,0,0
CHEMBL38621,0.28214064,12310,0,0
CHEMBL1163269,0.2820635,12311,0,0
CHEMBL35605,0.28201059,12312,0,0
CHEMBL29437,0.28201059,12313,0,0
CHEMBL4435350,0.28201059,12314,0,0
CHEMBL21387,0.28184903,12315,0,0
CHEMBL9192,0.28184903,12316,0,0
CHEMBL15102,0.28177828,12317,0,0
CHEMBL42268,0.28175205,12318,0,0
CHEMBL11331,0.28171176,12319,0,0
CHEMBL38585,0.28142324,12320,0,0
CHEMBL29435,0.28124166,12321,0,0
CHEMBL35335,0.2811986,12322,0,0
CHEMBL8279,0.2811986,12323,0,0
CHEMBL34336,0.28102207,12324,0,0
CHEMBL36202,0.2809205,12325,0,0
CHEMBL19176,0.2807558,12326,0,0
CHEMBL20141,0.2807517,12327,0,0
CHEMBL17212,0.28065175,12328,0,0
CHEMBL4435103,0.28065175,12329,0,0
CHEMBL40359,0.2806009,12330,0,0
CHEMBL4436053,0.2806009,12331,0,0
CHEMBL38641,0.28058472,12332,0,0
CHEMBL19531,0.28051597,12333,0,0
CHEMBL19938,0.2800955,12334,0,0
CHEMBL17792,0.2800396,12335,0,0
CHEMBL34273,0.2798886,12336,0,0
CHEMBL11328,0.2798886,12337,0,0
CHEMBL23645,0.2798886,12338,0,0
CHEMBL32801,0.27981135,12339,0,0
CHEMBL26904,0.2798033,12340,0,0
CHEMBL4553129,0.27967444,12341,0,0
CHEMBL15014,0.27964988,12342,0,0
CHEMBL26479,0.2793419,12343,0,0
CHEMBL20170,0.27922845,12344,0,0
CHEMBL21851,0.27922845,12345,0,0
CHEMBL40273,0.27922845,12346,0,0
CHEMBL28608,0.2789263,12347,0,0
CHEMBL12217,0.2789263,12348,0,0
CHEMBL42110,0.2785903,12349,0,0
CHEMBL15039,0.27857447,12350,0,0
CHEMBL18466,0.27849963,12351,0,0
CHEMBL20960,0.27849963,12352,0,0
CHEMBL11423,0.27849963,12353,0,0
CHEMBL9123,0.27849963,12354,0,0
CHEMBL29584,0.27848485,12355,0,0
CHEMBL26636,0.27838257,12356,0,0
CHEMBL42631,0.27838257,12357,0,0
CHEMBL34663,0.27838257,12358,0,0
CHEMBL35811,0.27835035,12359,0,0
CHEMBL6781,0.27810168,12360,0,0
CHEMBL17857,0.27809358,12361,0,0
CHEMBL32640,0.2780495,12362,0,0
CHEMBL4436151,0.27801004,12363,0,0
CHEMBL4435125,0.2779862,12364,0,0
CHEMBL25573,0.27791655,12365,0,0
CHEMBL35163,0.27791655,12366,0,0
CHEMBL29400,0.27791655,12367,0,0
CHEMBL4435691,0.27791655,12368,0,0
CHEMBL10967,0.27791655,12369,0,0
CHEMBL39097,0.27791655,12370,0,0
CHEMBL18443,0.27791655,12371,0,0
CHEMBL8091,0.27790606,12372,0,0
CHEMBL24766,0.2778766,12373,0,0
CHEMBL24783,0.2778766,12374,0,0
CHEMBL14660,0.2778766,12375,0,0
CHEMBL21044,0.2778766,12376,0,0
CHEMBL4435322,0.2777777,12377,0,0
CHEMBL8298,0.2776151,12378,0,0
CHEMBL26010,0.27754202,12379,0,0
CHEMBL24583,0.27745724,12380,0,0
CHEMBL21244,0.27745724,12381,0,0
CHEMBL42063,0.27745724,12382,0,0
CHEMBL7200,0.27745724,12383,0,0
CHEMBL37798,0.27745724,12384,0,0
CHEMBL43742,0.27745724,12385,0,0
CHEMBL27381,0.27745724,12386,0,0
CHEMBL16782,0.27745724,12387,0,0
CHEMBL7388,0.27745724,12388,0,0
CHEMBL31092,0.27745724,12389,0,0
CHEMBL4436285,0.27745724,12390,0,0
CHEMBL34077,0.27745724,12391,0,0
CHEMBL3309381,0.27739555,12392,0,0
CHEMBL37866,0.2773674,12393,0,0
CHEMBL41346,0.2773674,12394,0,0
CHEMBL22287,0.2773674,12395,0,0
CHEMBL27806,0.2773674,12396,0,0
CHEMBL28256,0.2773674,12397,0,0
CHEMBL20031,0.27719775,12398,0,0
CHEMBL18449,0.2771871,12399,0,0
CHEMBL29163,0.27703273,12400,0,0
CHEMBL24380,0.27703273,12401,0,0
CHEMBL4436306,0.2769115,12402,0,0
CHEMBL42863,0.276791,12403,0,0
CHEMBL18573,0.2766254,12404,0,0
CHEMBL38285,0.27660397,12405,0,0
CHEMBL1163377,0.2764982,12406,0,0
CHEMBL1163547,0.2764982,12407,0,0
CHEMBL3310771,0.2764982,12408,0,0
CHEMBL36445,0.2764319,12409,0,0
CHEMBL32529,0.2764319,12410,0,0
CHEMBL4434929,0.2764319,12411,0,0
CHEMBL6641,0.2764319,12412,0,0
CHEMBL36208,0.2764319,12413,0,0
CHEMBL40326,0.2764319,12414,0,0
CHEMBL10632,0.2764088,12415,0,0
CHEMBL11702,0.27629837,12416,0,0
CHEMBL23830,0.27629837,12417,0,0
CHEMBL13970,0.27628833,12418,0,0
CHEMBL38287,0.27628833,12419,0,0
CHEMBL7706,0.27628833,12420,0,0
CHEMBL43781,0.27627584,12421,0,0
CHEMBL40529,0.2762439,12422,0,0
CHEMBL29924,0.27604643,12423,0,0
CHEMBL9687,0.2759198,12424,0,0
CHEMBL38335,0.27586237,12425,0,0
CHEMBL4116159,0.2758181,12426,0,0
CHEMBL35490,0.27561387,12427,0,0
CHEMBL42692,0.27556095,12428,0,0
CHEMBL18312,0.27555466,12429,0,0
CHEMBL15057,0.27547553,12430,0,0
CHEMBL27574,0.27547553,12431,0,0
CHEMBL12523,0.27547553,12432,0,0
CHEMBL3311365,0.27547553,12433,0,0
CHEMBL22670,0.2753389,12434,0,0
CHEMBL23971,0.2753389,12435,0,0
CHEMBL21324,0.2753389,12436,0,0
CHEMBL508212,0.2753379,12437,0,0
CHEMBL3310076,0.27526104,12438,0,0
CHEMBL4543194,0.27526104,12439,0,0
CHEMBL24650,0.27496985,12440,0,0
CHEMBL10357,0.27468464,12441,0,0
CHEMBL22721,0.2744093,12442,0,0
CHEMBL23814,0.27428764,12443,0,0
CHEMBL11172,0.27422148,12444,0,0
CHEMBL3310433,0.2739741,12445,0,0
CHEMBL10887,0.2739741,12446,0,0
CHEMBL20191,0.2739741,12447,0,0
CHEMBL32079,0.2739316,12448,0,0
CHEMBL13081,0.2739316,12449,0,0
CHEMBL6589,0.2738236,12450,0,0
CHEMBL30721,0.27362585,12451,0,0
CHEMBL19895,0.27362585,12452,0,0
CHEMBL11129,0.27362585,12453,0,0
CHEMBL32353,0.27362585,12454,0,0
CHEMBL15710,0.27362585,12455,0,0
CHEMBL3309500,0.27362585,12456,0,0
CHEMBL37800,0.27362585,12457,0,0
CHEMBL3309504,0.27362585,12458,0,0
CHEMBL6430,0.27362585,12459,0,0
CHEMBL4435211,0.27362585,12460,0,0
CHEMBL30609,0.27362585,12461,0,0
CHEMBL7857,0.27362585,12462,0,0
CHEMBL4434793,0.27362362,12463,0,0
CHEMBL41978,0.27362362,12464,0,0
CHEMBL18901,0.27362362,12465,0,0
CHEMBL36460,0.27324912,12466,0,0
CHEMBL35254,0.2731981,12467,0,0
CHEMBL26236,0.27306196,12468,0,0
CHEMBL39551,0.27306196,12469,0,0
CHEMBL12327,0.2730399,12470,0,0
CHEMBL10186,0.2730399,12471,0,0
CHEMBL23080,0.27299747,12472,0,0
CHEMBL41337,0.27299747,12473,0,0
CHEMBL6650,0.27299747,12474,0,0
CHEMBL42632,0.27299747,12475,0,0
CHEMBL526882,0.27291486,12476,0,0
CHEMBL33475,0.27287397,12477,0,0
CHEMBL31544,0.27287397,12478,0,0
CHEMBL4435773,0.27284598,12479,0,0
CHEMBL40661,0.27279216,12480,0,0
CHEMBL37674,0.27278492,12481,0,0
CHEMBL30669,0.27274278,12482,0,0
CHEMBL3310399,0.27264842,12483,0,0
CHEMBL591773,0.27258,12484,0,0
CHEMBL3309350,0.27240205,12485,0,0
CHEMBL7034,0.27240205,12486,0,0
CHEMBL16841,0.27240205,12487,0,0
CHEMBL11227,0.27240205,12488,0,0
CHEMBL3310831,0.27240205,12489,0,0
CHEMBL37147,0.27240205,12490,0,0
CHEMBL19148,0.27240205,12491,0,0
CHEMBL24840,0.27240205,12492,0,0
CHEMBL31371,0.27240205,12493,0,0
CHEMBL17677,0.27240205,12494,0,0
CHEMBL18742,0.27240205,12495,0,0
CHEMBL35092,0.27240205,12496,0,0
CHEMBL27174,0.27240205,12497,0,0
CHEMBL37501,0.27240205,12498,0,0
CHEMBL10866,0.27240205,12499,0,0
CHEMBL27615,0.27240205,12500,0,0
CHEMBL32107,0.27240205,12501,0,0
CHEMBL41706,0.27240205,12502,0,0
CHEMBL37403,0.27240205,12503,0,0
CHEMBL610275,0.27240205,12504,0,0
CHEMBL12361,0.27237433,12505,0,0
CHEMBL38805,0.27226412,12506,0,0
CHEMBL12285,0.27226412,12507,0,0
CHEMBL16249,0.2721086,12508,0,0
CHEMBL43732,0.27206665,12509,0,0
CHEMBL20782,0.27204865,12510,0,0
CHEMBL10873,0.27195436,12511,0,0
CHEMBL18857,0.27195436,12512,0,0
CHEMBL21637,0.27190176,12513,0,0
CHEMBL4436006,0.27190176,12514,0,0
CHEMBL503237,0.27178878,12515,0,0
CHEMBL1213854,0.27178878,12516,0,0
CHEMBL8651,0.27178878,12517,0,0
CHEMBL4553174,0.27177495,12518,0,0
CHEMBL3310340,0.27177495,12519,0,0
CHEMBL3309782,0.27177495,12520,0,0
CHEMBL17565,0.27177495,12521,0,0
CHEMBL22232,0.27177495,12522,0,0
CHEMBL29808,0.27162528,12523,0,0
CHEMBL14350,0.27162528,12524,0,0
CHEMBL7945,0.27162528,12525,0,0
CHEMBL17120,0.27162528,12526,0,0
CHEMBL14340,0.27162528,12527,0,0
CHEMBL37740,0.27162528,12528,0,0
CHEMBL20745,0.27162528,12529,0,0
CHEMBL4436476,0.27162528,12530,0,0
CHEMBL20005,0.27162528,12531,0,0
CHEMBL538188,0.2716223,12532,0,0
CHEMBL9283,0.2715551,12533,0,0
CHEMBL19564,0.2715551,12534,0,0
CHEMBL655,0.27140376,12535,0,0
CHEMBL35544,0.27140376,12536,0,0
CHEMBL16533,0.27140376,12537,0,0
CHEMBL4435543,0.27140376,12538,0,0
CHEMBL35222,0.27140376,12539,0,0
CHEMBL33828,0.27140376,12540,0,0
CHEMBL35290,0.27140376,12541,0,0
CHEMBL21646,0.27140376,12542,0,0
CHEMBL33673,0.27140376,12543,0,0
CHEMBL25331,0.27140376,12544,0,0
CHEMBL35599,0.27140376,12545,0,0
CHEMBL28233,0.27140376,12546,0,0
CHEMBL33626,0.27140376,12547,0,0
CHEMBL6958,0.27140376,12548,0,0
CHEMBL23063,0.27140376,12549,0,0
CHEMBL32977,0.27140376,12550,0,0
CHEMBL16356,0.27140376,12551,0,0
CHEMBL25100,0.27140376,12552,0,0
CHEMBL23912,0.27140376,12553,0,0
CHEMBL37940,0.27140376,12554,0,0
CHEMBL538385,0.27140376,12555,0,0
CHEMBL37847,0.27140376,12556,0,0
CHEMBL26823,0.27140376,12557,0,0
CHEMBL8426,0.27140376,12558,0,0
CHEMBL33015,0.27140376,12559,0,0
CHEMBL9828,0.27140376,12560,0,0
CHEMBL34496,0.27140376,12561,0,0
CHEMBL12524,0.27140376,12562,0,0
CHEMBL15390,0.27140376,12563,0,0
CHEMBL21421,0.27140376,12564,0,0
CHEMBL10232,0.27140376,12565,0,0
CHEMBL4434666,0.27140376,12566,0,0
CHEMBL28651,0.27140376,12567,0,0
CHEMBL9603,0.27140376,12568,0,0
CHEMBL20401,0.27140376,12569,0,0
CHEMBL15412,0.27140376,12570,0,0
CHEMBL33129,0.27140376,12571,0,0
CHEMBL16817,0.27140376,12572,0,0
CHEMBL18315,0.27140376,12573,0,0
CHEMBL20406,0.27140376,12574,0,0
CHEMBL4543557,0.27140376,12575,0,0
CHEMBL12473,0.27140376,12576,0,0
CHEMBL12475,0.27140376,12577,0,0
CHEMBL6446,0.27140376,12578,0,0
CHEMBL13870,0.27140376,12579,0,0
CHEMBL33498,0.27140376,12580,0,0
CHEMBL9750,0.27140376,12581,0,0
CHEMBL39897,0.27140376,12582,0,0
CHEMBL10648,0.27140376,12583,0,0
CHEMBL4543511,0.27140376,12584,0,0
CHEMBL14676,0.27140376,12585,0,0
CHEMBL19280,0.27140376,12586,0,0
CHEMBL24318,0.27140376,12587,0,0
CHEMBL14618,0.27140376,12588,0,0
CHEMBL37685,0.27140376,12589,0,0
CHEMBL37603,0.27140376,12590,0,0
CHEMBL9130,0.27140376,12591,0,0
CHEMBL38175,0.27140376,12592,0,0
CHEMBL10801,0.27140376,12593,0,0
CHEMBL31331,0.27140376,12594,0,0
CHEMBL31324,0.27140376,12595,0,0
CHEMBL4116153,0.27140376,12596,0,0
CHEMBL23505,0.27140376,12597,0,0
CHEMBL31127,0.27140376,12598,0,0
CHEMBL40184,0.27140376,12599,0,0
CHEMBL40160,0.27140376,12600,0,0
CHEMBL4543417,0.27140376,12601,0,0
CHEMBL26848,0.27140376,12602,0,0
CHEMBL13714,0.27140376,12603,0,0
CHEMBL27155,0.27140376,12604,0,0
CHEMBL40055,0.27140376,12605,0,0
CHEMBL21378,0.27140376,12606,0,0
CHEMBL40557,0.27140376,12607,0,0
CHEMBL20342,0.27140376,12608,0,0
CHEMBL7353,0.27140376,12609,0,0
CHEMBL4435112,0.27140376,12610,0,0
CHEMBL18652,0.27140376,12611,0,0
CHEMBL40362,0.27140376,12612,0,0
CHEMBL39465,0.27140376,12613,0,0
CHEMBL4435805,0.27140376,12614,0,0
CHEMBL4436332,0.27140376,12615,0,0
CHEMBL41380,0.27140376,12616,0,0
CHEMBL6289,0.27140376,12617,0,0
CHEMBL31989,0.27140376,12618,0,0
CHEMBL26291,0.27140376,12619,0,0
CHEMBL23146,0.27140376,12620,0,0
CHEMBL28566,0.27140376,12621,0,0
CHEMBL3310780,0.27140376,12622,0,0
CHEMBL15296,0.27140376,12623,0,0
CHEMBL3310966,0.27140376,12624,0,0
CHEMBL4436121,0.27140376,12625,0,0
CHEMBL21394,0.27140376,12626,0,0
CHEMBL38375,0.27140376,12627,0,0
CHEMBL3309777,0.27140376,12628,0,0
CHEMBL27351,0.27140376,12629,0,0
CHEMBL14176,0.27140376,12630,0,0
CHEMBL1163437,0.27140376,12631,0,0
CHEMBL7261,0.27140376,12632,0,0
CHEMBL24667,0.27140376,12633,0,0
CHEMBL32040,0.27140376,12634,0,0
CHEMBL3310437,0.27140376,12635,0,0
CHEMBL36671,0.27140376,12636,0,0
CHEMBL36678,0.27140376,12637,0,0
CHEMBL12628,0.27140376,12638,0,0
CHEMBL26570,0.27140376,12639,0,0
CHEMBL29729,0.27140376,12640,0,0
CHEMBL13160,0.27140376,12641,0,0
CHEMBL28693,0.27140376,12642,0,0
CHEMBL27521,0.27140376,12643,0,0
CHEMBL20762,0.27140376,12644,0,0
CHEMBL23124,0.27140376,12645,0,0
CHEMBL9342,0.27140376,12646,0,0
CHEMBL15081,0.27140376,12647,0,0
CHEMBL9410,0.27140376,12648,0,0
CHEMBL28835,0.27140376,12649,0,0
CHEMBL15221,0.27140376,12650,0,0
CHEMBL1203252,0.27140376,12651,0,0
CHEMBL9353,0.27140376,12652,0,0
CHEMBL602514,0.27140376,12653,0,0
CHEMBL591201,0.27140376,12654,0,0
CHEMBL36908,0.27140376,12655,0,0
CHEMBL28871,0.27140376,12656,0,0
CHEMBL19156,0.27140376,12657,0,0
CHEMBL32393,0.27140376,12658,0,0
CHEMBL32680,0.27140376,12659,0,0
CHEMBL8911,0.27140376,12660,0,0
CHEMBL262664,0.27140376,12661,0,0
CHEMBL7279,0.27140376,12662,0,0
CHEMBL26450,0.27140376,12663,0,0
CHEMBL29616,0.27140376,12664,0,0
CHEMBL3310168,0.27140376,12665,0,0
CHEMBL11531,0.27140376,12666,0,0
CHEMBL17271,0.27140376,12667,0,0
CHEMBL16191,0.27140376,12668,0,0
CHEMBL34456,0.27140376,12669,0,0
CHEMBL32437,0.27140376,12670,0,0
CHEMBL14327,0.27140376,12671,0,0
CHEMBL8883,0.27140376,12672,0,0
CHEMBL8869,0.27140376,12673,0,0
CHEMBL16295,0.27140376,12674,0,0
CHEMBL34784,0.27140376,12675,0,0
CHEMBL11804,0.27140376,12676,0,0
CHEMBL27002,0.27140376,12677,0,0
CHEMBL13456,0.27140376,12678,0,0
CHEMBL8313,0.27140376,12679,0,0
CHEMBL6908,0.27140376,12680,0,0
CHEMBL6916,0.27140376,12681,0,0
CHEMBL10757,0.27140376,12682,0,0
CHEMBL30223,0.27140376,12683,0,0
CHEMBL34180,0.27140376,12684,0,0
CHEMBL19840,0.27140376,12685,0,0
CHEMBL9913,0.27140376,12686,0,0
CHEMBL16204,0.27140376,12687,0,0
CHEMBL16194,0.27140376,12688,0,0
CHEMBL16144,0.27140376,12689,0,0
CHEMBL16927,0.27138555,12690,0,0
CHEMBL14412,0.27135265,12691,0,0
CHEMBL11629,0.27135265,12692,0,0
CHEMBL20258,0.27134526,12693,0,0
CHEMBL10540,0.27134526,12694,0,0
CHEMBL39714,0.27134526,12695,0,0
CHEMBL1163553,0.27134526,12696,0,0
CHEMBL24918,0.27093387,12697,0,0
CHEMBL36867,0.27090877,12698,0,0
CHEMBL9893,0.27090877,12699,0,0
CHEMBL12778,0.27090877,12700,0,0
CHEMBL16978,0.27080595,12701,0,0
CHEMBL30404,0.27080595,12702,0,0
CHEMBL13306,0.27080595,12703,0,0
CHEMBL500269,0.27080595,12704,0,0
CHEMBL40644,0.27080595,12705,0,0
CHEMBL23883,0.2708019,12706,0,0
CHEMBL14684,0.2708019,12707,0,0
CHEMBL13668,0.2708019,12708,0,0
CHEMBL37371,0.2708019,12709,0,0
CHEMBL15009,0.2708019,12710,0,0
CHEMBL29593,0.27076733,12711,0,0
CHEMBL41331,0.2707599,12712,0,0
CHEMBL10428,0.2707599,12713,0,0
CHEMBL8744,0.2707599,12714,0,0
CHEMBL20464,0.2707599,12715,0,0
CHEMBL17375,0.2707599,12716,0,0
CHEMBL8178,0.2707599,12717,0,0
CHEMBL33471,0.2707599,12718,0,0
CHEMBL29935,0.27062964,12719,0,0
CHEMBL3309532,0.27056807,12720,0,0
CHEMBL34582,0.27056807,12721,0,0
CHEMBL4435371,0.27056807,12722,0,0
CHEMBL16534,0.2705479,12723,0,0
CHEMBL539442,0.2705226,12724,0,0
CHEMBL21469,0.27043346,12725,0,0
CHEMBL38794,0.27014044,12726,0,0
CHEMBL18643,0.27014044,12727,0,0
CHEMBL40313,0.26985878,12728,0,0
CHEMBL29785,0.26983154,12729,0,0
CHEMBL17843,0.26983154,12730,0,0
CHEMBL21566,0.26983154,12731,0,0
CHEMBL39072,0.2698286,12732,0,0
CHEMBL18891,0.2698286,12733,0,0
CHEMBL19942,0.2698286,12734,0,0
CHEMBL31834,0.2698286,12735,0,0
CHEMBL37352,0.26968652,12736,0,0
CHEMBL15377,0.26968184,12737,0,0
CHEMBL25457,0.26959896,12738,0,0
CHEMBL28136,0.26959896,12739,0,0
CHEMBL4116118,0.26959896,12740,0,0
CHEMBL36456,0.26955596,12741,0,0
CHEMBL1163381,0.26954964,12742,0,0
CHEMBL30349,0.269495,12743,0,0
CHEMBL23228,0.2694754,12744,0,0
CHEMBL39328,0.2694754,12745,0,0
CHEMBL4435081,0.26946464,12746,0,0
CHEMBL18642,0.26941112,12747,0,0
CHEMBL4435250,0.26930815,12748,0,0
CHEMBL38762,0.26930815,12749,0,0
CHEMBL32373,0.26930815,12750,0,0
CHEMBL28547,0.26930815,12751,0,0
CHEMBL9464,0.26930815,12752,0,0
CHEMBL13904,0.26930815,12753,0,0
CHEMBL4434971,0.26930815,12754,0,0
CHEMBL3309605,0.26930815,12755,0,0
CHEMBL22617,0.26930815,12756,0,0
CHEMBL1183295,0.26930815,12757,0,0
CHEMBL6967,0.26930815,12758,0,0
CHEMBL24550,0.26930106,12759,0,0
CHEMBL38668,0.26917392,12760,0,0
CHEMBL36273,0.26914078,12761,0,0
CHEMBL27534,0.26898354,12762,0,0
CHEMBL25249,0.26898354,12763,0,0
CHEMBL41208,0.2689317,12764,0,0
CHEMBL35738,0.2688745,12765,0,0
CHEMBL12294,0.2688745,12766,0,0
CHEMBL28735,0.2688745,12767,0,0
CHEMBL41460,0.2688387,12768,0,0
CHEMBL4543286,0.26870477,12769,0,0
CHEMBL33581,0.268612,12770,0,0
CHEMBL27946,0.26853943,12771,0,0
CHEMBL33931,0.26853943,12772,0,0
CHEMBL34667,0.26853943,12773,0,0
CHEMBL27841,0.2683971,12774,0,0
CHEMBL38001,0.26828206,12775,0,0
CHEMBL23380,0.26827663,12776,0,0
CHEMBL4436390,0.26821545,12777,0,0
CHEMBL17980,0.26811352,12778,0,0
CHEMBL42868,0.2680643,12779,0,0
CHEMBL17841,0.26804218,12780,0,0
CHEMBL18288,0.26804218,12781,0,0
CHEMBL36960,0.26804218,12782,0,0
CHEMBL13856,0.26803532,12783,0,0
CHEMBL479,0.268035,12784,0,0
CHEMBL39982,0.26795858,12785,0,0
CHEMBL13019,0.2678207,12786,0,0
CHEMBL22939,0.2678207,12787,0,0
CHEMBL22219,0.2678207,12788,0,0
CHEMBL41593,0.2678207,12789,0,0
CHEMBL4553695,0.2678207,12790,0,0
CHEMBL38982,0.2678207,12791,0,0
CHEMBL13202,0.2678207,12792,0,0
CHEMBL27680,0.2678207,12793,0,0
CHEMBL4435781,0.2678207,12794,0,0
CHEMBL35725,0.2678207,12795,0,0
CHEMBL13620,0.2678207,12796,0,0
CHEMBL6549,0.2678207,12797,0,0
CHEMBL4543338,0.2678207,12798,0,0
CHEMBL18423,0.2678207,12799,0,0
CHEMBL8194,0.2678207,12800,0,0
CHEMBL13697,0.2678207,12801,0,0
CHEMBL39689,0.2678207,12802,0,0
CHEMBL3309915,0.2678207,12803,0,0
CHEMBL4559977,0.2678207,12804,0,0
CHEMBL36834,0.2678207,12805,0,0
CHEMBL21319,0.2678207,12806,0,0
CHEMBL31000,0.2678207,12807,0,0
CHEMBL32035,0.2678207,12808,0,0
CHEMBL7153,0.2678207,12809,0,0
CHEMBL3310391,0.2678207,12810,0,0
CHEMBL41624,0.2678207,12811,0,0
CHEMBL41899,0.2678207,12812,0,0
CHEMBL14901,0.2678207,12813,0,0
CHEMBL32749,0.2678207,12814,0,0
CHEMBL29401,0.2678207,12815,0,0
CHEMBL546,0.2678207,12816,0,0
CHEMBL40672,0.2678207,12817,0,0
CHEMBL78,0.2678207,12818,0,0
CHEMBL39087,0.2678207,12819,0,0
CHEMBL36545,0.2678207,12820,0,0
CHEMBL23268,0.2678207,12821,0,0
CHEMBL23059,0.2678207,12822,0,0
CHEMBL34711,0.2678207,12823,0,0
CHEMBL21171,0.2678207,12824,0,0
CHEMBL3309467,0.2678207,12825,0,0
CHEMBL18479,0.2678207,12826,0,0
CHEMBL7580,0.2678207,12827,0,0
CHEMBL18838,0.2678207,12828,0,0
CHEMBL6630,0.26781115,12829,0,0
CHEMBL12304,0.26772803,12830,0,0
CHEMBL40044,0.26767054,12831,0,0
CHEMBL24206,0.26767054,12832,0,0
CHEMBL15748,0.26767054,12833,0,0
CHEMBL28205,0.26767054,12834,0,0
CHEMBL30110,0.2676389,12835,0,0
CHEMBL19757,0.2676389,12836,0,0
CHEMBL26094,0.2676389,12837,0,0
CHEMBL29806,0.2676389,12838,0,0
CHEMBL36706,0.2676389,12839,0,0
CHEMBL26683,0.2676389,12840,0,0
CHEMBL20860,0.2676389,12841,0,0
CHEMBL39374,0.2676389,12842,0,0
CHEMBL8577,0.2676389,12843,0,0
CHEMBL4543503,0.2676389,12844,0,0
CHEMBL28486,0.2676389,12845,0,0
CHEMBL33274,0.2676389,12846,0,0
CHEMBL7507,0.2676389,12847,0,0
CHEMBL16633,0.2676389,12848,0,0
CHEMBL10199,0.2676389,12849,0,0
CHEMBL26726,0.2676389,12850,0,0
CHEMBL16326,0.2676389,12851,0,0
CHEMBL6837,0.2676389,12852,0,0
CHEMBL34240,0.2676389,12853,0,0
CHEMBL37914,0.2676389,12854,0,0
CHEMBL14241,0.2676389,12855,0,0
CHEMBL27337,0.2676389,12856,0,0
CHEMBL42000,0.2676389,12857,0,0
CHEMBL29118,0.2676389,12858,0,0
CHEMBL30164,0.2676389,12859,0,0
CHEMBL28745,0.2676389,12860,0,0
CHEMBL33731,0.2676389,12861,0,0
CHEMBL30154,0.2676389,12862,0,0
CHEMBL38795,0.2676389,12863,0,0
CHEMBL29692,0.2676389,12864,0,0
CHEMBL37393,0.2676389,12865,0,0
CHEMBL1163199,0.2676389,12866,0,0
CHEMBL32878,0.2676389,12867,0,0
CHEMBL29335,0.2676389,12868,0,0
CHEMBL25156,0.2676389,12869,0,0
CHEMBL30766,0.2676389,12870,0,0
CHEMBL32655,0.2676389,12871,0,0
CHEMBL8840,0.2676389,12872,0,0
CHEMBL11605,0.2676389,12873,0,0
CHEMBL27019,0.2676389,12874,0,0
CHEMBL30604,0.2676389,12875,0,0
CHEMBL38283,0.2676389,12876,0,0
CHEMBL536883,0.2675675,12877,0,0
CHEMBL17338,0.2674291,12878,0,0
CHEMBL28366,0.26735458,12879,0,0
CHEMBL4435572,0.26723066,12880,0,0
CHEMBL26574,0.26721182,12881,0,0
CHEMBL38439,0.26699907,12882,0,0
CHEMBL19665,0.26699907,12883,0,0
CHEMBL10620,0.26696718,12884,0,0
CHEMBL39280,0.26679313,12885,0,0
CHEMBL21752,0.26677477,12886,0,0
CHEMBL839,0.26676396,12887,0,0
CHEMBL4553605,0.26675734,12888,0,0
CHEMBL33275,0.26675734,12889,0,0
CHEMBL29864,0.26675734,12890,0,0
CHEMBL7413,0.26675734,12891,0,0
CHEMBL13291,0.26675373,12892,0,0
CHEMBL23880,0.26630723,12893,0,0
CHEMBL26599,0.2661912,12894,0,0
CHEMBL10904,0.26611158,12895,0,0
CHEMBL28037,0.26611158,12896,0,0
CHEMBL40776,0.26600462,12897,0,0
CHEMBL32270,0.26592928,12898,0,0
CHEMBL504254,0.26585925,12899,0,0
CHEMBL13330,0.26562038,12900,0,0
CHEMBL20149,0.26562038,12901,0,0
CHEMBL34891,0.2654225,12902,0,0
CHEMBL10572,0.2654225,12903,0,0
CHEMBL41430,0.26535168,12904,0,0
CHEMBL17103,0.26535168,12905,0,0
CHEMBL16392,0.26523545,12906,0,0
CHEMBL20188,0.26523545,12907,0,0
CHEMBL29363,0.26507765,12908,0,0
CHEMBL40997,0.26502955,12909,0,0
CHEMBL16703,0.26500985,12910,0,0
CHEMBL15128,0.2648771,12911,0,0
CHEMBL15658,0.2647642,12912,0,0
CHEMBL18787,0.26467356,12913,0,0
CHEMBL4543550,0.26464283,12914,0,0
CHEMBL7886,0.26462153,12915,0,0
CHEMBL15740,0.2645967,12916,0,0
CHEMBL4116167,0.2645967,12917,0,0
CHEMBL6345,0.2645967,12918,0,0
CHEMBL16523,0.2645967,12919,0,0
CHEMBL20898,0.2645967,12920,0,0
CHEMBL4543488,0.2645967,12921,0,0
CHEMBL7417,0.2645967,12922,0,0
CHEMBL10091,0.2645967,12923,0,0
CHEMBL27060,0.2645967,12924,0,0
CHEMBL40229,0.2645967,12925,0,0
CHEMBL14022,0.2645967,12926,0,0
CHEMBL28920,0.2645967,12927,0,0
CHEMBL14954,0.2645967,12928,0,0
CHEMBL25912,0.2645967,12929,0,0
CHEMBL19570,0.2645967,12930,0,0
CHEMBL6843,0.2645967,12931,0,0
CHEMBL27975,0.2645967,12932,0,0
CHEMBL6584,0.2645967,12933,0,0
CHEMBL15997,0.26452613,12934,0,0
CHEMBL37905,0.26451904,12935,0,0
CHEMBL31691,0.2644481,12936,0,0
CHEMBL19670,0.26438817,12937,0,0
CHEMBL23520,0.26436046,12938,0,0
CHEMBL30877,0.26436046,12939,0,0
CHEMBL31162,0.264303,12940,0,0
CHEMBL8957,0.2639257,12941,0,0
CHEMBL11485,0.26379994,12942,0,0
CHEMBL23843,0.26379994,12943,0,0
CHEMBL37636,0.26379994,12944,0,0
CHEMBL28134,0.26379994,12945,0,0
CHEMBL9765,0.26379994,12946,0,0
CHEMBL9630,0.26379994,12947,0,0
CHEMBL15365,0.26379994,12948,0,0
CHEMBL10637,0.26379994,12949,0,0
CHEMBL29216,0.26379994,12950,0,0
CHEMBL9772,0.26379994,12951,0,0
CHEMBL19145,0.26379994,12952,0,0
CHEMBL33212,0.263756,12953,0,0
CHEMBL1222975,0.26366797,12954,0,0
CHEMBL37123,0.26366797,12955,0,0
CHEMBL39898,0.26366797,12956,0,0
CHEMBL41440,0.26358548,12957,0,0
CHEMBL4436150,0.26351562,12958,0,0
CHEMBL3310392,0.26351562,12959,0,0
CHEMBL498861,0.26351562,12960,0,0
CHEMBL29575,0.26351562,12961,0,0
CHEMBL20518,0.26351562,12962,0,0
CHEMBL38068,0.26351562,12963,0,0
CHEMBL23572,0.26351562,12964,0,0
CHEMBL30730,0.26351562,12965,0,0
CHEMBL18645,0.26351562,12966,0,0
CHEMBL12335,0.26351562,12967,0,0
CHEMBL27041,0.26351562,12968,0,0
CHEMBL30306,0.26351562,12969,0,0
CHEMBL7555,0.26351562,12970,0,0
CHEMBL30390,0.26351562,12971,0,0
CHEMBL13002,0.26351562,12972,0,0
CHEMBL3309613,0.26351562,12973,0,0
CHEMBL11631,0.26351562,12974,0,0
CHEMBL42779,0.26351562,12975,0,0
CHEMBL11511,0.26351562,12976,0,0
CHEMBL41856,0.26351562,12977,0,0
CHEMBL8306,0.26351562,12978,0,0
CHEMBL33784,0.26351562,12979,0,0
CHEMBL13310,0.26351562,12980,0,0
CHEMBL23266,0.26351562,12981,0,0
CHEMBL8261,0.26351562,12982,0,0
CHEMBL26468,0.26351562,12983,0,0
CHEMBL28748,0.26351562,12984,0,0
CHEMBL25791,0.26351562,12985,0,0
CHEMBL36872,0.26351562,12986,0,0
CHEMBL32485,0.26351562,12987,0,0
CHEMBL36396,0.26351562,12988,0,0
CHEMBL26530,0.26351562,12989,0,0
CHEMBL13954,0.26351562,12990,0,0
CHEMBL10636,0.26351562,12991,0,0
CHEMBL9553,0.26351562,12992,0,0
CHEMBL1163449,0.26351562,12993,0,0
CHEMBL4434671,0.26351562,12994,0,0
CHEMBL31572,0.26351562,12995,0,0
CHEMBL1077276,0.26351562,12996,0,0
CHEMBL31473,0.26351562,12997,0,0
CHEMBL6314,0.26351562,12998,0,0
CHEMBL33368,0.26351562,12999,0,0
CHEMBL36171,0.26351562,13000,0,0
CHEMBL36245,0.26351562,13001,0,0
CHEMBL31410,0.26351562,13002,0,0
CHEMBL7617,0.26351562,13003,0,0
CHEMBL6543,0.26351562,13004,0,0
CHEMBL4435120,0.26351562,13005,0,0
CHEMBL1171471,0.26351562,13006,0,0
CHEMBL28050,0.26351562,13007,0,0
CHEMBL34913,0.26351562,13008,0,0
CHEMBL32952,0.26351562,13009,0,0
CHEMBL25036,0.26351562,13010,0,0
CHEMBL19832,0.26350936,13011,0,0
CHEMBL28169,0.26350936,13012,0,0
CHEMBL20760,0.26343387,13013,0,0
CHEMBL40387,0.26330563,13014,0,0
CHEMBL39911,0.2632763,13015,0,0
CHEMBL18472,0.26320714,13016,0,0
CHEMBL4435796,0.2628925,13017,0,0
CHEMBL581501,0.2626616,13018,0,0
CHEMBL31479,0.2626148,13019,0,0
CHEMBL31685,0.2626148,13020,0,0
CHEMBL38851,0.2626148,13021,0,0
CHEMBL19696,0.2626148,13022,0,0
CHEMBL4435281,0.2626148,13023,0,0
CHEMBL10495,0.2626148,13024,0,0
CHEMBL33082,0.2626148,13025,0,0
CHEMBL7559,0.2626148,13026,0,0
CHEMBL7874,0.2626148,13027,0,0
CHEMBL29028,0.2626148,13028,0,0
CHEMBL560,0.2626148,13029,0,0
CHEMBL17117,0.2626148,13030,0,0
CHEMBL8824,0.2626148,13031,0,0
CHEMBL10642,0.2626148,13032,0,0
CHEMBL31946,0.2626148,13033,0,0
CHEMBL19472,0.2626148,13034,0,0
CHEMBL14114,0.2626148,13035,0,0
CHEMBL19497,0.2626148,13036,0,0
CHEMBL37257,0.2625445,13037,0,0
CHEMBL13735,0.2625445,13038,0,0
CHEMBL35848,0.2625445,13039,0,0
CHEMBL34018,0.2625445,13040,0,0
CHEMBL19741,0.2625445,13041,0,0
CHEMBL33305,0.2625445,13042,0,0
CHEMBL12497,0.2625445,13043,0,0
CHEMBL39381,0.2625445,13044,0,0
CHEMBL37567,0.2625445,13045,0,0
CHEMBL6374,0.2625445,13046,0,0
CHEMBL37723,0.26250193,13047,0,0
CHEMBL15565,0.26250193,13048,0,0
CHEMBL6234,0.26250193,13049,0,0
CHEMBL4434952,0.26215562,13050,0,0
CHEMBL32245,0.26202622,13051,0,0
CHEMBL3309691,0.26183674,13052,0,0
CHEMBL4543507,0.26183674,13053,0,0
CHEMBL41178,0.2617489,13054,0,0
CHEMBL20844,0.2617489,13055,0,0
CHEMBL3309625,0.2617489,13056,0,0
CHEMBL28040,0.2617489,13057,0,0
CHEMBL14229,0.26161894,13058,0,0
CHEMBL6365,0.26160103,13059,0,0
CHEMBL24205,0.26160103,13060,0,0
CHEMBL34495,0.26160103,13061,0,0
CHEMBL14993,0.26160103,13062,0,0
CHEMBL3310397,0.26160103,13063,0,0
CHEMBL7743,0.26160103,13064,0,0
CHEMBL28849,0.26160103,13065,0,0
CHEMBL12665,0.26160103,13066,0,0
CHEMBL16278,0.26160103,13067,0,0
CHEMBL601070,0.26160103,13068,0,0
CHEMBL15152,0.26160103,13069,0,0
CHEMBL29048,0.26160103,13070,0,0
CHEMBL19086,0.26160103,13071,0,0
CHEMBL41623,0.26160103,13072,0,0
CHEMBL35735,0.26160103,13073,0,0
CHEMBL13111,0.26160103,13074,0,0
CHEMBL35024,0.26160103,13075,0,0
CHEMBL24400,0.26160103,13076,0,0
CHEMBL29531,0.26160103,13077,0,0
CHEMBL11270,0.26160103,13078,0,0
CHEMBL37814,0.26160103,13079,0,0
CHEMBL6517,0.26160103,13080,0,0
CHEMBL42395,0.26160103,13081,0,0
CHEMBL32907,0.26160103,13082,0,0
CHEMBL38089,0.26160103,13083,0,0
CHEMBL7241,0.26160103,13084,0,0
CHEMBL32894,0.26160103,13085,0,0
CHEMBL25982,0.26160103,13086,0,0
CHEMBL10905,0.26160103,13087,0,0
CHEMBL24785,0.26160103,13088,0,0
CHEMBL15545,0.26160103,13089,0,0
CHEMBL9079,0.26160103,13090,0,0
CHEMBL29012,0.26160103,13091,0,0
CHEMBL26034,0.26160103,13092,0,0
CHEMBL43685,0.26160103,13093,0,0
CHEMBL29774,0.26160103,13094,0,0
CHEMBL29839,0.26160103,13095,0,0
CHEMBL40699,0.26160103,13096,0,0
CHEMBL4436582,0.26160103,13097,0,0
CHEMBL739,0.26160103,13098,0,0
CHEMBL18912,0.26160103,13099,0,0
CHEMBL15333,0.26160103,13100,0,0
CHEMBL7508,0.26160103,13101,0,0
CHEMBL34327,0.26160103,13102,0,0
CHEMBL28487,0.26160103,13103,0,0
CHEMBL28494,0.26160103,13104,0,0
CHEMBL34716,0.26160103,13105,0,0
CHEMBL7511,0.26160103,13106,0,0
CHEMBL13140,0.26160103,13107,0,0
CHEMBL18544,0.26160103,13108,0,0
CHEMBL8543,0.26160103,13109,0,0
CHEMBL1163523,0.26160103,13110,0,0
CHEMBL18484,0.26160103,13111,0,0
CHEMBL23465,0.26160103,13112,0,0
CHEMBL40260,0.26160103,13113,0,0
CHEMBL23515,0.26160103,13114,0,0
CHEMBL40408,0.26160103,13115,0,0
CHEMBL40371,0.26160103,13116,0,0
CHEMBL21765,0.26160103,13117,0,0
CHEMBL6304,0.26160103,13118,0,0
CHEMBL28664,0.26160103,13119,0,0
CHEMBL10848,0.26160103,13120,0,0
CHEMBL15342,0.26160103,13121,0,0
CHEMBL36387,0.26160103,13122,0,0
CHEMBL18796,0.26160103,13123,0,0
CHEMBL41077,0.26160103,13124,0,0
CHEMBL41153,0.26160103,13125,0,0
CHEMBL26520,0.26160103,13126,0,0
CHEMBL6576,0.26160103,13127,0,0
CHEMBL10173,0.26160103,13128,0,0
CHEMBL10171,0.26160103,13129,0,0
CHEMBL39242,0.26160103,13130,0,0
CHEMBL8806,0.26160103,13131,0,0
CHEMBL25292,0.26160103,13132,0,0
CHEMBL24015,0.26152068,13133,0,0
CHEMBL37696,0.26137808,13134,0,0
CHEMBL1170815,0.2611635,13135,0,0
CHEMBL4543292,0.2611635,13136,0,0
CHEMBL31166,0.26112115,13137,0,0
CHEMBL4436591,0.2608997,13138,0,0
CHEMBL24584,0.2608272,13139,0,0
CHEMBL27092,0.26081187,13140,0,0
CHEMBL9500,0.26080582,13141,0,0
CHEMBL11002,0.26077846,13142,0,0
CHEMBL19997,0.26077846,13143,0,0
CHEMBL41374,0.26071408,13144,0,0
CHEMBL4434955,0.2604817,13145,0,0
CHEMBL36626,0.2604817,13146,0,0
CHEMBL10050,0.2604817,13147,0,0
CHEMBL17201,0.2604817,13148,0,0
CHEMBL25857,0.2604817,13149,0,0
CHEMBL29279,0.2604817,13150,0,0
CHEMBL4436083,0.2604817,13151,0,0
CHEMBL24390,0.2604817,13152,0,0
CHEMBL38205,0.2604817,13153,0,0
CHEMBL13008,0.2604817,13154,0,0
CHEMBL35787,0.2604817,13155,0,0
CHEMBL22328,0.2604817,13156,0,0
CHEMBL28975,0.2604817,13157,0,0
CHEMBL10891,0.2604817,13158,0,0
CHEMBL24448,0.2604817,13159,0,0
CHEMBL1188172,0.2604817,13160,0,0
CHEMBL40788,0.2604817,13161,0,0
CHEMBL27219,0.2604817,13162,0,0
CHEMBL40375,0.2604817,13163,0,0
CHEMBL3311526,0.2604817,13164,0,0
CHEMBL33763,0.2604817,13165,0,0
CHEMBL4543452,0.2604817,13166,0,0
CHEMBL39440,0.2604817,13167,0,0
CHEMBL38455,0.2604817,13168,0,0
CHEMBL39668,0.2604817,13169,0,0
CHEMBL31948,0.2604817,13170,0,0
CHEMBL32332,0.2604817,13171,0,0
CHEMBL41563,0.2604817,13172,0,0
CHEMBL571523,0.2604817,13173,0,0
CHEMBL27999,0.2604817,13174,0,0
CHEMBL17123,0.2604817,13175,0,0
CHEMBL12332,0.2604817,13176,0,0
CHEMBL40431,0.2604817,13177,0,0
CHEMBL4435138,0.26038143,13178,0,0
CHEMBL22012,0.26037675,13179,0,0
CHEMBL40712,0.26020914,13180,0,0
CHEMBL11224,0.2600591,13181,0,0
CHEMBL25610,0.2600591,13182,0,0
CHEMBL13204,0.26002097,13183,0,0
CHEMBL36101,0.25993347,13184,0,1
CHEMBL40869,0.25986844,13185,0,0
CHEMBL39710,0.25984883,13186,0,0
CHEMBL3310039,0.2596314,13187,0,0
CHEMBL4436548,0.25956953,13188,0,0
CHEMBL11188,0.25956953,13189,0,0
CHEMBL6717,0.25952408,13190,0,0
CHEMBL26116,0.25952408,13191,0,0
CHEMBL15781,0.259309,13192,0,0
CHEMBL8631,0.259309,13193,0,0
CHEMBL8512,0.259309,13194,0,0
CHEMBL16434,0.259309,13195,0,0
CHEMBL35450,0.259309,13196,0,0
CHEMBL4434961,0.259309,13197,0,0
CHEMBL12958,0.259309,13198,0,0
CHEMBL32912,0.259309,13199,0,0
CHEMBL14034,0.259309,13200,0,0
CHEMBL36583,0.25920734,13201,0,0
CHEMBL4436014,0.25908354,13202,0,0
CHEMBL14067,0.2589371,13203,0,0
CHEMBL131,0.25882137,13204,0,0
CHEMBL12107,0.25879773,13205,0,0
CHEMBL18236,0.25879773,13206,0,0
CHEMBL18168,0.2587665,13207,0,0
CHEMBL4436546,0.25874734,13208,0,0
CHEMBL549128,0.25872812,13209,0,0
CHEMBL576313,0.258658,13210,0,0
CHEMBL1077272,0.258658,13211,0,0
CHEMBL14590,0.258658,13212,0,0
CHEMBL9836,0.25856826,13213,0,0
CHEMBL13495,0.25856826,13214,0,0
CHEMBL4435843,0.25854886,13215,0,0
CHEMBL32465,0.2585244,13216,0,0
CHEMBL22356,0.25850576,13217,0,0
CHEMBL11550,0.25849524,13218,0,0
CHEMBL17045,0.25844613,13219,0,0
CHEMBL578763,0.25844613,13220,0,0
CHEMBL36802,0.25844613,13221,0,0
CHEMBL20134,0.25844613,13222,0,0
CHEMBL29591,0.25844613,13223,0,0
CHEMBL41655,0.25844613,13224,0,0
CHEMBL13027,0.25844613,13225,0,0
CHEMBL8966,0.25844613,13226,0,0
CHEMBL29475,0.25844613,13227,0,0
CHEMBL14546,0.25844613,13228,0,0
CHEMBL20600,0.25844613,13229,0,0
CHEMBL32494,0.25844613,13230,0,0
CHEMBL14616,0.25844613,13231,0,0
CHEMBL35815,0.25844613,13232,0,0
CHEMBL26304,0.25844613,13233,0,0
CHEMBL32723,0.25844613,13234,0,0
CHEMBL32703,0.25844613,13235,0,0
CHEMBL4435951,0.25844613,13236,0,0
CHEMBL4436130,0.25844613,13237,0,0
CHEMBL22966,0.25844613,13238,0,0
CHEMBL3309722,0.25844613,13239,0,0
CHEMBL15511,0.25844613,13240,0,0
CHEMBL15087,0.25844613,13241,0,0
CHEMBL14710,0.25844613,13242,0,0
CHEMBL15077,0.25844613,13243,0,0
CHEMBL3309942,0.25844613,13244,0,0
CHEMBL28723,0.25844613,13245,0,0
CHEMBL36887,0.25844613,13246,0,0
CHEMBL17193,0.25844613,13247,0,0
CHEMBL11478,0.25844613,13248,0,0
CHEMBL1091763,0.25844613,13249,0,0
CHEMBL38765,0.25844613,13250,0,0
CHEMBL10610,0.25844613,13251,0,0
CHEMBL39013,0.25844613,13252,0,0
CHEMBL18320,0.25844613,13253,0,0
CHEMBL29683,0.25844613,13254,0,0
CHEMBL39947,0.25844613,13255,0,0
CHEMBL3142657,0.25844613,13256,0,0
CHEMBL13566,0.25844613,13257,0,0
CHEMBL25275,0.25844613,13258,0,0
CHEMBL20402,0.25844613,13259,0,0
CHEMBL8625,0.25844613,13260,0,0
CHEMBL39491,0.25844613,13261,0,0
CHEMBL38473,0.25844613,13262,0,0
CHEMBL7290,0.25844613,13263,0,0
CHEMBL33655,0.25844613,13264,0,0
CHEMBL39127,0.25844613,13265,0,0
CHEMBL39048,0.25844613,13266,0,0
CHEMBL31503,0.25844613,13267,0,0
CHEMBL29732,0.25844613,13268,0,0
CHEMBL29877,0.25844613,13269,0,0
CHEMBL4436490,0.25844613,13270,0,0
CHEMBL8218,0.25844613,13271,0,0
CHEMBL6725,0.25844613,13272,0,0
CHEMBL30071,0.25844613,13273,0,0
CHEMBL35296,0.25844613,13274,0,0
CHEMBL40690,0.25844613,13275,0,0
CHEMBL13520,0.25844613,13276,0,0
CHEMBL40479,0.25844613,13277,0,0
CHEMBL29847,0.25844613,13278,0,0
CHEMBL13182,0.25844613,13279,0,0
CHEMBL4434683,0.25844613,13280,0,0
CHEMBL9799,0.25844613,13281,0,0
CHEMBL28682,0.25844613,13282,0,0
CHEMBL152893,0.25844613,13283,0,0
CHEMBL709,0.25844613,13284,0,0
CHEMBL15438,0.25844613,13285,0,0
CHEMBL26012,0.25799534,13286,0,0
CHEMBL8103,0.25799534,13287,0,0
CHEMBL4553713,0.257903,13288,0,0
CHEMBL11138,0.25775623,13289,0,0
CHEMBL38605,0.2577262,13290,0,0
CHEMBL3310404,0.2577262,13291,0,0
CHEMBL32538,0.2577262,13292,0,0
CHEMBL35442,0.25770426,13293,0,0
CHEMBL14222,0.2576849,13294,0,0
CHEMBL3311310,0.25765845,13295,0,0
CHEMBL38560,0.2576249,13296,0,0
CHEMBL10009,0.25747216,13297,0,0
CHEMBL15730,0.25719392,13298,0,0
CHEMBL27729,0.2571333,13299,0,0
CHEMBL10035,0.25700977,13300,0,0
CHEMBL39715,0.25693187,13301,0,0
CHEMBL13280,0.25672683,13302,0,0
CHEMBL13601,0.25670293,13303,0,0
CHEMBL16997,0.25670293,13304,0,0
CHEMBL4435323,0.25652575,13305,0,0
CHEMBL572999,0.25652575,13306,0,0
CHEMBL11364,0.25652575,13307,0,0
CHEMBL26771,0.25652575,13308,0,0
CHEMBL27666,0.25652575,13309,0,0
CHEMBL23110,0.2564567,13310,0,0
CHEMBL3311084,0.2563523,13311,0,0
CHEMBL28630,0.2563523,13312,0,0
CHEMBL16945,0.2563523,13313,0,0
CHEMBL25171,0.2563523,13314,0,0
CHEMBL35264,0.2563523,13315,0,0
CHEMBL22467,0.2563523,13316,0,0
CHEMBL31463,0.2563523,13317,0,0
CHEMBL18540,0.2563523,13318,0,0
CHEMBL1172222,0.2563523,13319,0,0
CHEMBL18541,0.2563523,13320,0,0
CHEMBL25104,0.2563523,13321,0,0
CHEMBL40632,0.2563523,13322,0,0
CHEMBL13304,0.2563523,13323,0,0
CHEMBL14384,0.2563523,13324,0,0
CHEMBL14467,0.2563523,13325,0,0
CHEMBL38251,0.2563523,13326,0,0
CHEMBL38129,0.2563523,13327,0,0
CHEMBL32161,0.2563523,13328,0,0
CHEMBL13988,0.2563523,13329,0,0
CHEMBL14379,0.2563523,13330,0,0
CHEMBL33549,0.2563523,13331,0,0
CHEMBL31921,0.2563523,13332,0,0
CHEMBL10796,0.2563523,13333,0,0
CHEMBL19266,0.2563523,13334,0,0
CHEMBL33094,0.2563523,13335,0,0
CHEMBL17770,0.2563523,13336,0,0
CHEMBL27396,0.2563523,13337,0,0
CHEMBL1162204,0.2563523,13338,0,0
CHEMBL33089,0.2563523,13339,0,0
CHEMBL15020,0.2563523,13340,0,0
CHEMBL25842,0.2563523,13341,0,0
CHEMBL17316,0.2563523,13342,0,0
CHEMBL3309584,0.2563523,13343,0,0
CHEMBL25381,0.2563523,13344,0,0
CHEMBL16050,0.2563523,13345,0,0
CHEMBL17152,0.2563523,13346,0,0
CHEMBL14978,0.2563523,13347,0,0
CHEMBL21570,0.2563523,13348,0,0
CHEMBL27506,0.2563523,13349,0,0
CHEMBL36064,0.2563523,13350,0,0
CHEMBL43672,0.2563523,13351,0,0
CHEMBL22618,0.2563523,13352,0,0
CHEMBL24100,0.2563523,13353,0,0
CHEMBL16804,0.2563523,13354,0,0
CHEMBL16806,0.2563523,13355,0,0
CHEMBL28377,0.2563387,13356,0,0
CHEMBL32474,0.25626004,13357,0,0
CHEMBL31241,0.25624433,13358,0,0
CHEMBL16257,0.25624433,13359,0,0
CHEMBL4543294,0.25624433,13360,0,0
CHEMBL4435065,0.25624433,13361,0,0
CHEMBL3309387,0.25624433,13362,0,0
CHEMBL23867,0.25624433,13363,0,0
CHEMBL19152,0.2562005,13364,0,0
CHEMBL15755,0.2561037,13365,0,0
CHEMBL28838,0.2561037,13366,0,0
CHEMBL4543307,0.2561037,13367,0,0
CHEMBL164449,0.2561037,13368,0,0
CHEMBL10167,0.2561037,13369,0,0
CHEMBL19159,0.2561037,13370,0,0
CHEMBL572203,0.2561037,13371,0,0
CHEMBL22603,0.2561037,13372,0,0
CHEMBL19332,0.25607303,13373,0,0
CHEMBL12062,0.25606567,13374,0,0
CHEMBL37258,0.25600463,13375,0,0
CHEMBL12834,0.2559888,13376,0,0
CHEMBL17659,0.2559888,13377,0,0
CHEMBL9085,0.2559888,13378,0,0
CHEMBL16227,0.2559805,13379,0,0
CHEMBL4435815,0.2559805,13380,0,0
CHEMBL4436157,0.25590357,13381,0,0
CHEMBL18528,0.2557868,13382,0,0
CHEMBL41504,0.25568506,13383,0,0
CHEMBL3310177,0.2552409,13384,0,0
CHEMBL31665,0.25511587,13385,0,0
CHEMBL9532,0.25510618,13386,0,0
CHEMBL547542,0.25510618,13387,0,0
CHEMBL14555,0.25510618,13388,0,0
CHEMBL30728,0.25510618,13389,0,0
CHEMBL8507,0.25510618,13390,0,0
CHEMBL24271,0.25510618,13391,0,0
CHEMBL14213,0.25510618,13392,0,0
CHEMBL3309921,0.25508833,13393,0,0
CHEMBL24172,0.25508833,13394,0,0
CHEMBL35189,0.25508833,13395,0,0
CHEMBL14500,0.25496048,13396,0,0
CHEMBL16967,0.25496048,13397,0,0
CHEMBL6431,0.25496048,13398,0,0
CHEMBL27115,0.25494197,13399,0,0
CHEMBL17012,0.2546228,13400,0,0
CHEMBL503469,0.25439373,13401,0,0
CHEMBL31582,0.25439373,13402,0,0
CHEMBL4116129,0.25439373,13403,0,0
CHEMBL6294,0.25439373,13404,0,0
CHEMBL35977,0.25439373,13405,0,0
CHEMBL25126,0.25435364,13406,0,0
CHEMBL10242,0.25435364,13407,0,0
CHEMBL34876,0.25435364,13408,0,0
CHEMBL1075638,0.25428525,13409,0,0
CHEMBL4436179,0.25428525,13410,0,0
CHEMBL14457,0.25428525,13411,0,0
CHEMBL4435581,0.25428525,13412,0,0
CHEMBL1186335,0.25424376,13413,0,0
CHEMBL11568,0.25424376,13414,0,0
CHEMBL22806,0.25424376,13415,0,0
CHEMBL26906,0.25424376,13416,0,0
CHEMBL22588,0.25424376,13417,0,0
CHEMBL22809,0.25424376,13418,0,0
CHEMBL21008,0.25424376,13419,0,0
CHEMBL33185,0.25424376,13420,0,0
CHEMBL3310129,0.25424376,13421,0,0
CHEMBL13355,0.25419223,13422,0,0
CHEMBL27247,0.25419223,13423,0,0
CHEMBL40636,0.25419223,13424,0,0
CHEMBL40912,0.25419223,13425,0,0
CHEMBL39811,0.25414306,13426,0,0
CHEMBL20632,0.25414306,13427,0,0
CHEMBL20787,0.2540835,13428,0,0
CHEMBL30564,0.2540835,13429,0,0
CHEMBL3347315,0.25394344,13430,0,0
CHEMBL20330,0.2539058,13431,0,0
CHEMBL33012,0.2539058,13432,0,0
CHEMBL17194,0.2539058,13433,0,0
CHEMBL29559,0.2539058,13434,0,0
CHEMBL41957,0.2539058,13435,0,0
CHEMBL27297,0.2539058,13436,0,0
CHEMBL27647,0.2539058,13437,0,0
CHEMBL39304,0.2539058,13438,0,0
CHEMBL4116158,0.2539058,13439,0,0
CHEMBL34650,0.2539058,13440,0,0
CHEMBL7621,0.25385427,13441,0,0
CHEMBL32757,0.25385427,13442,0,0
CHEMBL36030,0.25380915,13443,0,0
CHEMBL12346,0.25360465,13444,0,0
CHEMBL10089,0.25352323,13445,0,0
CHEMBL31630,0.25346547,13446,0,0
CHEMBL3310061,0.2533121,13447,0,0
CHEMBL29892,0.25323534,13448,0,0
CHEMBL10767,0.25313777,13449,0,0
CHEMBL3311327,0.25302678,13450,0,0
CHEMBL6223,0.25290215,13451,0,0
CHEMBL29061,0.25290215,13452,0,0
CHEMBL11190,0.25288036,13453,0,0
CHEMBL18779,0.25288036,13454,0,0
CHEMBL31285,0.25284368,13455,0,0
CHEMBL25180,0.2528405,13456,0,0
CHEMBL22493,0.25280127,13457,0,0
CHEMBL4435212,0.25271955,13458,0,0
CHEMBL38920,0.25245324,13459,0,0
CHEMBL12176,0.2524111,13460,0,0
CHEMBL41367,0.2524111,13461,0,0
CHEMBL28043,0.2524111,13462,0,0
CHEMBL34398,0.2524111,13463,0,0
CHEMBL37771,0.2524111,13464,0,0
CHEMBL26697,0.2524111,13465,0,0
CHEMBL29017,0.2524111,13466,0,0
CHEMBL29810,0.2524111,13467,0,0
CHEMBL10531,0.2524111,13468,0,0
CHEMBL26423,0.2524111,13469,0,0
CHEMBL24237,0.2524111,13470,0,0
CHEMBL30752,0.2524111,13471,0,0
CHEMBL29767,0.2524111,13472,0,0
CHEMBL21314,0.2524111,13473,0,0
CHEMBL40392,0.2524111,13474,0,0
CHEMBL22930,0.25229958,13475,0,0
CHEMBL8381,0.25215402,13476,0,0
CHEMBL40878,0.25210428,13477,0,0
CHEMBL3309507,0.25184122,13478,0,0
CHEMBL10477,0.2517232,13479,0,0
CHEMBL21255,0.251623,13480,0,0
CHEMBL4435079,0.25159854,13481,0,0
CHEMBL22483,0.25146523,13482,0,0
CHEMBL38739,0.25132525,13483,0,0
CHEMBL11771,0.25132525,13484,0,0
CHEMBL38009,0.25132525,13485,0,0
CHEMBL7449,0.25132525,13486,0,0
CHEMBL40384,0.25132525,13487,0,0
CHEMBL7539,0.25132525,13488,0,0
CHEMBL11289,0.25132525,13489,0,0
CHEMBL43760,0.25132525,13490,0,0
CHEMBL11838,0.25132525,13491,0,0
CHEMBL21589,0.25132525,13492,0,0
CHEMBL3310641,0.25132525,13493,0,0
CHEMBL33416,0.25132525,13494,0,0
CHEMBL1188238,0.25132525,13495,0,0
CHEMBL10397,0.25132525,13496,0,0
CHEMBL20727,0.25132525,13497,0,0
CHEMBL39712,0.25132525,13498,0,0
CHEMBL29547,0.25132525,13499,0,0
CHEMBL16950,0.25132525,13500,0,0
CHEMBL22499,0.25132525,13501,0,0
CHEMBL14753,0.25132525,13502,0,0
CHEMBL7466,0.25132525,13503,0,0
CHEMBL19110,0.25132525,13504,0,0
CHEMBL23853,0.25132525,13505,0,0
CHEMBL29269,0.25132525,13506,0,0
CHEMBL36852,0.25132525,13507,0,0
CHEMBL41631,0.25132525,13508,0,0
CHEMBL25081,0.25132525,13509,0,0
CHEMBL19211,0.25132525,13510,0,0
CHEMBL18517,0.25132525,13511,0,0
CHEMBL25837,0.25132525,13512,0,0
CHEMBL31873,0.25132525,13513,0,0
CHEMBL4435857,0.25132525,13514,0,0
CHEMBL503376,0.25132525,13515,0,0
CHEMBL14201,0.2512886,13516,0,0
CHEMBL24475,0.2512886,13517,0,0
CHEMBL20810,0.2510606,13518,0,0
CHEMBL3311244,0.25099277,13519,0,0
CHEMBL28373,0.25080943,13520,0,0
CHEMBL9243,0.25067872,13521,0,0
CHEMBL574253,0.2506262,13522,0,0
CHEMBL28172,0.2503967,13523,0,0
CHEMBL4434956,0.2503967,13524,0,0
CHEMBL21975,0.25037074,13525,0,0
CHEMBL18371,0.25030187,13526,0,0
CHEMBL15518,0.25030187,13527,0,0
CHEMBL30923,0.25030187,13528,0,0
CHEMBL9064,0.2502675,13529,0,0
CHEMBL557380,0.25021416,13530,0,0
CHEMBL17833,0.2501541,13531,0,0
CHEMBL29815,0.2501372,13532,0,0
CHEMBL36149,0.24990074,13533,0,0
CHEMBL36294,0.24990074,13534,0,0
CHEMBL27501,0.24989264,13535,0,0
CHEMBL22679,0.24987993,13536,0,0
CHEMBL3310345,0.24987993,13537,0,0
CHEMBL9425,0.24987993,13538,0,0
CHEMBL27081,0.24987993,13539,0,0
CHEMBL3309781,0.24987993,13540,0,0
CHEMBL24741,0.24987993,13541,0,0
CHEMBL41436,0.24971142,13542,0,0
CHEMBL26036,0.24971142,13543,0,0
CHEMBL4435546,0.24969564,13544,0,0
CHEMBL39971,0.24969564,13545,0,0
CHEMBL34805,0.24969284,13546,0,0
CHEMBL32563,0.24958988,13547,0,0
CHEMBL13759,0.24957211,13548,0,0
CHEMBL9552,0.24957211,13549,0,0
CHEMBL4436433,0.24952644,13550,0,0
CHEMBL28067,0.24952644,13551,0,0
CHEMBL8418,0.24952644,13552,0,0
CHEMBL500308,0.24952644,13553,0,0
CHEMBL27938,0.2495024,13554,0,0
CHEMBL35482,0.2495024,13555,0,0
CHEMBL11308,0.2495024,13556,0,0
CHEMBL39571,0.2494897,13557,0,0
CHEMBL31937,0.2494529,13558,0,0
CHEMBL32212,0.24941309,13559,0,0
CHEMBL6544,0.24937266,13560,0,0
CHEMBL14992,0.2493003,13561,0,0
CHEMBL38845,0.2492933,13562,0,0
CHEMBL24653,0.24909903,13563,0,0
CHEMBL18394,0.24909078,13564,0,0
CHEMBL9237,0.24895594,13565,0,0
CHEMBL13331,0.24895594,13566,0,0
CHEMBL24672,0.24895594,13567,0,0
CHEMBL10580,0.24892302,13568,0,0
CHEMBL40768,0.24890348,13569,0,0
CHEMBL38934,0.24887678,13570,0,0
CHEMBL18689,0.24884734,13571,0,0
CHEMBL12850,0.24877921,13572,0,0
CHEMBL29120,0.24877921,13573,0,0
CHEMBL3309655,0.24877921,13574,0,0
CHEMBL17145,0.24877921,13575,0,0
CHEMBL34628,0.24877244,13576,0,0
CHEMBL29849,0.24866682,13577,0,0
CHEMBL22859,0.2486506,13578,0,0
CHEMBL37350,0.2486506,13579,0,0
CHEMBL36552,0.24854955,13580,0,0
CHEMBL20298,0.24854955,13581,0,0
CHEMBL574221,0.24854955,13582,0,0
CHEMBL39503,0.24854955,13583,0,0
CHEMBL6621,0.24854955,13584,0,0
CHEMBL13298,0.24854955,13585,0,0
CHEMBL33640,0.24854955,13586,0,0
CHEMBL30874,0.24854955,13587,0,0
CHEMBL31527,0.24847178,13588,0,0
CHEMBL9539,0.2482491,13589,0,0
CHEMBL9658,0.2482491,13590,0,0
CHEMBL21026,0.24823602,13591,0,0
CHEMBL4435990,0.24817386,13592,0,0
CHEMBL15637,0.24795718,13593,0,0
CHEMBL42531,0.24780923,13594,0,0
CHEMBL19297,0.24762407,13595,0,0
CHEMBL24874,0.24757984,13596,0,0
CHEMBL35019,0.24751459,13597,0,0
CHEMBL21532,0.24751459,13598,0,0
CHEMBL21681,0.24751459,13599,0,0
CHEMBL4436555,0.24751459,13600,0,0
CHEMBL4543172,0.24751459,13601,0,0
CHEMBL40319,0.24728297,13602,0,0
CHEMBL37148,0.24710803,13603,0,0
CHEMBL3310089,0.24710803,13604,0,0
CHEMBL9597,0.24710803,13605,0,0
CHEMBL21845,0.24710803,13606,0,0
CHEMBL20483,0.24710803,13607,0,0
CHEMBL4436400,0.24710803,13608,0,0
CHEMBL36656,0.24710803,13609,0,0
CHEMBL37203,0.24710803,13610,0,0
CHEMBL28631,0.24710803,13611,0,0
CHEMBL31030,0.24710803,13612,0,0
CHEMBL1077303,0.24710803,13613,0,0
CHEMBL539151,0.24710803,13614,0,0
CHEMBL25924,0.24710803,13615,0,0
CHEMBL9645,0.24710803,13616,0,0
CHEMBL6335,0.24710803,13617,0,0
CHEMBL265024,0.24701576,13618,0,0
CHEMBL25991,0.24701576,13619,0,0
CHEMBL22772,0.24701576,13620,0,0
CHEMBL10782,0.24701576,13621,0,0
CHEMBL20019,0.24697664,13622,0,0
CHEMBL4543388,0.24693087,13623,0,0
CHEMBL33695,0.24693087,13624,0,0
CHEMBL4553175,0.24676609,13625,0,0
CHEMBL4435635,0.24676609,13626,0,0
CHEMBL22689,0.24661484,13627,0,0
CHEMBL13589,0.24649896,13628,0,0
CHEMBL40660,0.24649453,13629,0,0
CHEMBL37559,0.24645603,13630,0,0
CHEMBL40825,0.24641861,13631,0,0
CHEMBL29383,0.24641456,13632,0,0
CHEMBL30794,0.24641317,13633,0,0
CHEMBL16135,0.24632755,13634,0,0
CHEMBL40830,0.2462914,13635,0,0
CHEMBL13820,0.2462914,13636,0,0
CHEMBL9261,0.24617064,13637,0,0
CHEMBL32552,0.24610618,13638,0,0
CHEMBL27926,0.24607615,13639,0,0
CHEMBL17137,0.24603002,13640,0,0
CHEMBL22714,0.24603002,13641,0,0
CHEMBL8000,0.24601345,13642,0,0
CHEMBL40564,0.24595378,13643,0,0
CHEMBL4303787,0.2458828,13644,0,0
CHEMBL32219,0.24586679,13645,0,0
CHEMBL18307,0.24586019,13646,0,0
CHEMBL33494,0.24556907,13647,0,0
CHEMBL10959,0.24556907,13648,0,0
CHEMBL11896,0.24556907,13649,0,0
CHEMBL3311243,0.24556907,13650,0,0
CHEMBL41128,0.24556907,13651,0,0
CHEMBL14479,0.24556907,13652,0,0
CHEMBL31611,0.24556907,13653,0,0
CHEMBL41616,0.24556907,13654,0,0
CHEMBL3311366,0.24556907,13655,0,0
CHEMBL39691,0.24556907,13656,0,0
CHEMBL28237,0.24555032,13657,0,0
CHEMBL26289,0.24550295,13658,0,0
CHEMBL12814,0.24538405,13659,0,0
CHEMBL28761,0.24536927,13660,0,0
CHEMBL7745,0.24536927,13661,0,0
CHEMBL23545,0.24536927,13662,0,0
CHEMBL22935,0.24536927,13663,0,0
CHEMBL18555,0.24536927,13664,0,0
CHEMBL16874,0.24536927,13665,0,0
CHEMBL33993,0.24536927,13666,0,0
CHEMBL27346,0.24536927,13667,0,0
CHEMBL37978,0.24536927,13668,0,0
CHEMBL29414,0.24536927,13669,0,0
CHEMBL23585,0.24536927,13670,0,0
CHEMBL23139,0.24536927,13671,0,0
CHEMBL38019,0.24536927,13672,0,0
CHEMBL26430,0.24536927,13673,0,0
CHEMBL7601,0.24536927,13674,0,0
CHEMBL38363,0.24536927,13675,0,0
CHEMBL14174,0.24536927,13676,0,0
CHEMBL4436529,0.24536927,13677,0,0
CHEMBL28583,0.24528466,13678,0,0
CHEMBL539383,0.24528466,13679,0,0
CHEMBL24935,0.24517624,13680,0,0
CHEMBL30824,0.24514253,13681,0,0
CHEMBL35129,0.24514253,13682,0,0
CHEMBL39058,0.24514253,13683,0,0
CHEMBL30677,0.24514253,13684,0,0
CHEMBL21554,0.24514253,13685,0,0
CHEMBL15133,0.24514253,13686,0,0
CHEMBL26311,0.24514253,13687,0,0
CHEMBL18708,0.24514253,13688,0,0
CHEMBL9807,0.24494472,13689,0,0
CHEMBL42032,0.24478935,13690,0,0
CHEMBL30388,0.24478935,13691,0,0
CHEMBL1201356,0.24478935,13692,0,0
CHEMBL34593,0.2447766,13693,0,0
CHEMBL34439,0.24464893,13694,0,0
CHEMBL30627,0.24464893,13695,0,0
CHEMBL8462,0.2445388,13696,0,0
CHEMBL6439,0.2445388,13697,0,0
CHEMBL31684,0.2445388,13698,0,0
CHEMBL4435345,0.24452947,13699,0,0
CHEMBL31071,0.24452947,13700,0,0
CHEMBL26292,0.24446024,13701,0,0
CHEMBL3310009,0.24446024,13702,0,0
CHEMBL9357,0.24446024,13703,0,0
CHEMBL4434872,0.24445009,13704,0,0
CHEMBL38256,0.24445009,13705,0,0
CHEMBL11825,0.24445009,13706,0,0
CHEMBL4435982,0.24433549,13707,0,0
CHEMBL17575,0.24431445,13708,0,0
CHEMBL31960,0.24431445,13709,0,0
CHEMBL4436395,0.2442068,13710,0,0
CHEMBL28000,0.24410903,13711,0,0
CHEMBL10193,0.24410903,13712,0,0
CHEMBL4435017,0.24407293,13713,0,0
CHEMBL154170,0.24383248,13714,0,0
CHEMBL18870,0.24383248,13715,0,0
CHEMBL23352,0.24383248,13716,0,0
CHEMBL22894,0.24383248,13717,0,0
CHEMBL39660,0.24383248,13718,0,0
CHEMBL9972,0.24383248,13719,0,0
CHEMBL25801,0.24383248,13720,0,0
CHEMBL28042,0.24383248,13721,0,0
CHEMBL42875,0.24379365,13722,0,0
CHEMBL42120,0.24379365,13723,0,0
CHEMBL15471,0.24377336,13724,0,0
CHEMBL34041,0.24377336,13725,0,0
CHEMBL10618,0.24377336,13726,0,0
CHEMBL32769,0.24358465,13727,0,0
CHEMBL36480,0.24350242,13728,0,0
CHEMBL19780,0.24324933,13729,0,0
CHEMBL25816,0.24317296,13730,0,0
CHEMBL21131,0.24317296,13731,0,0
CHEMBL3310652,0.2431589,13732,0,0
CHEMBL9976,0.24308741,13733,0,0
CHEMBL19246,0.24308741,13734,0,0
CHEMBL8436,0.24308741,13735,0,0
CHEMBL41432,0.24285516,13736,0,0
CHEMBL6436,0.24283819,13737,0,0
CHEMBL42524,0.24266964,13738,0,0
CHEMBL16186,0.24266964,13739,0,0
CHEMBL4435223,0.24266964,13740,0,0
CHEMBL453,0.24266964,13741,0,0
CHEMBL14382,0.24266964,13742,0,0
CHEMBL3311182,0.24266964,13743,0,0
CHEMBL22639,0.24266964,13744,0,0
CHEMBL14645,0.24266964,13745,0,0
CHEMBL29320,0.24266964,13746,0,0
CHEMBL34233,0.24266964,13747,0,0
CHEMBL7949,0.24266964,13748,0,0
CHEMBL13940,0.24266964,13749,0,0
CHEMBL36128,0.24266964,13750,0,0
CHEMBL42858,0.24266964,13751,0,0
CHEMBL15777,0.24263696,13752,0,0
CHEMBL30847,0.24263696,13753,0,0
CHEMBL26794,0.24240135,13754,0,0
CHEMBL32833,0.24225168,13755,0,0
CHEMBL11225,0.24225168,13756,0,0
CHEMBL23842,0.24225168,13757,0,0
CHEMBL15145,0.24225168,13758,0,0
CHEMBL29842,0.24225168,13759,0,0
CHEMBL13803,0.24225168,13760,0,0
CHEMBL30935,0.24225168,13761,0,0
CHEMBL9833,0.24225168,13762,0,0
CHEMBL36183,0.24225168,13763,0,0
CHEMBL27896,0.24225168,13764,0,0
CHEMBL35546,0.24225168,13765,0,0
CHEMBL8483,0.24222071,13766,0,0
CHEMBL12944,0.24222071,13767,0,0
CHEMBL4116169,0.24222071,13768,0,0
CHEMBL14461,0.24222071,13769,0,0
CHEMBL41312,0.24222071,13770,0,0
CHEMBL3309511,0.24207613,13771,0,0
CHEMBL21279,0.24202937,13772,0,0
CHEMBL38103,0.24202937,13773,0,0
CHEMBL1084425,0.24202937,13774,0,0
CHEMBL15464,0.24202937,13775,0,0
CHEMBL4435478,0.24202937,13776,0,0
CHEMBL36606,0.24202937,13777,0,0
CHEMBL17762,0.24202937,13778,0,0
CHEMBL24902,0.24202937,13779,0,0
CHEMBL10398,0.24202937,13780,0,0
CHEMBL32718,0.24202937,13781,0,0
CHEMBL14215,0.24168469,13782,0,0
CHEMBL19019,0.24157459,13783,0,0
CHEMBL22303,0.24157459,13784,0,0
CHEMBL29825,0.24157459,13785,0,0
CHEMBL22203,0.24157459,13786,0,0
CHEMBL4436409,0.24157459,13787,0,0
CHEMBL30325,0.24157459,13788,0,0
CHEMBL11024,0.24157459,13789,0,0
CHEMBL3310279,0.24157459,13790,0,0
CHEMBL31655,0.24156938,13791,0,0
CHEMBL41360,0.24156938,13792,0,0
CHEMBL40603,0.24156938,13793,0,0
CHEMBL42195,0.24156938,13794,0,0
CHEMBL4434737,0.24148302,13795,0,0
CHEMBL4543581,0.24148302,13796,0,0
CHEMBL24298,0.24148302,13797,0,0
CHEMBL31822,0.24145143,13798,0,0
CHEMBL16152,0.24145143,13799,0,0
CHEMBL18719,0.24142069,13800,0,0
CHEMBL36934,0.24106131,13801,0,0
CHEMBL4435680,0.24102807,13802,0,0
CHEMBL37553,0.24076006,13803,0,0
CHEMBL3310294,0.2406702,13804,0,0
CHEMBL42872,0.2406702,13805,0,0
CHEMBL9702,0.2406702,13806,0,0
CHEMBL35820,0.24063767,13807,0,0
CHEMBL24133,0.24063767,13808,0,0
CHEMBL41151,0.24063767,13809,0,0
CHEMBL30288,0.24063767,13810,0,0
CHEMBL20221,0.24063767,13811,0,0
CHEMBL32759,0.24053109,13812,0,0
CHEMBL4434708,0.24052325,13813,0,0
CHEMBL3309728,0.24052325,13814,0,0
CHEMBL25620,0.240503,13815,0,0
CHEMBL27822,0.240503,13816,0,0
CHEMBL40960,0.24045138,13817,0,0
CHEMBL33748,0.24037687,13818,0,0
CHEMBL4436187,0.24034412,13819,0,0
CHEMBL17456,0.24032412,13820,0,0
CHEMBL29780,0.24030392,13821,0,0
CHEMBL13880,0.24029742,13822,0,0
CHEMBL8603,0.24028823,13823,0,0
CHEMBL3309425,0.24028823,13824,0,0
CHEMBL33116,0.24028823,13825,0,0
CHEMBL37118,0.24028823,13826,0,0
CHEMBL10117,0.24028823,13827,0,0
CHEMBL17547,0.24015713,13828,0,0
CHEMBL15759,0.24010506,13829,0,0
CHEMBL29983,0.24010506,13830,0,0
CHEMBL4543185,0.24006256,13831,0,0
CHEMBL502494,0.2400484,13832,0,0
CHEMBL4434858,0.23995867,13833,0,0
CHEMBL36465,0.23995867,13834,0,0
CHEMBL30829,0.23995867,13835,0,0
CHEMBL11280,0.23995867,13836,0,0
CHEMBL29946,0.23995867,13837,0,0
CHEMBL16679,0.23995867,13838,0,0
CHEMBL27377,0.23995867,13839,0,0
CHEMBL12477,0.23995867,13840,0,0
CHEMBL10733,0.23995867,13841,0,0
CHEMBL15112,0.23995867,13842,0,0
CHEMBL1778261,0.23995867,13843,0,0
CHEMBL12795,0.23995867,13844,0,0
CHEMBL11141,0.23995867,13845,0,0
CHEMBL13048,0.23995867,13846,0,0
CHEMBL16904,0.23995867,13847,0,0
CHEMBL33043,0.23995867,13848,0,0
CHEMBL37274,0.23978649,13849,0,0
CHEMBL31707,0.23978649,13850,0,0
CHEMBL4434791,0.23978649,13851,0,0
CHEMBL35548,0.23978649,13852,0,0
CHEMBL36753,0.23978649,13853,0,0
CHEMBL16639,0.23978649,13854,0,0
CHEMBL17164,0.23978649,13855,0,0
CHEMBL1163170,0.23978649,13856,0,0
CHEMBL15358,0.23951837,13857,0,0
CHEMBL11230,0.23951176,13858,0,0
CHEMBL25905,0.23946986,13859,0,0
CHEMBL25821,0.23946986,13860,0,0
CHEMBL20104,0.2394266,13861,0,0
CHEMBL18997,0.2394266,13862,0,0
CHEMBL15455,0.2394266,13863,0,0
CHEMBL15447,0.2394266,13864,0,0
CHEMBL25165,0.2394266,13865,0,0
CHEMBL4435195,0.2394266,13866,0,0
CHEMBL3309666,0.2394266,13867,0,0
CHEMBL3309592,0.2394266,13868,0,0
CHEMBL26047,0.2394266,13869,0,0
CHEMBL10176,0.2394266,13870,0,0
CHEMBL24748,0.2394266,13871,0,0
CHEMBL41366,0.2394266,13872,0,0
CHEMBL10418,0.2394266,13873,0,0
CHEMBL16381,0.2394266,13874,0,0
CHEMBL12088,0.2394266,13875,0,0
CHEMBL28875,0.2394266,13876,0,0
CHEMBL32182,0.2394266,13877,0,0
CHEMBL36401,0.2394266,13878,0,0
CHEMBL20765,0.2394266,13879,0,0
CHEMBL4543522,0.2394266,13880,0,0
CHEMBL7455,0.2394266,13881,0,0
CHEMBL39864,0.2394266,13882,0,0
CHEMBL39654,0.2394266,13883,0,0
CHEMBL30514,0.2394266,13884,0,0
CHEMBL40156,0.2394266,13885,0,0
CHEMBL29970,0.2394266,13886,0,0
CHEMBL20558,0.2394266,13887,0,0
CHEMBL1210852,0.2394266,13888,0,0
CHEMBL37299,0.2394266,13889,0,0
CHEMBL7090,0.2394266,13890,0,0
CHEMBL17622,0.2394266,13891,0,0
CHEMBL34315,0.2394266,13892,0,0
CHEMBL20412,0.2394266,13893,0,0
CHEMBL18292,0.2394266,13894,0,0
CHEMBL7421,0.2394266,13895,0,0
CHEMBL4435305,0.2394266,13896,0,0
CHEMBL38420,0.2394266,13897,0,0
CHEMBL40881,0.2394266,13898,0,0
CHEMBL30381,0.2394266,13899,0,0
CHEMBL32391,0.2394266,13900,0,0
CHEMBL4435721,0.2394266,13901,0,0
CHEMBL30815,0.2394266,13902,0,0
CHEMBL30780,0.2394266,13903,0,0
CHEMBL7975,0.2394266,13904,0,0
CHEMBL4436154,0.2394266,13905,0,0
CHEMBL24340,0.2394266,13906,0,0
CHEMBL1163384,0.2394266,13907,0,0
CHEMBL19070,0.2394266,13908,0,0
CHEMBL11789,0.2394266,13909,0,0
CHEMBL15330,0.2394266,13910,0,0
CHEMBL27952,0.2394266,13911,0,0
CHEMBL12374,0.2394266,13912,0,0
CHEMBL16261,0.2394266,13913,0,0
CHEMBL42238,0.2394266,13914,0,0
CHEMBL29254,0.2394266,13915,0,0
CHEMBL38057,0.2394266,13916,0,0
CHEMBL29240,0.2394266,13917,0,0
CHEMBL7000,0.2394266,13918,0,0
CHEMBL37027,0.2394266,13919,0,0
CHEMBL12155,0.2394266,13920,0,0
CHEMBL27634,0.2394266,13921,0,0
CHEMBL14072,0.2394266,13922,0,0
CHEMBL21280,0.2394266,13923,0,0
CHEMBL11264,0.2394266,13924,0,0
CHEMBL37080,0.2394266,13925,0,0
CHEMBL19260,0.2394266,13926,0,0
CHEMBL10137,0.2394266,13927,0,0
CHEMBL34424,0.2394266,13928,0,0
CHEMBL29622,0.2394266,13929,0,0
CHEMBL680,0.2394266,13930,0,0
CHEMBL3310032,0.2394266,13931,0,0
CHEMBL14656,0.2394266,13932,0,0
CHEMBL19057,0.2394266,13933,0,0
CHEMBL22871,0.2394266,13934,0,0
CHEMBL14617,0.2394266,13935,0,0
CHEMBL4435284,0.2394266,13936,0,0
CHEMBL29205,0.2394266,13937,0,0
CHEMBL1088782,0.2394266,13938,0,0
CHEMBL385868,0.2394266,13939,0,0
CHEMBL22079,0.2394266,13940,0,0
CHEMBL40526,0.2394266,13941,0,0
CHEMBL14466,0.2394266,13942,0,0
CHEMBL19520,0.2394266,13943,0,0
CHEMBL439520,0.2394266,13944,0,0
CHEMBL36783,0.2394266,13945,0,0
CHEMBL4436512,0.2394266,13946,0,0
CHEMBL21059,0.2394266,13947,0,0
CHEMBL30194,0.2394266,13948,0,0
CHEMBL36847,0.2394266,13949,0,0
CHEMBL16789,0.2394266,13950,0,0
CHEMBL19981,0.2394266,13951,0,0
CHEMBL40938,0.2394266,13952,0,0
CHEMBL4434951,0.2394266,13953,0,0
CHEMBL14318,0.2394266,13954,0,0
CHEMBL8421,0.2394266,13955,0,0
CHEMBL11459,0.2394266,13956,0,0
CHEMBL838,0.2394266,13957,0,0
CHEMBL38038,0.2394266,13958,0,0
CHEMBL35821,0.2394266,13959,0,0
CHEMBL154997,0.2394266,13960,0,0
CHEMBL34585,0.2394266,13961,0,0
CHEMBL10541,0.2394266,13962,0,0
CHEMBL15324,0.2394266,13963,0,0
CHEMBL20091,0.23941113,13964,0,0
CHEMBL4434702,0.23941113,13965,0,0
CHEMBL4435595,0.23939003,13966,0,0
CHEMBL12529,0.23939003,13967,0,0
CHEMBL40502,0.23939003,13968,0,0
CHEMBL24284,0.23937315,13969,0,0
CHEMBL27653,0.23929074,13970,0,0
CHEMBL18874,0.23929074,13971,0,0
CHEMBL17975,0.23904338,13972,0,0
CHEMBL39353,0.23904338,13973,0,0
CHEMBL35118,0.23883153,13974,0,0
CHEMBL36146,0.23881525,13975,0,0
CHEMBL36337,0.23869863,13976,0,0
CHEMBL8361,0.23862293,13977,0,0
CHEMBL26247,0.23862293,13978,0,0
CHEMBL17737,0.23862065,13979,0,0
CHEMBL22424,0.23854792,13980,0,0
CHEMBL1186041,0.23854792,13981,0,0
CHEMBL29155,0.23854792,13982,0,0
CHEMBL24628,0.23854792,13983,0,0
CHEMBL531595,0.23854792,13984,0,0
CHEMBL1082636,0.23854792,13985,0,0
CHEMBL24522,0.23854792,13986,0,0
CHEMBL9768,0.23854792,13987,0,0
CHEMBL4553690,0.23854792,13988,0,0
CHEMBL21478,0.23854792,13989,0,0
CHEMBL21205,0.23854792,13990,0,0
CHEMBL23582,0.23854268,13991,0,0
CHEMBL23102,0.23854268,13992,0,0
CHEMBL15804,0.23854268,13993,0,0
CHEMBL4435878,0.23854268,13994,0,0
CHEMBL17239,0.23854268,13995,0,0
CHEMBL603735,0.23854268,13996,0,0
CHEMBL33174,0.23854268,13997,0,0
CHEMBL26255,0.23854268,13998,0,0
CHEMBL26072,0.23854268,13999,0,0
CHEMBL23058,0.23854268,14000,0,0
CHEMBL23833,0.23847559,14001,0,0
CHEMBL26367,0.23846394,14002,0,0
CHEMBL20892,0.2383927,14003,0,0
CHEMBL3310672,0.23827763,14004,0,0
CHEMBL4543554,0.23813374,14005,0,0
CHEMBL4436517,0.23803088,14006,0,0
CHEMBL3310091,0.23803088,14007,0,0
CHEMBL4436243,0.23802988,14008,0,0
CHEMBL8353,0.2378983,14009,0,0
CHEMBL8259,0.2378983,14010,0,0
CHEMBL2159767,0.23786224,14011,0,0
CHEMBL18943,0.23786224,14012,0,0
CHEMBL27782,0.23786224,14013,0,0
CHEMBL1077476,0.23786224,14014,0,0
CHEMBL24020,0.23786224,14015,0,0
CHEMBL30975,0.23786224,14016,0,0
CHEMBL3310847,0.23786224,14017,0,0
CHEMBL8709,0.23786224,14018,0,0
CHEMBL23334,0.23786224,14019,0,0
CHEMBL15946,0.23786224,14020,0,0
CHEMBL16899,0.23786224,14021,0,0
CHEMBL41281,0.23786224,14022,0,0
CHEMBL3309933,0.23786224,14023,0,0
CHEMBL13743,0.23785807,14024,0,0
CHEMBL13756,0.23785807,14025,0,0
CHEMBL28426,0.23778108,14026,0,0
CHEMBL33692,0.23778108,14027,0,0
CHEMBL9351,0.23778108,14028,0,0
CHEMBL22450,0.23778108,14029,0,0
CHEMBL24115,0.23778108,14030,0,0
CHEMBL17063,0.23778108,14031,0,0
CHEMBL33628,0.23778108,14032,0,0
CHEMBL34194,0.2377581,14033,0,0
CHEMBL14936,0.23773633,14034,0,0
CHEMBL38648,0.2377222,14035,0,0
CHEMBL35421,0.23771003,14036,0,0
CHEMBL29187,0.23766938,14037,0,0
CHEMBL1185871,0.23765582,14038,0,0
CHEMBL25181,0.23747845,14039,0,0
CHEMBL27133,0.23746489,14040,0,0
CHEMBL8274,0.23724864,14041,0,0
CHEMBL756,0.23721866,14042,0,0
CHEMBL36575,0.23721866,14043,0,0
CHEMBL6218,0.23721866,14044,0,0
CHEMBL39853,0.23721866,14045,0,0
CHEMBL37894,0.23711959,14046,0,0
CHEMBL23182,0.23706523,14047,0,0
CHEMBL9088,0.23706523,14048,0,0
CHEMBL14028,0.23706523,14049,0,0
CHEMBL16862,0.23706523,14050,0,0
CHEMBL8915,0.23706523,14051,0,0
CHEMBL25566,0.23706523,14052,0,0
CHEMBL25197,0.23706523,14053,0,0
CHEMBL23291,0.23694764,14054,0,0
CHEMBL9699,0.23684585,14055,0,0
CHEMBL16536,0.23633255,14056,0,0
CHEMBL16352,0.23621005,14057,0,0
CHEMBL40370,0.23616566,14058,0,0
CHEMBL6974,0.23609473,14059,0,0
CHEMBL1205641,0.23609473,14060,0,0
CHEMBL37202,0.23609473,14061,0,0
CHEMBL25552,0.23609473,14062,0,0
CHEMBL30494,0.23609473,14063,0,0
CHEMBL38829,0.23609473,14064,0,0
CHEMBL13130,0.23609473,14065,0,0
CHEMBL11402,0.23609473,14066,0,0
CHEMBL4436557,0.23609473,14067,0,0
CHEMBL16548,0.23596153,14068,0,0
CHEMBL14110,0.23596153,14069,0,0
CHEMBL39047,0.23596153,14070,0,0
CHEMBL42429,0.23596153,14071,0,0
CHEMBL21335,0.23583329,14072,0,0
CHEMBL42251,0.23583329,14073,0,0
CHEMBL23389,0.2357745,14074,0,0
CHEMBL7783,0.23572364,14075,0,0
CHEMBL28490,0.23560536,14076,0,0
CHEMBL8332,0.23560536,14077,0,0
CHEMBL18601,0.23549026,14078,0,0
CHEMBL7453,0.23549026,14079,0,0
CHEMBL3310374,0.23544443,14080,0,0
CHEMBL38037,0.23544443,14081,0,0
CHEMBL18266,0.23544443,14082,0,0
CHEMBL7721,0.23544443,14083,0,0
CHEMBL38521,0.23544443,14084,0,0
CHEMBL39784,0.23544443,14085,0,0
CHEMBL18748,0.23544443,14086,0,0
CHEMBL25397,0.23544443,14087,0,0
CHEMBL1208039,0.23544443,14088,0,0
CHEMBL25782,0.23544443,14089,0,0
CHEMBL36930,0.23544443,14090,0,0
CHEMBL7256,0.23544443,14091,0,0
CHEMBL3310570,0.23544443,14092,0,0
CHEMBL21499,0.23544443,14093,0,0
CHEMBL1163231,0.23544443,14094,0,0
CHEMBL1209290,0.23544443,14095,0,0
CHEMBL37464,0.23544443,14096,0,0
CHEMBL1237080,0.23544443,14097,0,0
CHEMBL41121,0.23544443,14098,0,0
CHEMBL18904,0.23544443,14099,0,0
CHEMBL7709,0.23544443,14100,0,0
CHEMBL36204,0.23534854,14101,0,0
CHEMBL23174,0.23534854,14102,0,0
CHEMBL28292,0.23534854,14103,0,0
CHEMBL4560032,0.23524593,14104,0,0
CHEMBL32071,0.23524491,14105,0,0
CHEMBL30838,0.23522234,14106,0,0
CHEMBL4435889,0.2350467,14107,0,0
CHEMBL41238,0.23498002,14108,0,0
CHEMBL19821,0.23493631,14109,0,0
CHEMBL38237,0.23493631,14110,0,0
CHEMBL29473,0.23493631,14111,0,0
CHEMBL42276,0.23493631,14112,0,0
CHEMBL26037,0.23482068,14113,0,0
CHEMBL40206,0.23467629,14114,0,0
CHEMBL42788,0.2346459,14115,0,0
CHEMBL41055,0.234572,14116,0,0
CHEMBL17795,0.23456948,14117,0,0
CHEMBL24411,0.23449242,14118,0,0
CHEMBL35860,0.2344889,14119,0,0
CHEMBL35529,0.23435375,14120,0,0
CHEMBL37209,0.23427108,14121,0,0
CHEMBL25839,0.23427108,14122,0,0
CHEMBL15272,0.23406921,14123,0,0
CHEMBL10680,0.23406921,14124,0,0
CHEMBL25207,0.23406921,14125,0,0
CHEMBL38053,0.23406921,14126,0,0
CHEMBL27839,0.23391674,14127,0,0
CHEMBL17007,0.23378354,14128,0,0
CHEMBL37268,0.23376124,14129,0,0
CHEMBL4553135,0.23362172,14130,0,0
CHEMBL22292,0.23359439,14131,0,0
CHEMBL6830,0.23359439,14132,0,0
CHEMBL35688,0.23359439,14133,0,0
CHEMBL28469,0.23359439,14134,0,0
CHEMBL30753,0.23359439,14135,0,0
CHEMBL36675,0.23359439,14136,0,0
CHEMBL8099,0.23359439,14137,0,0
CHEMBL4435902,0.23359439,14138,0,0
CHEMBL4543481,0.23359439,14139,0,0
CHEMBL13200,0.23359439,14140,0,0
CHEMBL470,0.23359439,14141,0,0
CHEMBL33035,0.23359439,14142,0,0
CHEMBL4435643,0.23359439,14143,0,0
CHEMBL36231,0.23356187,14144,0,0
CHEMBL27693,0.23356187,14145,0,0
CHEMBL37218,0.23356187,14146,0,0
CHEMBL9380,0.23353003,14147,0,0
CHEMBL3311232,0.23353003,14148,0,0
CHEMBL31951,0.23327152,14149,0,0
CHEMBL16193,0.2332269,14150,0,0
CHEMBL36028,0.2332269,14151,0,0
CHEMBL7976,0.2332269,14152,0,0
CHEMBL11211,0.23322444,14153,0,0
CHEMBL11032,0.2328077,14154,0,0
CHEMBL28108,0.23280467,14155,0,0
CHEMBL11118,0.23278394,14156,0,0
CHEMBL7606,0.23274685,14157,0,0
CHEMBL20791,0.23274551,14158,0,0
CHEMBL20838,0.23274551,14159,0,0
CHEMBL27079,0.23272125,14160,0,0
CHEMBL3311127,0.23269299,14161,0,0
CHEMBL34577,0.2326887,14162,0,0
CHEMBL8302,0.23263578,14163,0,0
CHEMBL36540,0.23263578,14164,0,0
CHEMBL40954,0.23263511,14165,0,0
CHEMBL27787,0.23259978,14166,0,0
CHEMBL11284,0.23254581,14167,0,0
CHEMBL3311360,0.23250903,14168,0,0
CHEMBL15872,0.23250903,14169,0,0
CHEMBL3310436,0.23250903,14170,0,0
CHEMBL7260,0.23250903,14171,0,0
CHEMBL17377,0.23250903,14172,0,0
CHEMBL584574,0.23250903,14173,0,0
CHEMBL31099,0.23250903,14174,0,0
CHEMBL40990,0.23250903,14175,0,0
CHEMBL16007,0.23250903,14176,0,0
CHEMBL10268,0.23241238,14177,0,0
CHEMBL14190,0.23230176,14178,0,0
CHEMBL4435262,0.23230176,14179,0,0
CHEMBL38392,0.23230176,14180,0,0
CHEMBL35204,0.23225358,14181,0,0
CHEMBL30900,0.23221192,14182,0,0
CHEMBL23919,0.23216541,14183,0,0
CHEMBL33621,0.23216541,14184,0,0
CHEMBL11461,0.23216541,14185,0,0
CHEMBL26824,0.23213083,14186,0,0
CHEMBL4435440,0.2320053,14187,0,0
CHEMBL4553672,0.2320053,14188,0,0
CHEMBL26461,0.23193622,14189,0,0
CHEMBL3309911,0.23193622,14190,0,0
CHEMBL18687,0.23191899,14191,0,0
CHEMBL30165,0.23173273,14192,0,0
CHEMBL36648,0.23161915,14193,0,0
CHEMBL22394,0.23156247,14194,0,0
CHEMBL7315,0.23131257,14195,0,0
CHEMBL33231,0.2312388,14196,0,0
CHEMBL34154,0.2312388,14197,0,0
CHEMBL20623,0.2312388,14198,0,0
CHEMBL27959,0.23119405,14199,0,0
CHEMBL9181,0.23119405,14200,0,0
CHEMBL38460,0.23114549,14201,0,0
CHEMBL35964,0.23072584,14202,0,0
CHEMBL8634,0.23072584,14203,0,0
CHEMBL6894,0.23072584,14204,0,0
CHEMBL29905,0.23072584,14205,0,0
CHEMBL9458,0.23068964,14206,0,0
CHEMBL27746,0.23068964,14207,0,0
CHEMBL22202,0.23065726,14208,0,0
CHEMBL38686,0.23063175,14209,0,0
CHEMBL13470,0.23059393,14210,0,0
CHEMBL13452,0.23059393,14211,0,0
CHEMBL20706,0.23059393,14212,0,0
CHEMBL21468,0.23059393,14213,0,0
CHEMBL154209,0.23059393,14214,0,0
CHEMBL4435470,0.23059393,14215,0,0
CHEMBL26820,0.23059393,14216,0,0
CHEMBL41321,0.23059393,14217,0,0
CHEMBL3309635,0.23059393,14218,0,0
CHEMBL36005,0.23059393,14219,0,0
CHEMBL15577,0.23059393,14220,0,0
CHEMBL42960,0.23053561,14221,0,0
CHEMBL10371,0.23053561,14222,0,0
CHEMBL13095,0.23053561,14223,0,0
CHEMBL4553148,0.23053561,14224,0,0
CHEMBL43745,0.23053561,14225,0,0
CHEMBL18604,0.23053561,14226,0,0
CHEMBL20704,0.23053561,14227,0,0
CHEMBL29448,0.23053561,14228,0,0
CHEMBL4435156,0.23052776,14229,0,0
CHEMBL9941,0.23052776,14230,0,0
CHEMBL33193,0.23052776,14231,0,0
CHEMBL28749,0.23052776,14232,0,0
CHEMBL19458,0.23052776,14233,0,0
CHEMBL8508,0.23052776,14234,0,0
CHEMBL8440,0.23052776,14235,0,0
CHEMBL9985,0.23052776,14236,0,0
CHEMBL10548,0.23052776,14237,0,0
CHEMBL13209,0.23052776,14238,0,0
CHEMBL3309668,0.23052776,14239,0,0
CHEMBL29171,0.23047875,14240,0,0
CHEMBL17184,0.2303156,14241,0,0
CHEMBL3310119,0.23013943,14242,0,0
CHEMBL31999,0.23013943,14243,0,0
CHEMBL40772,0.23012443,14244,0,0
CHEMBL14864,0.23007005,14245,0,0
CHEMBL25226,0.23007005,14246,0,0
CHEMBL33309,0.2300312,14247,0,0
CHEMBL29463,0.22984602,14248,0,0
CHEMBL439,0.22984602,14249,0,0
CHEMBL29458,0.22984602,14250,0,0
CHEMBL26898,0.22980122,14251,0,0
CHEMBL21296,0.22973938,14252,0,0
CHEMBL12322,0.22973938,14253,0,0
CHEMBL24221,0.22970551,14254,0,0
CHEMBL35621,0.22953789,14255,0,0
CHEMBL4435679,0.22938882,14256,0,0
CHEMBL153086,0.22938341,14257,0,0
CHEMBL4553674,0.22928008,14258,0,0
CHEMBL36651,0.22928008,14259,0,0
CHEMBL42248,0.22903875,14260,0,0
CHEMBL37496,0.22903875,14261,0,0
CHEMBL3309992,0.22900447,14262,0,0
CHEMBL16958,0.22900233,14263,0,0
CHEMBL4435064,0.22894818,14264,0,0
CHEMBL6703,0.22894818,14265,0,0
CHEMBL42950,0.22894818,14266,0,0
CHEMBL21559,0.22894818,14267,0,0
CHEMBL10151,0.22890936,14268,0,0
CHEMBL24738,0.2289072,14269,0,0
CHEMBL16925,0.2289072,14270,0,0
CHEMBL38309,0.2289072,14271,0,0
CHEMBL41558,0.2289072,14272,0,0
CHEMBL526362,0.2289072,14273,0,0
CHEMBL32690,0.2289072,14274,0,0
CHEMBL33188,0.22883558,14275,0,0
CHEMBL16555,0.22879925,14276,0,0
CHEMBL26458,0.2287168,14277,0,0
CHEMBL4436540,0.2287168,14278,0,0
CHEMBL31823,0.22869508,14279,0,0
CHEMBL14692,0.22850733,14280,0,0
CHEMBL7793,0.22850733,14281,0,0
CHEMBL460994,0.22850733,14282,0,0
CHEMBL19833,0.22833322,14283,0,0
CHEMBL36821,0.22833322,14284,0,0
CHEMBL2325419,0.22833322,14285,0,0
CHEMBL4559992,0.22828187,14286,0,0
CHEMBL18071,0.22827284,14287,0,0
CHEMBL21640,0.22823109,14288,0,0
CHEMBL13979,0.22818406,14289,0,0
CHEMBL7853,0.22810629,14290,0,0
CHEMBL22533,0.22810629,14291,0,0
CHEMBL30562,0.22810629,14292,0,0
CHEMBL34483,0.22799832,14293,0,0
CHEMBL24925,0.22799832,14294,0,0
CHEMBL40280,0.22799832,14295,0,0
CHEMBL16711,0.22791824,14296,0,0
CHEMBL14074,0.22787383,14297,0,0
CHEMBL13590,0.22787383,14298,0,0
CHEMBL19264,0.22787383,14299,0,0
CHEMBL13943,0.22787383,14300,0,0
CHEMBL37054,0.22787383,14301,0,0
CHEMBL1172235,0.22787383,14302,0,0
CHEMBL26688,0.22787383,14303,0,0
CHEMBL14998,0.22787383,14304,0,0
CHEMBL1161944,0.22787383,14305,0,0
CHEMBL19173,0.22787383,14306,0,0
CHEMBL38527,0.22787383,14307,0,0
CHEMBL1163168,0.22787383,14308,0,0
CHEMBL39632,0.22787383,14309,0,0
CHEMBL22586,0.22787383,14310,0,0
CHEMBL37754,0.22787383,14311,0,0
CHEMBL18403,0.22787383,14312,0,0
CHEMBL23961,0.22787383,14313,0,0
CHEMBL34040,0.22787383,14314,0,0
CHEMBL21996,0.22787383,14315,0,0
CHEMBL42517,0.22787383,14316,0,0
CHEMBL26555,0.22787383,14317,0,0
CHEMBL26475,0.22787383,14318,0,0
CHEMBL34303,0.22787383,14319,0,0
CHEMBL23591,0.22787383,14320,0,0
CHEMBL8354,0.22787383,14321,0,0
CHEMBL16937,0.22787383,14322,0,0
CHEMBL27931,0.22787383,14323,0,0
CHEMBL29496,0.22787383,14324,0,0
CHEMBL38483,0.22787383,14325,0,0
CHEMBL26764,0.227856,14326,0,0
CHEMBL24769,0.22779858,14327,0,0
CHEMBL28785,0.22769617,14328,0,0
CHEMBL4435523,0.22768052,14329,0,0
CHEMBL4435647,0.22762837,14330,0,0
CHEMBL10090,0.22752973,14331,0,0
CHEMBL36178,0.22748303,14332,0,0
CHEMBL38231,0.22744861,14333,0,0
CHEMBL42979,0.22744861,14334,0,0
CHEMBL14906,0.22744861,14335,0,0
CHEMBL39934,0.22744861,14336,0,0
CHEMBL37884,0.22744861,14337,0,0
CHEMBL41233,0.22744861,14338,0,0
CHEMBL6693,0.22744861,14339,0,0
CHEMBL10303,0.22741032,14340,0,0
CHEMBL36406,0.22732237,14341,0,0
CHEMBL10013,0.22732237,14342,0,0
CHEMBL10791,0.22724321,14343,0,0
CHEMBL20179,0.22722872,14344,0,0
CHEMBL40766,0.22722872,14345,0,0
CHEMBL20481,0.22722872,14346,0,0
CHEMBL35668,0.22722872,14347,0,0
CHEMBL41562,0.22722872,14348,0,0
CHEMBL26497,0.22722872,14349,0,0
CHEMBL37961,0.22722872,14350,0,0
CHEMBL15206,0.22722872,14351,0,0
CHEMBL24249,0.22722872,14352,0,0
CHEMBL11802,0.22722872,14353,0,0
CHEMBL14933,0.22722872,14354,0,0
CHEMBL7603,0.22722872,14355,0,0
CHEMBL31619,0.22722872,14356,0,0
CHEMBL40259,0.2271743,14357,0,0
CHEMBL14456,0.22704515,14358,0,0
CHEMBL3310299,0.22704515,14359,0,0
CHEMBL15343,0.22704515,14360,0,0
CHEMBL23023,0.22704515,14361,0,0
CHEMBL7163,0.22704515,14362,0,0
CHEMBL37630,0.22704515,14363,0,0
CHEMBL4116156,0.22704515,14364,0,0
CHEMBL22378,0.22704515,14365,0,0
CHEMBL11477,0.22704515,14366,0,0
CHEMBL3310232,0.22704515,14367,0,0
CHEMBL22078,0.22704515,14368,0,0
CHEMBL21139,0.22704515,14369,0,0
CHEMBL20497,0.22704515,14370,0,0
CHEMBL4543254,0.22680496,14371,0,0
CHEMBL28049,0.22672124,14372,0,0
CHEMBL22403,0.22662908,14373,0,0
CHEMBL4553655,0.22662908,14374,0,0
CHEMBL35888,0.2265989,14375,0,0
CHEMBL14598,0.2265989,14376,0,0
CHEMBL21397,0.2265989,14377,0,0
CHEMBL25544,0.2265989,14378,0,0
CHEMBL24507,0.22650301,14379,0,0
CHEMBL40310,0.22650301,14380,0,0
CHEMBL18373,0.22649828,14381,0,0
CHEMBL18942,0.22649828,14382,0,0
CHEMBL4553162,0.2264969,14383,0,0
CHEMBL27285,0.22645156,14384,0,0
CHEMBL26795,0.22638081,14385,0,0
CHEMBL11252,0.22635205,14386,0,0
CHEMBL10981,0.22630937,14387,0,0
CHEMBL30308,0.22629747,14388,0,0
CHEMBL3310098,0.2262972,14389,0,0
CHEMBL10661,0.2262972,14390,0,0
CHEMBL16171,0.22625977,14391,0,0
CHEMBL25854,0.22624786,14392,0,0
CHEMBL19023,0.2262176,14393,0,0
CHEMBL17027,0.22617476,14394,0,0
CHEMBL31662,0.22617476,14395,0,0
CHEMBL41245,0.2261604,14396,0,0
CHEMBL38953,0.22612603,14397,0,0
CHEMBL24334,0.22612603,14398,0,0
CHEMBL25146,0.22612174,14399,0,0
CHEMBL29952,0.22612174,14400,0,0
CHEMBL37758,0.22607069,14401,0,0
CHEMBL11766,0.22603796,14402,0,0
CHEMBL39395,0.22599381,14403,0,0
CHEMBL41268,0.22587453,14404,0,0
CHEMBL17765,0.22584297,14405,0,0
CHEMBL26590,0.22584297,14406,0,0
CHEMBL24978,0.22584297,14407,0,0
CHEMBL35287,0.22580294,14408,0,0
CHEMBL6253,0.22574073,14409,0,0
CHEMBL41628,0.22574073,14410,0,0
CHEMBL33396,0.22574073,14411,0,0
CHEMBL15473,0.22574073,14412,0,0
CHEMBL34466,0.22574073,14413,0,0
CHEMBL7355,0.22574073,14414,0,0
CHEMBL19444,0.22574073,14415,0,0
CHEMBL22353,0.22574073,14416,0,0
CHEMBL42851,0.22574073,14417,0,0
CHEMBL13926,0.22567709,14418,0,0
CHEMBL9680,0.22567709,14419,0,0
CHEMBL22578,0.22567709,14420,0,0
CHEMBL4435088,0.22567709,14421,0,0
CHEMBL8890,0.22567709,14422,0,0
CHEMBL33335,0.22567709,14423,0,0
CHEMBL19801,0.22567709,14424,0,0
CHEMBL28584,0.22567709,14425,0,0
CHEMBL40754,0.22567709,14426,0,0
CHEMBL4553681,0.22551438,14427,0,0
CHEMBL42428,0.22551438,14428,0,0
CHEMBL35763,0.22548892,14429,0,0
CHEMBL38984,0.2253882,14430,0,0
CHEMBL13362,0.2253882,14431,0,0
CHEMBL503802,0.2253882,14432,0,0
CHEMBL15531,0.2253882,14433,0,0
CHEMBL1163468,0.2253882,14434,0,0
CHEMBL11218,0.2253882,14435,0,0
CHEMBL153,0.2253882,14436,0,0
CHEMBL19539,0.2253882,14437,0,0
CHEMBL23372,0.2253882,14438,0,0
CHEMBL6796,0.2253882,14439,0,0
CHEMBL6677,0.22531803,14440,0,0
CHEMBL35532,0.22513404,14441,0,0
CHEMBL37949,0.22513404,14442,0,0
CHEMBL26913,0.22513404,14443,0,0
CHEMBL9660,0.22513404,14444,0,0
CHEMBL18227,0.22513404,14445,0,0
CHEMBL29091,0.22513404,14446,0,0
CHEMBL23464,0.22513404,14447,0,0
CHEMBL31852,0.22513404,14448,0,0
CHEMBL13145,0.22513404,14449,0,0
CHEMBL31894,0.22513404,14450,0,0
CHEMBL23156,0.22513404,14451,0,0
CHEMBL16530,0.22504456,14452,0,0
CHEMBL29770,0.22495934,14453,0,0
CHEMBL4434902,0.22490665,14454,0,0
CHEMBL40831,0.22490665,14455,0,0
CHEMBL40744,0.22490665,14456,0,0
CHEMBL26245,0.22471389,14457,0,0
CHEMBL23847,0.22467038,14458,0,0
CHEMBL36484,0.22467038,14459,0,0
CHEMBL29620,0.22467038,14460,0,0
CHEMBL36262,0.22467038,14461,0,0
CHEMBL36097,0.22453317,14462,0,0
CHEMBL12505,0.22440691,14463,0,0
CHEMBL27536,0.22430763,14464,0,0
CHEMBL38004,0.22425571,14465,0,0
CHEMBL15000,0.22421366,14466,0,0
CHEMBL14490,0.2242047,14467,0,0
CHEMBL18035,0.2242047,14468,0,0
CHEMBL35863,0.22415404,14469,0,0
CHEMBL15213,0.22410488,14470,0,0
CHEMBL7868,0.22410488,14471,0,0
CHEMBL19326,0.22410488,14472,0,0
CHEMBL41900,0.22410488,14473,0,0
CHEMBL13400,0.22410488,14474,0,0
CHEMBL39346,0.22410488,14475,0,0
CHEMBL27059,0.2240112,14476,0,0
CHEMBL19661,0.22391021,14477,0,0
CHEMBL40747,0.22391021,14478,0,0
CHEMBL13388,0.22391021,14479,0,0
CHEMBL1163354,0.22391021,14480,0,0
CHEMBL4435386,0.22391021,14481,0,0
CHEMBL4435767,0.22391021,14482,0,0
CHEMBL11036,0.22391021,14483,0,0
CHEMBL35618,0.22391021,14484,0,0
CHEMBL37888,0.22391021,14485,0,0
CHEMBL10764,0.22391021,14486,0,0
CHEMBL16624,0.22391021,14487,0,0
CHEMBL29088,0.22391021,14488,0,0
CHEMBL4543516,0.22391021,14489,0,0
CHEMBL3311126,0.22384946,14490,0,0
CHEMBL13142,0.22377221,14491,0,0
CHEMBL7724,0.2235742,14492,0,0
CHEMBL20806,0.22356534,14493,0,0
CHEMBL37575,0.22356534,14494,0,0
CHEMBL34090,0.22356534,14495,0,0
CHEMBL16115,0.22348058,14496,0,0
CHEMBL13376,0.22347295,14497,0,0
CHEMBL37994,0.22340834,14498,0,0
CHEMBL38838,0.22339138,14499,0,0
CHEMBL4116136,0.2233491,14500,0,0
CHEMBL10701,0.22326806,14501,0,0
CHEMBL13020,0.22323023,14502,0,0
CHEMBL20329,0.2231394,14503,0,0
CHEMBL4435776,0.22307551,14504,0,0
CHEMBL12297,0.22300687,14505,0,0
CHEMBL42538,0.22300687,14506,0,0
CHEMBL6284,0.22300687,14507,0,0
CHEMBL30676,0.22300687,14508,0,0
CHEMBL26097,0.22300687,14509,0,0
CHEMBL16576,0.22300687,14510,0,0
CHEMBL21873,0.22300687,14511,0,0
CHEMBL17797,0.22300687,14512,0,0
CHEMBL19746,0.22300687,14513,0,0
CHEMBL12002,0.22300687,14514,0,0
CHEMBL27457,0.22300687,14515,0,0
CHEMBL16964,0.22300687,14516,0,0
CHEMBL12830,0.22300687,14517,0,0
CHEMBL16143,0.22289692,14518,0,0
CHEMBL1163545,0.22289692,14519,0,0
CHEMBL11277,0.22289692,14520,0,0
CHEMBL34493,0.22289692,14521,0,0
CHEMBL25014,0.2228198,14522,0,0
CHEMBL32294,0.22276433,14523,0,0
CHEMBL18231,0.22271878,14524,0,0
CHEMBL34304,0.22235744,14525,0,0
CHEMBL40300,0.2223249,14526,0,0
CHEMBL4303798,0.2223249,14527,0,0
CHEMBL10522,0.2223159,14528,0,0
CHEMBL3310179,0.22228533,14529,0,0
CHEMBL15694,0.22222011,14530,0,0
CHEMBL20015,0.22222011,14531,0,0
CHEMBL25279,0.22219256,14532,0,0
CHEMBL1185598,0.22219256,14533,0,0
CHEMBL4436372,0.22219256,14534,0,0
CHEMBL23861,0.22219256,14535,0,0
CHEMBL15587,0.22219256,14536,0,0
CHEMBL8834,0.22219256,14537,0,0
CHEMBL26837,0.22219256,14538,0,0
CHEMBL21316,0.22219256,14539,0,0
CHEMBL22283,0.22219256,14540,0,0
CHEMBL40261,0.22219256,14541,0,0
CHEMBL22488,0.22219256,14542,0,0
CHEMBL3310087,0.22219256,14543,0,0
CHEMBL573664,0.22219256,14544,0,0
CHEMBL26052,0.22219256,14545,0,0
CHEMBL10925,0.22219256,14546,0,0
CHEMBL17627,0.22219256,14547,0,0
CHEMBL11404,0.22219256,14548,0,0
CHEMBL13701,0.22219256,14549,0,0
CHEMBL7159,0.22219256,14550,0,0
CHEMBL15917,0.22219256,14551,0,0
CHEMBL21767,0.22219256,14552,0,0
CHEMBL34825,0.22219256,14553,0,0
CHEMBL39663,0.22219256,14554,0,0
CHEMBL30403,0.22219256,14555,0,0
CHEMBL33829,0.22219256,14556,0,0
CHEMBL25042,0.22219256,14557,0,0
CHEMBL4435768,0.22219256,14558,0,0
CHEMBL28313,0.22219256,14559,0,0
CHEMBL36777,0.22219256,14560,0,0
CHEMBL507884,0.22219256,14561,0,0
CHEMBL40330,0.22219256,14562,0,0
CHEMBL4435094,0.22219256,14563,0,0
CHEMBL27872,0.22207125,14564,0,0
CHEMBL14298,0.22207125,14565,0,0
CHEMBL3311349,0.22207125,14566,0,0
CHEMBL32377,0.2220507,14567,0,0
CHEMBL31755,0.22200406,14568,0,0
CHEMBL16731,0.2219869,14569,0,0
CHEMBL19850,0.2219478,14570,0,0
CHEMBL38502,0.2219478,14571,0,0
CHEMBL4559985,0.2219478,14572,0,0
CHEMBL38738,0.2219478,14573,0,0
CHEMBL30085,0.2219478,14574,0,0
CHEMBL7359,0.2219478,14575,0,0
CHEMBL15162,0.2219478,14576,0,0
CHEMBL27703,0.2219478,14577,0,0
CHEMBL37917,0.2219478,14578,0,0
CHEMBL2219504,0.2219478,14579,0,0
CHEMBL4436290,0.2219478,14580,0,0
CHEMBL31301,0.2219478,14581,0,0
CHEMBL20768,0.2219478,14582,0,0
CHEMBL13385,0.2219478,14583,0,0
CHEMBL34791,0.2219478,14584,0,0
CHEMBL526377,0.22185816,14585,0,0
CHEMBL18377,0.22175272,14586,0,0
CHEMBL808,0.2217331,14587,0,0
CHEMBL11807,0.2217331,14588,0,0
CHEMBL540050,0.22166386,14589,0,0
CHEMBL11728,0.2216067,14590,0,0
CHEMBL3310111,0.22155418,14591,0,0
CHEMBL41736,0.22155418,14592,0,0
CHEMBL17845,0.22155418,14593,0,0
CHEMBL28648,0.22153778,14594,0,0
CHEMBL16231,0.22153778,14595,0,0
CHEMBL36571,0.22153778,14596,0,0
CHEMBL38855,0.22153068,14597,0,0
CHEMBL22955,0.22153068,14598,0,0
CHEMBL4434733,0.22140938,14599,0,0
CHEMBL28880,0.22134623,14600,0,0
CHEMBL15835,0.22134623,14601,0,0
CHEMBL36863,0.22134623,14602,0,0
CHEMBL31416,0.22134623,14603,0,0
CHEMBL12502,0.22134623,14604,0,0
CHEMBL19788,0.22134623,14605,0,0
CHEMBL22246,0.22134623,14606,0,0
CHEMBL21148,0.22134623,14607,0,0
CHEMBL18075,0.22134623,14608,0,0
CHEMBL20337,0.22134623,14609,0,0
CHEMBL9040,0.22134623,14610,0,0
CHEMBL7591,0.22134623,14611,0,0
CHEMBL10426,0.22134623,14612,0,0
CHEMBL19786,0.22134623,14613,0,0
CHEMBL37264,0.22123177,14614,0,0
CHEMBL9121,0.22100572,14615,0,0
CHEMBL25453,0.22100307,14616,0,0
CHEMBL41062,0.22100307,14617,0,0
CHEMBL19546,0.22099617,14618,0,0
CHEMBL18797,0.22099617,14619,0,0
CHEMBL4543527,0.22099529,14620,0,0
CHEMBL20914,0.22092865,14621,0,0
CHEMBL21907,0.22085539,14622,0,0
CHEMBL590067,0.22072141,14623,0,0
CHEMBL7196,0.22069156,14624,0,0
CHEMBL22946,0.2206285,14625,0,0
CHEMBL24730,0.2206285,14626,0,0
CHEMBL23934,0.22062302,14627,0,0
CHEMBL16114,0.22062302,14628,0,0
CHEMBL8807,0.22062302,14629,0,0
CHEMBL14686,0.22048669,14630,0,0
CHEMBL35562,0.22048295,14631,0,0
CHEMBL1163484,0.22044075,14632,0,0
CHEMBL20537,0.22043708,14633,0,0
CHEMBL3310112,0.22035502,14634,0,0
CHEMBL17381,0.2202559,14635,0,0
CHEMBL24018,0.22009996,14636,0,0
CHEMBL3310195,0.2200738,14637,0,0
CHEMBL29840,0.2200033,14638,0,0
CHEMBL28337,0.21999532,14639,0,0
CHEMBL30963,0.21988419,14640,0,0
CHEMBL23550,0.21988419,14641,0,0
CHEMBL3310265,0.21987842,14642,0,0
CHEMBL34331,0.2196751,14643,0,0
CHEMBL40528,0.21965227,14644,0,0
CHEMBL37829,0.21965227,14645,0,0
CHEMBL33149,0.21962628,14646,0,0
CHEMBL4435280,0.2196149,14647,0,0
CHEMBL7164,0.21924536,14648,0,0
CHEMBL41420,0.21921913,14649,0,0
CHEMBL37938,0.2191887,14650,0,0
CHEMBL41123,0.21905692,14651,0,0
CHEMBL37381,0.21905692,14652,0,0
CHEMBL8114,0.21903464,14653,0,0
CHEMBL31979,0.21903464,14654,0,0
CHEMBL14106,0.21903464,14655,0,0
CHEMBL32632,0.21903464,14656,0,0
CHEMBL4303144,0.21903464,14657,0,0
CHEMBL3309897,0.21903464,14658,0,0
CHEMBL17863,0.21903464,14659,0,0
CHEMBL13214,0.21903464,14660,0,0
CHEMBL39667,0.21903464,14661,0,0
CHEMBL7091,0.21903464,14662,0,0
CHEMBL18151,0.21903464,14663,0,0
CHEMBL8775,0.21903464,14664,0,0
CHEMBL31499,0.21903464,14665,0,0
CHEMBL14826,0.21903464,14666,0,0
CHEMBL27925,0.21903464,14667,0,0
CHEMBL34117,0.21903464,14668,0,0
CHEMBL37848,0.21903464,14669,0,0
CHEMBL17301,0.21903464,14670,0,0
CHEMBL503422,0.21903464,14671,0,0
CHEMBL7105,0.21903464,14672,0,0
CHEMBL3310512,0.21903464,14673,0,0
CHEMBL10728,0.21903464,14674,0,0
CHEMBL30761,0.21903464,14675,0,0
CHEMBL21275,0.21903464,14676,0,0
CHEMBL32979,0.21903464,14677,0,0
CHEMBL35958,0.21903464,14678,0,0
CHEMBL13845,0.21903464,14679,0,0
CHEMBL6229,0.21903464,14680,0,0
CHEMBL37156,0.21903464,14681,0,0
CHEMBL3309440,0.21903464,14682,0,0
CHEMBL26717,0.21903464,14683,0,0
CHEMBL21420,0.21903464,14684,0,0
CHEMBL23754,0.21903464,14685,0,0
CHEMBL21958,0.21903464,14686,0,0
CHEMBL19819,0.21903464,14687,0,0
CHEMBL14319,0.21903464,14688,0,0
CHEMBL3310227,0.21903464,14689,0,0
CHEMBL4436140,0.21903464,14690,0,0
CHEMBL29193,0.21903464,14691,0,0
CHEMBL28668,0.21903464,14692,0,0
CHEMBL18865,0.21903464,14693,0,0
CHEMBL23243,0.21903464,14694,0,0
CHEMBL30607,0.21903464,14695,0,0
CHEMBL7622,0.21903464,14696,0,0
CHEMBL9822,0.21903464,14697,0,0
CHEMBL33979,0.21903464,14698,0,0
CHEMBL28378,0.21903464,14699,0,0
CHEMBL28787,0.21902925,14700,0,0
CHEMBL9943,0.21902925,14701,0,0
CHEMBL34311,0.21898355,14702,0,0
CHEMBL10496,0.21875733,14703,0,0
CHEMBL34638,0.21875733,14704,0,0
CHEMBL3310020,0.21872605,14705,0,0
CHEMBL38616,0.21866149,14706,0,0
CHEMBL28715,0.21866149,14707,0,0
CHEMBL18050,0.21863489,14708,0,0
CHEMBL26757,0.2185222,14709,0,0
CHEMBL20976,0.2185222,14710,0,0
CHEMBL19553,0.2185222,14711,0,0
CHEMBL19797,0.21851102,14712,0,0
CHEMBL18790,0.21846162,14713,0,0
CHEMBL9450,0.21841916,14714,0,0
CHEMBL37705,0.21840663,14715,0,0
CHEMBL4434795,0.21837462,14716,0,0
CHEMBL37791,0.21832792,14717,0,0
CHEMBL31454,0.21830375,14718,0,0
CHEMBL37366,0.2180467,14719,0,0
CHEMBL25621,0.21793805,14720,0,0
CHEMBL24381,0.21793805,14721,0,0
CHEMBL22222,0.21793805,14722,0,0
CHEMBL6338,0.21793805,14723,0,0
CHEMBL7265,0.21793805,14724,0,0
CHEMBL4435354,0.21787691,14725,0,0
CHEMBL557192,0.21787691,14726,0,0
CHEMBL14867,0.21786763,14727,0,0
CHEMBL36997,0.21778482,14728,0,0
CHEMBL7346,0.21744715,14729,0,0
CHEMBL13461,0.2174396,14730,0,0
CHEMBL15524,0.2174396,14731,0,0
CHEMBL39912,0.21735837,14732,0,0
CHEMBL40859,0.21731636,14733,0,0
CHEMBL11020,0.21728475,14734,0,0
CHEMBL9120,0.21725881,14735,0,0
CHEMBL28268,0.21725881,14736,0,0
CHEMBL35710,0.21716455,14737,0,0
CHEMBL6334,0.21716455,14738,0,0
CHEMBL4116113,0.21716455,14739,0,0
CHEMBL14655,0.21716455,14740,0,0
CHEMBL4553604,0.21716455,14741,0,0
CHEMBL11830,0.21716455,14742,0,0
CHEMBL15198,0.21716455,14743,0,0
CHEMBL28465,0.21716455,14744,0,0
CHEMBL21860,0.21716455,14745,0,0
CHEMBL16520,0.21716455,14746,0,0
CHEMBL15818,0.21716455,14747,0,0
CHEMBL33967,0.21716455,14748,0,0
CHEMBL25549,0.21716455,14749,0,0
CHEMBL22342,0.21716455,14750,0,0
CHEMBL16824,0.21716455,14751,0,0
CHEMBL18090,0.21716455,14752,0,0
CHEMBL36838,0.21716455,14753,0,0
CHEMBL15215,0.21716455,14754,0,0
CHEMBL16332,0.21716455,14755,0,0
CHEMBL35960,0.21716455,14756,0,0
CHEMBL32156,0.21716455,14757,0,0
CHEMBL38887,0.21716455,14758,0,0
CHEMBL4303789,0.21716455,14759,0,0
CHEMBL7595,0.21716455,14760,0,0
CHEMBL23486,0.21716455,14761,0,0
CHEMBL13619,0.21716455,14762,0,0
CHEMBL33070,0.21716455,14763,0,0
CHEMBL19495,0.21716455,14764,0,0
CHEMBL40473,0.21716455,14765,0,0
CHEMBL1083884,0.21716455,14766,0,1
CHEMBL11755,0.21716455,14767,0,0
CHEMBL24105,0.21716455,14768,0,0
CHEMBL31634,0.21716455,14769,0,0
CHEMBL37772,0.21716455,14770,0,0
CHEMBL13843,0.21716455,14771,0,0
CHEMBL20193,0.21716455,14772,0,0
CHEMBL40101,0.21716455,14773,0,0
CHEMBL32623,0.21716455,14774,0,0
CHEMBL12031,0.21716455,14775,0,0
CHEMBL21972,0.21716455,14776,0,0
CHEMBL33577,0.21716455,14777,0,0
CHEMBL29552,0.21716455,14778,0,0
CHEMBL41353,0.21716455,14779,0,0
CHEMBL11649,0.21716455,14780,0,0
CHEMBL4436268,0.21716455,14781,0,0
CHEMBL29874,0.21716455,14782,0,0
CHEMBL11866,0.21716455,14783,0,0
CHEMBL16686,0.21716455,14784,0,0
CHEMBL25929,0.21716455,14785,0,0
CHEMBL39925,0.21716455,14786,0,0
CHEMBL26152,0.21705149,14787,0,0
CHEMBL4435200,0.21703887,14788,0,0
CHEMBL35426,0.21703285,14789,0,0
CHEMBL10226,0.21681018,14790,0,0
CHEMBL29611,0.21671197,14791,0,0
CHEMBL34381,0.21657124,14792,0,0
CHEMBL14435,0.2165642,14793,0,0
CHEMBL16577,0.2165546,14794,0,0
CHEMBL22715,0.2165546,14795,0,0
CHEMBL8903,0.2165546,14796,0,0
CHEMBL13262,0.2165546,14797,0,0
CHEMBL26667,0.2165546,14798,0,0
CHEMBL3309735,0.2165546,14799,0,0
CHEMBL22197,0.2165546,14800,0,0
CHEMBL23193,0.2165546,14801,0,0
CHEMBL26484,0.2165546,14802,0,0
CHEMBL31281,0.2165546,14803,0,0
CHEMBL29957,0.2165546,14804,0,0
CHEMBL12092,0.2165546,14805,0,0
CHEMBL20890,0.2165546,14806,0,0
CHEMBL13544,0.2165546,14807,0,0
CHEMBL19556,0.21646062,14808,0,0
CHEMBL7139,0.21646062,14809,0,0
CHEMBL4435588,0.21646062,14810,0,0
CHEMBL6449,0.21646062,14811,0,0
CHEMBL18305,0.21646062,14812,0,0
CHEMBL3311264,0.21645959,14813,0,0
CHEMBL18080,0.21645959,14814,0,0
CHEMBL18148,0.21645959,14815,0,0
CHEMBL4435239,0.21642262,14816,0,0
CHEMBL28484,0.21633524,14817,0,0
CHEMBL28514,0.21633524,14818,0,0
CHEMBL3309899,0.21633524,14819,0,0
CHEMBL22654,0.21633524,14820,0,0
CHEMBL12470,0.21633524,14821,0,0
CHEMBL15311,0.21633524,14822,0,0
CHEMBL11565,0.21633524,14823,0,0
CHEMBL29002,0.21633524,14824,0,0
CHEMBL37769,0.21633524,14825,0,0
CHEMBL1159,0.21633524,14826,0,0
CHEMBL12879,0.21633524,14827,0,0
CHEMBL4435252,0.21633524,14828,0,0
CHEMBL10807,0.21633524,14829,0,0
CHEMBL34646,0.21633524,14830,0,0
CHEMBL38681,0.21633524,14831,0,0
CHEMBL33507,0.21633524,14832,0,0
CHEMBL26261,0.21633524,14833,0,0
CHEMBL3311529,0.21633524,14834,0,0
CHEMBL3310428,0.21633524,14835,0,0
CHEMBL1163483,0.21633524,14836,0,0
CHEMBL8092,0.21633524,14837,0,0
CHEMBL40647,0.21633524,14838,0,0
CHEMBL33982,0.21633524,14839,0,0
CHEMBL4543350,0.21633524,14840,0,0
CHEMBL38387,0.21633524,14841,0,0
CHEMBL14326,0.21633524,14842,0,0
CHEMBL4435242,0.21633524,14843,0,0
CHEMBL21733,0.21633524,14844,0,0
CHEMBL34520,0.21633524,14845,0,0
CHEMBL31305,0.21621992,14846,0,0
CHEMBL15940,0.21621992,14847,0,0
CHEMBL35422,0.21619147,14848,0,0
CHEMBL39383,0.21618506,14849,0,0
CHEMBL465,0.21618506,14850,0,0
CHEMBL7056,0.21617806,14851,0,0
CHEMBL11160,0.21617806,14852,0,0
CHEMBL43695,0.21617806,14853,0,0
CHEMBL27571,0.21617806,14854,0,0
CHEMBL17750,0.21617806,14855,0,0
CHEMBL10104,0.21617806,14856,0,0
CHEMBL25308,0.21617806,14857,0,0
CHEMBL33690,0.21617806,14858,0,0
CHEMBL33776,0.21617806,14859,0,0
CHEMBL13742,0.21617806,14860,0,0
CHEMBL31971,0.21617806,14861,0,0
CHEMBL32736,0.21617806,14862,0,0
CHEMBL17728,0.21617806,14863,0,0
CHEMBL17691,0.21617806,14864,0,0
CHEMBL26443,0.21617806,14865,0,0
CHEMBL4553691,0.21615274,14866,0,0
CHEMBL32012,0.21615274,14867,0,0
CHEMBL32751,0.21609542,14868,0,0
CHEMBL38594,0.21598032,14869,0,0
CHEMBL42323,0.21598032,14870,0,0
CHEMBL33893,0.21598032,14871,0,0
CHEMBL38386,0.21598032,14872,0,0
CHEMBL9878,0.2159357,14873,0,0
CHEMBL38832,0.21581408,14874,0,0
CHEMBL41294,0.21581408,14875,0,0
CHEMBL14802,0.21581408,14876,0,0
CHEMBL11927,0.21566117,14877,0,0
CHEMBL29105,0.21563877,14878,0,0
CHEMBL9789,0.21553233,14879,0,0
CHEMBL20803,0.21553233,14880,0,0
CHEMBL34066,0.21542673,14881,0,0
CHEMBL11993,0.21533382,14882,0,0
CHEMBL14987,0.21533382,14883,0,0
CHEMBL3309773,0.21533382,14884,0,0
CHEMBL10075,0.21533382,14885,0,0
CHEMBL4435597,0.21533382,14886,0,0
CHEMBL19962,0.21531595,14887,0,0
CHEMBL27750,0.21531595,14888,0,0
CHEMBL6355,0.21531595,14889,0,0
CHEMBL4435675,0.21531595,14890,0,0
CHEMBL12456,0.21531595,14891,0,0
CHEMBL10273,0.21531595,14892,0,0
CHEMBL21508,0.21531595,14893,0,0
CHEMBL12546,0.21531595,14894,0,0
CHEMBL34523,0.21531595,14895,0,0
CHEMBL40913,0.21531595,14896,0,0
CHEMBL14909,0.21531595,14897,0,0
CHEMBL35994,0.21531595,14898,0,0
CHEMBL29583,0.21531595,14899,0,0
CHEMBL33548,0.21531595,14900,0,0
CHEMBL39117,0.21531595,14901,0,0
CHEMBL26897,0.21531595,14902,0,0
CHEMBL24668,0.21531595,14903,0,0
CHEMBL14725,0.21531595,14904,0,0
CHEMBL24383,0.21531595,14905,0,0
CHEMBL507756,0.21531595,14906,0,0
CHEMBL29016,0.21531595,14907,0,0
CHEMBL4434964,0.21531595,14908,0,0
CHEMBL36980,0.21531595,14909,0,0
CHEMBL25874,0.21531595,14910,0,0
CHEMBL27617,0.21531595,14911,0,0
CHEMBL12578,0.21531595,14912,0,0
CHEMBL3310022,0.21531595,14913,0,0
CHEMBL34826,0.21531595,14914,0,0
CHEMBL7540,0.21531595,14915,0,0
CHEMBL43042,0.21531595,14916,0,0
CHEMBL16996,0.21531595,14917,0,0
CHEMBL40958,0.21531595,14918,0,0
CHEMBL40537,0.21531595,14919,0,0
CHEMBL40498,0.21531595,14920,0,0
CHEMBL4543263,0.21531595,14921,0,0
CHEMBL35166,0.21531595,14922,0,0
CHEMBL36225,0.21531595,14923,0,0
CHEMBL10026,0.21531595,14924,0,0
CHEMBL20407,0.21531595,14925,0,0
CHEMBL18290,0.21531595,14926,0,0
CHEMBL14542,0.21531595,14927,0,0
CHEMBL14486,0.21531595,14928,0,0
CHEMBL32549,0.21531595,14929,0,0
CHEMBL1183442,0.21531595,14930,0,0
CHEMBL1187970,0.21531595,14931,0,0
CHEMBL11880,0.21531595,14932,0,0
CHEMBL26668,0.21531595,14933,0,0
CHEMBL38587,0.21531595,14934,0,0
CHEMBL34985,0.21531595,14935,0,0
CHEMBL12093,0.21531595,14936,0,0
CHEMBL33531,0.21531595,14937,0,0
CHEMBL31830,0.21526985,14938,0,0
CHEMBL7546,0.21526985,14939,0,0
CHEMBL42068,0.21526985,14940,0,0
CHEMBL25774,0.21526985,14941,0,0
CHEMBL4435882,0.21526985,14942,0,0
CHEMBL25979,0.21526985,14943,0,0
CHEMBL8637,0.21526985,14944,0,0
CHEMBL35246,0.21512304,14945,0,0
CHEMBL3309776,0.21512155,14946,0,0
CHEMBL582221,0.21499357,14947,0,0
CHEMBL36599,0.21499357,14948,0,0
CHEMBL3309390,0.21499357,14949,0,0
CHEMBL1210578,0.21499357,14950,0,0
CHEMBL9034,0.21499357,14951,0,0
CHEMBL18224,0.21499357,14952,0,0
CHEMBL529058,0.21499357,14953,0,0
CHEMBL3309470,0.21499357,14954,0,0
CHEMBL20673,0.21499357,14955,0,0
CHEMBL38339,0.21490534,14956,0,0
CHEMBL4543577,0.21490534,14957,0,0
CHEMBL12680,0.21490534,14958,0,0
CHEMBL27734,0.21490534,14959,0,0
CHEMBL4436542,0.21480872,14960,0,0
CHEMBL9575,0.2147911,14961,0,0
CHEMBL23978,0.2147911,14962,0,0
CHEMBL8742,0.2147911,14963,0,0
CHEMBL4435056,0.21468215,14964,0,0
CHEMBL1224292,0.21468215,14965,0,0
CHEMBL10207,0.21457502,14966,0,0
CHEMBL10983,0.21453696,14967,0,0
CHEMBL15011,0.21453696,14968,0,0
CHEMBL36750,0.21453696,14969,0,0
CHEMBL9631,0.21453696,14970,0,0
CHEMBL3311006,0.21453696,14971,0,0
CHEMBL36475,0.21453696,14972,0,0
CHEMBL12481,0.21453696,14973,0,0
CHEMBL10281,0.21453696,14974,0,0
CHEMBL16781,0.21453696,14975,0,0
CHEMBL21143,0.21453696,14976,0,0
CHEMBL42805,0.21453696,14977,0,0
CHEMBL35285,0.21453696,14978,0,0
CHEMBL16163,0.21453696,14979,0,0
CHEMBL32048,0.21453696,14980,0,0
CHEMBL29881,0.21453696,14981,0,0
CHEMBL8102,0.21453696,14982,0,0
CHEMBL40047,0.21449685,14983,0,0
CHEMBL4543532,0.21449685,14984,0,0
CHEMBL36360,0.21444535,14985,0,0
CHEMBL22116,0.21442513,14986,0,0
CHEMBL29280,0.21435943,14987,0,0
CHEMBL34527,0.21433717,14988,0,0
CHEMBL32553,0.21433717,14989,0,0
CHEMBL15711,0.21433717,14990,0,0
CHEMBL35615,0.21433717,14991,0,0
CHEMBL15692,0.21433717,14992,0,0
CHEMBL16961,0.21424721,14993,0,0
CHEMBL32647,0.21424721,14994,0,0
CHEMBL9444,0.2142319,14995,0,0
CHEMBL20356,0.2142319,14996,0,0
CHEMBL4436456,0.21420358,14997,0,0
CHEMBL553896,0.21414605,14998,0,0
CHEMBL1163224,0.21403904,14999,0,0
CHEMBL16019,0.21403904,15000,0,0
CHEMBL25685,0.21403031,15001,0,0
CHEMBL21415,0.21401617,15002,0,0
CHEMBL1163530,0.21401617,15003,0,0
CHEMBL14251,0.21401617,15004,0,0
CHEMBL4553547,0.21401617,15005,0,0
CHEMBL32744,0.21401617,15006,0,0
CHEMBL30992,0.21401617,15007,0,0
CHEMBL20062,0.21401617,15008,0,0
CHEMBL25391,0.21400538,15009,0,0
CHEMBL21552,0.21382043,15010,0,0
CHEMBL33882,0.21382043,15011,0,0
CHEMBL35128,0.21363537,15012,0,0
CHEMBL8906,0.21363537,15013,0,0
CHEMBL34749,0.21363537,15014,0,0
CHEMBL16246,0.21359733,15015,0,0
CHEMBL34606,0.21357195,15016,0,0
CHEMBL4434756,0.2134176,15017,0,0
CHEMBL10778,0.21339181,15018,0,0
CHEMBL13531,0.21334371,15019,0,0
CHEMBL840,0.21334371,15020,0,0
CHEMBL38406,0.21334371,15021,0,0
CHEMBL45,0.21334371,15022,0,0
CHEMBL25701,0.21334305,15023,0,0
CHEMBL4543478,0.21334305,15024,0,0
CHEMBL32626,0.21334305,15025,0,0
CHEMBL27165,0.21334305,15026,0,0
CHEMBL34206,0.21334305,15027,0,0
CHEMBL14932,0.21334305,15028,0,0
CHEMBL41166,0.21334305,15029,0,0
CHEMBL3311039,0.21334305,15030,0,0
CHEMBL41778,0.21334305,15031,0,0
CHEMBL15005,0.21334305,15032,0,0
CHEMBL32090,0.21331346,15033,0,0
CHEMBL26396,0.21331228,15034,0,0
CHEMBL33961,0.21331228,15035,0,0
CHEMBL40418,0.21331228,15036,0,0
CHEMBL19009,0.2129667,15037,0,0
CHEMBL3309461,0.21280813,15038,0,0
CHEMBL30206,0.2126345,15039,0,0
CHEMBL39856,0.21260454,15040,0,0
CHEMBL14081,0.21255222,15041,0,0
CHEMBL3310253,0.21247837,15042,0,0
CHEMBL28750,0.21240875,15043,0,0
CHEMBL33610,0.21193638,15044,0,0
CHEMBL21367,0.21181846,15045,0,0
CHEMBL7250,0.21181846,15046,0,0
CHEMBL21135,0.2117855,15047,0,0
CHEMBL21654,0.21176817,15048,0,0
CHEMBL37744,0.21176694,15049,0,0
CHEMBL16758,0.21176694,15050,0,0
CHEMBL797,0.21176694,15051,0,0
CHEMBL23033,0.21176694,15052,0,0
CHEMBL31149,0.2116997,15053,0,0
CHEMBL819,0.21163335,15054,0,0
CHEMBL34477,0.21158046,15055,0,0
CHEMBL10328,0.21158046,15056,0,0
CHEMBL20304,0.21153243,15057,0,0
CHEMBL4436371,0.21137722,15058,0,0
CHEMBL29351,0.21137722,15059,0,0
CHEMBL33159,0.21137722,15060,0,0
CHEMBL17097,0.21137223,15061,0,0
CHEMBL40316,0.21137223,15062,0,0
CHEMBL30309,0.21137223,15063,0,0
CHEMBL3310272,0.21137223,15064,0,0
CHEMBL38515,0.21137223,15065,0,0
CHEMBL19328,0.21133369,15066,0,0
CHEMBL22404,0.21133369,15067,0,0
CHEMBL31271,0.21131769,15068,0,0
CHEMBL18242,0.21131769,15069,0,0
CHEMBL24621,0.21121508,15070,0,0
CHEMBL26941,0.21117108,15071,0,0
CHEMBL606709,0.21096788,15072,0,0
CHEMBL29232,0.2108828,15073,0,0
CHEMBL30629,0.2108828,15074,0,0
CHEMBL30596,0.2108828,15075,0,0
CHEMBL28810,0.2108828,15076,0,0
CHEMBL16949,0.2108828,15077,0,0
CHEMBL37779,0.2108828,15078,0,0
CHEMBL7995,0.2108828,15079,0,0
CHEMBL30541,0.2108828,15080,0,0
CHEMBL31173,0.2108828,15081,0,0
CHEMBL26119,0.2108828,15082,0,0
CHEMBL28980,0.2108828,15083,0,0
CHEMBL22024,0.21086605,15084,0,0
CHEMBL18386,0.21082431,15085,0,0
CHEMBL42230,0.21073084,15086,0,0
CHEMBL20161,0.21073084,15087,0,0
CHEMBL13374,0.21073084,15088,0,0
CHEMBL16838,0.21073084,15089,0,0
CHEMBL16917,0.21073084,15090,0,0
CHEMBL23130,0.21073084,15091,0,0
CHEMBL15167,0.21073084,15092,0,0
CHEMBL7340,0.21073084,15093,0,0
CHEMBL11174,0.21073084,15094,0,0
CHEMBL3310130,0.21073084,15095,0,0
CHEMBL13316,0.21073084,15096,0,0
CHEMBL30776,0.21072428,15097,0,0
CHEMBL6800,0.21066344,15098,0,0
CHEMBL22258,0.21066344,15099,0,0
CHEMBL1159637,0.21066344,15100,0,0
CHEMBL42431,0.21066344,15101,0,0
CHEMBL27764,0.21066344,15102,0,0
CHEMBL4543534,0.21066344,15103,0,0
CHEMBL4435991,0.21066344,15104,0,0
CHEMBL16364,0.21066344,15105,0,0
CHEMBL9641,0.21066344,15106,0,0
CHEMBL22257,0.210632,15107,0,0
CHEMBL43660,0.21056648,15108,0,0
CHEMBL10002,0.21036324,15109,0,0
CHEMBL28803,0.21034577,15110,0,0
CHEMBL24746,0.21034577,15111,0,0
CHEMBL15988,0.21030329,15112,0,1
CHEMBL25820,0.21022083,15113,0,0
CHEMBL38567,0.21013659,15114,0,0
CHEMBL22189,0.20995955,15115,0,0
CHEMBL16882,0.20991138,15116,0,0
CHEMBL28659,0.20991138,15117,0,0
CHEMBL42254,0.20991138,15118,0,0
CHEMBL1173565,0.20991138,15119,0,0
CHEMBL26447,0.20991138,15120,0,0
CHEMBL36605,0.20991138,15121,0,0
CHEMBL22600,0.20991138,15122,0,0
CHEMBL3309591,0.2098807,15123,0,0
CHEMBL41462,0.20988041,15124,0,0
CHEMBL20429,0.20988041,15125,0,0
CHEMBL15816,0.20988041,15126,0,0
CHEMBL4553145,0.20981033,15127,0,0
CHEMBL6660,0.20981033,15128,0,0
CHEMBL20628,0.20973298,15129,0,0
CHEMBL32796,0.20971914,15130,0,0
CHEMBL29380,0.20971914,15131,0,0
CHEMBL7318,0.20971914,15132,0,0
CHEMBL36415,0.20971914,15133,0,0
CHEMBL19451,0.20971914,15134,0,0
CHEMBL7644,0.20971914,15135,0,0
CHEMBL20658,0.20971914,15136,0,0
CHEMBL3310035,0.20971914,15137,0,0
CHEMBL38040,0.20971914,15138,0,0
CHEMBL13339,0.20971914,15139,0,0
CHEMBL33493,0.20971914,15140,0,0
CHEMBL24246,0.20971914,15141,0,0
CHEMBL579790,0.20971914,15142,0,0
CHEMBL14489,0.20971914,15143,0,0
CHEMBL26691,0.20971914,15144,0,0
CHEMBL37252,0.2096884,15145,0,0
CHEMBL1163502,0.2096884,15146,0,0
CHEMBL507700,0.20958836,15147,0,0
CHEMBL38274,0.20951816,15148,0,0
CHEMBL1091854,0.20950636,15149,0,0
CHEMBL38931,0.20947568,15150,0,0
CHEMBL41902,0.20942427,15151,0,0
CHEMBL3311059,0.20940566,15152,0,0
CHEMBL7862,0.20940234,15153,0,0
CHEMBL25522,0.20940234,15154,0,0
CHEMBL28198,0.20926407,15155,0,0
CHEMBL13650,0.20926407,15156,0,0
CHEMBL10408,0.20926407,15157,0,0
CHEMBL39142,0.20926407,15158,0,0
CHEMBL12631,0.20926407,15159,0,0
CHEMBL95,0.20926407,15160,0,0
CHEMBL37365,0.20926407,15161,0,0
CHEMBL11753,0.20926407,15162,0,0
CHEMBL39783,0.20926407,15163,0,0
CHEMBL4435029,0.20926407,15164,0,0
CHEMBL38610,0.20926407,15165,0,0
CHEMBL22999,0.20926407,15166,0,0
CHEMBL23127,0.20926407,15167,0,0
CHEMBL12816,0.20926407,15168,0,0
CHEMBL561,0.20926407,15169,0,0
CHEMBL29457,0.20926407,15170,0,0
CHEMBL33324,0.20926407,15171,0,0
CHEMBL23771,0.20926407,15172,0,0
CHEMBL20427,0.20926407,15173,0,0
CHEMBL17192,0.20917757,15174,0,0
CHEMBL36967,0.209048,15175,0,0
CHEMBL19684,0.20885593,15176,0,0
CHEMBL18721,0.20885593,15177,0,0
CHEMBL572762,0.20885593,15178,0,0
CHEMBL21165,0.20885593,15179,0,0
CHEMBL12325,0.20885298,15180,0,0
CHEMBL39580,0.20874375,15181,0,0
CHEMBL11411,0.20869221,15182,0,0
CHEMBL7226,0.20869221,15183,0,0
CHEMBL39251,0.20869221,15184,0,0
CHEMBL28601,0.20869221,15185,0,0
CHEMBL17784,0.20869221,15186,0,0
CHEMBL42008,0.20869221,15187,0,0
CHEMBL29958,0.20869221,15188,0,0
CHEMBL4435336,0.20869221,15189,0,0
CHEMBL41953,0.20869221,15190,0,0
CHEMBL4435247,0.20869221,15191,0,0
CHEMBL7177,0.20869221,15192,0,0
CHEMBL10101,0.20869221,15193,0,0
CHEMBL29220,0.20869221,15194,0,0
CHEMBL41266,0.20869221,15195,0,0
CHEMBL18869,0.20869221,15196,0,0
CHEMBL34666,0.20869221,15197,0,0
CHEMBL7390,0.20869221,15198,0,0
CHEMBL30634,0.20869221,15199,0,0
CHEMBL36227,0.20869221,15200,0,0
CHEMBL35806,0.20869221,15201,0,0
CHEMBL42794,0.20869221,15202,0,0
CHEMBL38395,0.20869221,15203,0,0
CHEMBL14239,0.20869221,15204,0,0
CHEMBL16277,0.20869221,15205,0,0
CHEMBL1207158,0.20869221,15206,0,0
CHEMBL41872,0.20869221,15207,0,0
CHEMBL7640,0.20869221,15208,0,0
CHEMBL4116137,0.20869221,15209,0,0
CHEMBL9817,0.20869221,15210,0,0
CHEMBL10898,0.20869221,15211,0,0
CHEMBL16683,0.20869221,15212,0,0
CHEMBL9894,0.20869221,15213,0,0
CHEMBL26488,0.20869221,15214,0,0
CHEMBL3311513,0.20869221,15215,0,0
CHEMBL14513,0.20869221,15216,0,0
CHEMBL3310031,0.20869221,15217,0,0
CHEMBL24216,0.2086383,15218,0,0
CHEMBL24464,0.2086278,15219,0,0
CHEMBL34221,0.20858218,15220,0,0
CHEMBL24187,0.20850822,15221,0,0
CHEMBL9811,0.20844632,15222,0,0
CHEMBL3310051,0.20841163,15223,0,0
CHEMBL24969,0.2083957,15224,0,0
CHEMBL24329,0.2083957,15225,0,0
CHEMBL10236,0.2083957,15226,0,0
CHEMBL25863,0.2082934,15227,0,0
CHEMBL22119,0.20828135,15228,0,0
CHEMBL13271,0.2082488,15229,0,0
CHEMBL3310192,0.2082442,15230,0,0
CHEMBL13716,0.2082442,15231,0,0
CHEMBL7673,0.20820996,15232,0,0
CHEMBL32140,0.20819202,15233,0,0
CHEMBL16772,0.20814317,15234,0,0
CHEMBL3310113,0.20807412,15235,0,0
CHEMBL41258,0.20806265,15236,0,0
CHEMBL35602,0.20805158,15237,0,0
CHEMBL27873,0.20787291,15238,0,0
CHEMBL28567,0.20787291,15239,0,0
CHEMBL7654,0.20783228,15240,0,0
CHEMBL8865,0.20783228,15241,0,0
CHEMBL42970,0.20783228,15242,0,0
CHEMBL14267,0.20780881,15243,0,0
CHEMBL21160,0.20764455,15244,0,0
CHEMBL11441,0.20764455,15245,0,0
CHEMBL25986,0.20764455,15246,0,0
CHEMBL13692,0.20764455,15247,0,0
CHEMBL26328,0.20764455,15248,0,0
CHEMBL6504,0.20764455,15249,0,0
CHEMBL29137,0.20762734,15250,0,0
CHEMBL10623,0.2074743,15251,0,0
CHEMBL39880,0.2074743,15252,0,0
CHEMBL17579,0.20740245,15253,0,0
CHEMBL32363,0.20740245,15254,0,0
CHEMBL6726,0.20738408,15255,0,0
CHEMBL36994,0.20737639,15256,0,0
CHEMBL28972,0.20736238,15257,0,0
CHEMBL13063,0.20730585,15258,0,0
CHEMBL24823,0.20729552,15259,0,0
CHEMBL18250,0.20728794,15260,0,0
CHEMBL1163556,0.20724347,15261,0,0
CHEMBL4436219,0.2072143,15262,0,0
CHEMBL4435847,0.20716979,15263,0,0
CHEMBL33658,0.20716979,15264,0,0
CHEMBL6447,0.20716979,15265,0,0
CHEMBL25836,0.20716979,15266,0,0
CHEMBL37116,0.20716979,15267,0,0
CHEMBL32066,0.20716979,15268,0,0
CHEMBL21911,0.20716979,15269,0,0
CHEMBL501499,0.20716979,15270,0,0
CHEMBL26694,0.20716979,15271,0,0
CHEMBL30267,0.20716979,15272,0,0
CHEMBL18960,0.20716979,15273,0,0
CHEMBL4543533,0.20716979,15274,0,0
CHEMBL11875,0.20716979,15275,0,0
CHEMBL15893,0.20716979,15276,0,0
CHEMBL27289,0.20716979,15277,0,0
CHEMBL12760,0.20716979,15278,0,0
CHEMBL11355,0.20716979,15279,0,0
CHEMBL155780,0.20716979,15280,0,0
CHEMBL16654,0.20716979,15281,0,0
CHEMBL28969,0.20716979,15282,0,0
CHEMBL21575,0.20716979,15283,0,0
CHEMBL10825,0.20716979,15284,0,0
CHEMBL22000,0.20716979,15285,0,0
CHEMBL16691,0.20716979,15286,0,0
CHEMBL29855,0.20716979,15287,0,0
CHEMBL13097,0.20716979,15288,0,0
CHEMBL22034,0.20716979,15289,0,0
CHEMBL10353,0.20716979,15290,0,0
CHEMBL42969,0.20716979,15291,0,0
CHEMBL27801,0.20716979,15292,0,0
CHEMBL17038,0.20716979,15293,0,0
CHEMBL21107,0.20716979,15294,0,0
CHEMBL27950,0.20716979,15295,0,0
CHEMBL35739,0.20716979,15296,0,0
CHEMBL6553,0.20716979,15297,0,0
CHEMBL25710,0.20716979,15298,0,0
CHEMBL35458,0.20716979,15299,0,0
CHEMBL10157,0.20716979,15300,0,0
CHEMBL39700,0.20716979,15301,0,0
CHEMBL25143,0.20716979,15302,0,0
CHEMBL34234,0.20716979,15303,0,0
CHEMBL6937,0.20716979,15304,0,0
CHEMBL10949,0.20716979,15305,0,0
CHEMBL37811,0.20716979,15306,0,0
CHEMBL43747,0.20716979,15307,0,0
CHEMBL11473,0.20716979,15308,0,0
CHEMBL21345,0.20716979,15309,0,0
CHEMBL14250,0.20716979,15310,0,0
CHEMBL14550,0.20716979,15311,0,0
CHEMBL22251,0.20716979,15312,0,0
CHEMBL32218,0.20716979,15313,0,0
CHEMBL11346,0.20716979,15314,0,0
CHEMBL25900,0.20716979,15315,0,0
CHEMBL719,0.20716979,15316,0,0
CHEMBL16973,0.20716979,15317,0,0
CHEMBL1222611,0.20716979,15318,0,0
CHEMBL25971,0.20716979,15319,0,0
CHEMBL18462,0.20716979,15320,0,0
CHEMBL35211,0.20716979,15321,0,0
CHEMBL29713,0.20716979,15322,0,0
CHEMBL37305,0.20716979,15323,0,0
CHEMBL16634,0.20716979,15324,0,0
CHEMBL26854,0.20716979,15325,0,0
CHEMBL19128,0.20716979,15326,0,0
CHEMBL30108,0.20716979,15327,0,0
CHEMBL32826,0.20716979,15328,0,0
CHEMBL30109,0.20716979,15329,0,0
CHEMBL4436437,0.20716979,15330,0,0
CHEMBL12251,0.20716979,15331,0,0
CHEMBL611115,0.20716979,15332,0,0
CHEMBL3310682,0.20716979,15333,0,0
CHEMBL385384,0.20716979,15334,0,0
CHEMBL6307,0.20716979,15335,0,0
CHEMBL15125,0.20716979,15336,0,0
CHEMBL7645,0.20716979,15337,0,0
CHEMBL4435880,0.20716979,15338,0,0
CHEMBL25855,0.20716979,15339,0,0
CHEMBL37289,0.20716979,15340,0,0
CHEMBL25684,0.20716979,15341,0,0
CHEMBL36032,0.20716979,15342,0,0
CHEMBL29623,0.20716979,15343,0,0
CHEMBL28744,0.20716979,15344,0,0
CHEMBL26965,0.20716979,15345,0,0
CHEMBL20780,0.20716979,15346,0,0
CHEMBL30196,0.20716979,15347,0,0
CHEMBL40443,0.20716979,15348,0,0
CHEMBL30688,0.20716979,15349,0,0
CHEMBL30310,0.20716979,15350,0,0
CHEMBL36987,0.20716979,15351,0,0
CHEMBL1163374,0.20716979,15352,0,0
CHEMBL25239,0.20716979,15353,0,0
CHEMBL34449,0.20716979,15354,0,0
CHEMBL34444,0.20716979,15355,0,0
CHEMBL22288,0.20716979,15356,0,0
CHEMBL41637,0.20714556,15357,0,0
CHEMBL23208,0.20696452,15358,0,0
CHEMBL21984,0.20690505,15359,0,0
CHEMBL36356,0.20690273,15360,0,0
CHEMBL43594,0.20663857,15361,0,0
CHEMBL27871,0.20662251,15362,0,0
CHEMBL29838,0.20660488,15363,0,0
CHEMBL14292,0.20652239,15364,0,0
CHEMBL40318,0.20652239,15365,0,0
CHEMBL30790,0.20638049,15366,0,0
CHEMBL1783455,0.20607021,15367,0,0
CHEMBL35504,0.20585044,15368,0,0
CHEMBL14111,0.2058283,15369,0,0
CHEMBL39426,0.20575897,15370,0,0
CHEMBL29075,0.20575897,15371,0,0
CHEMBL3309538,0.20575897,15372,0,0
CHEMBL13394,0.20575897,15373,0,0
CHEMBL12562,0.20564003,15374,0,0
CHEMBL28836,0.20564003,15375,0,0
CHEMBL11554,0.20541686,15376,0,0
CHEMBL38198,0.2053202,15377,0,0
CHEMBL28999,0.20525047,15378,0,0
CHEMBL39066,0.20525047,15379,0,0
CHEMBL34653,0.20525047,15380,0,0
CHEMBL28602,0.20525047,15381,0,0
CHEMBL28283,0.20525047,15382,0,0
CHEMBL22735,0.20525047,15383,0,0
CHEMBL25744,0.20525047,15384,0,0
CHEMBL32841,0.20525047,15385,0,0
CHEMBL40724,0.20525047,15386,0,0
CHEMBL14533,0.20525047,15387,0,0
CHEMBL36302,0.20525047,15388,0,0
CHEMBL17755,0.20525047,15389,0,0
CHEMBL30744,0.20525047,15390,0,0
CHEMBL23448,0.20522103,15391,0,0
CHEMBL33122,0.20522103,15392,0,0
CHEMBL27295,0.20511396,15393,0,0
CHEMBL40432,0.20511396,15394,0,0
CHEMBL31867,0.20504914,15395,0,0
CHEMBL27580,0.20496522,15396,0,0
CHEMBL1207979,0.20489313,15397,0,0
CHEMBL29880,0.20488311,15398,0,0
CHEMBL15900,0.20488311,15399,0,0
CHEMBL38489,0.20486759,15400,0,0
CHEMBL39125,0.20484193,15401,0,0
CHEMBL34818,0.20473239,15402,0,0
CHEMBL9196,0.20473239,15403,0,0
CHEMBL33466,0.20471442,15404,0,0
CHEMBL38682,0.20464644,15405,0,0
CHEMBL15287,0.20464644,15406,0,0
CHEMBL8517,0.20464644,15407,0,0
CHEMBL4436240,0.20464644,15408,0,0
CHEMBL26353,0.2046185,15409,0,0
CHEMBL17570,0.20461254,15410,0,0
CHEMBL39860,0.20454599,15411,0,0
CHEMBL26903,0.20454599,15412,0,0
CHEMBL12478,0.20452695,15413,0,0
CHEMBL12754,0.20446181,15414,0,0
CHEMBL3309932,0.2044025,15415,0,0
CHEMBL41324,0.20439188,15416,0,0
CHEMBL6416,0.20429039,15417,0,0
CHEMBL24250,0.20429039,15418,0,0
CHEMBL20963,0.20429039,15419,0,0
CHEMBL4434897,0.2041941,15420,0,0
CHEMBL36042,0.20415768,15421,0,0
CHEMBL584356,0.20415638,15422,0,0
CHEMBL23945,0.20415638,15423,0,0
CHEMBL39891,0.20415638,15424,0,0
CHEMBL26996,0.20415638,15425,0,0
CHEMBL26936,0.20415638,15426,0,0
CHEMBL28202,0.20415638,15427,0,0
CHEMBL27387,0.20415638,15428,0,0
CHEMBL13479,0.20415638,15429,0,0
CHEMBL27709,0.20415638,15430,0,0
CHEMBL23116,0.20415638,15431,0,0
CHEMBL10233,0.20409176,15432,0,0
CHEMBL34946,0.20407946,15433,0,0
CHEMBL22742,0.20407946,15434,0,0
CHEMBL24253,0.20407946,15435,0,0
CHEMBL1204670,0.20407946,15436,0,0
CHEMBL22549,0.20405413,15437,0,0
CHEMBL11269,0.20405413,15438,0,0
CHEMBL7452,0.20405413,15439,0,0
CHEMBL259626,0.20404483,15440,0,0
CHEMBL10627,0.20401123,15441,0,0
CHEMBL4434896,0.20401123,15442,0,0
CHEMBL16470,0.20395145,15443,0,0
CHEMBL18834,0.20388205,15444,0,0
CHEMBL26248,0.20388205,15445,0,0
CHEMBL4435970,0.20388205,15446,0,0
CHEMBL7501,0.20388205,15447,0,0
CHEMBL16360,0.20388205,15448,0,0
CHEMBL4435050,0.20364779,15449,0,0
CHEMBL42267,0.20343424,15450,0,0
CHEMBL3310674,0.20343424,15451,0,0
CHEMBL26279,0.203369,15452,0,0
CHEMBL3310207,0.20334886,15453,0,0
CHEMBL16450,0.2032598,15454,0,0
CHEMBL10753,0.2032598,15455,0,0
CHEMBL4436514,0.2032598,15456,0,0
CHEMBL22207,0.2032598,15457,0,0
CHEMBL20121,0.2032598,15458,0,0
CHEMBL22097,0.2032598,15459,0,0
CHEMBL11344,0.2032598,15460,0,0
CHEMBL14997,0.20321141,15461,0,0
CHEMBL10450,0.20312147,15462,0,0
CHEMBL35712,0.20307383,15463,0,0
CHEMBL8743,0.20307383,15464,0,0
CHEMBL608826,0.2027406,15465,0,0
CHEMBL26219,0.2027406,15466,0,0
CHEMBL40703,0.2027406,15467,0,0
CHEMBL3309906,0.2027406,15468,0,0
CHEMBL4543568,0.2027406,15469,0,0
CHEMBL11678,0.2027406,15470,0,0
CHEMBL9709,0.20269328,15471,0,0
CHEMBL20156,0.20269328,15472,0,0
CHEMBL24062,0.20269328,15473,0,0
CHEMBL37427,0.20269328,15474,0,0
CHEMBL18508,0.20268334,15475,0,0
CHEMBL20027,0.20268334,15476,0,0
CHEMBL27532,0.20268334,15477,0,0
CHEMBL29439,0.20268334,15478,0,0
CHEMBL3309658,0.20268334,15479,0,0
CHEMBL6888,0.20268334,15480,0,0
CHEMBL24684,0.20266771,15481,0,0
CHEMBL9459,0.20265754,15482,0,0
CHEMBL3310313,0.20264092,15483,0,0
CHEMBL30516,0.20262283,15484,0,0
CHEMBL32456,0.20262283,15485,0,0
CHEMBL14277,0.20259728,15486,0,0
CHEMBL3309645,0.20255966,15487,0,0
CHEMBL26887,0.20255966,15488,0,0
CHEMBL31819,0.20255966,15489,0,0
CHEMBL4434677,0.20255966,15490,0,0
CHEMBL26159,0.20255966,15491,0,0
CHEMBL7121,0.20255966,15492,0,0
CHEMBL3309797,0.20255966,15493,0,0
CHEMBL9565,0.20255966,15494,0,0
CHEMBL4435740,0.20255966,15495,0,0
CHEMBL10021,0.20255966,15496,0,0
CHEMBL23578,0.20255966,15497,0,0
CHEMBL12621,0.20255966,15498,0,0
CHEMBL12648,0.20255966,15499,0,0
CHEMBL33468,0.20255966,15500,0,0
CHEMBL39896,0.20255966,15501,0,0
CHEMBL35304,0.20255966,15502,0,0
CHEMBL27389,0.20255966,15503,0,0
CHEMBL21622,0.20255966,15504,0,0
CHEMBL26211,0.20255966,15505,0,0
CHEMBL4435451,0.20255966,15506,0,0
CHEMBL6347,0.20255966,15507,0,0
CHEMBL36435,0.20255966,15508,0,0
CHEMBL17018,0.20255966,15509,0,0
CHEMBL1088217,0.20255966,15510,0,0
CHEMBL1077098,0.20255966,15511,0,0
CHEMBL30091,0.20255966,15512,0,0
CHEMBL29008,0.20255966,15513,0,0
CHEMBL15119,0.20255966,15514,0,0
CHEMBL31524,0.20255966,15515,0,0
CHEMBL10996,0.20255966,15516,0,0
CHEMBL13739,0.20255966,15517,0,0
CHEMBL7648,0.20255966,15518,0,0
CHEMBL23123,0.20255966,15519,0,0
CHEMBL7316,0.20255966,15520,0,0
CHEMBL30129,0.20255966,15521,0,0
CHEMBL10951,0.20255966,15522,0,0
CHEMBL32611,0.20255966,15523,0,0
CHEMBL263058,0.20255966,15524,0,0
CHEMBL11416,0.20255966,15525,0,0
CHEMBL865,0.20255966,15526,0,0
CHEMBL27117,0.20255966,15527,0,0
CHEMBL38814,0.20255966,15528,0,0
CHEMBL25287,0.20255966,15529,0,0
CHEMBL8979,0.20255966,15530,0,0
CHEMBL25695,0.20255966,15531,0,0
CHEMBL4553549,0.20255966,15532,0,0
CHEMBL29136,0.20255966,15533,0,0
CHEMBL31133,0.20255966,15534,0,0
CHEMBL35391,0.20255966,15535,0,0
CHEMBL31711,0.20255966,15536,0,0
CHEMBL18040,0.20255966,15537,0,0
CHEMBL15323,0.20255966,15538,0,0
CHEMBL8369,0.20255966,15539,0,0
CHEMBL16342,0.20255966,15540,0,0
CHEMBL490449,0.20255966,15541,0,0
CHEMBL567,0.20255966,15542,0,1
CHEMBL4434843,0.20255966,15543,0,0
CHEMBL37424,0.20255966,15544,0,0
CHEMBL35328,0.20255966,15545,0,0
CHEMBL1213982,0.20255966,15546,0,0
CHEMBL14920,0.20255966,15547,0,0
CHEMBL24545,0.20255966,15548,0,0
CHEMBL34207,0.20255966,15549,0,0
CHEMBL3309305,0.20255966,15550,0,0
CHEMBL11073,0.20255966,15551,0,0
CHEMBL4436153,0.20255966,15552,0,0
CHEMBL24387,0.20255966,15553,0,0
CHEMBL28258,0.20255966,15554,0,0
CHEMBL35098,0.20255966,15555,0,0
CHEMBL14191,0.20255966,15556,0,0
CHEMBL25419,0.20255966,15557,0,0
CHEMBL3310561,0.20255966,15558,0,0
CHEMBL29717,0.20255966,15559,0,0
CHEMBL4434739,0.20255966,15560,0,0
CHEMBL42333,0.20255966,15561,0,0
CHEMBL17941,0.20243694,15562,0,0
CHEMBL19046,0.20243694,15563,0,0
CHEMBL3309423,0.20243694,15564,0,0
CHEMBL25913,0.20235144,15565,0,0
CHEMBL33053,0.20234479,15566,0,0
CHEMBL36944,0.20216268,15567,0,0
CHEMBL35484,0.20216268,15568,0,0
CHEMBL3309626,0.20216268,15569,0,0
CHEMBL6654,0.20216268,15570,0,0
CHEMBL1163333,0.20216268,15571,0,0
CHEMBL3309533,0.20216268,15572,0,0
CHEMBL3310026,0.20216268,15573,0,0
CHEMBL15673,0.20216268,15574,0,0
CHEMBL9187,0.20216268,15575,0,0
CHEMBL4434698,0.20216268,15576,0,0
CHEMBL28746,0.20216268,15577,0,0
CHEMBL28779,0.20216268,15578,0,0
CHEMBL1162109,0.20216268,15579,0,0
CHEMBL38781,0.20216268,15580,0,0
CHEMBL16037,0.20216268,15581,0,0
CHEMBL4436069,0.20216268,15582,0,0
CHEMBL41196,0.20216268,15583,0,0
CHEMBL8474,0.20216268,15584,0,0
CHEMBL42451,0.20216268,15585,0,0
CHEMBL14567,0.20216268,15586,0,0
CHEMBL13937,0.20216268,15587,0,0
CHEMBL581077,0.20216268,15588,0,0
CHEMBL41896,0.20216268,15589,0,0
CHEMBL19947,0.2021593,15590,0,0
CHEMBL27333,0.2021514,15591,0,0
CHEMBL36491,0.2021171,15592,0,0
CHEMBL30252,0.2020834,15593,0,0
CHEMBL1092995,0.2020834,15594,0,0
CHEMBL24218,0.2020834,15595,0,0
CHEMBL29090,0.2020834,15596,0,0
CHEMBL41317,0.2020834,15597,0,0
CHEMBL15137,0.20207493,15598,0,0
CHEMBL32038,0.20207493,15599,0,0
CHEMBL15349,0.20201483,15600,0,0
CHEMBL24413,0.20201483,15601,0,0
CHEMBL41662,0.20198447,15602,0,0
CHEMBL40738,0.20198447,15603,0,0
CHEMBL6206,0.20198312,15604,0,0
CHEMBL27363,0.20195061,15605,0,0
CHEMBL28029,0.20180431,15606,0,0
CHEMBL19213,0.20180431,15607,0,0
CHEMBL25703,0.20180431,15608,0,0
CHEMBL18622,0.20180431,15609,0,0
CHEMBL3310363,0.20180431,15610,0,0
CHEMBL14089,0.20172472,15611,0,0
CHEMBL43516,0.20171937,15612,0,0
CHEMBL11021,0.20163333,15613,0,0
CHEMBL3309266,0.20162395,15614,0,0
CHEMBL36702,0.20162395,15615,0,0
CHEMBL11559,0.20162395,15616,0,0
CHEMBL30662,0.20162395,15617,0,0
CHEMBL19079,0.20162395,15618,0,0
CHEMBL10683,0.20162395,15619,0,0
CHEMBL24552,0.20162395,15620,0,0
CHEMBL595085,0.20162395,15621,0,0
CHEMBL9903,0.20146567,15622,0,0
CHEMBL21386,0.2014284,15623,0,0
CHEMBL4435471,0.20134912,15624,0,0
CHEMBL14354,0.201247,15625,0,0
CHEMBL16008,0.201247,15626,0,0
CHEMBL15494,0.20108633,15627,0,0
CHEMBL29204,0.20108633,15628,0,0
CHEMBL13252,0.20108633,15629,0,0
CHEMBL22058,0.20100898,15630,0,0
CHEMBL17681,0.20097727,15631,0,0
CHEMBL7917,0.20097727,15632,0,0
CHEMBL30738,0.20097727,15633,0,0
CHEMBL22260,0.20092422,15634,0,0
CHEMBL27606,0.20088325,15635,0,0
CHEMBL7116,0.20088325,15636,0,0
CHEMBL23646,0.20078896,15637,0,0
CHEMBL9855,0.20076355,15638,0,0
CHEMBL18477,0.2006406,15639,0,0
CHEMBL39183,0.2006406,15640,0,0
CHEMBL14073,0.2006406,15641,0,0
CHEMBL13649,0.2006406,15642,0,0
CHEMBL40245,0.2006406,15643,0,0
CHEMBL26379,0.2006406,15644,0,0
CHEMBL11065,0.2006406,15645,0,0
CHEMBL39349,0.2006406,15646,0,0
CHEMBL8379,0.2006406,15647,0,0
CHEMBL24019,0.2006406,15648,0,0
CHEMBL7404,0.2006406,15649,0,0
CHEMBL34302,0.2006406,15650,0,0
CHEMBL24869,0.2006406,15651,0,0
CHEMBL3311395,0.2006406,15652,0,0
CHEMBL30956,0.2006406,15653,0,0
CHEMBL13591,0.2006406,15654,0,0
CHEMBL25806,0.2006406,15655,0,0
CHEMBL23108,0.2006406,15656,0,0
CHEMBL25557,0.2006406,15657,0,0
CHEMBL26605,0.2006406,15658,0,0
CHEMBL12878,0.2006406,15659,0,0
CHEMBL29367,0.20045288,15660,0,0
CHEMBL29764,0.2004128,15661,0,0
CHEMBL37071,0.2004128,15662,0,0
CHEMBL29185,0.2004128,15663,0,0
CHEMBL23,0.20040055,15664,0,0
CHEMBL3309637,0.20040055,15665,0,0
CHEMBL35979,0.20040055,15666,0,0
CHEMBL4435562,0.20036879,15667,0,0
CHEMBL41722,0.20030557,15668,0,0
CHEMBL1163513,0.20018288,15669,0,0
CHEMBL3310283,0.20015626,15670,0,0
CHEMBL40979,0.20015626,15671,0,0
CHEMBL38656,0.20013002,15672,0,0
CHEMBL12397,0.20011748,15673,0,0
CHEMBL3310278,0.20009232,15674,0,0
CHEMBL10634,0.20009232,15675,0,0
CHEMBL41542,0.20009232,15676,0,0
CHEMBL26654,0.20001096,15677,0,0
CHEMBL12395,0.19971456,15678,0,0
CHEMBL8471,0.19971456,15679,0,0
CHEMBL11069,0.19971456,15680,0,0
CHEMBL18531,0.19971456,15681,0,0
CHEMBL12809,0.19971456,15682,0,0
CHEMBL35751,0.19971456,15683,0,0
CHEMBL3310338,0.19971456,15684,0,0
CHEMBL30938,0.19971456,15685,0,0
CHEMBL31568,0.19970605,15686,0,0
CHEMBL1163466,0.19970605,15687,0,0
CHEMBL4543519,0.19970605,15688,0,0
CHEMBL22009,0.19970605,15689,0,0
CHEMBL8551,0.19970605,15690,0,0
CHEMBL38070,0.19970605,15691,0,0
CHEMBL37172,0.19970605,15692,0,0
CHEMBL15061,0.19970605,15693,0,0
CHEMBL34023,0.19970605,15694,0,0
CHEMBL18199,0.19970605,15695,0,0
CHEMBL32029,0.19970605,15696,0,0
CHEMBL3311412,0.19970605,15697,0,0
CHEMBL14107,0.19970605,15698,0,0
CHEMBL26718,0.19970605,15699,0,0
CHEMBL25096,0.19970605,15700,0,0
CHEMBL744,0.19970605,15701,0,0
CHEMBL6497,0.19970605,15702,0,0
CHEMBL16790,0.19970605,15703,0,0
CHEMBL25163,0.19970605,15704,0,0
CHEMBL33514,0.19970605,15705,0,0
CHEMBL42425,0.19970605,15706,0,0
CHEMBL16407,0.19970605,15707,0,0
CHEMBL21807,0.19970605,15708,0,0
CHEMBL34633,0.19970605,15709,0,0
CHEMBL29148,0.19970605,15710,0,0
CHEMBL12200,0.19970605,15711,0,0
CHEMBL13575,0.19970605,15712,0,0
CHEMBL17550,0.19970605,15713,0,0
CHEMBL8552,0.19970605,15714,0,0
CHEMBL4435353,0.19970605,15715,0,0
CHEMBL503400,0.19970605,15716,0,0
CHEMBL38204,0.19970605,15717,0,0
CHEMBL23081,0.19970605,15718,0,0
CHEMBL35893,0.19970605,15719,0,0
CHEMBL9879,0.19967958,15720,0,0
CHEMBL4435701,0.1996687,15721,0,0
CHEMBL17389,0.1996687,15722,0,0
CHEMBL23829,0.1996687,15723,0,0
CHEMBL8519,0.1996687,15724,0,0
CHEMBL27670,0.19965602,15725,0,0
CHEMBL10851,0.19965602,15726,0,0
CHEMBL40168,0.19965602,15727,0,0
CHEMBL35944,0.19962025,15728,0,0
CHEMBL20737,0.19954766,15729,0,0
CHEMBL19734,0.1995141,15730,0,0
CHEMBL32587,0.1995141,15731,0,0
CHEMBL31701,0.1995141,15732,0,0
CHEMBL10007,0.1995141,15733,0,0
CHEMBL10330,0.1995141,15734,0,0
CHEMBL9496,0.19948179,15735,0,0
CHEMBL23069,0.1992583,15736,0,0
CHEMBL40762,0.1990928,15737,0,0
CHEMBL25903,0.19896734,15738,0,0
CHEMBL29436,0.1987914,15739,0,0
CHEMBL1163497,0.19865458,15740,0,0
CHEMBL25909,0.19865458,15741,0,0
CHEMBL27097,0.19865458,15742,0,0
CHEMBL15234,0.19865458,15743,0,0
CHEMBL20185,0.19865458,15744,0,0
CHEMBL37957,0.19859487,15745,0,0
CHEMBL21714,0.19859487,15746,0,0
CHEMBL19664,0.19859487,15747,0,0
CHEMBL8464,0.19853896,15748,0,0
CHEMBL52,0.19853896,15749,0,0
CHEMBL11281,0.19853896,15750,0,0
CHEMBL30036,0.19853896,15751,0,0
CHEMBL10937,0.19853896,15752,0,0
CHEMBL35313,0.19853896,15753,0,0
CHEMBL36224,0.19853896,15754,0,0
CHEMBL1163273,0.19853896,15755,0,0
CHEMBL24581,0.19853896,15756,0,0
CHEMBL35041,0.19853896,15757,0,0
CHEMBL26207,0.19853896,15758,0,0
CHEMBL15134,0.19853896,15759,0,0
CHEMBL28621,0.19853896,15760,0,0
CHEMBL11240,0.19853896,15761,0,0
CHEMBL15331,0.19853896,15762,0,0
CHEMBL3309369,0.19853896,15763,0,0
CHEMBL16025,0.19853896,15764,0,0
CHEMBL7558,0.19853896,15765,0,0
CHEMBL4436454,0.19853896,15766,0,0
CHEMBL38325,0.19853896,15767,0,0
CHEMBL26924,0.19853896,15768,0,0
CHEMBL11414,0.19853896,15769,0,0
CHEMBL29421,0.19853896,15770,0,0
CHEMBL27740,0.19853896,15771,0,0
CHEMBL16122,0.19853896,15772,0,0
CHEMBL37346,0.19853896,15773,0,0
CHEMBL14866,0.19846989,15774,0,0
CHEMBL12655,0.19846989,15775,0,0
CHEMBL24800,0.19846989,15776,0,0
CHEMBL4434646,0.19846989,15777,0,0
CHEMBL38772,0.19846989,15778,0,0
CHEMBL7485,0.19846399,15779,0,0
CHEMBL19548,0.19844615,15780,0,0
CHEMBL27460,0.19836402,15781,0,0
CHEMBL18389,0.19824971,15782,0,0
CHEMBL18007,0.19817758,15783,0,0
CHEMBL16878,0.19817758,15784,0,0
CHEMBL12377,0.19817758,15785,0,0
CHEMBL18350,0.19817758,15786,0,0
CHEMBL12373,0.19817758,15787,0,0
CHEMBL43645,0.19817758,15788,0,0
CHEMBL4436075,0.19817758,15789,0,0
CHEMBL38917,0.19817758,15790,0,0
CHEMBL11064,0.19817758,15791,0,0
CHEMBL41394,0.19817758,15792,0,0
CHEMBL14521,0.19817758,15793,0,0
CHEMBL15760,0.19817758,15794,0,0
CHEMBL21942,0.19817758,15795,0,0
CHEMBL10347,0.19817758,15796,0,0
CHEMBL20078,0.19817758,15797,0,0
CHEMBL33807,0.19817758,15798,0,0
CHEMBL37766,0.19817758,15799,0,0
CHEMBL7483,0.19817758,15800,0,0
CHEMBL10897,0.19817758,15801,0,0
CHEMBL13727,0.19817758,15802,0,0
CHEMBL16557,0.19817758,15803,0,0
CHEMBL4434691,0.19817758,15804,0,0
CHEMBL18235,0.19817758,15805,0,0
CHEMBL14033,0.19817758,15806,0,0
CHEMBL35326,0.19817758,15807,0,0
CHEMBL36421,0.19817758,15808,0,0
CHEMBL34027,0.19817758,15809,0,0
CHEMBL17798,0.19817758,15810,0,0
CHEMBL20470,0.19817758,15811,0,0
CHEMBL38537,0.19817758,15812,0,0
CHEMBL18145,0.19817758,15813,0,0
CHEMBL38253,0.19817758,15814,0,0
CHEMBL22978,0.19817758,15815,0,0
CHEMBL18825,0.19817758,15816,0,0
CHEMBL9967,0.19817758,15817,0,0
CHEMBL27731,0.19810006,15818,0,0
CHEMBL33563,0.19810006,15819,0,0
CHEMBL25438,0.19791535,15820,0,0
CHEMBL30536,0.19771074,15821,0,0
CHEMBL3309918,0.19771074,15822,0,0
CHEMBL34530,0.19767007,15823,0,0
CHEMBL30068,0.19765513,15824,0,0
CHEMBL37451,0.19764368,15825,0,0
CHEMBL42100,0.19751604,15826,0,0
CHEMBL28557,0.19739036,15827,0,0
CHEMBL28919,0.19738996,15828,0,0
CHEMBL23935,0.19738996,15829,0,0
CHEMBL27548,0.19738996,15830,0,0
CHEMBL16142,0.19738996,15831,0,0
CHEMBL1091683,0.19738996,15832,0,0
CHEMBL11166,0.19738996,15833,0,0
CHEMBL29762,0.19738996,15834,0,0
CHEMBL35327,0.19738996,15835,0,0
CHEMBL24962,0.19738996,15836,0,0
CHEMBL4543310,0.19738996,15837,0,0
CHEMBL14626,0.19738996,15838,0,0
CHEMBL35210,0.19738996,15839,0,0
CHEMBL7521,0.19738996,15840,0,0
CHEMBL24916,0.19725463,15841,0,0
CHEMBL10375,0.19723652,15842,0,0
CHEMBL18792,0.19721612,15843,0,0
CHEMBL4543430,0.19716293,15844,0,0
CHEMBL6634,0.19716293,15845,0,0
CHEMBL25917,0.19716293,15846,0,0
CHEMBL3311476,0.19710086,15847,0,0
CHEMBL3310899,0.19710086,15848,0,0
CHEMBL16542,0.19710086,15849,0,0
CHEMBL27815,0.19703838,15850,0,0
CHEMBL7424,0.19703838,15851,0,0
CHEMBL27503,0.19703838,15852,0,0
CHEMBL14427,0.19697869,15853,0,0
CHEMBL4435456,0.19690827,15854,0,0
CHEMBL20906,0.19690827,15855,0,0
CHEMBL22340,0.19690827,15856,0,0
CHEMBL9569,0.19690827,15857,0,0
CHEMBL28843,0.19690827,15858,0,0
CHEMBL13552,0.19690827,15859,0,0
CHEMBL23530,0.19690827,15860,0,0
CHEMBL15881,0.19690827,15861,0,0
CHEMBL28655,0.19690827,15862,0,0
CHEMBL15793,0.19690827,15863,0,0
CHEMBL8,0.19690827,15864,0,0
CHEMBL23028,0.19690827,15865,0,0
CHEMBL15219,0.1968923,15866,0,0
CHEMBL4435717,0.19675262,15867,0,0
CHEMBL19114,0.19675262,15868,0,0
CHEMBL40818,0.19675262,15869,0,0
CHEMBL21569,0.19675262,15870,0,0
CHEMBL23005,0.19675262,15871,0,0
CHEMBL7160,0.19669996,15872,0,0
CHEMBL24337,0.19669996,15873,0,0
CHEMBL40554,0.19669996,15874,0,0
CHEMBL4435910,0.19668438,15875,0,0
CHEMBL25808,0.19668438,15876,0,0
CHEMBL40218,0.19668438,15877,0,0
CHEMBL31286,0.19668438,15878,0,0
CHEMBL15386,0.19662613,15879,0,0
CHEMBL36799,0.196546,15880,0,0
CHEMBL41114,0.19652623,15881,0,0
CHEMBL30791,0.1963376,15882,0,0
CHEMBL39118,0.19630542,15883,0,0
CHEMBL24266,0.19621478,15884,0,0
CHEMBL4543539,0.19614281,15885,0,0
CHEMBL11356,0.19602334,15886,0,0
CHEMBL4543375,0.19602334,15887,0,0
CHEMBL6247,0.19602334,15888,0,0
CHEMBL16032,0.19602334,15889,0,0
CHEMBL30971,0.19602334,15890,0,0
CHEMBL4435096,0.19602334,15891,0,0
CHEMBL10141,0.19602334,15892,0,0
CHEMBL29257,0.19602334,15893,0,0
CHEMBL22459,0.19602334,15894,0,0
CHEMBL4435123,0.19602334,15895,0,0
CHEMBL43496,0.19602334,15896,0,0
CHEMBL18018,0.19602334,15897,0,0
CHEMBL26527,0.19602334,15898,0,0
CHEMBL8677,0.19602334,15899,0,0
CHEMBL8860,0.19602334,15900,0,0
CHEMBL1189498,0.19602334,15901,0,0
CHEMBL42956,0.19602334,15902,0,0
CHEMBL3310153,0.19602334,15903,0,0
CHEMBL3309901,0.19602334,15904,0,0
CHEMBL26223,0.19602334,15905,0,0
CHEMBL595820,0.19602334,15906,0,0
CHEMBL19238,0.19602334,15907,0,0
CHEMBL4435249,0.19602334,15908,0,0
CHEMBL38720,0.19602334,15909,0,0
CHEMBL4435234,0.19602334,15910,0,0
CHEMBL28615,0.19602334,15911,0,0
CHEMBL4434654,0.19602334,15912,0,0
CHEMBL14781,0.19602334,15913,0,0
CHEMBL31709,0.19602334,15914,0,0
CHEMBL23649,0.19602334,15915,0,0
CHEMBL34678,0.19602334,15916,0,0
CHEMBL15551,0.19602334,15917,0,0
CHEMBL31265,0.19602334,15918,0,0
CHEMBL21215,0.19602334,15919,0,0
CHEMBL6474,0.19602334,15920,0,0
CHEMBL38977,0.19595264,15921,0,0
CHEMBL29086,0.19595264,15922,0,0
CHEMBL35372,0.19595264,15923,0,0
CHEMBL37903,0.19595242,15924,0,0
CHEMBL26171,0.19595096,15925,0,0
CHEMBL11525,0.19595076,15926,0,0
CHEMBL16592,0.19595076,15927,0,0
CHEMBL10378,0.19591251,15928,0,0
CHEMBL28185,0.19581494,15929,0,0
CHEMBL3309542,0.19581494,15930,0,0
CHEMBL3310653,0.19575277,15931,0,0
CHEMBL41215,0.19575277,15932,0,0
CHEMBL10129,0.19567546,15933,0,0
CHEMBL31005,0.19556943,15934,0,0
CHEMBL3309512,0.19547437,15935,0,0
CHEMBL32064,0.19547437,15936,0,0
CHEMBL41933,0.19539736,15937,0,0
CHEMBL39534,0.19523224,15938,0,0
CHEMBL26788,0.1952155,15939,0,0
CHEMBL22350,0.19502525,15940,0,0
CHEMBL16972,0.19490188,15941,0,0
CHEMBL20954,0.19489637,15942,0,0
CHEMBL34150,0.19489637,15943,0,0
CHEMBL35890,0.19489637,15944,0,0
CHEMBL589524,0.19489637,15945,0,0
CHEMBL21260,0.19489637,15946,0,0
CHEMBL31359,0.19489637,15947,0,0
CHEMBL30233,0.19489637,15948,0,0
CHEMBL13293,0.19489637,15949,0,0
CHEMBL34779,0.19489637,15950,0,0
CHEMBL10652,0.19489637,15951,0,0
CHEMBL12357,0.19489637,15952,0,0
CHEMBL3310058,0.19484256,15953,0,0
CHEMBL21036,0.19484256,15954,0,0
CHEMBL3310632,0.19484256,15955,0,0
CHEMBL3309632,0.19484256,15956,0,0
CHEMBL26421,0.19484256,15957,0,0
CHEMBL34182,0.19484256,15958,0,0
CHEMBL30333,0.19484256,15959,0,0
CHEMBL28826,0.19484256,15960,0,0
CHEMBL7614,0.19484256,15961,0,0
CHEMBL9408,0.1948188,15962,0,0
CHEMBL28863,0.19469579,15963,0,0
CHEMBL10666,0.19469579,15964,0,0
CHEMBL8718,0.19469579,15965,0,0
CHEMBL13260,0.19462919,15966,0,0
CHEMBL32180,0.19462363,15967,0,0
CHEMBL15218,0.19462363,15968,0,0
CHEMBL11552,0.19462363,15969,0,0
CHEMBL15552,0.19462363,15970,0,0
CHEMBL31308,0.19462363,15971,0,0
CHEMBL11924,0.19462363,15972,0,0
CHEMBL8174,0.19462363,15973,0,0
CHEMBL27505,0.19462363,15974,0,0
CHEMBL26715,0.19462363,15975,0,0
CHEMBL28500,0.19462363,15976,0,0
CHEMBL28649,0.19462363,15977,0,0
CHEMBL29515,0.19462363,15978,0,0
CHEMBL7569,0.19462363,15979,0,0
CHEMBL11035,0.19462363,15980,0,0
CHEMBL41433,0.19462363,15981,0,0
CHEMBL4543276,0.19462363,15982,0,0
CHEMBL20534,0.19462363,15983,0,0
CHEMBL26394,0.19462363,15984,0,0
CHEMBL25357,0.19462363,15985,0,0
CHEMBL18028,0.19462363,15986,0,0
CHEMBL18900,0.19462363,15987,0,0
CHEMBL1180192,0.19462363,15988,0,0
CHEMBL36207,0.19462363,15989,0,0
CHEMBL34242,0.19462363,15990,0,0
CHEMBL507207,0.19462363,15991,0,0
CHEMBL24168,0.19454727,15992,0,0
CHEMBL28781,0.1945213,15993,0,0
CHEMBL155374,0.19449846,15994,0,0
CHEMBL28763,0.19449846,15995,0,0
CHEMBL27802,0.19447218,15996,0,0
CHEMBL9933,0.19445601,15997,0,0
CHEMBL28004,0.19445601,15998,0,0
CHEMBL31291,0.19445601,15999,0,0
CHEMBL34560,0.19445601,16000,0,0
CHEMBL36110,0.19431934,16001,0,0
CHEMBL1163448,0.19426392,16002,0,0
CHEMBL8626,0.19424039,16003,0,0
CHEMBL17180,0.19424039,16004,0,0
CHEMBL34478,0.19424039,16005,0,0
CHEMBL36646,0.19424039,16006,0,0
CHEMBL37303,0.19424039,16007,0,0
CHEMBL506,0.19424039,16008,0,0
CHEMBL8629,0.19420615,16009,0,0
CHEMBL11464,0.19399515,16010,0,0
CHEMBL13925,0.19399515,16011,0,0
CHEMBL20735,0.19399515,16012,0,0
CHEMBL33642,0.19399515,16013,0,0
CHEMBL4543235,0.19399373,16014,0,0
CHEMBL412,0.19399373,16015,0,0
CHEMBL36728,0.19399373,16016,0,0
CHEMBL39649,0.19399373,16017,0,0
CHEMBL41338,0.19399373,16018,0,0
CHEMBL39045,0.19399373,16019,0,0
CHEMBL40501,0.19399373,16020,0,0
CHEMBL21132,0.19399373,16021,0,0
CHEMBL6870,0.19399373,16022,0,0
CHEMBL32867,0.19399373,16023,0,0
CHEMBL3310448,0.19399373,16024,0,0
CHEMBL41218,0.19399373,16025,0,0
CHEMBL16373,0.19399373,16026,0,0
CHEMBL25886,0.19399373,16027,0,0
CHEMBL39102,0.19399373,16028,0,0
CHEMBL9212,0.19399373,16029,0,0
CHEMBL43031,0.19399373,16030,0,0
CHEMBL37384,0.19399373,16031,0,0
CHEMBL16294,0.19399373,16032,0,0
CHEMBL8870,0.19399373,16033,0,0
CHEMBL16096,0.19399373,16034,0,0
CHEMBL1163519,0.19399373,16035,0,0
CHEMBL17161,0.19399373,16036,0,0
CHEMBL16078,0.19399373,16037,0,0
CHEMBL4435979,0.19399373,16038,0,0
CHEMBL9873,0.19399373,16039,0,0
CHEMBL10528,0.19399373,16040,0,0
CHEMBL7568,0.19399373,16041,0,0
CHEMBL40439,0.19399373,16042,0,0
CHEMBL12133,0.19399373,16043,0,0
CHEMBL15678,0.19399373,16044,0,0
CHEMBL37652,0.19399373,16045,0,0
CHEMBL11148,0.19399373,16046,0,0
CHEMBL17892,0.19399373,16047,0,0
CHEMBL36054,0.19399373,16048,0,0
CHEMBL4435013,0.19399373,16049,0,0
CHEMBL11622,0.19399373,16050,0,0
CHEMBL3309427,0.19399373,16051,0,0
CHEMBL8819,0.19399373,16052,0,0
CHEMBL21090,0.19399373,16053,0,0
CHEMBL38364,0.19399373,16054,0,0
CHEMBL23449,0.19399373,16055,0,0
CHEMBL7249,0.19399373,16056,0,0
CHEMBL29070,0.19398776,16057,0,0
CHEMBL7528,0.19398776,16058,0,0
CHEMBL14082,0.1939374,16059,0,0
CHEMBL18827,0.19392282,16060,0,0
CHEMBL43643,0.19392282,16061,0,0
CHEMBL500236,0.19392282,16062,0,0
CHEMBL40287,0.19390082,16063,0,0
CHEMBL14621,0.19389421,16064,0,0
CHEMBL4434700,0.19389421,16065,0,0
CHEMBL37320,0.19383717,16066,0,0
CHEMBL1086312,0.19383717,16067,0,0
CHEMBL37215,0.19383717,16068,0,0
CHEMBL40417,0.19383717,16069,0,0
CHEMBL26111,0.19383717,16070,0,0
CHEMBL37466,0.19383717,16071,0,0
CHEMBL40084,0.19383717,16072,0,0
CHEMBL28146,0.19383717,16073,0,0
CHEMBL24287,0.19383717,16074,0,0
CHEMBL39711,0.19383717,16075,0,0
CHEMBL39718,0.19383717,16076,0,0
CHEMBL37151,0.19383717,16077,0,0
CHEMBL19248,0.19378522,16078,0,0
CHEMBL16787,0.19373171,16079,0,0
CHEMBL3310452,0.19367167,16080,0,0
CHEMBL35715,0.19367167,16081,0,0
CHEMBL27317,0.19367167,16082,0,0
CHEMBL38165,0.19367167,16083,0,0
CHEMBL40124,0.19367167,16084,0,0
CHEMBL32324,0.19367167,16085,0,0
CHEMBL36057,0.19367167,16086,0,0
CHEMBL4436138,0.19367167,16087,0,0
CHEMBL24255,0.19367167,16088,0,0
CHEMBL503603,0.19367167,16089,0,0
CHEMBL14312,0.19367167,16090,0,0
CHEMBL503846,0.19367167,16091,0,0
CHEMBL35858,0.19367167,16092,0,0
CHEMBL16391,0.19360074,16093,0,0
CHEMBL25671,0.19354838,16094,0,0
CHEMBL10266,0.19347966,16095,0,0
CHEMBL16672,0.1934597,16096,0,0
CHEMBL14248,0.1934593,16097,0,0
CHEMBL31849,0.19331783,16098,0,0
CHEMBL14851,0.19323204,16099,0,0
CHEMBL7981,0.19323204,16100,0,0
CHEMBL9997,0.19323204,16101,0,0
CHEMBL21178,0.19318381,16102,0,0
CHEMBL1237042,0.19314706,16103,0,0
CHEMBL14181,0.1930239,16104,0,0
CHEMBL4436472,0.1930239,16105,0,0
CHEMBL33083,0.1930239,16106,0,0
CHEMBL12500,0.19287324,16107,0,0
CHEMBL16015,0.19282706,16108,0,0
CHEMBL10211,0.19280766,16109,0,0
CHEMBL36819,0.19272901,16110,0,0
CHEMBL41075,0.19272119,16111,0,0
CHEMBL4436369,0.19268182,16112,0,0
CHEMBL10289,0.19256766,16113,0,0
CHEMBL12434,0.19256766,16114,0,0
CHEMBL40756,0.19245346,16115,0,0
CHEMBL31725,0.19245346,16116,0,0
CHEMBL14476,0.19242072,16117,0,0
CHEMBL500627,0.19233586,16118,0,0
CHEMBL14657,0.19224757,16119,0,0
CHEMBL15975,0.19221865,16120,0,0
CHEMBL13607,0.19211908,16121,0,0
CHEMBL14531,0.19209373,16122,0,0
CHEMBL20709,0.19209373,16123,0,0
CHEMBL10510,0.19205849,16124,0,0
CHEMBL25908,0.1920226,16125,0,0
CHEMBL22883,0.1920226,16126,0,0
CHEMBL4435389,0.1920226,16127,0,0
CHEMBL39702,0.1920226,16128,0,0
CHEMBL11874,0.1920226,16129,0,0
CHEMBL35126,0.1920226,16130,0,0
CHEMBL23375,0.1920226,16131,0,0
CHEMBL1229187,0.1920226,16132,0,0
CHEMBL4435974,0.1920226,16133,0,0
CHEMBL34725,0.1920226,16134,0,0
CHEMBL444231,0.1920226,16135,0,0
CHEMBL23800,0.1920226,16136,0,0
CHEMBL32915,0.1920226,16137,0,0
CHEMBL17814,0.1920226,16138,0,0
CHEMBL13312,0.1920226,16139,0,0
CHEMBL6877,0.1920226,16140,0,0
CHEMBL28658,0.1920226,16141,0,0
CHEMBL8693,0.1920226,16142,0,0
CHEMBL39204,0.1920226,16143,0,0
CHEMBL36746,0.1920226,16144,0,0
CHEMBL4435549,0.1920226,16145,0,0
CHEMBL18987,0.1920226,16146,0,0
CHEMBL28736,0.1920226,16147,0,0
CHEMBL6353,0.1920226,16148,0,0
CHEMBL41451,0.1920226,16149,0,0
CHEMBL31555,0.19195315,16150,0,0
CHEMBL42099,0.19194268,16151,0,0
CHEMBL30152,0.19158334,16152,0,0
CHEMBL42690,0.19155937,16153,0,0
CHEMBL29861,0.19155937,16154,0,0
CHEMBL26998,0.19155937,16155,0,0
CHEMBL56,0.19155937,16156,0,0
CHEMBL16726,0.19155937,16157,0,0
CHEMBL18872,0.1915228,16158,0,0
CHEMBL41981,0.19148277,16159,0,0
CHEMBL25731,0.19148077,16160,0,0
CHEMBL33808,0.19144848,16161,0,0
CHEMBL32523,0.19144848,16162,0,0
CHEMBL28165,0.19144848,16163,0,0
CHEMBL4436502,0.19144848,16164,0,0
CHEMBL417,0.19144848,16165,0,0
CHEMBL84,0.19144848,16166,0,0
CHEMBL36621,0.19144848,16167,0,0
CHEMBL37867,0.19144848,16168,0,0
CHEMBL442894,0.19144848,16169,0,0
CHEMBL39393,0.19144848,16170,0,0
CHEMBL499563,0.19144848,16171,0,0
CHEMBL40899,0.19144848,16172,0,0
CHEMBL38520,0.1914434,16173,0,0
CHEMBL10865,0.1914434,16174,0,0
CHEMBL36712,0.1914434,16175,0,0
CHEMBL38841,0.1914434,16176,0,0
CHEMBL4436480,0.19134216,16177,0,0
CHEMBL24549,0.19130519,16178,0,0
CHEMBL36978,0.19118457,16179,0,0
CHEMBL21303,0.19107263,16180,0,0
CHEMBL29907,0.19104613,16181,0,0
CHEMBL22418,0.19075862,16182,0,0
CHEMBL4435024,0.19075862,16183,0,0
CHEMBL20907,0.19074583,16184,0,0
CHEMBL17598,0.19074583,16185,0,0
CHEMBL29500,0.1906731,16186,0,0
CHEMBL36286,0.19059005,16187,0,0
CHEMBL34313,0.19059005,16188,0,0
CHEMBL25316,0.19059005,16189,0,0
CHEMBL21769,0.19046177,16190,0,0
CHEMBL18609,0.19018425,16191,0,0
CHEMBL20233,0.19018425,16192,0,0
CHEMBL29159,0.19018425,16193,0,0
CHEMBL4436229,0.19016793,16194,0,0
CHEMBL25861,0.19011164,16195,0,0
CHEMBL17739,0.19011164,16196,0,0
CHEMBL6274,0.19011164,16197,0,0
CHEMBL22205,0.19011164,16198,0,0
CHEMBL30437,0.19010097,16199,0,0
CHEMBL7037,0.19010097,16200,0,0
CHEMBL24014,0.19010097,16201,0,0
CHEMBL10858,0.189986,16202,0,0
CHEMBL22949,0.18997724,16203,0,0
CHEMBL3310137,0.18997066,16204,0,0
CHEMBL9966,0.18992992,16205,0,0
CHEMBL28841,0.18983667,16206,0,0
CHEMBL4553636,0.18965006,16207,0,0
CHEMBL35336,0.18955198,16208,0,0
CHEMBL22638,0.18955198,16209,0,0
CHEMBL540195,0.18955198,16210,0,0
CHEMBL264521,0.18953107,16211,0,0
CHEMBL24121,0.18951677,16212,0,0
CHEMBL9175,0.18951677,16213,0,0
CHEMBL27045,0.18951677,16214,0,0
CHEMBL12724,0.18951677,16215,0,0
CHEMBL36144,0.18951677,16216,0,0
CHEMBL14695,0.18951677,16217,0,0
CHEMBL37995,0.18951677,16218,0,0
CHEMBL8613,0.18951677,16219,0,0
CHEMBL16347,0.18949726,16220,0,0
CHEMBL38162,0.18949556,16221,0,0
CHEMBL23990,0.18948786,16222,0,0
CHEMBL16582,0.1894736,16223,0,0
CHEMBL7393,0.1894736,16224,0,0
CHEMBL21358,0.1894736,16225,0,0
CHEMBL22274,0.1894736,16226,0,0
CHEMBL4434776,0.1894736,16227,0,0
CHEMBL15150,0.1894736,16228,0,0
CHEMBL23485,0.18938708,16229,0,0
CHEMBL29191,0.18924512,16230,0,0
CHEMBL28837,0.18913281,16231,0,0
CHEMBL15233,0.1891308,16232,0,0
CHEMBL16167,0.18912698,16233,0,0
CHEMBL33108,0.18911068,16234,0,0
CHEMBL14258,0.1890609,16235,0,0
CHEMBL27397,0.1890609,16236,0,0
CHEMBL24356,0.18902732,16237,0,0
CHEMBL32998,0.18902732,16238,0,0
CHEMBL10445,0.18902732,16239,0,0
CHEMBL36099,0.18900292,16240,0,0
CHEMBL28336,0.18882766,16241,0,0
CHEMBL4436338,0.18877701,16242,0,0
CHEMBL11244,0.18877701,16243,0,0
CHEMBL8539,0.18874836,16244,0,0
CHEMBL8451,0.18874836,16245,0,0
CHEMBL26509,0.18874836,16246,0,0
CHEMBL25431,0.1887194,16247,0,0
CHEMBL41305,0.18869133,16248,0,0
CHEMBL38702,0.18869133,16249,0,0
CHEMBL504237,0.18869133,16250,0,0
CHEMBL10861,0.18866503,16251,0,0
CHEMBL30029,0.18866503,16252,0,0
CHEMBL16610,0.18865994,16253,0,0
CHEMBL3310442,0.18865994,16254,0,0
CHEMBL29691,0.18865994,16255,0,0
CHEMBL30851,0.18858926,16256,0,0
CHEMBL14862,0.18858926,16257,0,0
CHEMBL24091,0.18858926,16258,0,0
CHEMBL10474,0.18858926,16259,0,0
CHEMBL33080,0.18856078,16260,0,0
CHEMBL33534,0.18856078,16261,0,0
CHEMBL17476,0.18846759,16262,0,0
CHEMBL6252,0.18842232,16263,0,0
CHEMBL38280,0.18839261,16264,0,0
CHEMBL34389,0.18839261,16265,0,0
CHEMBL3310586,0.18839261,16266,0,0
CHEMBL3310527,0.18839261,16267,0,0
CHEMBL35779,0.1881356,16268,0,0
CHEMBL590981,0.18807346,16269,0,0
CHEMBL35827,0.18805347,16270,0,0
CHEMBL4543196,0.18803014,16271,0,0
CHEMBL20052,0.1879564,16272,0,0
CHEMBL130,0.1879564,16273,0,0
CHEMBL24930,0.1879564,16274,0,0
CHEMBL8953,0.18786407,16275,0,0
CHEMBL17086,0.18786407,16276,0,0
CHEMBL41809,0.18779972,16277,0,0
CHEMBL29397,0.18779972,16278,0,0
CHEMBL4435021,0.18777563,16279,0,0
CHEMBL26933,0.18777563,16280,0,0
CHEMBL35395,0.18777563,16281,0,0
CHEMBL19420,0.18777563,16282,0,0
CHEMBL13201,0.18775775,16283,0,0
CHEMBL13172,0.18775775,16284,0,0
CHEMBL3310107,0.18775286,16285,0,0
CHEMBL37650,0.18768851,16286,0,0
CHEMBL23725,0.18759362,16287,0,0
CHEMBL7693,0.18759362,16288,0,0
CHEMBL35306,0.1874679,16289,0,0
CHEMBL41963,0.1874679,16290,0,0
CHEMBL4116109,0.18743576,16291,0,0
CHEMBL1172204,0.18730259,16292,0,0
CHEMBL32831,0.18730259,16293,0,0
CHEMBL15045,0.18730259,16294,0,0
CHEMBL23114,0.18725821,16295,0,0
CHEMBL26759,0.18718551,16296,0,0
CHEMBL26425,0.18699956,16297,0,0
CHEMBL12330,0.18699956,16298,0,0
CHEMBL4436030,0.18696965,16299,0,0
CHEMBL8486,0.18692508,16300,0,0
CHEMBL15906,0.18692508,16301,0,0
CHEMBL21691,0.18692076,16302,0,0
CHEMBL22188,0.18689695,16303,0,0
CHEMBL9520,0.18689695,16304,0,0
CHEMBL12895,0.18689695,16305,0,0
CHEMBL39872,0.18689695,16306,0,0
CHEMBL23447,0.18667011,16307,0,0
CHEMBL15040,0.18667011,16308,0,0
CHEMBL27550,0.18667011,16309,0,0
CHEMBL6502,0.18667011,16310,0,0
CHEMBL25817,0.18667011,16311,0,0
CHEMBL28196,0.18667011,16312,0,0
CHEMBL4434644,0.18667011,16313,0,0
CHEMBL26749,0.18667011,16314,0,0
CHEMBL9764,0.18667011,16315,0,0
CHEMBL32130,0.18667011,16316,0,0
CHEMBL18169,0.18667011,16317,0,0
CHEMBL41780,0.18667011,16318,0,0
CHEMBL3310622,0.18667011,16319,0,0
CHEMBL34926,0.1864738,16320,0,0
CHEMBL14939,0.18632269,16321,0,0
CHEMBL4434980,0.18632269,16322,0,0
CHEMBL30953,0.18632269,16323,0,0
CHEMBL544585,0.18632269,16324,0,0
CHEMBL10939,0.18632269,16325,0,0
CHEMBL9173,0.18632269,16326,0,0
CHEMBL32938,0.18632269,16327,0,0
CHEMBL33850,0.18632269,16328,0,0
CHEMBL507764,0.18632269,16329,0,0
CHEMBL15706,0.1862661,16330,0,0
CHEMBL17462,0.1862661,16331,0,0
CHEMBL3310358,0.18623082,16332,0,0
CHEMBL3310116,0.18611301,16333,0,0
CHEMBL7437,0.18597956,16334,0,0
CHEMBL553908,0.18597792,16335,0,0
CHEMBL28129,0.18577293,16336,0,0
CHEMBL14914,0.1857445,16337,0,0
CHEMBL30435,0.1857445,16338,0,0
CHEMBL22967,0.1857445,16339,0,0
CHEMBL28683,0.18570834,16340,0,0
CHEMBL1237068,0.18570834,16341,0,0
CHEMBL35774,0.18570834,16342,0,0
CHEMBL9769,0.18567227,16343,0,0
CHEMBL34506,0.1855951,16344,0,0
CHEMBL29513,0.1855951,16345,0,0
CHEMBL19162,0.1855951,16346,0,0
CHEMBL3310326,0.1855951,16347,0,0
CHEMBL42878,0.1855951,16348,0,0
CHEMBL15353,0.1855951,16349,0,0
CHEMBL36297,0.1855951,16350,0,0
CHEMBL13272,0.1855951,16351,0,0
CHEMBL11282,0.18554763,16352,0,0
CHEMBL27078,0.18554763,16353,0,0
CHEMBL6413,0.18554763,16354,0,0
CHEMBL21720,0.18554763,16355,0,0
CHEMBL3310968,0.18554763,16356,0,0
CHEMBL15007,0.18550423,16357,0,0
CHEMBL14584,0.18546009,16358,0,0
CHEMBL35810,0.18546009,16359,0,0
CHEMBL13157,0.18546009,16360,0,0
CHEMBL37750,0.18546009,16361,0,0
CHEMBL30145,0.18546009,16362,0,0
CHEMBL17888,0.18546009,16363,0,0
CHEMBL3310081,0.18546009,16364,0,0
CHEMBL40994,0.18546009,16365,0,0
CHEMBL11077,0.18546009,16366,0,0
CHEMBL40698,0.18546009,16367,0,0
CHEMBL18065,0.18546009,16368,0,0
CHEMBL10335,0.18546009,16369,0,0
CHEMBL40478,0.18546009,16370,0,0
CHEMBL40155,0.1854247,16371,0,0
CHEMBL523,0.1854247,16372,0,0
CHEMBL26203,0.18540955,16373,0,0
CHEMBL22685,0.18539424,16374,0,0
CHEMBL14875,0.18539424,16375,0,0
CHEMBL22190,0.18539424,16376,0,0
CHEMBL31035,0.18539424,16377,0,0
CHEMBL29814,0.18539424,16378,0,0
CHEMBL39570,0.18539424,16379,0,0
CHEMBL30393,0.18539424,16380,0,0
CHEMBL25792,0.18539424,16381,0,0
CHEMBL41610,0.18539424,16382,0,0
CHEMBL14524,0.18539424,16383,0,0
CHEMBL10200,0.18521768,16384,0,0
CHEMBL19802,0.18518214,16385,0,0
CHEMBL10252,0.18497102,16386,0,0
CHEMBL12432,0.18497102,16387,0,0
CHEMBL37047,0.18485314,16388,0,0
CHEMBL41776,0.18482244,16389,0,0
CHEMBL37986,0.18482244,16390,0,0
CHEMBL14750,0.18482244,16391,0,0
CHEMBL37149,0.18482244,16392,0,0
CHEMBL27209,0.18482244,16393,0,0
CHEMBL7339,0.18481043,16394,0,0
CHEMBL32288,0.18480276,16395,0,0
CHEMBL584766,0.18480276,16396,0,0
CHEMBL11171,0.18475246,16397,0,0
CHEMBL21089,0.18466565,16398,0,0
CHEMBL37457,0.18466565,16399,0,0
CHEMBL17718,0.18466565,16400,0,0
CHEMBL26154,0.18466565,16401,0,0
CHEMBL265282,0.18466565,16402,0,0
CHEMBL27137,0.18458614,16403,0,0
CHEMBL17848,0.18458614,16404,0,0
CHEMBL18803,0.18458082,16405,0,0
CHEMBL9074,0.18458082,16406,0,0
CHEMBL4436326,0.18458082,16407,0,0
CHEMBL15458,0.18458082,16408,0,0
CHEMBL25114,0.18458082,16409,0,0
CHEMBL28406,0.18458082,16410,0,0
CHEMBL3311029,0.18458082,16411,0,0
CHEMBL29469,0.18458082,16412,0,0
CHEMBL15714,0.18458082,16413,0,0
CHEMBL41514,0.18458082,16414,0,0
CHEMBL37935,0.18458082,16415,0,0
CHEMBL22940,0.18458082,16416,0,0
CHEMBL38136,0.1845177,16417,0,0
CHEMBL3310046,0.18450566,16418,0,0
CHEMBL14821,0.18450566,16419,0,0
CHEMBL22695,0.18447521,16420,0,0
CHEMBL3309508,0.18444778,16421,0,0
CHEMBL26921,0.1844436,16422,0,0
CHEMBL495,0.18444206,16423,0,0
CHEMBL21009,0.18444206,16424,0,0
CHEMBL8039,0.18444206,16425,0,0
CHEMBL31735,0.18444206,16426,0,0
CHEMBL37556,0.18444206,16427,0,0
CHEMBL42027,0.18444206,16428,0,0
CHEMBL36537,0.18428186,16429,0,0
CHEMBL33800,0.18428186,16430,0,0
CHEMBL17606,0.18427779,16431,0,0
CHEMBL35009,0.1842287,16432,0,0
CHEMBL40251,0.18421434,16433,0,0
CHEMBL27194,0.18419854,16434,0,0
CHEMBL35798,0.1841418,16435,0,0
CHEMBL28527,0.1841418,16436,0,0
CHEMBL30074,0.1841418,16437,0,0
CHEMBL19982,0.1841418,16438,0,0
CHEMBL7089,0.1841418,16439,0,0
CHEMBL19492,0.1841418,16440,0,0
CHEMBL9598,0.1841418,16441,0,0
CHEMBL29533,0.1841418,16442,0,0
CHEMBL25097,0.1841418,16443,0,0
CHEMBL6524,0.1841418,16444,0,0
CHEMBL26340,0.1841418,16445,0,0
CHEMBL23029,0.1841418,16446,0,0
CHEMBL27107,0.1841418,16447,0,0
CHEMBL38396,0.1841418,16448,0,0
CHEMBL7044,0.1841418,16449,0,0
CHEMBL16928,0.1841418,16450,0,0
CHEMBL24662,0.1841418,16451,0,0
CHEMBL4436117,0.1841418,16452,0,0
CHEMBL23128,0.1841418,16453,0,0
CHEMBL19109,0.1841418,16454,0,0
CHEMBL611973,0.1841418,16455,0,0
CHEMBL1237049,0.1841418,16456,0,0
CHEMBL24999,0.1841418,16457,0,0
CHEMBL23816,0.1841418,16458,0,0
CHEMBL4434667,0.1841418,16459,0,0
CHEMBL27140,0.1841418,16460,0,0
CHEMBL4435213,0.1841418,16461,0,0
CHEMBL12051,0.1841418,16462,0,0
CHEMBL17047,0.1841418,16463,0,0
CHEMBL584197,0.1841418,16464,0,0
CHEMBL4435987,0.1841418,16465,0,0
CHEMBL26067,0.1841418,16466,0,0
CHEMBL22811,0.1841418,16467,0,0
CHEMBL7148,0.1841418,16468,0,0
CHEMBL24437,0.1841418,16469,0,0
CHEMBL29409,0.1841418,16470,0,0
CHEMBL41984,0.1841418,16471,0,0
CHEMBL15195,0.1841418,16472,0,0
CHEMBL32211,0.1841418,16473,0,0
CHEMBL19157,0.1841418,16474,0,0
CHEMBL40535,0.1841418,16475,0,0
CHEMBL24021,0.1841418,16476,0,0
CHEMBL21029,0.1841418,16477,0,0
CHEMBL7248,0.1841418,16478,0,0
CHEMBL27496,0.1841418,16479,0,0
CHEMBL36714,0.1841418,16480,0,0
CHEMBL3310045,0.1841418,16481,0,0
CHEMBL6743,0.1841418,16482,0,0
CHEMBL29920,0.1841418,16483,0,0
CHEMBL25985,0.1841418,16484,0,0
CHEMBL29942,0.1841418,16485,0,0
CHEMBL25856,0.1841418,16486,0,1
CHEMBL37612,0.1841418,16487,0,0
CHEMBL28099,0.1841418,16488,0,0
CHEMBL4435014,0.1841418,16489,0,0
CHEMBL30616,0.1841418,16490,0,0
CHEMBL29133,0.1841418,16491,0,0
CHEMBL11558,0.1841418,16492,0,0
CHEMBL42398,0.1841418,16493,0,0
CHEMBL12531,0.1841418,16494,0,0
CHEMBL15775,0.1841418,16495,0,0
CHEMBL37623,0.1841418,16496,0,0
CHEMBL14807,0.1841418,16497,0,0
CHEMBL8541,0.1841418,16498,0,0
CHEMBL21212,0.1841418,16499,0,0
CHEMBL9842,0.1841418,16500,0,0
CHEMBL22941,0.1841418,16501,0,0
CHEMBL15389,0.1841418,16502,0,0
CHEMBL3309880,0.1841418,16503,0,0
CHEMBL12579,0.1841418,16504,0,0
CHEMBL6555,0.1841418,16505,0,0
CHEMBL35503,0.1841418,16506,0,0
CHEMBL21403,0.1841418,16507,0,0
CHEMBL39770,0.1841418,16508,0,0
CHEMBL13005,0.18411696,16509,0,0
CHEMBL36375,0.18411161,16510,0,0
CHEMBL37286,0.18405746,16511,0,0
CHEMBL22917,0.1839533,16512,0,0
CHEMBL16030,0.1839533,16513,0,0
CHEMBL14609,0.18390371,16514,0,0
CHEMBL17911,0.18388201,16515,0,0
CHEMBL21711,0.18379956,16516,0,0
CHEMBL22640,0.18379956,16517,0,0
CHEMBL24462,0.18379956,16518,0,0
CHEMBL15608,0.18379956,16519,0,0
CHEMBL27934,0.18379956,16520,0,0
CHEMBL17628,0.18379956,16521,0,0
CHEMBL32584,0.18379956,16522,0,0
CHEMBL32449,0.18379956,16523,0,0
CHEMBL29522,0.18379956,16524,0,0
CHEMBL11547,0.18379956,16525,0,0
CHEMBL12763,0.18379956,16526,0,0
CHEMBL15598,0.18379956,16527,0,0
CHEMBL8992,0.18379956,16528,0,0
CHEMBL39165,0.18379956,16529,0,0
CHEMBL6789,0.18379956,16530,0,0
CHEMBL37946,0.18379956,16531,0,0
CHEMBL13775,0.18379956,16532,0,0
CHEMBL27592,0.18379956,16533,0,0
CHEMBL8124,0.18379956,16534,0,0
CHEMBL25054,0.18379956,16535,0,0
CHEMBL22239,0.18379956,16536,0,0
CHEMBL23839,0.18365233,16537,0,0
CHEMBL18474,0.18362318,16538,0,0
CHEMBL12779,0.18350902,16539,0,0
CHEMBL16374,0.18348637,16540,0,0
CHEMBL9309,0.18348448,16541,0,0
CHEMBL4434663,0.18340033,16542,0,0
CHEMBL20381,0.18340033,16543,0,0
CHEMBL17890,0.18332662,16544,0,0
CHEMBL11815,0.18325135,16545,0,0
CHEMBL36654,0.18319696,16546,0,0
CHEMBL34911,0.18318255,16547,0,0
CHEMBL16678,0.18311127,16548,0,0
CHEMBL36274,0.1829316,16549,0,0
CHEMBL21719,0.18248586,16550,0,0
CHEMBL3310115,0.18246123,16551,0,0
CHEMBL21794,0.1824582,16552,0,0
CHEMBL36467,0.18235631,16553,0,0
CHEMBL28207,0.18235631,16554,0,0
CHEMBL36689,0.1823407,16555,0,0
CHEMBL36304,0.1823407,16556,0,0
CHEMBL41794,0.1823407,16557,0,0
CHEMBL27520,0.1823407,16558,0,0
CHEMBL27080,0.1823407,16559,0,0
CHEMBL18060,0.1823407,16560,0,0
CHEMBL42182,0.1823407,16561,0,0
CHEMBL4560001,0.1823407,16562,0,0
CHEMBL25937,0.1823407,16563,0,0
CHEMBL33238,0.18211275,16564,0,0
CHEMBL39846,0.18211275,16565,0,0
CHEMBL3310080,0.18211275,16566,0,0
CHEMBL18788,0.18211275,16567,0,0
CHEMBL18488,0.18211275,16568,0,0
CHEMBL4436040,0.18211275,16569,0,0
CHEMBL29498,0.1820596,16570,0,0
CHEMBL26057,0.18203793,16571,0,0
CHEMBL39708,0.18202136,16572,0,0
CHEMBL30844,0.18201432,16573,0,0
CHEMBL27602,0.18201432,16574,0,0
CHEMBL27511,0.18198465,16575,0,0
CHEMBL13117,0.18193072,16576,0,0
CHEMBL27535,0.18182632,16577,0,0
CHEMBL18189,0.18182632,16578,0,0
CHEMBL39548,0.18181916,16579,0,0
CHEMBL31687,0.18179232,16580,0,0
CHEMBL25445,0.18174618,16581,0,0
CHEMBL4559979,0.18171103,16582,0,0
CHEMBL4543455,0.18171103,16583,0,0
CHEMBL29092,0.18171103,16584,0,0
CHEMBL10480,0.18165134,16585,0,0
CHEMBL29341,0.18165134,16586,0,0
CHEMBL13813,0.18164505,16587,0,0
CHEMBL4434676,0.1815594,16588,0,0
CHEMBL30075,0.18153395,16589,0,0
CHEMBL8198,0.18153395,16590,0,0
CHEMBL4116133,0.18151703,16591,0,0
CHEMBL12328,0.18151703,16592,0,0
CHEMBL1163491,0.1815162,16593,0,0
CHEMBL22509,0.1815162,16594,0,0
CHEMBL26910,0.18130223,16595,0,0
CHEMBL33672,0.18130223,16596,0,0
CHEMBL21068,0.18130223,16597,0,0
CHEMBL15973,0.18130223,16598,0,0
CHEMBL3309786,0.18130223,16599,0,0
CHEMBL21659,0.18130223,16600,0,0
CHEMBL21376,0.18116929,16601,0,0
CHEMBL3310086,0.18116929,16602,0,0
CHEMBL13118,0.18116929,16603,0,0
CHEMBL28569,0.18116929,16604,0,0
CHEMBL4434769,0.18115427,16605,0,0
CHEMBL26024,0.18114546,16606,0,0
CHEMBL1195488,0.181127,16607,0,0
CHEMBL4553172,0.18108745,16608,0,0
CHEMBL4436145,0.18093406,16609,0,0
CHEMBL10458,0.18093406,16610,0,0
CHEMBL42978,0.18071137,16611,0,0
CHEMBL14397,0.18071137,16612,0,0
CHEMBL39446,0.18071137,16613,0,0
CHEMBL13234,0.18066351,16614,0,0
CHEMBL28053,0.18066351,16615,0,0
CHEMBL451,0.18063979,16616,0,0
CHEMBL36983,0.18063979,16617,0,0
CHEMBL24110,0.18063979,16618,0,0
CHEMBL1163501,0.18063979,16619,0,0
CHEMBL21687,0.18063979,16620,0,0
CHEMBL588329,0.18063979,16621,0,0
CHEMBL20079,0.18059452,16622,0,0
CHEMBL20681,0.18056071,16623,0,0
CHEMBL8847,0.18056071,16624,0,0
CHEMBL21550,0.18056071,16625,0,0
CHEMBL1163478,0.18056071,16626,0,0
CHEMBL154609,0.18054895,16627,0,0
CHEMBL37323,0.18044423,16628,0,0
CHEMBL4435244,0.18020754,16629,0,0
CHEMBL9291,0.18020754,16630,0,0
CHEMBL23777,0.18018068,16631,0,0
CHEMBL18876,0.180161,16632,0,0
CHEMBL18343,0.180161,16633,0,0
CHEMBL8548,0.180161,16634,0,0
CHEMBL26023,0.180161,16635,0,0
CHEMBL498936,0.180161,16636,0,0
CHEMBL38615,0.18002519,16637,0,0
CHEMBL23285,0.17996724,16638,0,0
CHEMBL11564,0.17996724,16639,0,0
CHEMBL18507,0.17988299,16640,0,0
CHEMBL4435634,0.17977789,16641,0,0
CHEMBL33091,0.17966618,16642,0,0
CHEMBL25451,0.17966618,16643,0,0
CHEMBL25725,0.17966618,16644,0,0
CHEMBL21138,0.17951551,16645,0,0
CHEMBL18210,0.17951412,16646,0,0
CHEMBL12354,0.17919412,16647,0,0
CHEMBL27922,0.17902851,16648,0,0
CHEMBL20983,0.17895941,16649,0,0
CHEMBL1163510,0.17890881,16650,0,0
CHEMBL24776,0.17883028,16651,0,0
CHEMBL16735,0.178802,16652,0,0
CHEMBL11566,0.178802,16653,0,0
CHEMBL4435984,0.178802,16654,0,0
CHEMBL33662,0.178802,16655,0,0
CHEMBL21436,0.178802,16656,0,0
CHEMBL505285,0.17875499,16657,0,0
CHEMBL28512,0.17873259,16658,0,0
CHEMBL7309,0.17873259,16659,0,0
CHEMBL40361,0.1786322,16660,0,0
CHEMBL24499,0.17851889,16661,0,0
CHEMBL13412,0.17851889,16662,0,0
CHEMBL36636,0.17851889,16663,0,0
CHEMBL15140,0.17837103,16664,0,0
CHEMBL10539,0.17836756,16665,0,0
CHEMBL26501,0.17834337,16666,0,0
CHEMBL40350,0.17819655,16667,0,0
CHEMBL1163182,0.17815271,16668,0,0
CHEMBL3310296,0.178078,16669,0,0
CHEMBL38490,0.17782861,16670,0,0
CHEMBL21517,0.17761862,16671,0,0
CHEMBL10519,0.1776076,16672,0,0
CHEMBL20198,0.17759709,16673,0,0
CHEMBL33169,0.17759617,16674,0,0
CHEMBL34105,0.17759617,16675,0,0
CHEMBL19635,0.17759617,16676,0,0
CHEMBL25409,0.17759617,16677,0,0
CHEMBL15575,0.17759617,16678,0,0
CHEMBL5,0.17759617,16679,0,0
CHEMBL18768,0.17759617,16680,0,0
CHEMBL30771,0.17759617,16681,0,0
CHEMBL27919,0.17759617,16682,0,0
CHEMBL33474,0.17759617,16683,0,0
CHEMBL27679,0.17759617,16684,0,0
CHEMBL25208,0.17759617,16685,0,0
CHEMBL19170,0.17759617,16686,0,0
CHEMBL26693,0.17759617,16687,0,0
CHEMBL29243,0.17759617,16688,0,0
CHEMBL610765,0.1775947,16689,0,0
CHEMBL33443,0.1775947,16690,0,0
CHEMBL33346,0.1775947,16691,0,0
CHEMBL36748,0.17738575,16692,0,0
CHEMBL154789,0.17727959,16693,0,0
CHEMBL31839,0.17725287,16694,0,0
CHEMBL31063,0.17712517,16695,0,0
CHEMBL19650,0.17710984,16696,0,0
CHEMBL35325,0.17708172,16697,0,0
CHEMBL12938,0.17700787,16698,0,0
CHEMBL3310324,0.17700312,16699,0,0
CHEMBL29572,0.17698254,16700,0,0
CHEMBL31249,0.17698254,16701,0,0
CHEMBL23261,0.17698254,16702,0,0
CHEMBL35720,0.17698254,16703,0,0
CHEMBL42713,0.17698254,16704,0,0
CHEMBL11672,0.17698254,16705,0,0
CHEMBL30047,0.17698254,16706,0,0
CHEMBL12201,0.17694336,16707,0,0
CHEMBL24694,0.1768687,16708,0,0
CHEMBL15016,0.1768687,16709,0,0
CHEMBL3309498,0.1768687,16710,0,0
CHEMBL38028,0.1768687,16711,0,0
CHEMBL39698,0.17677979,16712,0,0
CHEMBL34124,0.17671292,16713,0,0
CHEMBL37408,0.1766398,16714,0,0
CHEMBL14566,0.17662199,16715,0,0
CHEMBL3310175,0.17661579,16716,0,0
CHEMBL38510,0.17661579,16717,0,0
CHEMBL19921,0.17653428,16718,0,0
CHEMBL14237,0.17650142,16719,0,0
CHEMBL10840,0.17645551,16720,0,0
CHEMBL33289,0.17645551,16721,0,0
CHEMBL25718,0.17645551,16722,0,0
CHEMBL35523,0.17645551,16723,0,0
CHEMBL21885,0.17645551,16724,0,0
CHEMBL10285,0.17645551,16725,0,0
CHEMBL25166,0.17645551,16726,0,0
CHEMBL18101,0.17645551,16727,0,0
CHEMBL31235,0.17644383,16728,0,0
CHEMBL12636,0.17644274,16729,0,0
CHEMBL16350,0.17644274,16730,0,0
CHEMBL6448,0.176418,16731,0,0
CHEMBL28456,0.17633928,16732,0,0
CHEMBL20840,0.17620918,16733,0,0
CHEMBL22942,0.17620918,16734,0,0
CHEMBL4543454,0.17620918,16735,0,0
CHEMBL20147,0.17620285,16736,0,0
CHEMBL40140,0.17620285,16737,0,0
CHEMBL11803,0.1760387,16738,0,0
CHEMBL4434986,0.1760387,16739,0,0
CHEMBL11901,0.1760387,16740,0,0
CHEMBL38923,0.1760387,16741,0,0
CHEMBL22179,0.1760387,16742,0,0
CHEMBL7071,0.1760387,16743,0,0
CHEMBL17776,0.1760387,16744,0,0
CHEMBL4553617,0.17593662,16745,0,0
CHEMBL38511,0.17593662,16746,0,0
CHEMBL10768,0.17593662,16747,0,0
CHEMBL9011,0.1758881,16748,0,0
CHEMBL4436189,0.17588371,16749,0,0
CHEMBL42328,0.17588371,16750,0,0
CHEMBL37698,0.17588371,16751,0,0
CHEMBL3309501,0.17588371,16752,0,0
CHEMBL4435694,0.17588371,16753,0,0
CHEMBL29548,0.17588371,16754,0,0
CHEMBL30724,0.17588371,16755,0,0
CHEMBL9749,0.17588371,16756,0,0
CHEMBL42121,0.17588371,16757,0,0
CHEMBL14667,0.17588371,16758,0,0
CHEMBL24230,0.17588371,16759,0,0
CHEMBL11317,0.17588371,16760,0,0
CHEMBL4116155,0.17588371,16761,0,0
CHEMBL4435039,0.17588371,16762,0,0
CHEMBL37301,0.17588371,16763,0,0
CHEMBL12815,0.17588371,16764,0,0
CHEMBL3309867,0.17588371,16765,0,0
CHEMBL14926,0.17588371,16766,0,0
CHEMBL17617,0.17588371,16767,0,0
CHEMBL29805,0.17588371,16768,0,0
CHEMBL35218,0.17588371,16769,0,0
CHEMBL17448,0.17588371,16770,0,0
CHEMBL33115,0.17588371,16771,0,0
CHEMBL20797,0.17587534,16772,0,0
CHEMBL19484,0.17572387,16773,0,0
CHEMBL23176,0.1756655,16774,0,0
CHEMBL24603,0.1756655,16775,0,0
CHEMBL11206,0.1756655,16776,0,0
CHEMBL14162,0.17559148,16777,0,0
CHEMBL8142,0.17559148,16778,0,0
CHEMBL13338,0.17559148,16779,0,0
CHEMBL8360,0.17555916,16780,0,0
CHEMBL16466,0.17549269,16781,0,0
CHEMBL11736,0.1754826,16782,0,0
CHEMBL23620,0.1752952,16783,0,0
CHEMBL33323,0.17524593,16784,0,0
CHEMBL3311510,0.17523967,16785,0,0
CHEMBL24834,0.17515577,16786,0,0
CHEMBL25076,0.17515577,16787,0,0
CHEMBL4435908,0.17511937,16788,0,0
CHEMBL3309436,0.17510095,16789,0,0
CHEMBL31306,0.17510095,16790,0,0
CHEMBL23341,0.17510095,16791,0,0
CHEMBL22631,0.17510095,16792,0,0
CHEMBL29209,0.17510095,16793,0,0
CHEMBL23975,0.17510095,16794,0,0
CHEMBL25467,0.17510095,16795,0,0
CHEMBL8343,0.17510095,16796,0,0
CHEMBL41299,0.17508729,16797,0,0
CHEMBL36315,0.17508729,16798,0,0
CHEMBL14122,0.17508729,16799,0,0
CHEMBL12614,0.17508729,16800,0,0
CHEMBL35173,0.1750821,16801,0,0
CHEMBL40794,0.17499642,16802,0,0
CHEMBL32150,0.17490864,16803,0,0
CHEMBL38255,0.1747425,16804,0,0
CHEMBL6923,0.17473292,16805,0,0
CHEMBL17660,0.17473292,16806,0,0
CHEMBL22168,0.17473292,16807,0,0
CHEMBL18823,0.17473292,16808,0,0
CHEMBL25868,0.17473292,16809,0,0
CHEMBL37168,0.17473292,16810,0,0
CHEMBL31857,0.17473292,16811,0,0
CHEMBL18439,0.17473292,16812,0,0
CHEMBL13729,0.17473292,16813,0,0
CHEMBL27442,0.17473292,16814,0,0
CHEMBL11990,0.17473292,16815,0,0
CHEMBL30713,0.17473292,16816,0,0
CHEMBL32515,0.17473292,16817,0,0
CHEMBL20969,0.17473292,16818,0,0
CHEMBL24467,0.17473292,16819,0,0
CHEMBL36910,0.17473292,16820,0,0
CHEMBL32958,0.17473292,16821,0,0
CHEMBL698,0.17473292,16822,0,0
CHEMBL8986,0.17473292,16823,0,0
CHEMBL22647,0.17473292,16824,0,0
CHEMBL8739,0.17473292,16825,0,0
CHEMBL8731,0.17473292,16826,0,0
CHEMBL11942,0.17473292,16827,0,0
CHEMBL19800,0.17450534,16828,0,0
CHEMBL30017,0.17448844,16829,0,0
CHEMBL38788,0.17448844,16830,0,0
CHEMBL14918,0.17441568,16831,0,0
CHEMBL25333,0.17441568,16832,0,0
CHEMBL30890,0.17441529,16833,0,0
CHEMBL29973,0.17433642,16834,0,0
CHEMBL4434775,0.17426743,16835,0,0
CHEMBL21912,0.17418793,16836,0,0
CHEMBL27928,0.17415139,16837,0,0
CHEMBL36067,0.17415094,16838,0,0
CHEMBL25125,0.17406069,16839,0,0
CHEMBL20003,0.17379323,16840,0,0
CHEMBL19092,0.1737812,16841,0,0
CHEMBL26546,0.1737812,16842,0,0
CHEMBL31244,0.17363407,16843,0,0
CHEMBL37414,0.17353477,16844,0,0
CHEMBL27134,0.17353477,16845,0,0
CHEMBL42194,0.17346486,16846,0,0
CHEMBL17741,0.17343974,16847,0,0
CHEMBL18020,0.17343974,16848,0,0
CHEMBL9787,0.17343974,16849,0,0
CHEMBL2095034,0.17341997,16850,0,0
CHEMBL8266,0.17341997,16851,0,0
CHEMBL34195,0.17341997,16852,0,0
CHEMBL42064,0.17341997,16853,0,0
CHEMBL8193,0.17341997,16854,0,0
CHEMBL39014,0.17341997,16855,0,0
CHEMBL10750,0.1734173,16856,0,0
CHEMBL41491,0.1733325,16857,0,0
CHEMBL8443,0.17332979,16858,0,0
CHEMBL9830,0.17325321,16859,0,0
CHEMBL9336,0.17315353,16860,0,0
CHEMBL14460,0.17315353,16861,0,0
CHEMBL31105,0.17308268,16862,0,0
CHEMBL20264,0.17305213,16863,0,0
CHEMBL6780,0.17293045,16864,0,0
CHEMBL10952,0.17288257,16865,0,0
CHEMBL22703,0.17282908,16866,0,0
CHEMBL26753,0.17273371,16867,0,0
CHEMBL9052,0.17263287,16868,0,0
CHEMBL34354,0.17257988,16869,0,0
CHEMBL40497,0.17248935,16870,0,0
CHEMBL25496,0.17248935,16871,0,0
CHEMBL21785,0.17248935,16872,0,0
CHEMBL17556,0.17248935,16873,0,0
CHEMBL14532,0.17248935,16874,0,0
CHEMBL67,0.17248935,16875,0,0
CHEMBL13080,0.17248935,16876,0,0
CHEMBL28994,0.17248935,16877,0,0
CHEMBL35923,0.17248935,16878,0,0
CHEMBL8230,0.17244996,16879,0,0
CHEMBL438024,0.17243585,16880,0,0
CHEMBL31450,0.17243457,16881,0,0
CHEMBL39756,0.17243457,16882,0,0
CHEMBL21124,0.17243457,16883,0,0
CHEMBL14779,0.17243457,16884,0,0
CHEMBL26028,0.17243457,16885,0,0
CHEMBL37204,0.17240873,16886,0,0
CHEMBL802,0.17238493,16887,0,0
CHEMBL4543234,0.1723371,16888,0,0
CHEMBL33992,0.17224948,16889,0,0
CHEMBL24735,0.17224948,16890,0,0
CHEMBL9707,0.17224948,16891,0,0
CHEMBL4543456,0.17224948,16892,0,0
CHEMBL11085,0.17224948,16893,0,0
CHEMBL24472,0.17224948,16894,0,0
CHEMBL7514,0.17224948,16895,0,0
CHEMBL40094,0.17224948,16896,0,0
CHEMBL40306,0.17224948,16897,0,0
CHEMBL3310282,0.17212819,16898,0,0
CHEMBL4303146,0.1720488,16899,0,0
CHEMBL3347320,0.17197987,16900,0,0
CHEMBL16763,0.1719676,16901,0,0
CHEMBL15578,0.17193002,16902,0,0
CHEMBL7307,0.17193002,16903,0,0
CHEMBL12128,0.17193002,16904,0,0
CHEMBL12166,0.17193002,16905,0,0
CHEMBL36165,0.17193002,16906,0,0
CHEMBL27608,0.17193002,16907,0,0
CHEMBL4543484,0.17193002,16908,0,0
CHEMBL20241,0.17193002,16909,0,0
CHEMBL27943,0.17193002,16910,0,0
CHEMBL43190,0.17193002,16911,0,0
CHEMBL28756,0.17193002,16912,0,0
CHEMBL4435981,0.17185797,16913,0,0
CHEMBL13365,0.1717682,16914,0,0
CHEMBL33523,0.17176336,16915,0,0
CHEMBL11847,0.17176336,16916,0,0
CHEMBL7096,0.17173119,16917,0,0
CHEMBL10121,0.17173119,16918,0,0
CHEMBL27054,0.17166106,16919,0,0
CHEMBL531135,0.17162368,16920,0,0
CHEMBL595064,0.17162368,16921,0,0
CHEMBL1199124,0.17158738,16922,0,0
CHEMBL18057,0.17158738,16923,0,0
CHEMBL1204471,0.17158508,16924,0,0
CHEMBL11675,0.17158508,16925,0,0
CHEMBL42427,0.17158508,16926,0,0
CHEMBL18316,0.17157838,16927,0,0
CHEMBL6465,0.17157838,16928,0,0
CHEMBL32716,0.17157838,16929,0,0
CHEMBL41386,0.17157838,16930,0,0
CHEMBL32561,0.17157838,16931,0,0
CHEMBL386654,0.17157838,16932,0,0
CHEMBL14971,0.17157838,16933,0,0
CHEMBL18453,0.1715599,16934,0,0
CHEMBL26947,0.17148772,16935,0,0
CHEMBL33230,0.1714542,16936,0,0
CHEMBL40844,0.17141351,16937,0,0
CHEMBL4435054,0.17141351,16938,0,0
CHEMBL30882,0.17141351,16939,0,0
CHEMBL34335,0.17141351,16940,0,0
CHEMBL26043,0.17141351,16941,0,0
CHEMBL40860,0.17141351,16942,0,0
CHEMBL4543526,0.1714025,16943,0,0
CHEMBL559362,0.1714025,16944,0,0
CHEMBL4543546,0.1714025,16945,0,0
CHEMBL27161,0.1714025,16946,0,0
CHEMBL38651,0.17137523,16947,0,0
CHEMBL11039,0.17136915,16948,0,0
CHEMBL25213,0.17136915,16949,0,0
CHEMBL27957,0.17136915,16950,0,0
CHEMBL27510,0.17133813,16951,0,0
CHEMBL32926,0.1713312,16952,0,0
CHEMBL36352,0.1713312,16953,0,0
CHEMBL16814,0.17120264,16954,0,0
CHEMBL6817,0.17118765,16955,0,0
CHEMBL16906,0.17105845,16956,0,0
CHEMBL24195,0.17105123,16957,0,0
CHEMBL8088,0.1708468,16958,0,0
CHEMBL12081,0.17080487,16959,0,0
CHEMBL7993,0.17080487,16960,0,0
CHEMBL16117,0.17080487,16961,0,0
CHEMBL22902,0.17080487,16962,0,0
CHEMBL19204,0.17080487,16963,0,0
CHEMBL34007,0.17080487,16964,0,0
CHEMBL14651,0.17080487,16965,0,0
CHEMBL23066,0.17076068,16966,0,0
CHEMBL38906,0.17075351,16967,0,0
CHEMBL3311423,0.17074464,16968,0,0
CHEMBL39293,0.17074339,16969,0,0
CHEMBL1202061,0.17071044,16970,0,0
CHEMBL10556,0.17071044,16971,0,0
CHEMBL6642,0.17071044,16972,0,0
CHEMBL23458,0.17071044,16973,0,0
CHEMBL33025,0.17071044,16974,0,0
CHEMBL17719,0.17071044,16975,0,0
CHEMBL3310132,0.17071044,16976,0,0
CHEMBL13698,0.17069238,16977,0,0
CHEMBL33427,0.17069238,16978,0,0
CHEMBL17901,0.17069238,16979,0,0
CHEMBL22178,0.17069238,16980,0,0
CHEMBL11808,0.17069238,16981,0,0
CHEMBL6992,0.17069238,16982,0,0
CHEMBL3310407,0.17069238,16983,0,0
CHEMBL25469,0.17069238,16984,0,0
CHEMBL40757,0.17069238,16985,0,0
CHEMBL22010,0.17066213,16986,0,0
CHEMBL16148,0.17058839,16987,0,0
CHEMBL41756,0.17057034,16988,0,0
CHEMBL7216,0.17043707,16989,0,0
CHEMBL3310446,0.17042087,16990,0,0
CHEMBL18363,0.17037435,16991,0,0
CHEMBL536726,0.17037435,16992,0,0
CHEMBL27009,0.17037435,16993,0,0
CHEMBL15085,0.17037435,16994,0,0
CHEMBL33285,0.17032966,16995,0,0
CHEMBL12837,0.17032966,16996,0,0
CHEMBL37266,0.17032966,16997,0,0
CHEMBL34798,0.17032966,16998,0,0
CHEMBL29527,0.17032966,16999,0,0
CHEMBL18226,0.17032966,17000,0,0
CHEMBL21268,0.17032966,17001,0,0
CHEMBL7994,0.17032966,17002,0,0
CHEMBL14896,0.17027251,17003,0,0
CHEMBL7446,0.1702052,17004,0,0
CHEMBL22209,0.17019933,17005,0,0
CHEMBL36261,0.17019933,17006,0,0
CHEMBL27056,0.17019933,17007,0,0
CHEMBL41577,0.17019933,17008,0,0
CHEMBL7992,0.17019933,17009,0,0
CHEMBL13391,0.17019933,17010,0,0
CHEMBL20856,0.17019933,17011,0,0
CHEMBL4435093,0.17019933,17012,0,0
CHEMBL30588,0.17019933,17013,0,0
CHEMBL19810,0.17017303,17014,0,0
CHEMBL38098,0.1701615,17015,0,0
CHEMBL6235,0.17010576,17016,0,0
CHEMBL7729,0.17009738,17017,0,0
CHEMBL25332,0.17007828,17018,0,0
CHEMBL40649,0.17005956,17019,0,0
CHEMBL13733,0.17004794,17020,0,0
CHEMBL3310315,0.16999915,17021,0,0
CHEMBL10745,0.1699977,17022,0,0
CHEMBL6766,0.1699977,17023,0,0
CHEMBL40987,0.1699977,17024,0,0
CHEMBL38596,0.1699977,17025,0,0
CHEMBL29250,0.1699977,17026,0,0
CHEMBL16682,0.1699977,17027,0,0
CHEMBL16821,0.1699977,17028,0,0
CHEMBL25052,0.1699977,17029,0,0
CHEMBL18527,0.1699977,17030,0,0
CHEMBL3309876,0.1699977,17031,0,0
CHEMBL19123,0.1699977,17032,0,0
CHEMBL4553668,0.1699977,17033,0,0
CHEMBL32503,0.1699977,17034,0,0
CHEMBL10103,0.1699977,17035,0,0
CHEMBL32771,0.1699977,17036,0,0
CHEMBL26227,0.1699977,17037,0,0
CHEMBL40079,0.1699977,17038,0,0
CHEMBL22092,0.1699977,17039,0,0
CHEMBL24166,0.1699977,17040,0,0
CHEMBL14302,0.1699977,17041,0,0
CHEMBL14301,0.1699977,17042,0,0
CHEMBL24489,0.1699977,17043,0,0
CHEMBL6437,0.1699977,17044,0,0
CHEMBL29472,0.1699977,17045,0,0
CHEMBL24602,0.1699977,17046,0,0
CHEMBL11709,0.1699977,17047,0,0
CHEMBL24373,0.1699977,17048,0,0
CHEMBL26784,0.1699977,17049,0,0
CHEMBL3310817,0.1699977,17050,0,0
CHEMBL15266,0.1699977,17051,0,0
CHEMBL6459,0.1699977,17052,0,0
CHEMBL42079,0.1699977,17053,0,0
CHEMBL16155,0.1699977,17054,0,0
CHEMBL33596,0.1699977,17055,0,0
CHEMBL28889,0.1699977,17056,0,0
CHEMBL18143,0.1699977,17057,0,0
CHEMBL13779,0.1699977,17058,0,0
CHEMBL35013,0.1699977,17059,0,0
CHEMBL27508,0.1699977,17060,0,0
CHEMBL33057,0.1699977,17061,0,0
CHEMBL9166,0.1699977,17062,0,0
CHEMBL25963,0.1699977,17063,0,0
CHEMBL15787,0.1699977,17064,0,0
CHEMBL43654,0.1699977,17065,0,0
CHEMBL31943,0.1699977,17066,0,0
CHEMBL7796,0.1699977,17067,0,0
CHEMBL7797,0.1699977,17068,0,0
CHEMBL13789,0.1699977,17069,0,0
CHEMBL12765,0.1699977,17070,0,0
CHEMBL35068,0.1699977,17071,0,0
CHEMBL32093,0.1699977,17072,0,0
CHEMBL26472,0.1699977,17073,0,0
CHEMBL19240,0.1699977,17074,0,0
CHEMBL595990,0.1699977,17075,0,0
CHEMBL30647,0.1699977,17076,0,0
CHEMBL35354,0.1699977,17077,0,0
CHEMBL15919,0.1699977,17078,0,0
CHEMBL14529,0.1699977,17079,0,0
CHEMBL29941,0.1699977,17080,0,0
CHEMBL38310,0.1699977,17081,0,0
CHEMBL16829,0.1699977,17082,0,0
CHEMBL28806,0.1699977,17083,0,0
CHEMBL43575,0.1699977,17084,0,0
CHEMBL22383,0.1699977,17085,0,0
CHEMBL16770,0.1699977,17086,0,0
CHEMBL11410,0.1699977,17087,0,0
CHEMBL24556,0.1699977,17088,0,0
CHEMBL6872,0.1699977,17089,0,0
CHEMBL1159610,0.1699977,17090,0,0
CHEMBL18240,0.1699977,17091,0,0
CHEMBL39271,0.1699977,17092,0,0
CHEMBL8815,0.1699977,17093,0,0
CHEMBL17808,0.1699977,17094,0,0
CHEMBL23435,0.1699977,17095,0,0
CHEMBL38298,0.1699977,17096,0,0
CHEMBL28632,0.1699977,17097,0,0
CHEMBL6262,0.1699977,17098,0,0
CHEMBL14179,0.1699977,17099,0,0
CHEMBL22745,0.1699977,17100,0,0
CHEMBL38066,0.1699977,17101,0,0
CHEMBL11863,0.1699977,17102,0,0
CHEMBL32299,0.1699977,17103,0,0
CHEMBL8829,0.1699977,17104,0,0
CHEMBL32715,0.1699977,17105,0,0
CHEMBL4435594,0.1699977,17106,0,0
CHEMBL6588,0.1699977,17107,0,0
CHEMBL24541,0.1699977,17108,0,0
CHEMBL33225,0.1699977,17109,0,0
CHEMBL11827,0.1699977,17110,0,0
CHEMBL1163527,0.1699977,17111,0,0
CHEMBL37127,0.1699977,17112,0,0
CHEMBL32183,0.1699977,17113,0,0
CHEMBL41506,0.16986315,17114,0,0
CHEMBL26568,0.16982903,17115,0,0
CHEMBL25090,0.16982903,17116,0,0
CHEMBL681,0.16965105,17117,0,0
CHEMBL16549,0.16965105,17118,0,0
CHEMBL21331,0.16965105,17119,0,0
CHEMBL10729,0.16965105,17120,0,0
CHEMBL19669,0.16965105,17121,0,0
CHEMBL36957,0.16965105,17122,0,0
CHEMBL36849,0.16965105,17123,0,0
CHEMBL40232,0.16965105,17124,0,0
CHEMBL35393,0.16965105,17125,0,0
CHEMBL7815,0.16936506,17126,0,0
CHEMBL29753,0.16936506,17127,0,0
CHEMBL37733,0.16933273,17128,0,0
CHEMBL24438,0.16933273,17129,0,0
CHEMBL35155,0.16933273,17130,0,0
CHEMBL4435861,0.16926838,17131,0,0
CHEMBL34492,0.16921179,17132,0,0
CHEMBL35397,0.16921173,17133,0,0
CHEMBL17330,0.16910146,17134,0,0
CHEMBL14264,0.16904375,17135,0,0
CHEMBL507464,0.16904375,17136,0,0
CHEMBL18287,0.1690396,17137,0,0
CHEMBL29415,0.16902138,17138,0,0
CHEMBL28777,0.16902138,17139,0,0
CHEMBL20442,0.16902138,17140,0,0
CHEMBL30166,0.16902138,17141,0,0
CHEMBL3310144,0.16901155,17142,0,0
CHEMBL31322,0.16888751,17143,0,0
CHEMBL17172,0.16888751,17144,0,0
CHEMBL18254,0.16885209,17145,0,0
CHEMBL14478,0.16883379,17146,0,0
CHEMBL39065,0.16883379,17147,0,0
CHEMBL17068,0.16883379,17148,0,0
CHEMBL9162,0.16876552,17149,0,0
CHEMBL4543414,0.16871156,17150,0,0
CHEMBL11737,0.16857326,17151,0,0
CHEMBL10835,0.16857326,17152,0,0
CHEMBL19841,0.16857326,17153,0,0
CHEMBL21840,0.16851737,17154,0,0
CHEMBL29438,0.16851737,17155,0,0
CHEMBL29798,0.16851737,17156,0,0
CHEMBL15114,0.16851139,17157,0,0
CHEMBL25174,0.16847016,17158,0,0
CHEMBL685,0.16845144,17159,0,0
CHEMBL26325,0.1683633,17160,0,0
CHEMBL61,0.1683633,17161,0,0
CHEMBL28028,0.1683633,17162,0,0
CHEMBL17343,0.1683633,17163,0,0
CHEMBL25771,0.16832688,17164,0,0
CHEMBL6414,0.16831994,17165,0,0
CHEMBL19322,0.16831994,17166,0,0
CHEMBL33483,0.1682933,17167,0,0
CHEMBL3310661,0.16814439,17168,0,0
CHEMBL23766,0.16813938,17169,0,0
CHEMBL26864,0.16809961,17170,0,0
CHEMBL15911,0.16797084,17171,0,0
CHEMBL40409,0.16794173,17172,0,0
CHEMBL526134,0.16792491,17173,0,0
CHEMBL3309994,0.16792491,17174,0,0
CHEMBL25410,0.1678883,17175,0,0
CHEMBL8571,0.16783398,17176,0,0
CHEMBL28224,0.16783398,17177,0,0
CHEMBL39625,0.16783398,17178,0,0
CHEMBL23173,0.16783398,17179,0,0
CHEMBL4559990,0.16783398,17180,0,0
CHEMBL29001,0.16783398,17181,0,0
CHEMBL32128,0.16783398,17182,0,0
CHEMBL24445,0.16783398,17183,0,0
CHEMBL15724,0.16778784,17184,0,0
CHEMBL7337,0.16775896,17185,0,0
CHEMBL41720,0.16775896,17186,0,0
CHEMBL13448,0.16775896,17187,0,0
CHEMBL33904,0.16775896,17188,0,0
CHEMBL41551,0.16773924,17189,0,0
CHEMBL19666,0.16773924,17190,0,0
CHEMBL10963,0.16773924,17191,0,0
CHEMBL3310276,0.16763698,17192,0,0
CHEMBL4543541,0.1676361,17193,0,0
CHEMBL32457,0.16763347,17194,0,0
CHEMBL12793,0.16763347,17195,0,0
CHEMBL12885,0.16763347,17196,0,0
CHEMBL3309916,0.16763347,17197,0,0
CHEMBL4435912,0.16763347,17198,0,0
CHEMBL4435137,0.16763347,17199,0,0
CHEMBL29501,0.16758183,17200,0,0
CHEMBL17519,0.16757351,17201,0,0
CHEMBL39078,0.16747032,17202,0,0
CHEMBL30188,0.16734342,17203,0,0
CHEMBL32316,0.16734342,17204,0,0
CHEMBL32263,0.16734342,17205,0,0
CHEMBL40415,0.16733186,17206,0,0
CHEMBL12083,0.16729875,17207,0,0
CHEMBL16713,0.16729875,17208,0,0
CHEMBL20305,0.16729875,17209,0,0
CHEMBL37187,0.16729875,17210,0,0
CHEMBL13761,0.16729875,17211,0,0
CHEMBL3309338,0.16729875,17212,0,0
CHEMBL14791,0.16729875,17213,0,0
CHEMBL23330,0.16729875,17214,0,0
CHEMBL16684,0.16729875,17215,0,0
CHEMBL40091,0.16729875,17216,0,0
CHEMBL29340,0.16729875,17217,0,0
CHEMBL19916,0.16729875,17218,0,0
CHEMBL36894,0.16729875,17219,0,0
CHEMBL21234,0.16725133,17220,0,0
CHEMBL35889,0.16725133,17221,0,0
CHEMBL4436164,0.16725133,17222,0,0
CHEMBL9942,0.16725133,17223,0,0
CHEMBL35919,0.16725133,17224,0,0
CHEMBL33019,0.16725133,17225,0,0
CHEMBL12941,0.16725133,17226,0,0
CHEMBL42716,0.16724108,17227,0,0
CHEMBL31053,0.1672409,17228,0,0
CHEMBL22952,0.1672409,17229,0,0
CHEMBL28441,0.1672409,17230,0,0
CHEMBL4435469,0.1672409,17231,0,0
CHEMBL7043,0.16717245,17232,0,0
CHEMBL4436335,0.16716383,17233,0,0
CHEMBL28188,0.16715045,17234,0,0
CHEMBL12369,0.16714054,17235,0,0
CHEMBL21320,0.16714054,17236,0,0
CHEMBL13383,0.16708927,17237,0,0
CHEMBL38093,0.16708927,17238,0,0
CHEMBL32967,0.167077,17239,0,0
CHEMBL3310057,0.16704567,17240,0,0
CHEMBL33877,0.16704567,17241,0,0
CHEMBL21037,0.16694799,17242,0,0
CHEMBL7876,0.16693684,17243,0,0
CHEMBL23479,0.16684242,17244,0,0
CHEMBL21042,0.16683729,17245,0,0
CHEMBL11295,0.16669875,17246,0,0
CHEMBL41913,0.16669875,17247,0,0
CHEMBL41511,0.16666558,17248,0,0
CHEMBL26871,0.16654529,17249,0,0
CHEMBL12228,0.16645415,17250,0,0
CHEMBL25582,0.16640118,17251,0,0
CHEMBL39672,0.16640118,17252,0,0
CHEMBL12831,0.16640118,17253,0,0
CHEMBL1076255,0.16640118,17254,0,0
CHEMBL7457,0.16640118,17255,0,0
CHEMBL27407,0.16640118,17256,0,0
CHEMBL34211,0.16640118,17257,0,0
CHEMBL16129,0.16640118,17258,0,0
CHEMBL19279,0.16640118,17259,0,0
CHEMBL3310103,0.16640118,17260,0,0
CHEMBL36496,0.16633582,17261,0,0
CHEMBL26042,0.16631973,17262,0,0
CHEMBL6476,0.16631313,17263,0,0
CHEMBL4435154,0.16629772,17264,0,0
CHEMBL20958,0.16624385,17265,0,0
CHEMBL3309984,0.16604598,17266,0,0
CHEMBL27437,0.16604063,17267,0,0
CHEMBL41559,0.16600291,17268,0,0
CHEMBL34208,0.16598421,17269,0,0
CHEMBL27473,0.16598421,17270,0,0
CHEMBL35168,0.16598421,17271,0,0
CHEMBL23837,0.16598421,17272,0,0
CHEMBL12008,0.16598421,17273,0,0
CHEMBL24339,0.16598421,17274,0,0
CHEMBL20859,0.16598421,17275,0,0
CHEMBL525206,0.16598421,17276,0,0
CHEMBL30814,0.16598421,17277,0,0
CHEMBL18913,0.16597372,17278,0,0
CHEMBL35868,0.16597372,17279,0,0
CHEMBL28614,0.16596939,17280,0,0
CHEMBL7589,0.16590041,17281,0,0
CHEMBL31570,0.1658468,17282,0,0
CHEMBL3309700,0.1658368,17283,0,0
CHEMBL40963,0.16569212,17284,0,0
CHEMBL590853,0.16569212,17285,0,0
CHEMBL579584,0.16569212,17286,0,0
CHEMBL28142,0.16564874,17287,0,0
CHEMBL29562,0.16559863,17288,0,0
CHEMBL38192,0.16556366,17289,0,0
CHEMBL37390,0.16556366,17290,0,0
CHEMBL17959,0.16556366,17291,0,0
CHEMBL41475,0.16556366,17292,0,0
CHEMBL13917,0.16556366,17293,0,0
CHEMBL7143,0.16556366,17294,0,0
CHEMBL15936,0.16556366,17295,0,0
CHEMBL39498,0.16556366,17296,0,0
CHEMBL35502,0.16556366,17297,0,0
CHEMBL13267,0.16556366,17298,0,0
CHEMBL6393,0.16556366,17299,0,0
CHEMBL21961,0.16556366,17300,0,0
CHEMBL9870,0.16556366,17301,0,0
CHEMBL21723,0.16556366,17302,0,0
CHEMBL1163394,0.16556366,17303,0,0
CHEMBL40867,0.16556366,17304,0,0
CHEMBL40536,0.16556366,17305,0,0
CHEMBL31491,0.16556366,17306,0,0
CHEMBL34871,0.16556366,17307,0,0
CHEMBL31859,0.16556366,17308,0,0
CHEMBL27857,0.16556366,17309,0,0
CHEMBL31160,0.16556366,17310,0,0
CHEMBL36973,0.16544944,17311,0,0
CHEMBL502212,0.16544944,17312,0,0
CHEMBL25920,0.16544944,17313,0,0
CHEMBL36975,0.16544944,17314,0,0
CHEMBL4436190,0.16544944,17315,0,0
CHEMBL29178,0.16544944,17316,0,0
CHEMBL15725,0.16544944,17317,0,0
CHEMBL3309426,0.16544944,17318,0,0
CHEMBL17713,0.16544944,17319,0,0
CHEMBL24212,0.16544944,17320,0,0
CHEMBL38707,0.16544944,17321,0,0
CHEMBL22161,0.16544944,17322,0,0
CHEMBL22546,0.16544944,17323,0,0
CHEMBL18695,0.16544944,17324,0,0
CHEMBL38760,0.16544944,17325,0,0
CHEMBL41382,0.16544926,17326,0,0
CHEMBL23932,0.16542308,17327,0,0
CHEMBL29184,0.16542308,17328,0,0
CHEMBL7020,0.16542308,17329,0,0
CHEMBL23396,0.16542308,17330,0,0
CHEMBL30899,0.16542308,17331,0,0
CHEMBL37036,0.16542308,17332,0,0
CHEMBL30171,0.16542308,17333,0,0
CHEMBL24546,0.16542308,17334,0,0
CHEMBL1187911,0.16542308,17335,0,0
CHEMBL41492,0.16542308,17336,0,0
CHEMBL26601,0.16542308,17337,0,0
CHEMBL39970,0.16542308,17338,0,0
CHEMBL39816,0.16542308,17339,0,0
CHEMBL11665,0.16542308,17340,0,0
CHEMBL33407,0.16542308,17341,0,0
CHEMBL20283,0.16542308,17342,0,0
CHEMBL31081,0.16542308,17343,0,0
CHEMBL12940,0.16542308,17344,0,0
CHEMBL12964,0.16542308,17345,0,0
CHEMBL12969,0.16542308,17346,0,0
CHEMBL7246,0.16542308,17347,0,0
CHEMBL38076,0.16542308,17348,0,0
CHEMBL16157,0.16542308,17349,0,0
CHEMBL7236,0.16542308,17350,0,0
CHEMBL42256,0.16542308,17351,0,0
CHEMBL155439,0.16542308,17352,0,0
CHEMBL17231,0.16542308,17353,0,0
CHEMBL28802,0.16542308,17354,0,0
CHEMBL35315,0.16542308,17355,0,0
CHEMBL30317,0.16542308,17356,0,0
CHEMBL827,0.16542308,17357,0,0
CHEMBL8272,0.16542308,17358,0,0
CHEMBL21261,0.16542308,17359,0,0
CHEMBL39556,0.16542308,17360,0,0
CHEMBL34953,0.16542308,17361,0,0
CHEMBL20164,0.16542308,17362,0,0
CHEMBL10282,0.16542308,17363,0,0
CHEMBL24,0.16542308,17364,1,0
CHEMBL37745,0.16542308,17365,0,0
CHEMBL36189,0.16542308,17366,0,0
CHEMBL37815,0.16542308,17367,0,0
CHEMBL9812,0.16542308,17368,0,0
CHEMBL27479,0.16542308,17369,0,0
CHEMBL37774,0.16542308,17370,0,0
CHEMBL27035,0.16542308,17371,0,0
CHEMBL17217,0.16542308,17372,0,0
CHEMBL9674,0.16542308,17373,0,0
CHEMBL3310229,0.16542308,17374,0,0
CHEMBL41964,0.16542308,17375,0,0
CHEMBL20357,0.16542308,17376,0,0
CHEMBL23480,0.16542308,17377,0,0
CHEMBL27568,0.16542308,17378,0,0
CHEMBL37420,0.16542308,17379,0,0
CHEMBL25922,0.16542308,17380,0,0
CHEMBL28559,0.16542308,17381,0,0
CHEMBL40749,0.16542308,17382,0,0
CHEMBL1090111,0.16542308,17383,0,0
CHEMBL38306,0.16542308,17384,0,0
CHEMBL10797,0.16542308,17385,0,0
CHEMBL8939,0.16542308,17386,0,0
CHEMBL6828,0.16542308,17387,0,0
CHEMBL36770,0.16542308,17388,0,0
CHEMBL34770,0.16542308,17389,0,0
CHEMBL443462,0.16542308,17390,0,0
CHEMBL26249,0.16542308,17391,0,0
CHEMBL17875,0.16542308,17392,0,0
CHEMBL34954,0.16542308,17393,0,0
CHEMBL6863,0.16542308,17394,0,0
CHEMBL14528,0.16542308,17395,0,0
CHEMBL38210,0.16542308,17396,0,0
CHEMBL1163152,0.16542308,17397,0,0
CHEMBL4543247,0.16542308,17398,0,0
CHEMBL25330,0.16542308,17399,0,0
CHEMBL31871,0.16542308,17400,0,0
CHEMBL41584,0.16542308,17401,0,0
CHEMBL33696,0.16542308,17402,0,0
CHEMBL7456,0.16542308,17403,0,0
CHEMBL12159,0.16542308,17404,0,0
CHEMBL20886,0.16542308,17405,0,0
CHEMBL22697,0.16542308,17406,0,0
CHEMBL24238,0.16542308,17407,0,0
CHEMBL28285,0.16542308,17408,0,0
CHEMBL6330,0.16542308,17409,0,0
CHEMBL25571,0.16542308,17410,0,0
CHEMBL8288,0.16542308,17411,0,0
CHEMBL9752,0.16542308,17412,0,0
CHEMBL40459,0.16542308,17413,0,0
CHEMBL36962,0.16542308,17414,0,0
CHEMBL14351,0.16542308,17415,0,0
CHEMBL26372,0.16542308,17416,0,0
CHEMBL8463,0.16542308,17417,0,0
CHEMBL1237044,0.16542308,17418,0,0
CHEMBL35048,0.16542308,17419,0,0
CHEMBL36603,0.16542308,17420,0,0
CHEMBL18976,0.16542308,17421,0,0
CHEMBL29999,0.16542308,17422,0,0
CHEMBL8784,0.16542308,17423,0,0
CHEMBL22594,0.16542308,17424,0,0
CHEMBL10313,0.16542308,17425,0,0
CHEMBL29976,0.16542308,17426,0,0
CHEMBL14231,0.16542308,17427,0,0
CHEMBL1163264,0.16542308,17428,0,0
CHEMBL41869,0.16542308,17429,0,0
CHEMBL8863,0.16542308,17430,0,0
CHEMBL40556,0.16542308,17431,0,0
CHEMBL11684,0.16542308,17432,0,0
CHEMBL25324,0.16542308,17433,0,0
CHEMBL4559931,0.16542308,17434,0,0
CHEMBL7681,0.16542308,17435,0,0
CHEMBL7694,0.16542308,17436,0,0
CHEMBL16897,0.16542308,17437,0,0
CHEMBL9593,0.16542308,17438,0,0
CHEMBL10595,0.16542308,17439,0,0
CHEMBL21822,0.16542308,17440,0,0
CHEMBL41565,0.16542308,17441,0,0
CHEMBL22567,0.16542308,17442,0,0
CHEMBL7280,0.16542308,17443,0,0
CHEMBL26801,0.16542308,17444,0,0
CHEMBL1077836,0.16542308,17445,0,0
CHEMBL16540,0.16542308,17446,0,0
CHEMBL11031,0.16542308,17447,0,0
CHEMBL32139,0.16542308,17448,0,0
CHEMBL35609,0.16542308,17449,0,0
CHEMBL41627,0.16542308,17450,0,0
CHEMBL15108,0.16542308,17451,0,0
CHEMBL30700,0.16542308,17452,0,0
CHEMBL22,0.16542308,17453,0,0
CHEMBL18701,0.16542308,17454,0,0
CHEMBL18355,0.16542308,17455,0,0
CHEMBL39693,0.16542308,17456,0,0
CHEMBL4543514,0.16542308,17457,0,0
CHEMBL30360,0.16542308,17458,0,0
CHEMBL33265,0.16542308,17459,0,0
CHEMBL40482,0.16542308,17460,0,0
CHEMBL22299,0.16542308,17461,0,0
CHEMBL4434950,0.16542308,17462,0,0
CHEMBL10526,0.16539188,17463,0,0
CHEMBL1090695,0.16539188,17464,0,0
CHEMBL7914,0.16536994,17465,0,0
CHEMBL39196,0.16536994,17466,0,0
CHEMBL11140,0.1653328,17467,0,0
CHEMBL8406,0.16515768,17468,0,0
CHEMBL18031,0.16515768,17469,0,0
CHEMBL1163346,0.1651385,17470,0,0
CHEMBL4436225,0.1651385,17471,0,0
CHEMBL4543483,0.1651385,17472,0,0
CHEMBL41870,0.16510081,17473,0,0
CHEMBL16508,0.16490501,17474,0,0
CHEMBL26150,0.16486757,17475,0,0
CHEMBL7132,0.16474181,17476,0,0
CHEMBL17228,0.16456376,17477,0,0
CHEMBL18959,0.16439506,17478,0,0
CHEMBL29662,0.16439506,17479,0,0
CHEMBL41148,0.16439506,17480,0,0
CHEMBL6208,0.16439506,17481,0,0
CHEMBL20157,0.16439506,17482,0,0
CHEMBL4435681,0.16439506,17483,0,0
CHEMBL4436465,0.16439506,17484,0,0
CHEMBL41973,0.16439506,17485,0,0
CHEMBL42463,0.16439506,17486,0,0
CHEMBL4543210,0.16439506,17487,0,0
CHEMBL4436039,0.16439506,17488,0,0
CHEMBL29188,0.16439506,17489,0,0
CHEMBL36160,0.16439506,17490,0,0
CHEMBL3309367,0.16439506,17491,0,0
CHEMBL25473,0.16439506,17492,0,0
CHEMBL31628,0.16439506,17493,0,0
CHEMBL14020,0.16439506,17494,0,0
CHEMBL22521,0.16439506,17495,0,0
CHEMBL3310464,0.16439506,17496,0,0
CHEMBL8793,0.16439506,17497,0,0
CHEMBL40142,0.16439506,17498,0,0
CHEMBL7813,0.16439506,17499,0,0
CHEMBL42709,0.16439506,17500,0,0
CHEMBL11848,0.16439506,17501,0,0
CHEMBL16736,0.16439506,17502,0,0
CHEMBL7764,0.16439506,17503,0,0
CHEMBL13629,0.16439506,17504,0,0
CHEMBL14764,0.16439506,17505,0,0
CHEMBL7582,0.16439506,17506,0,0
CHEMBL4435881,0.16439506,17507,0,0
CHEMBL43511,0.16439506,17508,0,0
CHEMBL10080,0.16421534,17509,0,0
CHEMBL35400,0.16421534,17510,0,0
CHEMBL10052,0.16416545,17511,0,0
CHEMBL33095,0.16414969,17512,0,0
CHEMBL8828,0.16413225,17513,0,0
CHEMBL13791,0.1640373,17514,0,0
CHEMBL19410,0.1640373,17515,0,0
CHEMBL36995,0.1640373,17516,0,0
CHEMBL8515,0.1640373,17517,0,0
CHEMBL24751,0.1640373,17518,0,0
CHEMBL32902,0.1640373,17519,0,0
CHEMBL4434908,0.16402076,17520,0,0
CHEMBL4436141,0.16397664,17521,0,0
CHEMBL37534,0.16395365,17522,0,0
CHEMBL36541,0.16395365,17523,0,0
CHEMBL3310683,0.16392766,17524,0,0
CHEMBL41026,0.1637528,17525,0,0
CHEMBL3309594,0.1637528,17526,0,0
CHEMBL3310099,0.1637528,17527,0,0
CHEMBL11181,0.1637528,17528,0,0
CHEMBL4436572,0.1637528,17529,0,0
CHEMBL16095,0.1637528,17530,0,0
CHEMBL20116,0.1637528,17531,0,0
CHEMBL17995,0.1637528,17532,0,0
CHEMBL14785,0.1637528,17533,0,0
CHEMBL4116148,0.1637528,17534,0,0
CHEMBL29176,0.16372709,17535,0,0
CHEMBL8268,0.16372411,17536,0,0
CHEMBL21770,0.16369256,17537,0,0
CHEMBL25497,0.16369256,17538,0,0
CHEMBL3309340,0.16369256,17539,0,0
CHEMBL32761,0.16369256,17540,0,0
CHEMBL32458,0.16369256,17541,0,0
CHEMBL28147,0.16369256,17542,0,0
CHEMBL31215,0.16369256,17543,0,0
CHEMBL35728,0.16369256,17544,0,0
CHEMBL21618,0.16369256,17545,0,0
CHEMBL9483,0.16369256,17546,0,0
CHEMBL1159639,0.1636874,17547,0,0
CHEMBL26503,0.1636874,17548,0,0
CHEMBL36280,0.16361372,17549,0,0
CHEMBL27858,0.16361372,17550,0,0
CHEMBL3309934,0.16361372,17551,0,0
CHEMBL6423,0.16361372,17552,0,0
CHEMBL4435027,0.16361372,17553,0,0
CHEMBL553649,0.16361372,17554,0,0
CHEMBL13613,0.16339608,17555,0,0
CHEMBL24826,0.16339608,17556,0,0
CHEMBL37671,0.16326438,17557,0,0
CHEMBL1093989,0.16321576,17558,0,0
CHEMBL37426,0.16321576,17559,0,0
CHEMBL19748,0.16321576,17560,0,0
CHEMBL16362,0.16321576,17561,0,0
CHEMBL12952,0.16321576,17562,0,0
CHEMBL34014,0.16321576,17563,0,0
CHEMBL19081,0.16321576,17564,0,0
CHEMBL36148,0.16321576,17565,0,0
CHEMBL29765,0.16321576,17566,0,0
CHEMBL40294,0.16321576,17567,0,0
CHEMBL31373,0.16320987,17568,0,0
CHEMBL1163211,0.16319634,17569,0,0
CHEMBL8766,0.16319634,17570,0,0
CHEMBL41419,0.16319634,17571,0,0
CHEMBL30578,0.16319634,17572,0,0
CHEMBL9159,0.16314253,17573,0,0
CHEMBL19795,0.16314253,17574,0,0
CHEMBL26990,0.16314253,17575,0,0
CHEMBL29456,0.16314253,17576,0,0
CHEMBL29121,0.16311379,17577,0,0
CHEMBL155979,0.16311379,17578,0,0
CHEMBL37977,0.16311379,17579,0,0
CHEMBL22814,0.16311379,17580,0,0
CHEMBL26136,0.16311379,17581,0,0
CHEMBL10162,0.16303807,17582,0,0
CHEMBL39774,0.16303807,17583,0,0
CHEMBL39547,0.16303807,17584,0,0
CHEMBL40934,0.16303807,17585,0,0
CHEMBL15079,0.16303807,17586,0,0
CHEMBL7329,0.16303807,17587,0,0
CHEMBL4435084,0.16303807,17588,0,0
CHEMBL35333,0.16303807,17589,0,0
CHEMBL35935,0.16303807,17590,0,0
CHEMBL18753,0.16303807,17591,0,0
CHEMBL1095378,0.16303807,17592,0,0
CHEMBL22986,0.16303807,17593,0,0
CHEMBL21509,0.16303807,17594,0,0
CHEMBL26446,0.16303807,17595,0,0
CHEMBL37552,0.16303807,17596,0,0
CHEMBL33835,0.16303807,17597,0,0
CHEMBL23529,0.16303807,17598,0,0
CHEMBL28945,0.16303807,17599,0,0
CHEMBL26882,0.16303807,17600,0,0
CHEMBL17400,0.16303807,17601,0,0
CHEMBL4435947,0.16302745,17602,0,0
CHEMBL15884,0.16302745,17603,0,0
CHEMBL28056,0.16288492,17604,0,0
CHEMBL12592,0.16275127,17605,0,0
CHEMBL22035,0.16272607,17606,0,0
CHEMBL4543212,0.16262439,17607,0,0
CHEMBL74,0.16262364,17608,0,0
CHEMBL41067,0.16257621,17609,0,0
CHEMBL6627,0.16251561,17610,0,0
CHEMBL28956,0.162504,17611,0,0
CHEMBL4435383,0.16248074,17612,0,0
CHEMBL10760,0.16245337,17613,0,0
CHEMBL23589,0.16245337,17614,0,0
CHEMBL10839,0.16245337,17615,0,0
CHEMBL34823,0.1624273,17616,0,0
CHEMBL4436531,0.16235799,17617,0,0
CHEMBL9477,0.16235799,17618,0,0
CHEMBL13403,0.16235799,17619,0,0
CHEMBL31283,0.16220775,17620,0,0
CHEMBL31762,0.16200596,17621,0,0
CHEMBL38933,0.16200502,17622,0,0
CHEMBL29899,0.1618069,17623,0,0
CHEMBL9332,0.16166815,17624,0,0
CHEMBL21113,0.16166387,17625,0,0
CHEMBL22630,0.16158272,17626,0,0
CHEMBL4435623,0.16158272,17627,0,0
CHEMBL29068,0.16158272,17628,0,0
CHEMBL10299,0.16158272,17629,0,0
CHEMBL4436161,0.16158272,17630,0,0
CHEMBL13195,0.1614535,17631,0,0
CHEMBL29682,0.16127579,17632,0,0
CHEMBL12149,0.16127579,17633,0,0
CHEMBL11648,0.16127579,17634,0,0
CHEMBL29138,0.16127579,17635,0,0
CHEMBL26196,0.16127579,17636,0,0
CHEMBL13513,0.16114955,17637,0,0
CHEMBL22929,0.16114254,17638,0,0
CHEMBL38106,0.16108072,17639,0,0
CHEMBL35534,0.16108072,17640,0,0
CHEMBL41817,0.16103852,17641,0,0
CHEMBL12611,0.16103852,17642,0,0
CHEMBL37741,0.16103852,17643,0,0
CHEMBL6535,0.16103852,17644,0,0
CHEMBL25472,0.16103852,17645,0,0
CHEMBL14286,0.16103852,17646,0,0
CHEMBL26645,0.16103852,17647,0,0
CHEMBL1096781,0.16076994,17648,0,0
CHEMBL28821,0.16073085,17649,0,0
CHEMBL23527,0.16072749,17650,0,0
CHEMBL18519,0.16072749,17651,0,0
CHEMBL10230,0.1607071,17652,0,0
CHEMBL4435575,0.16068733,17653,0,0
CHEMBL30275,0.16068733,17654,0,0
CHEMBL37584,0.16067226,17655,0,0
CHEMBL3309448,0.16067226,17656,0,0
CHEMBL8504,0.16067226,17657,0,0
CHEMBL40447,0.16067226,17658,0,0
CHEMBL3309780,0.16067226,17659,0,0
CHEMBL20207,0.16067226,17660,0,0
CHEMBL12469,0.16067226,17661,0,0
CHEMBL20637,0.16067226,17662,0,0
CHEMBL10945,0.16067226,17663,0,0
CHEMBL7212,0.16067226,17664,0,0
CHEMBL24718,0.16067226,17665,0,0
CHEMBL4434941,0.16067226,17666,0,0
CHEMBL4436223,0.16067226,17667,0,0
CHEMBL36668,0.16067226,17668,0,0
CHEMBL31905,0.16067226,17669,0,0
CHEMBL13758,0.16067226,17670,0,0
CHEMBL21038,0.16067226,17671,0,0
CHEMBL30024,0.16067226,17672,0,0
CHEMBL31490,0.1606565,17673,0,0
CHEMBL4543390,0.16065118,17674,0,0
CHEMBL24924,0.16063093,17675,0,0
CHEMBL12534,0.1605649,17676,0,0
CHEMBL540172,0.16051115,17677,0,0
CHEMBL43576,0.16041443,17678,0,0
CHEMBL33860,0.16040652,17679,0,0
CHEMBL3310095,0.16038601,17680,0,0
CHEMBL25633,0.16034964,17681,0,0
CHEMBL23812,0.16034964,17682,0,0
CHEMBL12235,0.16033787,17683,0,0
CHEMBL32192,0.16029838,17684,0,0
CHEMBL18211,0.16014762,17685,0,0
CHEMBL4435184,0.16014762,17686,0,0
CHEMBL11834,0.16014762,17687,0,0
CHEMBL4435950,0.16014214,17688,0,0
CHEMBL39727,0.16010553,17689,0,0
CHEMBL32993,0.16010553,17690,0,0
CHEMBL26535,0.1600083,17691,0,0
CHEMBL18812,0.160008,17692,0,0
CHEMBL4436074,0.160008,17693,0,0
CHEMBL40033,0.15987824,17694,0,0
CHEMBL7894,0.15985604,17695,0,0
CHEMBL33854,0.15981136,17696,0,0
CHEMBL25230,0.15979664,17697,0,0
CHEMBL39832,0.15979664,17698,0,0
CHEMBL36437,0.15975015,17699,0,0
CHEMBL1094701,0.1595916,17700,0,0
CHEMBL4436312,0.1595916,17701,0,0
CHEMBL34869,0.15955098,17702,0,0
CHEMBL32041,0.1594603,17703,0,0
CHEMBL39522,0.1594603,17704,0,0
CHEMBL27694,0.1594603,17705,0,0
CHEMBL3310078,0.15943502,17706,0,0
CHEMBL9779,0.15942247,17707,0,0
CHEMBL14668,0.15941171,17708,0,0
CHEMBL41633,0.15937524,17709,0,0
CHEMBL6427,0.1593575,17710,0,0
CHEMBL20369,0.1593575,17711,0,0
CHEMBL36669,0.15934014,17712,0,0
CHEMBL18523,0.15934014,17713,0,0
CHEMBL1088591,0.15934014,17714,0,0
CHEMBL37755,0.15934014,17715,0,0
CHEMBL32271,0.15934014,17716,0,0
CHEMBL6552,0.15934014,17717,0,0
CHEMBL4436556,0.15934014,17718,0,0
CHEMBL14378,0.15934014,17719,0,0
CHEMBL15503,0.15934014,17720,0,0
CHEMBL6896,0.15934014,17721,0,0
CHEMBL14945,0.15934014,17722,0,0
CHEMBL28707,0.15934014,17723,0,0
CHEMBL37668,0.15934014,17724,0,0
CHEMBL18908,0.15934014,17725,0,0
CHEMBL18852,0.15934014,17726,0,0
CHEMBL22139,0.15934014,17727,0,0
CHEMBL3310146,0.15931854,17728,0,0
CHEMBL21670,0.15931769,17729,0,0
CHEMBL1178041,0.15926102,17730,0,0
CHEMBL501328,0.15912576,17731,0,0
CHEMBL29897,0.15912174,17732,0,0
CHEMBL32657,0.15912174,17733,0,0
CHEMBL33811,0.15911637,17734,0,0
CHEMBL22391,0.15911637,17735,0,0
CHEMBL36882,0.15911637,17736,0,0
CHEMBL31453,0.15911627,17737,0,0
CHEMBL17397,0.15901321,17738,0,0
CHEMBL43683,0.15898804,17739,0,0
CHEMBL18237,0.15898755,17740,0,0
CHEMBL19826,0.15895559,17741,0,0
CHEMBL9422,0.15891334,17742,0,0
CHEMBL29886,0.158885,17743,0,0
CHEMBL37868,0.15887137,17744,0,0
CHEMBL36094,0.15887137,17745,0,0
CHEMBL26835,0.15887137,17746,0,0
CHEMBL41739,0.15887137,17747,0,0
CHEMBL10283,0.15887137,17748,0,0
CHEMBL17516,0.15885547,17749,0,0
CHEMBL25850,0.15885547,17750,0,0
CHEMBL6385,0.15877701,17751,0,0
CHEMBL153534,0.15877701,17752,0,0
CHEMBL41594,0.15877701,17753,0,0
CHEMBL15024,0.15877701,17754,0,0
CHEMBL1208484,0.15877701,17755,0,0
CHEMBL17872,0.15877701,17756,0,0
CHEMBL38860,0.15873101,17757,0,0
CHEMBL29143,0.15873101,17758,0,0
CHEMBL17655,0.15873101,17759,0,0
CHEMBL19815,0.15867062,17760,0,0
CHEMBL828,0.15865572,17761,0,0
CHEMBL10287,0.15865572,17762,0,0
CHEMBL42458,0.15865572,17763,0,0
CHEMBL14606,0.15865399,17764,0,0
CHEMBL38074,0.15856743,17765,0,0
CHEMBL34511,0.15848063,17766,0,0
CHEMBL30512,0.15848063,17767,0,0
CHEMBL9754,0.15848063,17768,0,0
CHEMBL13496,0.15848063,17769,0,0
CHEMBL4116151,0.15848063,17770,0,0
CHEMBL6698,0.15848063,17771,0,0
CHEMBL404,0.15848063,17772,0,0
CHEMBL18496,0.15848063,17773,0,0
CHEMBL31642,0.15848063,17774,0,0
CHEMBL4543542,0.15848063,17775,0,0
CHEMBL1237410,0.15848063,17776,0,0
CHEMBL38307,0.15848063,17777,0,0
CHEMBL26375,0.15848063,17778,0,0
CHEMBL14254,0.15848063,17779,0,0
CHEMBL20554,0.15848063,17780,0,0
CHEMBL9753,0.15848063,17781,0,0
CHEMBL33590,0.15848063,17782,0,0
CHEMBL29450,0.15848063,17783,0,0
CHEMBL42261,0.15848063,17784,0,0
CHEMBL38734,0.15848063,17785,0,0
CHEMBL16650,0.15848063,17786,0,0
CHEMBL17538,0.15848063,17787,0,0
CHEMBL26145,0.15848063,17788,0,0
CHEMBL27954,0.15848063,17789,0,0
CHEMBL26622,0.1584285,17790,0,0
CHEMBL23533,0.15838805,17791,0,0
CHEMBL40092,0.15838805,17792,0,0
CHEMBL4543341,0.15838805,17793,0,0
CHEMBL36153,0.15835787,17794,0,0
CHEMBL17492,0.15835787,17795,0,0
CHEMBL27259,0.15835787,17796,0,0
CHEMBL604773,0.15835787,17797,0,0
CHEMBL30508,0.15835787,17798,0,0
CHEMBL12917,0.15835787,17799,0,0
CHEMBL7998,0.15835787,17800,0,0
CHEMBL15623,0.15833558,17801,0,0
CHEMBL18468,0.15833558,17802,0,0
CHEMBL38006,0.15833558,17803,0,0
CHEMBL22530,0.15833558,17804,0,0
CHEMBL7633,0.15833558,17805,0,0
CHEMBL3310287,0.15830457,17806,0,0
CHEMBL28637,0.15830457,17807,0,0
CHEMBL13474,0.15802826,17808,0,0
CHEMBL38883,0.15797114,17809,0,0
CHEMBL42235,0.15797114,17810,0,0
CHEMBL6580,0.15797114,17811,0,0
CHEMBL20809,0.15793692,17812,0,0
CHEMBL39829,0.15788974,17813,0,0
CHEMBL38725,0.15782401,17814,0,0
CHEMBL13041,0.15782401,17815,0,0
CHEMBL31817,0.15779689,17816,0,0
CHEMBL41036,0.15778802,17817,0,0
CHEMBL3309633,0.15778802,17818,0,0
CHEMBL26992,0.15778802,17819,0,0
CHEMBL12162,0.15778802,17820,0,0
CHEMBL28094,0.15778802,17821,0,0
CHEMBL40176,0.15778802,17822,0,0
CHEMBL11104,0.15778802,17823,0,0
CHEMBL15111,0.15778802,17824,0,0
CHEMBL11460,0.15778802,17825,0,0
CHEMBL41083,0.15778802,17826,0,0
CHEMBL7362,0.15778802,17827,0,0
CHEMBL15892,0.15778802,17828,0,0
CHEMBL36,0.15778802,17829,0,0
CHEMBL23787,0.15778802,17830,0,0
CHEMBL29667,0.15778802,17831,0,0
CHEMBL3309856,0.15778802,17832,0,0
CHEMBL21053,0.15778802,17833,0,0
CHEMBL39237,0.15778802,17834,0,0
CHEMBL27762,0.15778802,17835,0,0
CHEMBL36940,0.15778802,17836,0,0
CHEMBL24174,0.15778802,17837,0,0
CHEMBL20435,0.15778802,17838,0,0
CHEMBL16538,0.15778802,17839,0,0
CHEMBL661,0.15778802,17840,0,0
CHEMBL14898,0.15778802,17841,0,0
CHEMBL32598,0.15778802,17842,0,0
CHEMBL14498,0.15778802,17843,0,0
CHEMBL42262,0.15778802,17844,0,0
CHEMBL4435722,0.15778802,17845,0,0
CHEMBL29420,0.15778802,17846,0,0
CHEMBL40046,0.15778802,17847,0,0
CHEMBL9350,0.15778802,17848,0,0
CHEMBL27201,0.15778802,17849,0,0
CHEMBL22059,0.15778802,17850,0,0
CHEMBL610050,0.15778802,17851,0,0
CHEMBL3310675,0.15778802,17852,0,0
CHEMBL31722,0.15778802,17853,0,0
CHEMBL10395,0.15778802,17854,0,0
CHEMBL25452,0.15778802,17855,0,0
CHEMBL8498,0.15778802,17856,0,0
CHEMBL40657,0.15778802,17857,0,0
CHEMBL16467,0.15778802,17858,0,0
CHEMBL13614,0.15778802,17859,0,0
CHEMBL406648,0.15778802,17860,0,0
CHEMBL38371,0.15778802,17861,0,0
CHEMBL9897,0.15778802,17862,0,0
CHEMBL22777,0.15778802,17863,0,0
CHEMBL36584,0.15778802,17864,0,0
CHEMBL431,0.15778802,17865,0,0
CHEMBL35872,0.15778802,17866,0,0
CHEMBL12678,0.15778802,17867,0,0
CHEMBL12065,0.15778802,17868,0,0
CHEMBL16100,0.15778802,17869,0,0
CHEMBL16290,0.15778802,17870,0,0
CHEMBL19803,0.15778802,17871,0,0
CHEMBL37952,0.15778802,17872,0,0
CHEMBL6785,0.15778802,17873,0,0
CHEMBL38856,0.15778802,17874,0,0
CHEMBL32253,0.15778802,17875,0,0
CHEMBL32146,0.15778802,17876,0,0
CHEMBL7971,0.15778802,17877,0,0
CHEMBL28545,0.15778802,17878,0,0
CHEMBL32573,0.15778802,17879,0,0
CHEMBL21419,0.15778802,17880,0,0
CHEMBL33256,0.157766,17881,0,0
CHEMBL41683,0.157766,17882,0,0
CHEMBL40434,0.157766,17883,0,0
CHEMBL4434861,0.157766,17884,0,0
CHEMBL25356,0.157766,17885,0,0
CHEMBL17354,0.157766,17886,0,0
CHEMBL13430,0.15761082,17887,0,0
CHEMBL36999,0.15758498,17888,0,0
CHEMBL40586,0.15758498,17889,0,0
CHEMBL21583,0.15756774,17890,0,0
CHEMBL15235,0.15753616,17891,0,0
CHEMBL19593,0.15735744,17892,0,0
CHEMBL20339,0.15717725,17893,0,0
CHEMBL30454,0.15717725,17894,0,0
CHEMBL28086,0.15717725,17895,0,0
CHEMBL15413,0.15717725,17896,0,0
CHEMBL4435074,0.15717725,17897,0,0
CHEMBL4434806,0.15717725,17898,0,0
CHEMBL15109,0.15711999,17899,0,0
CHEMBL25907,0.15697877,17900,0,0
CHEMBL22849,0.15697877,17901,0,0
CHEMBL34224,0.15697877,17902,0,0
CHEMBL12396,0.15685228,17903,0,0
CHEMBL43036,0.15685228,17904,0,0
CHEMBL27809,0.15685228,17905,0,0
CHEMBL30708,0.15685228,17906,0,0
CHEMBL13678,0.15685228,17907,0,0
CHEMBL30764,0.15685228,17908,0,0
CHEMBL3309630,0.15685228,17909,0,0
CHEMBL11614,0.15685228,17910,0,0
CHEMBL15526,0.15685228,17911,0,0
CHEMBL8528,0.15685228,17912,0,0
CHEMBL37838,0.15685228,17913,0,0
CHEMBL25663,0.15685228,17914,0,0
CHEMBL4435896,0.15677513,17915,0,0
CHEMBL15308,0.15677513,17916,0,0
CHEMBL32969,0.15677513,17917,0,0
CHEMBL41243,0.15677513,17918,0,0
CHEMBL38416,0.15677513,17919,0,0
CHEMBL1163369,0.15677513,17920,0,0
CHEMBL39397,0.15668774,17921,0,0
CHEMBL14575,0.15668258,17922,0,0
CHEMBL16864,0.15658903,17923,0,0
CHEMBL27812,0.15657862,17924,0,0
CHEMBL6624,0.15655637,17925,0,0
CHEMBL3311094,0.15647869,17926,0,0
CHEMBL17278,0.15637195,17927,0,0
CHEMBL29894,0.15637195,17928,0,0
CHEMBL30775,0.15637195,17929,0,0
CHEMBL7723,0.15637195,17930,0,0
CHEMBL11330,0.15637195,17931,0,0
CHEMBL29222,0.15637195,17932,0,0
CHEMBL36757,0.15637195,17933,0,0
CHEMBL7705,0.15637195,17934,0,0
CHEMBL23668,0.15637195,17935,0,0
CHEMBL25551,0.15637195,17936,0,0
CHEMBL29489,0.15637195,17937,0,0
CHEMBL34968,0.15637195,17938,0,0
CHEMBL36692,0.15637195,17939,0,0
CHEMBL14093,0.15637195,17940,0,0
CHEMBL30538,0.15637195,17941,0,0
CHEMBL8500,0.15637195,17942,0,0
CHEMBL26280,0.15637195,17943,0,0
CHEMBL27664,0.15637195,17944,0,0
CHEMBL34574,0.15637195,17945,0,0
CHEMBL17802,0.15629008,17946,0,0
CHEMBL12468,0.15629008,17947,0,0
CHEMBL20571,0.15629008,17948,0,0
CHEMBL22718,0.15629008,17949,0,0
CHEMBL11226,0.15629008,17950,0,0
CHEMBL1214847,0.15629008,17951,0,0
CHEMBL24430,0.15628065,17952,0,0
CHEMBL22269,0.15625459,17953,0,0
CHEMBL29969,0.15625459,17954,0,0
CHEMBL4436076,0.15625459,17955,0,0
CHEMBL34847,0.15621276,17956,0,0
CHEMBL23750,0.15620187,17957,0,0
CHEMBL26671,0.15620187,17958,0,0
CHEMBL28705,0.15620187,17959,0,0
CHEMBL4436358,0.15620187,17960,0,0
CHEMBL17942,0.15620187,17961,0,0
CHEMBL27621,0.15620187,17962,0,0
CHEMBL30944,0.156136,17963,0,0
CHEMBL35921,0.15607662,17964,0,0
CHEMBL18161,0.15607662,17965,0,0
CHEMBL25296,0.15607662,17966,0,0
CHEMBL13899,0.15606153,17967,0,0
CHEMBL4435468,0.15606153,17968,0,0
CHEMBL6683,0.15606153,17969,0,0
CHEMBL13623,0.15606153,17970,0,0
CHEMBL36833,0.15606153,17971,0,0
CHEMBL20085,0.15606153,17972,0,0
CHEMBL18714,0.15606153,17973,0,0
CHEMBL32512,0.15606153,17974,0,0
CHEMBL31501,0.15597142,17975,0,0
CHEMBL40275,0.15585609,17976,0,0
CHEMBL15467,0.1558169,17977,0,0
CHEMBL9007,0.1558169,17978,0,0
CHEMBL11617,0.1558169,17979,0,0
CHEMBL4435465,0.1558169,17980,0,0
CHEMBL564205,0.1558169,17981,0,0
CHEMBL28568,0.1558169,17982,0,0
CHEMBL7984,0.1558169,17983,0,0
CHEMBL34056,0.1558169,17984,0,0
CHEMBL3309712,0.1558169,17985,0,0
CHEMBL28725,0.1558169,17986,0,0
CHEMBL24588,0.1558169,17987,0,0
CHEMBL10878,0.1558169,17988,0,0
CHEMBL17732,0.15568456,17989,0,0
CHEMBL18253,0.1556797,17990,0,0
CHEMBL31219,0.15564822,17991,0,0
CHEMBL4435318,0.15564665,17992,0,0
CHEMBL21328,0.15564665,17993,0,0
CHEMBL25714,0.15564665,17994,0,0
CHEMBL40665,0.1554888,17995,0,0
CHEMBL27595,0.1554888,17996,0,0
CHEMBL40716,0.15543504,17997,0,0
CHEMBL21551,0.15536517,17998,0,0
CHEMBL503818,0.15528455,17999,0,0
CHEMBL18492,0.15528455,18000,0,0
CHEMBL24942,0.15528455,18001,0,0
CHEMBL19399,0.15528455,18002,0,0
CHEMBL41384,0.15528455,18003,0,0
CHEMBL4435338,0.15528455,18004,0,0
CHEMBL27408,0.155201,18005,0,0
CHEMBL16098,0.15519932,18006,0,0
CHEMBL42870,0.15519932,18007,0,0
CHEMBL4553658,0.1550631,18008,0,0
CHEMBL34010,0.1550631,18009,0,0
CHEMBL7679,0.1550631,18010,0,0
CHEMBL20894,0.1550631,18011,0,0
CHEMBL13288,0.1550631,18012,0,0
CHEMBL28411,0.1550631,18013,0,0
CHEMBL23716,0.1550631,18014,0,0
CHEMBL9363,0.15505189,18015,0,0
CHEMBL11934,0.15495704,18016,0,0
CHEMBL21698,0.15491644,18017,0,0
CHEMBL15837,0.15471996,18018,0,0
CHEMBL32043,0.15471464,18019,0,0
CHEMBL19442,0.15468803,18020,0,0
CHEMBL40188,0.15466669,18021,0,0
CHEMBL9179,0.15460889,18022,0,0
CHEMBL19316,0.15460889,18023,0,0
CHEMBL14119,0.15460889,18024,0,0
CHEMBL13393,0.15460889,18025,0,0
CHEMBL4436473,0.15460569,18026,0,0
CHEMBL27749,0.15458664,18027,0,0
CHEMBL19857,0.15455702,18028,0,0
CHEMBL27643,0.15455702,18029,0,0
CHEMBL38719,0.15449752,18030,0,0
CHEMBL1210789,0.15449752,18031,0,0
CHEMBL34730,0.15449752,18032,0,0
CHEMBL38603,0.15448703,18033,0,0
CHEMBL34745,0.15448703,18034,0,0
CHEMBL7682,0.15448703,18035,0,0
CHEMBL21672,0.15447177,18036,0,0
CHEMBL3309536,0.15445703,18037,0,0
CHEMBL36405,0.15445703,18038,0,0
CHEMBL39394,0.15445703,18039,0,0
CHEMBL40745,0.15426424,18040,0,0
CHEMBL4436237,0.15425149,18041,0,0
CHEMBL14054,0.15423036,18042,0,0
CHEMBL4434726,0.15421484,18043,0,0
CHEMBL4435092,0.15421484,18044,0,0
CHEMBL12129,0.15421484,18045,0,0
CHEMBL39331,0.15421484,18046,0,0
CHEMBL27963,0.15421484,18047,0,0
CHEMBL23823,0.15421484,18048,0,0
CHEMBL3310094,0.15421484,18049,0,0
CHEMBL1094870,0.15421484,18050,0,0
CHEMBL49,0.15421484,18051,0,0
CHEMBL15601,0.15421484,18052,0,0
CHEMBL593933,0.15421484,18053,0,0
CHEMBL15352,0.15421484,18054,0,0
CHEMBL32460,0.15421484,18055,0,0
CHEMBL29278,0.15421484,18056,0,0
CHEMBL39814,0.15421484,18057,0,0
CHEMBL12187,0.15421484,18058,0,0
CHEMBL39590,0.15421484,18059,0,0
CHEMBL37497,0.15421484,18060,0,0
CHEMBL4436158,0.15421484,18061,0,0
CHEMBL27393,0.15421484,18062,0,0
CHEMBL10965,0.15421484,18063,0,0
CHEMBL10975,0.15421484,18064,0,0
CHEMBL3310208,0.15421484,18065,0,0
CHEMBL3309627,0.15421484,18066,0,0
CHEMBL10880,0.15421484,18067,0,0
CHEMBL21937,0.15421484,18068,0,0
CHEMBL25393,0.15421484,18069,0,0
CHEMBL7493,0.15421484,18070,0,0
CHEMBL4434823,0.15419942,18071,0,0
CHEMBL35952,0.15419942,18072,0,0
CHEMBL37626,0.15419942,18073,0,0
CHEMBL13864,0.15419942,18074,0,0
CHEMBL31303,0.15419942,18075,0,0
CHEMBL25626,0.15419942,18076,0,0
CHEMBL1077270,0.15406449,18077,0,0
CHEMBL23432,0.15393268,18078,0,0
CHEMBL43517,0.15389156,18079,0,0
CHEMBL12106,0.15384099,18080,0,0
CHEMBL11391,0.15381683,18081,0,0
CHEMBL24311,0.15376446,18082,0,0
CHEMBL17028,0.15376335,18083,0,0
CHEMBL14414,0.15362678,18084,0,0
CHEMBL4116170,0.1536124,18085,0,0
CHEMBL4543352,0.15357643,18086,0,0
CHEMBL20498,0.15357433,18087,0,0
CHEMBL4543175,0.15347882,18088,0,0
CHEMBL3311287,0.15347882,18089,0,0
CHEMBL1215806,0.15347882,18090,0,0
CHEMBL24401,0.15345393,18091,0,0
CHEMBL23008,0.15345393,18092,0,0
CHEMBL30742,0.15345393,18093,0,0
CHEMBL37025,0.15345393,18094,0,0
CHEMBL15708,0.15345393,18095,0,0
CHEMBL19759,0.15345393,18096,0,0
CHEMBL9667,0.15345393,18097,0,0
CHEMBL38779,0.15343808,18098,0,0
CHEMBL30894,0.15343808,18099,0,0
CHEMBL15937,0.15343808,18100,0,0
CHEMBL24494,0.15338409,18101,0,0
CHEMBL583100,0.15338409,18102,0,0
CHEMBL36043,0.15338409,18103,0,0
CHEMBL4436576,0.15337446,18104,0,0
CHEMBL36710,0.15333939,18105,0,0
CHEMBL31562,0.15333939,18106,0,0
CHEMBL38777,0.15333939,18107,0,0
CHEMBL32572,0.15323965,18108,0,0
CHEMBL29850,0.15323965,18109,0,0
CHEMBL1086372,0.153185,18110,0,0
CHEMBL4543353,0.15317723,18111,0,0
CHEMBL40539,0.15316314,18112,0,0
CHEMBL4436062,0.15301418,18113,0,0
CHEMBL38617,0.15301418,18114,0,0
CHEMBL4543380,0.1529932,18115,0,0
CHEMBL1159483,0.15296216,18116,0,0
CHEMBL38398,0.15291879,18117,0,0
CHEMBL25113,0.15288031,18118,0,0
CHEMBL26603,0.15287502,18119,0,0
CHEMBL20781,0.15287502,18120,0,0
CHEMBL6481,0.15287502,18121,0,0
CHEMBL17206,0.15287502,18122,0,0
CHEMBL35693,0.15287502,18123,0,0
CHEMBL4436174,0.15287502,18124,0,0
CHEMBL20388,0.15287502,18125,0,0
CHEMBL4543469,0.15287502,18126,0,0
CHEMBL3309344,0.15287502,18127,0,0
CHEMBL14225,0.15287502,18128,0,0
CHEMBL28178,0.15287502,18129,0,0
CHEMBL27090,0.15287502,18130,0,0
CHEMBL19948,0.15277958,18131,0,0
CHEMBL40726,0.15277958,18132,0,0
CHEMBL22646,0.15277958,18133,0,0
CHEMBL3311008,0.15277958,18134,0,0
CHEMBL8796,0.15277958,18135,0,0
CHEMBL8795,0.15277958,18136,0,0
CHEMBL31996,0.15277958,18137,0,0
CHEMBL41604,0.15277958,18138,0,0
CHEMBL26459,0.15277958,18139,0,0
CHEMBL25894,0.15277958,18140,0,0
CHEMBL29508,0.15277958,18141,0,0
CHEMBL13069,0.15277958,18142,0,0
CHEMBL11548,0.15277958,18143,0,0
CHEMBL25871,0.15277958,18144,0,0
CHEMBL17322,0.15277958,18145,0,0
CHEMBL3309919,0.15277958,18146,0,0
CHEMBL30650,0.15277958,18147,0,0
CHEMBL1075681,0.15277958,18148,0,0
CHEMBL13131,0.15277958,18149,0,0
CHEMBL17347,0.15277958,18150,0,0
CHEMBL9089,0.15277958,18151,0,0
CHEMBL16793,0.15277958,18152,0,0
CHEMBL4435486,0.15277958,18153,0,0
CHEMBL31062,0.15277958,18154,0,0
CHEMBL30622,0.15277958,18155,0,0
CHEMBL15830,0.15277958,18156,0,0
CHEMBL19934,0.15277958,18157,0,0
CHEMBL7605,0.15277958,18158,0,0
CHEMBL6882,0.15277958,18159,0,0
CHEMBL16868,0.15277958,18160,0,0
CHEMBL19846,0.15277958,18161,0,0
CHEMBL1162315,0.15277958,18162,0,0
CHEMBL264784,0.15277958,18163,0,0
CHEMBL38946,0.15277958,18164,0,0
CHEMBL24990,0.15277958,18165,0,0
CHEMBL7112,0.15277958,18166,0,0
CHEMBL41002,0.15277958,18167,0,0
CHEMBL30292,0.15277958,18168,0,0
CHEMBL41107,0.15277958,18169,0,0
CHEMBL23679,0.15277958,18170,0,0
CHEMBL38525,0.15277958,18171,0,0
CHEMBL7738,0.15277958,18172,0,0
CHEMBL7761,0.15277958,18173,0,0
CHEMBL4303145,0.15277958,18174,0,0
CHEMBL4435933,0.15277958,18175,0,0
CHEMBL42720,0.15277958,18176,0,0
CHEMBL36039,0.15277958,18177,0,0
CHEMBL15092,0.15277958,18178,0,0
CHEMBL28536,0.15277958,18179,0,0
CHEMBL4543489,0.15277958,18180,0,0
CHEMBL6670,0.15277958,18181,0,0
CHEMBL29589,0.15277958,18182,0,0
CHEMBL6734,0.15277958,18183,0,0
CHEMBL23433,0.15277958,18184,0,0
CHEMBL31608,0.15277958,18185,0,0
CHEMBL14985,0.15277958,18186,0,0
CHEMBL9073,0.15277958,18187,0,0
CHEMBL21565,0.15277958,18188,0,0
CHEMBL23328,0.15277958,18189,0,0
CHEMBL13887,0.15277958,18190,0,0
CHEMBL37437,0.15277958,18191,0,0
CHEMBL11393,0.15277958,18192,0,0
CHEMBL23247,0.15277958,18193,0,0
CHEMBL19169,0.15277958,18194,0,0
CHEMBL4559948,0.15277958,18195,0,0
CHEMBL20485,0.15277958,18196,0,0
CHEMBL14226,0.15277958,18197,0,0
CHEMBL19680,0.15277958,18198,0,0
CHEMBL38427,0.15277958,18199,0,0
CHEMBL9729,0.15277958,18200,0,0
CHEMBL23896,0.15277958,18201,0,0
CHEMBL23915,0.15277958,18202,0,0
CHEMBL24658,0.15277958,18203,0,0
CHEMBL41528,0.15277958,18204,0,0
CHEMBL31456,0.15277958,18205,0,0
CHEMBL27596,0.15277958,18206,0,0
CHEMBL13939,0.15277958,18207,0,0
CHEMBL7438,0.15277958,18208,0,0
CHEMBL17362,0.15277958,18209,0,0
CHEMBL3310178,0.15277958,18210,0,0
CHEMBL8516,0.15277958,18211,0,0
CHEMBL8608,0.15277958,18212,0,0
CHEMBL586,0.15277958,18213,0,0
CHEMBL13852,0.15277958,18214,0,0
CHEMBL6995,0.15277958,18215,0,0
CHEMBL42533,0.15277958,18216,0,0
CHEMBL23094,0.15277958,18217,0,0
CHEMBL25998,0.15277958,18218,0,0
CHEMBL24122,0.15277958,18219,0,0
CHEMBL19591,0.15277958,18220,0,0
CHEMBL40323,0.15277958,18221,0,0
CHEMBL23579,0.15277958,18222,0,0
CHEMBL31036,0.15277958,18223,0,0
CHEMBL23507,0.15277958,18224,0,0
CHEMBL31115,0.15277958,18225,0,0
CHEMBL36937,0.15277958,18226,0,0
CHEMBL6529,0.15277958,18227,0,0
CHEMBL7505,0.15277958,18228,0,0
CHEMBL21641,0.15277958,18229,0,0
CHEMBL1185211,0.15277958,18230,0,0
CHEMBL14324,0.15277958,18231,0,0
CHEMBL12856,0.15277958,18232,0,0
CHEMBL3309640,0.15277958,18233,0,0
CHEMBL25984,0.15277958,18234,0,0
CHEMBL27622,0.15277958,18235,0,0
CHEMBL21918,0.15277958,18236,0,0
CHEMBL24375,0.15277958,18237,0,0
CHEMBL3309641,0.15277958,18238,0,0
CHEMBL19287,0.15277958,18239,0,0
CHEMBL29832,0.15277958,18240,0,0
CHEMBL18947,0.15277958,18241,0,0
CHEMBL20167,0.15277958,18242,0,0
CHEMBL4434954,0.15277958,18243,0,0
CHEMBL33210,0.15277958,18244,0,0
CHEMBL29125,0.15277958,18245,0,0
CHEMBL14869,0.15277958,18246,0,0
CHEMBL22169,0.15277958,18247,0,0
CHEMBL40081,0.15277958,18248,0,0
CHEMBL162280,0.15277958,18249,0,0
CHEMBL24196,0.15277958,18250,0,0
CHEMBL19809,0.15277958,18251,0,0
CHEMBL11621,0.15277958,18252,0,0
CHEMBL36773,0.15277958,18253,0,0
CHEMBL12226,0.15277958,18254,0,0
CHEMBL37925,0.15277958,18255,0,0
CHEMBL28694,0.15277958,18256,0,0
CHEMBL23712,0.15277958,18257,0,0
CHEMBL40105,0.15277958,18258,0,0
CHEMBL12651,0.15277958,18259,0,0
CHEMBL14803,0.15277958,18260,0,0
CHEMBL21083,0.15277958,18261,0,0
CHEMBL28018,0.15277958,18262,0,0
CHEMBL9010,0.15274741,18263,0,0
CHEMBL38539,0.1527445,18264,0,0
CHEMBL8537,0.1526996,18265,0,0
CHEMBL7699,0.1526996,18266,0,0
CHEMBL3310143,0.15257809,18267,0,0
CHEMBL22048,0.15257809,18268,0,0
CHEMBL15143,0.15256153,18269,0,0
CHEMBL18415,0.15256153,18270,0,0
CHEMBL25282,0.15255329,18271,0,0
CHEMBL30420,0.15251084,18272,0,0
CHEMBL4434669,0.15251084,18273,0,0
CHEMBL7821,0.15251084,18274,0,0
CHEMBL21130,0.15251084,18275,0,0
CHEMBL22975,0.15251084,18276,0,0
CHEMBL3310451,0.15251084,18277,0,0
CHEMBL16185,0.15251084,18278,0,0
CHEMBL23796,0.15251084,18279,0,0
CHEMBL26661,0.15251084,18280,0,0
CHEMBL34729,0.15251084,18281,0,0
CHEMBL11891,0.15251084,18282,0,0
CHEMBL30546,0.15248832,18283,0,0
CHEMBL39279,0.1524303,18284,0,0
CHEMBL30908,0.15242012,18285,0,0
CHEMBL16065,0.15242012,18286,0,0
CHEMBL41923,0.15242012,18287,0,0
CHEMBL42698,0.15240023,18288,0,0
CHEMBL15426,0.1523245,18289,0,0
CHEMBL10649,0.15232162,18290,0,0
CHEMBL32536,0.15228367,18291,0,0
CHEMBL33595,0.15225519,18292,0,0
CHEMBL42069,0.1522458,18293,0,0
CHEMBL25659,0.15219563,18294,0,0
CHEMBL40959,0.15219563,18295,0,0
CHEMBL38950,0.15219563,18296,0,0
CHEMBL40685,0.1521656,18297,0,0
CHEMBL13377,0.15211125,18298,0,0
CHEMBL23326,0.15203196,18299,0,0
CHEMBL40341,0.15202528,18300,0,0
CHEMBL37363,0.15202413,18301,0,0
CHEMBL19679,0.15200134,18302,0,0
CHEMBL15220,0.15192696,18303,0,0
CHEMBL41795,0.15191385,18304,0,0
CHEMBL21066,0.15190418,18305,0,0
CHEMBL16267,0.15184325,18306,0,0
CHEMBL8831,0.15184325,18307,0,0
CHEMBL20895,0.15160823,18308,0,0
CHEMBL19414,0.15157668,18309,0,0
CHEMBL17515,0.15157484,18310,0,0
CHEMBL16725,0.15157416,18311,0,0
CHEMBL27184,0.15157416,18312,0,0
CHEMBL27263,0.15157416,18313,0,0
CHEMBL40410,0.15157416,18314,0,0
CHEMBL40357,0.15157416,18315,0,0
CHEMBL33654,0.15157416,18316,0,0
CHEMBL23384,0.15157416,18317,0,0
CHEMBL10382,0.15157416,18318,0,0
CHEMBL17289,0.15157416,18319,0,0
CHEMBL25888,0.15157416,18320,0,0
CHEMBL29303,0.15157416,18321,0,0
CHEMBL32509,0.15157416,18322,0,0
CHEMBL7911,0.15157416,18323,0,0
CHEMBL32042,0.15157416,18324,0,0
CHEMBL16218,0.15157416,18325,0,0
CHEMBL12609,0.15157416,18326,0,0
CHEMBL29102,0.15157416,18327,0,0
CHEMBL14740,0.15157416,18328,0,0
CHEMBL3309505,0.15157416,18329,0,0
CHEMBL6264,0.15157416,18330,0,0
CHEMBL30357,0.15157416,18331,0,0
CHEMBL23755,0.15157416,18332,0,0
CHEMBL39135,0.15157416,18333,0,0
CHEMBL19563,0.15157416,18334,0,0
CHEMBL23758,0.15157416,18335,0,0
CHEMBL15523,0.15157416,18336,0,0
CHEMBL3310154,0.1515591,18337,0,0
CHEMBL4436244,0.1515591,18338,0,0
CHEMBL14115,0.1515591,18339,0,0
CHEMBL12316,0.15154968,18340,0,0
CHEMBL36831,0.15152426,18341,0,0
CHEMBL40517,0.15152426,18342,0,0
CHEMBL20285,0.15152426,18343,0,0
CHEMBL4435621,0.15152426,18344,0,0
CHEMBL15668,0.15152426,18345,0,0
CHEMBL21495,0.15152426,18346,0,0
CHEMBL14900,0.15152426,18347,0,0
CHEMBL37049,0.15152426,18348,0,0
CHEMBL20110,0.15152426,18349,0,0
CHEMBL34878,0.15152426,18350,0,0
CHEMBL10481,0.15152426,18351,0,0
CHEMBL32275,0.15152426,18352,0,0
CHEMBL40204,0.15152426,18353,0,0
CHEMBL35203,0.15152426,18354,0,0
CHEMBL34487,0.15144938,18355,0,0
CHEMBL7372,0.15144938,18356,0,0
CHEMBL21272,0.15139377,18357,0,0
CHEMBL27433,0.15124898,18358,0,0
CHEMBL16604,0.15086335,18359,0,0
CHEMBL25162,0.15080664,18360,0,0
CHEMBL32074,0.1507484,18361,0,0
CHEMBL25972,0.1507331,18362,0,0
CHEMBL18710,0.15067296,18363,0,0
CHEMBL33415,0.15067296,18364,0,0
CHEMBL21087,0.15067296,18365,0,0
CHEMBL3310333,0.15061627,18366,0,0
CHEMBL36288,0.1505086,18367,0,0
CHEMBL12444,0.1505086,18368,0,0
CHEMBL15156,0.1505086,18369,0,0
CHEMBL10308,0.1505086,18370,0,0
CHEMBL30132,0.1505086,18371,0,0
CHEMBL24171,0.1505086,18372,0,0
CHEMBL35245,0.1504938,18373,0,0
CHEMBL13289,0.1504938,18374,0,0
CHEMBL15753,0.1504938,18375,0,0
CHEMBL34534,0.1504938,18376,0,0
CHEMBL2094221,0.1504938,18377,0,0
CHEMBL1094711,0.1504938,18378,0,0
CHEMBL7322,0.1504938,18379,0,0
CHEMBL18172,0.1504938,18380,0,0
CHEMBL26706,0.1504938,18381,0,0
CHEMBL39867,0.1504938,18382,0,0
CHEMBL6672,0.1504938,18383,0,0
CHEMBL3309702,0.1504938,18384,0,0
CHEMBL16108,0.1504938,18385,0,0
CHEMBL37397,0.1504938,18386,0,0
CHEMBL19571,0.1504938,18387,0,0
CHEMBL42187,0.1504938,18388,0,0
CHEMBL3309636,0.1504938,18389,0,0
CHEMBL23922,0.1504938,18390,0,0
CHEMBL20292,0.1504938,18391,0,0
CHEMBL16971,0.1504938,18392,0,0
CHEMBL23019,0.1504938,18393,0,0
CHEMBL19498,0.1504938,18394,0,0
CHEMBL4435965,0.1504938,18395,0,0
CHEMBL19504,0.1504938,18396,0,0
CHEMBL38825,0.1504938,18397,0,0
CHEMBL16322,0.15048565,18398,0,0
CHEMBL18926,0.15047657,18399,0,0
CHEMBL610630,0.15040107,18400,0,0
CHEMBL43763,0.15037262,18401,0,0
CHEMBL23718,0.15037262,18402,0,0
CHEMBL23928,0.15036528,18403,0,0
CHEMBL570178,0.15036479,18404,0,0
CHEMBL18504,0.15031427,18405,0,0
CHEMBL22956,0.15028594,18406,0,0
CHEMBL42440,0.15021789,18407,0,0
CHEMBL12410,0.15021789,18408,0,0
CHEMBL24465,0.15019546,18409,0,0
CHEMBL4434704,0.15019546,18410,0,0
CHEMBL3310142,0.15018292,18411,0,0
CHEMBL7430,0.15018292,18412,0,0
CHEMBL17225,0.150116,18413,0,0
CHEMBL14328,0.14988953,18414,0,0
CHEMBL40885,0.14986819,18415,0,0
CHEMBL17454,0.14985326,18416,0,0
CHEMBL10057,0.14979362,18417,0,0
CHEMBL22285,0.14979362,18418,0,0
CHEMBL7133,0.14979362,18419,0,0
CHEMBL20186,0.14979362,18420,0,0
CHEMBL40255,0.14979362,18421,0,0
CHEMBL21744,0.14979362,18422,0,0
CHEMBL31258,0.14979362,18423,0,0
CHEMBL4543366,0.14979362,18424,0,0
CHEMBL40602,0.14979362,18425,0,0
CHEMBL4543222,0.14979362,18426,0,0
CHEMBL3310429,0.14979362,18427,0,0
CHEMBL30158,0.14979362,18428,0,0
CHEMBL18875,0.14979362,18429,0,0
CHEMBL30101,0.14979362,18430,0,0
CHEMBL13352,0.14979362,18431,0,0
CHEMBL8195,0.14979362,18432,0,0
CHEMBL15228,0.14979362,18433,0,0
CHEMBL16140,0.14979362,18434,0,0
CHEMBL22608,0.14979362,18435,0,0
CHEMBL4543298,0.14979362,18436,0,0
CHEMBL33836,0.14979362,18437,0,0
CHEMBL41265,0.14979362,18438,0,0
CHEMBL40630,0.14979362,18439,0,0
CHEMBL26879,0.14979362,18440,0,0
CHEMBL29866,0.14979362,18441,0,0
CHEMBL36167,0.14979362,18442,0,0
CHEMBL24207,0.14979362,18443,0,0
CHEMBL13792,0.14979362,18444,0,0
CHEMBL39936,0.14979362,18445,0,0
CHEMBL26803,0.14979362,18446,0,0
CHEMBL39761,0.14979362,18447,0,0
CHEMBL33736,0.14979362,18448,0,0
CHEMBL3310226,0.14979362,18449,0,0
CHEMBL3310271,0.14979362,18450,0,0
CHEMBL19555,0.14979362,18451,0,0
CHEMBL29431,0.14979362,18452,0,0
CHEMBL12990,0.14979362,18453,0,0
CHEMBL35993,0.14979362,18454,0,0
CHEMBL18019,0.14979362,18455,0,0
CHEMBL3309914,0.14979362,18456,0,0
CHEMBL25934,0.14979362,18457,0,0
CHEMBL20767,0.14979362,18458,0,0
CHEMBL1095997,0.14979362,18459,0,0
CHEMBL29668,0.14979362,18460,0,0
CHEMBL13044,0.14979362,18461,0,0
CHEMBL29516,0.14979362,18462,0,0
CHEMBL4553606,0.14979362,18463,0,0
CHEMBL14003,0.14979362,18464,0,0
CHEMBL8560,0.14979362,18465,0,0
CHEMBL7310,0.14979362,18466,0,0
CHEMBL8785,0.14979362,18467,0,0
CHEMBL6909,0.14979362,18468,0,0
CHEMBL26490,0.14979362,18469,0,0
CHEMBL4553603,0.14979362,18470,0,0
CHEMBL26438,0.14979362,18471,0,0
CHEMBL25853,0.14979362,18472,0,0
CHEMBL23242,0.14979362,18473,0,0
CHEMBL37361,0.14979362,18474,0,0
CHEMBL14986,0.14979362,18475,0,0
CHEMBL14294,0.14979362,18476,0,0
CHEMBL42169,0.14979362,18477,0,0
CHEMBL42198,0.14979362,18478,0,0
CHEMBL12920,0.14979362,18479,0,0
CHEMBL42791,0.14979362,18480,0,0
CHEMBL37528,0.14979362,18481,0,0
CHEMBL37816,0.14979362,18482,0,0
CHEMBL37833,0.14979362,18483,0,0
CHEMBL7173,0.14979362,18484,0,0
CHEMBL23141,0.14979362,18485,0,0
CHEMBL423,0.14979362,18486,0,0
CHEMBL38305,0.14979362,18487,0,0
CHEMBL500090,0.14979362,18488,0,0
CHEMBL10421,0.14979362,18489,0,0
CHEMBL37400,0.14979362,18490,0,0
CHEMBL28609,0.14979362,18491,0,0
CHEMBL14535,0.14979362,18492,0,0
CHEMBL17822,0.14979362,18493,0,0
CHEMBL503508,0.14979362,18494,0,0
CHEMBL37988,0.14979362,18495,0,0
CHEMBL9057,0.14979362,18496,0,0
CHEMBL12694,0.14979362,18497,0,0
CHEMBL511,0.14979362,18498,0,0
CHEMBL12637,0.14979362,18499,0,0
CHEMBL37625,0.14979362,18500,0,0
CHEMBL37743,0.14979362,18501,0,0
CHEMBL28724,0.14979362,18502,0,0
CHEMBL624,0.14979362,18503,0,0
CHEMBL33151,0.14979362,18504,0,0
CHEMBL16968,0.14979362,18505,0,0
CHEMBL6309,0.14979362,18506,0,0
CHEMBL15863,0.14979362,18507,0,0
CHEMBL1207630,0.14975621,18508,0,0
CHEMBL40676,0.14966318,18509,0,0
CHEMBL29846,0.14965259,18510,0,0
CHEMBL9677,0.14949906,18511,0,0
CHEMBL38926,0.14949906,18512,0,0
CHEMBL533010,0.14932078,18513,0,0
CHEMBL10315,0.14927898,18514,0,0
CHEMBL35233,0.14920722,18515,0,0
CHEMBL23768,0.1492018,18516,0,0
CHEMBL25413,0.1492018,18517,0,0
CHEMBL38302,0.1492018,18518,0,0
CHEMBL6245,0.14914437,18519,0,0
CHEMBL13471,0.14914437,18520,0,0
CHEMBL9804,0.14914437,18521,0,0
CHEMBL17878,0.14914437,18522,0,0
CHEMBL14852,0.14914437,18523,0,0
CHEMBL38258,0.14914437,18524,0,0
CHEMBL4434670,0.14914437,18525,0,0
CHEMBL33405,0.14914437,18526,0,0
CHEMBL12775,0.14914437,18527,0,0
CHEMBL28732,0.14914437,18528,0,0
CHEMBL35851,0.14914437,18529,0,0
CHEMBL20346,0.14914437,18530,0,0
CHEMBL24454,0.14914437,18531,0,0
CHEMBL30636,0.14914437,18532,0,0
CHEMBL13300,0.14914437,18533,0,0
CHEMBL41340,0.14914437,18534,0,0
CHEMBL39347,0.14914437,18535,0,0
CHEMBL4434938,0.14914437,18536,0,0
CHEMBL39388,0.14914437,18537,0,0
CHEMBL746,0.14914437,18538,0,0
CHEMBL12972,0.14914437,18539,0,0
CHEMBL37482,0.14914437,18540,0,0
CHEMBL42190,0.14914437,18541,0,0
CHEMBL17246,0.14914437,18542,0,0
CHEMBL21323,0.14914437,18543,0,0
CHEMBL3309720,0.14914437,18544,0,0
CHEMBL32227,0.14914437,18545,0,0
CHEMBL29239,0.14914437,18546,0,0
CHEMBL15357,0.14914437,18547,0,0
CHEMBL3309453,0.14914437,18548,0,0
CHEMBL430,0.14914437,18549,0,0
CHEMBL6290,0.14914437,18550,0,0
CHEMBL16632,0.14914437,18551,0,0
CHEMBL41000,0.14914437,18552,0,0
CHEMBL13428,0.14914437,18553,0,0
CHEMBL17385,0.14914437,18554,0,0
CHEMBL14058,0.14914437,18555,0,0
CHEMBL29761,0.14914437,18556,0,0
CHEMBL41517,0.14914437,18557,0,0
CHEMBL3309723,0.14914437,18558,0,0
CHEMBL15661,0.14914437,18559,0,0
CHEMBL20082,0.14914437,18560,0,0
CHEMBL40494,0.14910057,18561,0,0
CHEMBL1163447,0.1490941,18562,0,0
CHEMBL9721,0.1490941,18563,0,0
CHEMBL22142,0.14903402,18564,0,0
CHEMBL25627,0.14903402,18565,0,0
CHEMBL17630,0.14903402,18566,0,0
CHEMBL29604,0.14903043,18567,0,0
CHEMBL14223,0.14903043,18568,0,0
CHEMBL34252,0.14901969,18569,0,0
CHEMBL14652,0.14901969,18570,0,0
CHEMBL7211,0.14900954,18571,0,0
CHEMBL3309463,0.14900954,18572,0,0
CHEMBL41940,0.14900954,18573,0,0
CHEMBL19268,0.14900954,18574,0,0
CHEMBL17823,0.14891447,18575,0,0
CHEMBL4436334,0.14887486,18576,0,0
CHEMBL4435596,0.14887486,18577,0,0
CHEMBL405398,0.14887486,18578,0,0
CHEMBL15638,0.14881836,18579,0,0
CHEMBL14894,0.14881836,18580,0,0
CHEMBL4560022,0.14881836,18581,0,0
CHEMBL538692,0.14881836,18582,0,0
CHEMBL1097360,0.14881836,18583,0,0
CHEMBL17967,0.14881836,18584,0,0
CHEMBL22126,0.14879982,18585,0,0
CHEMBL13096,0.14879982,18586,0,0
CHEMBL10910,0.14879982,18587,0,0
CHEMBL17717,0.14879982,18588,0,0
CHEMBL4434673,0.14879982,18589,0,0
CHEMBL17714,0.14879982,18590,0,0
CHEMBL3309364,0.14879982,18591,0,0
CHEMBL16889,0.14879982,18592,0,0
CHEMBL42595,0.14879982,18593,0,0
CHEMBL30501,0.14879982,18594,0,0
CHEMBL33928,0.14879982,18595,0,0
CHEMBL32897,0.14879982,18596,0,0
CHEMBL15094,0.14879982,18597,0,0
CHEMBL10537,0.14879982,18598,0,0
CHEMBL728,0.14879982,18599,0,0
CHEMBL12545,0.14879982,18600,0,0
CHEMBL21879,0.14879982,18601,0,0
CHEMBL19838,0.14879982,18602,0,0
CHEMBL22429,0.14879982,18603,0,0
CHEMBL3309805,0.14879982,18604,0,0
CHEMBL13227,0.14879982,18605,0,0
CHEMBL29766,0.14879982,18606,0,0
CHEMBL1078134,0.14879982,18607,0,0
CHEMBL12464,0.14879982,18608,0,0
CHEMBL31143,0.14879982,18609,0,0
CHEMBL25653,0.14879982,18610,0,0
CHEMBL41244,0.14879982,18611,0,0
CHEMBL36700,0.14879982,18612,0,0
CHEMBL606119,0.14879982,18613,0,0
CHEMBL36581,0.14877437,18614,0,0
CHEMBL6244,0.1487597,18615,0,0
CHEMBL15135,0.1487597,18616,0,0
CHEMBL10018,0.1487597,18617,0,0
CHEMBL4435867,0.1486587,18618,0,0
CHEMBL10989,0.1485982,18619,0,0
CHEMBL41375,0.14852262,18620,0,0
CHEMBL15356,0.14844638,18621,0,0
CHEMBL22765,0.14843,18622,0,0
CHEMBL10064,0.14841187,18623,0,0
CHEMBL14169,0.14841187,18624,0,0
CHEMBL22932,0.14841187,18625,0,0
CHEMBL7826,0.14841187,18626,0,0
CHEMBL16863,0.14841187,18627,0,0
CHEMBL12572,0.14841187,18628,0,0
CHEMBL27234,0.14840586,18629,0,0
CHEMBL23913,0.14837298,18630,0,0
CHEMBL23249,0.14837298,18631,0,0
CHEMBL28286,0.14837298,18632,0,0
CHEMBL23614,0.14837298,18633,0,0
CHEMBL20961,0.14837298,18634,0,0
CHEMBL25078,0.14834061,18635,0,0
CHEMBL43750,0.14834061,18636,0,0
CHEMBL40190,0.14829771,18637,0,0
CHEMBL37966,0.14829771,18638,0,0
CHEMBL27168,0.14829771,18639,0,0
CHEMBL25191,0.14829771,18640,0,0
CHEMBL39284,0.14829771,18641,0,0
CHEMBL7099,0.14829771,18642,0,0
CHEMBL10384,0.14829771,18643,0,0
CHEMBL16395,0.14828621,18644,0,0
CHEMBL15606,0.14828621,18645,0,0
CHEMBL41673,0.14828621,18646,0,0
CHEMBL258525,0.14828621,18647,0,0
CHEMBL6482,0.14811963,18648,0,0
CHEMBL25529,0.14810939,18649,0,0
CHEMBL17537,0.14810726,18650,0,0
CHEMBL18975,0.14810137,18651,0,0
CHEMBL33969,0.14798482,18652,0,0
CHEMBL6527,0.14798482,18653,0,0
CHEMBL4435928,0.14784971,18654,0,0
CHEMBL34049,0.14779489,18655,0,0
CHEMBL18534,0.14775966,18656,0,0
CHEMBL25512,0.14775966,18657,0,0
CHEMBL4435130,0.14775966,18658,0,0
CHEMBL20398,0.14774518,18659,0,0
CHEMBL11806,0.14774518,18660,0,0
CHEMBL20332,0.14774518,18661,0,0
CHEMBL41589,0.14774518,18662,0,0
CHEMBL23720,0.14774518,18663,0,0
CHEMBL37824,0.14774518,18664,0,0
CHEMBL26902,0.14774518,18665,0,0
CHEMBL25935,0.147744,18666,0,0
CHEMBL41086,0.14769147,18667,0,0
CHEMBL40451,0.14768285,18668,0,0
CHEMBL31496,0.14768285,18669,0,0
CHEMBL15949,0.14768285,18670,0,0
CHEMBL21005,0.14768285,18671,0,0
CHEMBL10961,0.14768285,18672,0,0
CHEMBL16622,0.14768285,18673,0,0
CHEMBL582894,0.14768285,18674,0,0
CHEMBL37667,0.1476136,18675,0,0
CHEMBL9843,0.1476136,18676,0,0
CHEMBL717,0.14758432,18677,0,0
CHEMBL32992,0.14757775,18678,0,0
CHEMBL22525,0.14756449,18679,0,0
CHEMBL34203,0.14754882,18680,0,0
CHEMBL23535,0.14754882,18681,0,0
CHEMBL26745,0.14754882,18682,0,0
CHEMBL24493,0.14754882,18683,0,0
CHEMBL24125,0.14754882,18684,0,0
CHEMBL14825,0.14754882,18685,0,0
CHEMBL8511,0.14754882,18686,0,0
CHEMBL4435667,0.14754882,18687,0,0
CHEMBL20980,0.14754882,18688,0,0
CHEMBL32808,0.14754882,18689,0,0
CHEMBL34747,0.14754882,18690,0,0
CHEMBL7529,0.14754882,18691,0,0
CHEMBL17029,0.14754882,18692,0,0
CHEMBL568755,0.14754882,18693,0,0
CHEMBL265130,0.14754882,18694,0,0
CHEMBL31756,0.14754882,18695,0,0
CHEMBL23493,0.14754882,18696,0,0
CHEMBL4559952,0.14754882,18697,0,0
CHEMBL1078396,0.14754882,18698,0,0
CHEMBL14325,0.14754882,18699,0,0
CHEMBL19475,0.14754882,18700,0,0
CHEMBL25007,0.14754882,18701,0,0
CHEMBL14064,0.1474836,18702,0,0
CHEMBL3309652,0.14743632,18703,0,0
CHEMBL32557,0.14742698,18704,0,0
CHEMBL36557,0.14742698,18705,0,0
CHEMBL8301,0.14742698,18706,0,0
CHEMBL40024,0.14742698,18707,0,0
CHEMBL30503,0.14742698,18708,0,0
CHEMBL36122,0.14742698,18709,0,0
CHEMBL13630,0.14738673,18710,0,0
CHEMBL42516,0.14738673,18711,0,0
CHEMBL28869,0.14738673,18712,0,0
CHEMBL23575,0.14730074,18713,0,0
CHEMBL3310274,0.14729516,18714,0,0
CHEMBL4435761,0.14719437,18715,0,0
CHEMBL612001,0.14714125,18716,0,0
CHEMBL23413,0.14714125,18717,0,0
CHEMBL7736,0.14714125,18718,0,0
CHEMBL33051,0.14714125,18719,0,0
CHEMBL13749,0.14714125,18720,0,0
CHEMBL16044,0.14714125,18721,0,0
CHEMBL6704,0.14714125,18722,0,0
CHEMBL23549,0.14714125,18723,0,0
CHEMBL37259,0.14709438,18724,0,0
CHEMBL13164,0.1470071,18725,0,0
CHEMBL39973,0.14692613,18726,0,0
CHEMBL20552,0.14691116,18727,0,0
CHEMBL10523,0.14691116,18728,0,0
CHEMBL28357,0.14691116,18729,0,0
CHEMBL3309449,0.14674763,18730,0,0
CHEMBL7831,0.14665495,18731,0,0
CHEMBL27167,0.14658418,18732,0,0
CHEMBL25307,0.14653327,18733,0,0
CHEMBL23452,0.14651339,18734,0,0
CHEMBL38391,0.14647344,18735,0,0
CHEMBL10644,0.14638372,18736,0,0
CHEMBL21048,0.14637287,18737,0,0
CHEMBL499809,0.14637287,18738,0,0
CHEMBL14329,0.14629719,18739,0,0
CHEMBL4436393,0.14629719,18740,0,0
CHEMBL21639,0.14629719,18741,0,0
CHEMBL14890,0.14629719,18742,0,0
CHEMBL21169,0.14617187,18743,0,0
CHEMBL26987,0.14610003,18744,0,0
CHEMBL41033,0.14606905,18745,0,0
CHEMBL27413,0.14606905,18746,0,0
CHEMBL15653,0.14606905,18747,0,0
CHEMBL42061,0.14606905,18748,0,0
CHEMBL20487,0.14605705,18749,0,0
CHEMBL14608,0.14605705,18750,0,0
CHEMBL4435690,0.14605467,18751,0,0
CHEMBL31113,0.14602545,18752,0,0
CHEMBL4543314,0.14602545,18753,0,0
CHEMBL35652,0.14602545,18754,0,0
CHEMBL25353,0.14599085,18755,0,0
CHEMBL9577,0.14597678,18756,0,0
CHEMBL25217,0.14597186,18757,0,0
CHEMBL3311452,0.14595558,18758,0,0
CHEMBL12550,0.14589576,18759,0,0
CHEMBL13616,0.14580391,18760,0,0
CHEMBL1198802,0.14549264,18761,0,0
CHEMBL22919,0.145471,18762,0,0
CHEMBL9566,0.14545497,18763,0,0
CHEMBL42694,0.14532623,18764,0,0
CHEMBL30644,0.14532623,18765,0,0
CHEMBL3310100,0.14532623,18766,0,0
CHEMBL4543284,0.14532623,18767,0,0
CHEMBL27495,0.14529823,18768,0,0
CHEMBL20440,0.14512143,18769,0,0
CHEMBL27935,0.14512143,18770,0,0
CHEMBL22545,0.14512143,18771,0,0
CHEMBL14956,0.14512143,18772,0,0
CHEMBL10940,0.14512143,18773,0,0
CHEMBL9766,0.14512143,18774,0,0
CHEMBL10163,0.14508355,18775,0,0
CHEMBL9125,0.14485653,18776,0,0
CHEMBL31245,0.1448563,18777,0,0
CHEMBL25139,0.14483637,18778,0,0
CHEMBL29758,0.14483637,18779,0,0
CHEMBL36638,0.14482103,18780,0,0
CHEMBL13631,0.1448057,18781,0,0
CHEMBL24450,0.1448057,18782,0,0
CHEMBL11596,0.1448057,18783,0,0
CHEMBL39758,0.1448057,18784,0,0
CHEMBL17051,0.1448057,18785,0,0
CHEMBL3309943,0.1448057,18786,0,0
CHEMBL500064,0.1447943,18787,0,0
CHEMBL34744,0.14478275,18788,0,0
CHEMBL38394,0.14473638,18789,0,0
CHEMBL40037,0.14470866,18790,0,0
CHEMBL33321,0.14463793,18791,0,0
CHEMBL4543465,0.14463793,18792,0,0
CHEMBL503770,0.14458229,18793,0,0
CHEMBL26092,0.14458229,18794,0,0
CHEMBL37934,0.1445521,18795,0,0
CHEMBL27980,0.1445521,18796,0,0
CHEMBL22447,0.1445521,18797,0,0
CHEMBL14198,0.1445521,18798,0,0
CHEMBL17223,0.1445521,18799,0,0
CHEMBL8041,0.1445521,18800,0,0
CHEMBL24316,0.1445521,18801,0,0
CHEMBL35237,0.1445521,18802,0,0
CHEMBL27237,0.1445521,18803,0,0
CHEMBL6391,0.1445521,18804,0,0
CHEMBL25140,0.1445521,18805,0,0
CHEMBL31171,0.1445521,18806,0,0
CHEMBL20971,0.1445521,18807,0,0
CHEMBL768,0.1445521,18808,0,0
CHEMBL20137,0.1445521,18809,0,0
CHEMBL26516,0.1445521,18810,0,0
CHEMBL1163193,0.1445521,18811,0,0
CHEMBL18551,0.14455064,18812,0,0
CHEMBL4543549,0.14452778,18813,0,0
CHEMBL40045,0.14452778,18814,0,0
CHEMBL22211,0.14447112,18815,0,0
CHEMBL1086503,0.14447112,18816,0,0
CHEMBL22377,0.14447112,18817,0,0
CHEMBL41064,0.14447112,18818,0,0
CHEMBL18115,0.14447112,18819,0,0
CHEMBL39287,0.14447112,18820,0,0
CHEMBL16490,0.14447112,18821,0,0
CHEMBL27223,0.14447112,18822,0,0
CHEMBL22066,0.14447112,18823,0,0
CHEMBL20911,0.14447112,18824,0,0
CHEMBL8069,0.14447112,18825,0,0
CHEMBL11306,0.14447112,18826,0,0
CHEMBL7306,0.14447112,18827,0,0
CHEMBL34296,0.14447112,18828,0,0
CHEMBL16411,0.14447112,18829,0,0
CHEMBL35143,0.14447112,18830,0,0
CHEMBL17460,0.14447112,18831,0,0
CHEMBL265174,0.14447112,18832,0,0
CHEMBL11353,0.14447112,18833,0,0
CHEMBL23113,0.14447112,18834,0,0
CHEMBL21146,0.14447112,18835,0,0
CHEMBL10705,0.14447112,18836,0,0
CHEMBL21668,0.14447112,18837,0,0
CHEMBL21208,0.14447112,18838,0,0
CHEMBL41540,0.14444923,18839,0,0
CHEMBL42350,0.14436081,18840,0,0
CHEMBL22062,0.14432895,18841,0,0
CHEMBL29694,0.14429681,18842,0,0
CHEMBL27260,0.14423291,18843,0,0
CHEMBL14516,0.14423291,18844,0,0
CHEMBL18675,0.14423291,18845,0,0
CHEMBL40675,0.14423291,18846,0,0
CHEMBL38077,0.14423291,18847,0,0
CHEMBL22835,0.14423291,18848,0,0
CHEMBL35023,0.14423291,18849,0,0
CHEMBL26707,0.14423291,18850,0,0
CHEMBL14087,0.14423291,18851,0,0
CHEMBL24917,0.14423291,18852,0,0
CHEMBL6997,0.14423291,18853,0,0
CHEMBL36687,0.14423291,18854,0,0
CHEMBL39775,0.14423291,18855,0,0
CHEMBL3310799,0.14423291,18856,0,0
CHEMBL12117,0.14423291,18857,0,0
CHEMBL37980,0.14423291,18858,0,0
CHEMBL29006,0.14423291,18859,0,0
CHEMBL37417,0.14423291,18860,0,0
CHEMBL14949,0.14423291,18861,0,0
CHEMBL11500,0.14423291,18862,0,0
CHEMBL22491,0.14423291,18863,0,0
CHEMBL4434918,0.14423291,18864,0,0
CHEMBL30272,0.14423291,18865,0,0
CHEMBL31198,0.14423291,18866,0,0
CHEMBL21144,0.14423291,18867,0,0
CHEMBL594149,0.14423291,18868,0,0
CHEMBL33635,0.14423291,18869,0,0
CHEMBL9494,0.14423291,18870,0,0
CHEMBL9829,0.14423291,18871,0,0
CHEMBL7991,0.14423291,18872,0,0
CHEMBL18577,0.14423291,18873,0,0
CHEMBL26750,0.14423291,18874,0,0
CHEMBL34803,0.14420252,18875,0,0
CHEMBL42401,0.14419188,18876,0,0
CHEMBL19286,0.1441486,18877,0,0
CHEMBL14202,0.14408326,18878,0,0
CHEMBL15346,0.144036,18879,0,0
CHEMBL11705,0.144036,18880,0,0
CHEMBL17902,0.14400314,18881,0,0
CHEMBL33294,0.14396332,18882,0,0
CHEMBL4434797,0.14396332,18883,0,0
CHEMBL7495,0.14396332,18884,0,0
CHEMBL16198,0.14396332,18885,0,0
CHEMBL6969,0.14396332,18886,0,0
CHEMBL4435087,0.14396332,18887,0,0
CHEMBL16754,0.14396332,18888,0,0
CHEMBL6947,0.14396332,18889,0,0
CHEMBL38227,0.14394881,18890,0,0
CHEMBL33218,0.14394881,18891,0,0
CHEMBL10093,0.14394881,18892,0,0
CHEMBL8620,0.14394446,18893,0,0
CHEMBL9665,0.14390102,18894,0,0
CHEMBL19689,0.1438942,18895,0,0
CHEMBL20553,0.14380924,18896,0,0
CHEMBL4435850,0.14374575,18897,0,0
CHEMBL8188,0.14374575,18898,0,0
CHEMBL38091,0.14371309,18899,0,0
CHEMBL14879,0.14366995,18900,0,0
CHEMBL10270,0.14346865,18901,0,0
CHEMBL37140,0.14344378,18902,0,0
CHEMBL37167,0.14342491,18903,0,0
CHEMBL40785,0.14342491,18904,0,0
CHEMBL17489,0.14335684,18905,0,0
CHEMBL7052,0.14335296,18906,0,0
CHEMBL15989,0.14335296,18907,0,0
CHEMBL23540,0.14334543,18908,0,0
CHEMBL34181,0.14334543,18909,0,0
CHEMBL40551,0.14324552,18910,0,0
CHEMBL34860,0.14324552,18911,0,0
CHEMBL7022,0.14323896,18912,0,0
CHEMBL526533,0.14319013,18913,0,0
CHEMBL15071,0.14317635,18914,0,0
CHEMBL18063,0.14317635,18915,0,0
CHEMBL19423,0.14310807,18916,0,0
CHEMBL19749,0.14308344,18917,0,0
CHEMBL37700,0.1429615,18918,0,0
CHEMBL37862,0.14294814,18919,0,0
CHEMBL41759,0.14287387,18920,0,0
CHEMBL23230,0.14279146,18921,0,0
CHEMBL24286,0.14279146,18922,0,0
CHEMBL156263,0.14273487,18923,0,0
CHEMBL3310485,0.14273487,18924,0,0
CHEMBL32144,0.14273487,18925,0,0
CHEMBL107,0.14271958,18926,0,0
CHEMBL36624,0.14271958,18927,0,0
CHEMBL36807,0.14267284,18928,0,0
CHEMBL20333,0.14267075,18929,0,0
CHEMBL4435705,0.14267075,18930,0,0
CHEMBL19616,0.14253199,18931,0,0
CHEMBL35467,0.14234619,18932,0,0
CHEMBL22050,0.14234619,18933,0,0
CHEMBL39415,0.14234619,18934,0,0
CHEMBL40515,0.14234619,18935,0,0
CHEMBL34553,0.14225942,18936,0,0
CHEMBL3311271,0.1422164,18937,0,0
CHEMBL570872,0.14220692,18938,0,0
CHEMBL23190,0.1421266,18939,0,0
CHEMBL27030,0.14206946,18940,0,0
CHEMBL31939,0.14200471,18941,0,0
CHEMBL38191,0.14194104,18942,0,0
CHEMBL10658,0.14192039,18943,0,0
CHEMBL18216,0.14192039,18944,0,0
CHEMBL37306,0.14185111,18945,0,0
CHEMBL3309362,0.14185111,18946,0,0
CHEMBL8410,0.14185111,18947,0,0
CHEMBL1163450,0.14185111,18948,0,0
CHEMBL40286,0.14176875,18949,0,0
CHEMBL23076,0.14171027,18950,0,0
CHEMBL19812,0.14166225,18951,0,0
CHEMBL1163538,0.14165403,18952,0,0
CHEMBL39379,0.14165403,18953,0,0
CHEMBL20368,0.14165403,18954,0,0
CHEMBL7651,0.14165403,18955,0,0
CHEMBL6599,0.14165403,18956,0,0
CHEMBL4434647,0.14165403,18957,0,0
CHEMBL23890,0.14165403,18958,0,0
CHEMBL4436216,0.14165403,18959,0,0
CHEMBL38655,0.14165403,18960,0,0
CHEMBL22387,0.14165403,18961,0,0
CHEMBL38131,0.14165403,18962,0,0
CHEMBL4436043,0.1416316,18963,0,0
CHEMBL33006,0.14162183,18964,0,0
CHEMBL26254,0.14149079,18965,0,0
CHEMBL35119,0.1414741,18966,0,0
CHEMBL33246,0.1414741,18967,0,0
CHEMBL16053,0.14143978,18968,0,0
CHEMBL32068,0.14133933,18969,0,0
CHEMBL7032,0.14133933,18970,0,0
CHEMBL43766,0.141323,18971,0,0
CHEMBL26684,0.14130493,18972,0,0
CHEMBL21529,0.14130384,18973,0,0
CHEMBL28384,0.14130384,18974,0,0
CHEMBL33049,0.14130384,18975,0,0
CHEMBL3309580,0.14130384,18976,0,0
CHEMBL3310394,0.14130384,18977,0,0
CHEMBL29246,0.14130384,18978,0,0
CHEMBL32368,0.14130384,18979,0,0
CHEMBL1205279,0.14130384,18980,0,0
CHEMBL34991,0.14130384,18981,0,0
CHEMBL33970,0.14130384,18982,0,0
CHEMBL42320,0.14130384,18983,0,0
CHEMBL39470,0.14130384,18984,0,0
CHEMBL31699,0.14130384,18985,0,0
CHEMBL38812,0.14130384,18986,0,0
CHEMBL36740,0.14130384,18987,0,0
CHEMBL16107,0.14130384,18988,0,0
CHEMBL6879,0.14128223,18989,0,0
CHEMBL18248,0.14127922,18990,0,0
CHEMBL37678,0.1411329,18991,0,0
CHEMBL21826,0.1411329,18992,0,0
CHEMBL541969,0.1411329,18993,0,0
CHEMBL405416,0.14103031,18994,0,0
CHEMBL17466,0.14098935,18995,0,0
CHEMBL37907,0.14098935,18996,0,0
CHEMBL29154,0.14098874,18997,0,0
CHEMBL36282,0.14098097,18998,0,0
CHEMBL22548,0.14092919,18999,0,0
CHEMBL13014,0.14092919,19000,0,0
CHEMBL10862,0.14090835,19001,0,0
CHEMBL8289,0.14085653,19002,0,0
CHEMBL40884,0.14082621,19003,0,0
CHEMBL9917,0.14082621,19004,0,0
CHEMBL11998,0.14081267,19005,0,0
CHEMBL17158,0.1407756,19006,0,0
CHEMBL4553696,0.14064117,19007,0,0
CHEMBL28027,0.14058016,19008,0,0
CHEMBL15282,0.1405423,19009,0,0
CHEMBL39244,0.14040187,19010,0,0
CHEMBL8209,0.14040187,19011,0,0
CHEMBL32693,0.14040187,19012,0,0
CHEMBL6619,0.14040187,19013,0,0
CHEMBL25660,0.14040187,19014,0,0
CHEMBL7866,0.14040187,19015,0,0
CHEMBL29293,0.14040187,19016,0,0
CHEMBL37379,0.14040187,19017,0,0
CHEMBL12959,0.14040187,19018,0,0
CHEMBL3310449,0.14040187,19019,0,0
CHEMBL40625,0.14028454,19020,0,0
CHEMBL34046,0.14028454,19021,0,0
CHEMBL40018,0.14028454,19022,0,0
CHEMBL11348,0.14028454,19023,0,0
CHEMBL34095,0.14025518,19024,0,0
CHEMBL29836,0.14015473,19025,0,0
CHEMBL15480,0.14009836,19026,0,0
CHEMBL22700,0.14009836,19027,0,0
CHEMBL1163439,0.14009836,19028,0,0
CHEMBL4435971,0.14009836,19029,0,0
CHEMBL6752,0.14009836,19030,0,0
CHEMBL37775,0.14009066,19031,0,0
CHEMBL19129,0.14009066,19032,0,0
CHEMBL34275,0.14009066,19033,0,0
CHEMBL15894,0.14009066,19034,0,0
CHEMBL19597,0.13998766,19035,0,0
CHEMBL7158,0.1399749,19036,0,0
CHEMBL25722,0.13992189,19037,0,0
CHEMBL24159,0.13987847,19038,0,0
CHEMBL20400,0.13980569,19039,0,0
CHEMBL9528,0.1397497,19040,0,0
CHEMBL14391,0.1397497,19041,0,0
CHEMBL19640,0.13969512,19042,0,0
CHEMBL11012,0.13959278,19043,0,0
CHEMBL24903,0.13959278,19044,0,0
CHEMBL24436,0.13959278,19045,0,0
CHEMBL41893,0.1395013,19046,0,0
CHEMBL30997,0.13948864,19047,0,0
CHEMBL28783,0.13941577,19048,0,0
CHEMBL40503,0.1393919,19049,0,0
CHEMBL4434778,0.13936497,19050,0,0
CHEMBL34264,0.13936497,19051,0,0
CHEMBL3310174,0.13936497,19052,0,0
CHEMBL38874,0.13936497,19053,0,0
CHEMBL17434,0.13936497,19054,0,0
CHEMBL18079,0.13936497,19055,0,0
CHEMBL26963,0.13936497,19056,0,0
CHEMBL3310310,0.13936497,19057,0,0
CHEMBL23760,0.13936497,19058,0,0
CHEMBL10744,0.13936497,19059,0,0
CHEMBL4435482,0.13936497,19060,0,0
CHEMBL40886,0.13936497,19061,0,0
CHEMBL29175,0.13936497,19062,0,0
CHEMBL4436283,0.13936497,19063,0,0
CHEMBL34598,0.13936497,19064,0,0
CHEMBL38699,0.13936497,19065,0,0
CHEMBL12305,0.13936497,19066,0,0
CHEMBL4435792,0.13936497,19067,0,0
CHEMBL3310353,0.13936497,19068,0,0
CHEMBL29718,0.13936497,19069,0,0
CHEMBL14804,0.13936497,19070,0,0
CHEMBL14349,0.13936497,19071,0,0
CHEMBL3310014,0.13935329,19072,0,0
CHEMBL36564,0.13935329,19073,0,0
CHEMBL4436324,0.13935329,19074,0,0
CHEMBL36846,0.13930799,19075,0,0
CHEMBL36856,0.13930799,19076,0,0
CHEMBL13515,0.13930799,19077,0,0
CHEMBL36017,0.13929032,19078,0,0
CHEMBL1199367,0.13929032,19079,0,0
CHEMBL10293,0.13927324,19080,0,0
CHEMBL3309696,0.13925865,19081,0,0
CHEMBL41682,0.13925865,19082,0,0
CHEMBL31870,0.13925865,19083,0,0
CHEMBL23244,0.13923542,19084,0,0
CHEMBL25017,0.1391624,19085,0,0
CHEMBL39010,0.13913445,19086,0,0
CHEMBL8609,0.13911158,19087,0,0
CHEMBL6756,0.13911158,19088,0,0
CHEMBL14745,0.13909228,19089,0,0
CHEMBL3309279,0.13903736,19090,0,0
CHEMBL3311088,0.13903736,19091,0,0
CHEMBL38785,0.13895611,19092,0,0
CHEMBL1203224,0.13892044,19093,0,0
CHEMBL3309471,0.13890369,19094,0,0
CHEMBL9821,0.13890307,19095,0,0
CHEMBL23368,0.13890307,19096,0,0
CHEMBL14782,0.13890128,19097,0,0
CHEMBL4436079,0.13884258,19098,0,0
CHEMBL6519,0.13876016,19099,0,0
CHEMBL30083,0.13862419,19100,0,0
CHEMBL14944,0.1386219,19101,0,0
CHEMBL34708,0.13851951,19102,0,0
CHEMBL7391,0.13851951,19103,0,0
CHEMBL21812,0.13851951,19104,0,0
CHEMBL32333,0.13847326,19105,0,0
CHEMBL27443,0.13842352,19106,0,0
CHEMBL37096,0.1383919,19107,0,0
CHEMBL16948,0.1383919,19108,0,0
CHEMBL42857,0.13838354,19109,0,0
CHEMBL11903,0.13838354,19110,0,0
CHEMBL41357,0.13832197,19111,0,0
CHEMBL39096,0.13825183,19112,0,0
CHEMBL31766,0.13817824,19113,0,0
CHEMBL1076212,0.138023,19114,0,0
CHEMBL9020,0.13802004,19115,0,0
CHEMBL15160,0.13798606,19116,0,0
CHEMBL41174,0.13796742,19117,0,0
CHEMBL1089152,0.13794294,19118,0,0
CHEMBL36226,0.13792641,19119,0,0
CHEMBL34075,0.13792641,19120,0,0
CHEMBL32301,0.13786964,19121,0,0
CHEMBL15091,0.13786212,19122,0,0
CHEMBL4543256,0.13783903,19123,0,0
CHEMBL13893,0.13782729,19124,0,0
CHEMBL31387,0.13777333,19125,0,0
CHEMBL21837,0.13777333,19126,0,0
CHEMBL13277,0.13777333,19127,0,0
CHEMBL31868,0.13777333,19128,0,0
CHEMBL18502,0.13777333,19129,0,0
CHEMBL3309732,0.13777333,19130,0,0
CHEMBL25812,0.13777333,19131,0,0
CHEMBL42322,0.13777333,19132,0,0
CHEMBL7157,0.13776764,19133,0,0
CHEMBL35913,0.13776353,19134,0,0
CHEMBL9672,0.13776012,19135,0,0
CHEMBL6383,0.13770583,19136,0,0
CHEMBL14762,0.13770583,19137,0,0
CHEMBL33391,0.13765378,19138,0,0
CHEMBL23099,0.13765378,19139,0,0
CHEMBL40780,0.13764095,19140,0,0
CHEMBL35463,0.13764095,19141,0,0
CHEMBL18483,0.13752149,19142,0,0
CHEMBL19282,0.13752149,19143,0,0
CHEMBL39677,0.13752149,19144,0,0
CHEMBL27719,0.13752149,19145,0,0
CHEMBL1092064,0.13752149,19146,0,0
CHEMBL3309510,0.13742733,19147,0,0
CHEMBL1084477,0.13739033,19148,0,0
CHEMBL20240,0.13737446,19149,0,0
CHEMBL41473,0.13736142,19150,0,0
CHEMBL25989,0.13736142,19151,0,0
CHEMBL23587,0.13736142,19152,0,0
CHEMBL10817,0.1373533,19153,0,0
CHEMBL4434678,0.13729715,19154,0,0
CHEMBL538627,0.13729715,19155,0,0
CHEMBL22893,0.13729715,19156,0,0
CHEMBL22520,0.13729715,19157,0,0
CHEMBL25531,0.13729715,19158,0,0
CHEMBL9906,0.13729715,19159,0,0
CHEMBL35407,0.13729715,19160,0,0
CHEMBL16826,0.13729715,19161,0,0
CHEMBL35966,0.13729715,19162,0,0
CHEMBL3310330,0.13729715,19163,0,0
CHEMBL41339,0.13729715,19164,0,0
CHEMBL41286,0.13729715,19165,0,0
CHEMBL41925,0.13729715,19166,0,0
CHEMBL26984,0.13729715,19167,0,0
CHEMBL32482,0.13729715,19168,0,0
CHEMBL13909,0.13729715,19169,0,0
CHEMBL13869,0.13729715,19170,0,0
CHEMBL22694,0.13729715,19171,0,0
CHEMBL1163335,0.13729715,19172,0,0
CHEMBL24153,0.13729715,19173,0,0
CHEMBL7454,0.13729715,19174,0,0
CHEMBL15048,0.13729715,19175,0,0
CHEMBL15066,0.13729715,19176,0,0
CHEMBL3309806,0.13729386,19177,0,0
CHEMBL12172,0.13729386,19178,0,0
CHEMBL20877,0.13726437,19179,0,0
CHEMBL3309303,0.13726437,19180,0,0
CHEMBL22254,0.1372487,19181,0,0
CHEMBL37587,0.13720721,19182,0,0
CHEMBL31994,0.13706261,19183,0,0
CHEMBL9056,0.13696548,19184,0,0
CHEMBL18106,0.13691482,19185,0,0
CHEMBL28167,0.13691482,19186,0,0
CHEMBL18126,0.13691482,19187,0,0
CHEMBL17908,0.13691482,19188,0,0
CHEMBL27215,0.13691482,19189,0,0
CHEMBL19718,0.13691482,19190,0,0
CHEMBL216546,0.13691482,19191,0,0
CHEMBL10475,0.13691482,19192,0,0
CHEMBL11388,0.13687392,19193,0,0
CHEMBL11594,0.13684835,19194,0,0
CHEMBL34241,0.13681474,19195,0,0
CHEMBL3310325,0.13681474,19196,0,0
CHEMBL15791,0.13679886,19197,0,0
CHEMBL26939,0.13677083,19198,0,0
CHEMBL39390,0.13675773,19199,0,0
CHEMBL22856,0.13675773,19200,0,0
CHEMBL11770,0.13675773,19201,0,0
CHEMBL39023,0.13675773,19202,0,0
CHEMBL24137,0.13673556,19203,0,0
CHEMBL33339,0.1366973,19204,0,0
CHEMBL8675,0.1366973,19205,0,0
CHEMBL4436575,0.13668595,19206,0,0
CHEMBL3311316,0.13668595,19207,0,0
CHEMBL35340,0.13668595,19208,0,0
CHEMBL3309419,0.13668595,19209,0,0
CHEMBL31212,0.13668595,19210,0,0
CHEMBL15383,0.13668595,19211,0,0
CHEMBL38796,0.13668595,19212,0,0
CHEMBL28996,0.13668595,19213,0,0
CHEMBL1091275,0.13668595,19214,0,0
CHEMBL39602,0.13668595,19215,0,0
CHEMBL8867,0.13668595,19216,0,0
CHEMBL28117,0.13668595,19217,0,0
CHEMBL39299,0.13668595,19218,0,0
CHEMBL30113,0.13668595,19219,0,0
CHEMBL4543363,0.13668595,19220,0,0
CHEMBL1161048,0.13668595,19221,0,0
CHEMBL21202,0.13668595,19222,0,0
CHEMBL3309587,0.13668595,19223,0,0
CHEMBL3311361,0.13668595,19224,0,0
CHEMBL16724,0.13668595,19225,0,0
CHEMBL31399,0.13668595,19226,0,0
CHEMBL40489,0.13668595,19227,0,0
CHEMBL3311183,0.13668595,19228,0,0
CHEMBL21014,0.13668595,19229,0,0
CHEMBL23881,0.13668595,19230,0,0
CHEMBL3309503,0.13668595,19231,0,0
CHEMBL20214,0.13668595,19232,0,0
CHEMBL31118,0.13666594,19233,0,0
CHEMBL17213,0.13662972,19234,0,0
CHEMBL22167,0.13662972,19235,0,0
CHEMBL16512,0.13662972,19236,0,0
CHEMBL7865,0.13662972,19237,0,0
CHEMBL12840,0.13658468,19238,0,0
CHEMBL14935,0.13654302,19239,0,0
CHEMBL36533,0.13649726,19240,0,0
CHEMBL3142656,0.13648862,19241,0,0
CHEMBL11611,0.13648862,19242,0,0
CHEMBL17490,0.13646248,19243,0,0
CHEMBL23378,0.13644086,19244,0,0
CHEMBL31581,0.13640645,19245,0,0
CHEMBL4559966,0.13638043,19246,0,0
CHEMBL29876,0.13626981,19247,0,0
CHEMBL10674,0.13626803,19248,0,0
CHEMBL15754,0.13625257,19249,0,0
CHEMBL6569,0.13623962,19250,0,0
CHEMBL31708,0.13618904,19251,0,0
CHEMBL8307,0.13618904,19252,0,0
CHEMBL40060,0.13614789,19253,0,0
CHEMBL41050,0.13614473,19254,0,0
CHEMBL21663,0.13614473,19255,0,0
CHEMBL6561,0.13614473,19256,0,0
CHEMBL18805,0.13614473,19257,0,0
CHEMBL15655,0.13614473,19258,0,0
CHEMBL36917,0.13614473,19259,0,0
CHEMBL7304,0.13614473,19260,0,0
CHEMBL1092016,0.13614473,19261,0,0
CHEMBL13996,0.13614473,19262,0,0
CHEMBL26014,0.13614473,19263,0,0
CHEMBL18191,0.13614473,19264,0,0
CHEMBL27540,0.13614473,19265,0,0
CHEMBL9850,0.13614473,19266,0,0
CHEMBL594,0.13614473,19267,0,0
CHEMBL36257,0.13614473,19268,0,0
CHEMBL30955,0.13614473,19269,0,0
CHEMBL37908,0.13614473,19270,0,0
CHEMBL22170,0.13614473,19271,0,0
CHEMBL650,0.13612922,19272,0,0
CHEMBL26429,0.13612922,19273,0,0
CHEMBL39760,0.13612285,19274,0,0
CHEMBL26655,0.13609754,19275,0,0
CHEMBL38554,0.13594487,19276,0,0
CHEMBL31185,0.13589619,19277,0,0
CHEMBL20850,0.13577147,19278,0,0
CHEMBL3310010,0.13573778,19279,0,0
CHEMBL562953,0.13568456,19280,0,0
CHEMBL27150,0.13568343,19281,0,0
CHEMBL41531,0.13568343,19282,0,0
CHEMBL4436302,0.13568343,19283,0,0
CHEMBL40841,0.13568343,19284,0,0
CHEMBL22277,0.13568343,19285,0,0
CHEMBL7228,0.13568343,19286,0,0
CHEMBL39368,0.13568343,19287,0,0
CHEMBL22003,0.1356404,19288,0,0
CHEMBL12279,0.1355643,19289,0,0
CHEMBL10888,0.1355643,19290,0,0
CHEMBL36657,0.13550133,19291,0,0
CHEMBL40864,0.13550133,19292,0,0
CHEMBL28470,0.13550133,19293,0,0
CHEMBL20793,0.13550133,19294,0,0
CHEMBL19358,0.13550133,19295,0,0
CHEMBL22043,0.13550133,19296,0,0
CHEMBL39670,0.13547997,19297,0,0
CHEMBL9706,0.13537562,19298,0,0
CHEMBL15450,0.13520217,19299,0,0
CHEMBL23581,0.13512275,19300,0,0
CHEMBL10019,0.13512275,19301,0,0
CHEMBL28164,0.13505964,19302,0,0
CHEMBL24440,0.13505964,19303,0,0
CHEMBL7908,0.13505964,19304,0,0
CHEMBL37510,0.13497344,19305,0,0
CHEMBL10034,0.13493666,19306,0,0
CHEMBL29124,0.13489495,19307,0,0
CHEMBL4553671,0.13488393,19308,0,0
CHEMBL28061,0.13488266,19309,0,0
CHEMBL14910,0.13485359,19310,0,0
CHEMBL41162,0.13485359,19311,0,0
CHEMBL30765,0.13482638,19312,0,0
CHEMBL35293,0.13482638,19313,0,0
CHEMBL13595,0.13472964,19314,0,0
CHEMBL8801,0.13468955,19315,0,0
CHEMBL21422,0.13467453,19316,0,0
CHEMBL1161558,0.13467453,19317,0,0
CHEMBL31700,0.13467453,19318,0,0
CHEMBL19907,0.13467453,19319,0,0
CHEMBL22223,0.13467453,19320,0,0
CHEMBL1213533,0.13467453,19321,0,0
CHEMBL10227,0.13467453,19322,0,0
CHEMBL17508,0.1346702,19323,0,0
CHEMBL16190,0.1346498,19324,0,0
CHEMBL19099,0.1346498,19325,0,0
CHEMBL34183,0.1346498,19326,0,0
CHEMBL11176,0.13462415,19327,0,0
CHEMBL3310365,0.13462415,19328,0,0
CHEMBL15384,0.13462415,19329,0,0
CHEMBL10723,0.13457991,19330,0,0
CHEMBL22944,0.13457991,19331,0,0
CHEMBL1076755,0.13457991,19332,0,0
CHEMBL13770,0.13456003,19333,0,0
CHEMBL26496,0.13447864,19334,0,0
CHEMBL9981,0.13446258,19335,0,0
CHEMBL17467,0.13446258,19336,0,0
CHEMBL35464,0.134427,19337,0,0
CHEMBL23700,0.13442014,19338,0,0
CHEMBL8063,0.13436255,19339,0,0
CHEMBL7319,0.13425471,19340,0,0
CHEMBL3310395,0.13421348,19341,0,0
CHEMBL10698,0.13420774,19342,0,0
CHEMBL3309941,0.13415654,19343,0,0
CHEMBL39151,0.13414873,19344,0,0
CHEMBL27513,0.1341139,19345,0,0
CHEMBL34571,0.1341018,19346,0,0
CHEMBL10571,0.1341018,19347,0,0
CHEMBL34092,0.1341018,19348,0,0
CHEMBL35866,0.1340343,19349,0,0
CHEMBL37524,0.1339643,19350,0,0
CHEMBL35281,0.13393722,19351,0,0
CHEMBL32898,0.13393697,19352,0,0
CHEMBL10455,0.13393697,19353,0,0
CHEMBL10761,0.13393697,19354,0,0
CHEMBL38113,0.13393697,19355,0,0
CHEMBL18368,0.13386361,19356,0,0
CHEMBL22988,0.13385145,19357,0,0
CHEMBL8972,0.13385145,19358,0,0
CHEMBL20547,0.13385145,19359,0,0
CHEMBL24883,0.13385145,19360,0,0
CHEMBL40254,0.13385145,19361,0,0
CHEMBL26696,0.13380511,19362,0,0
CHEMBL7916,0.13378868,19363,0,0
CHEMBL40472,0.13378002,19364,0,0
CHEMBL4553698,0.1336339,19365,0,0
CHEMBL796,0.13361807,19366,0,0
CHEMBL11729,0.13361807,19367,0,0
CHEMBL27618,0.13354598,19368,0,0
CHEMBL12431,0.13350847,19369,0,0
CHEMBL14591,0.13350847,19370,0,0
CHEMBL10105,0.13347091,19371,0,0
CHEMBL18427,0.13342012,19372,0,0
CHEMBL1182827,0.13342012,19373,0,0
CHEMBL32689,0.13342012,19374,0,0
CHEMBL829,0.13342012,19375,0,0
CHEMBL43567,0.13342012,19376,0,0
CHEMBL16181,0.13342012,19377,0,0
CHEMBL24945,0.13342012,19378,0,0
CHEMBL3309459,0.13342012,19379,0,0
CHEMBL34459,0.13342012,19380,0,0
CHEMBL24349,0.13342012,19381,0,0
CHEMBL22338,0.13342012,19382,0,0
CHEMBL42843,0.13342012,19383,0,0
CHEMBL32126,0.13342012,19384,0,0
CHEMBL28137,0.13342012,19385,0,0
CHEMBL16651,0.13342012,19386,0,0
CHEMBL15667,0.13342012,19387,0,0
CHEMBL7535,0.13334659,19388,0,0
CHEMBL4435686,0.1331817,19389,0,0
CHEMBL3310173,0.1331817,19390,0,0
CHEMBL30707,0.1331817,19391,0,0
CHEMBL23730,0.1331817,19392,0,0
CHEMBL4435553,0.1331817,19393,0,0
CHEMBL18741,0.1331817,19394,0,0
CHEMBL4436457,0.1331817,19395,0,0
CHEMBL10741,0.1331817,19396,0,0
CHEMBL16692,0.1331817,19397,0,0
CHEMBL37918,0.13312165,19398,0,0
CHEMBL21956,0.13281246,19399,0,0
CHEMBL25587,0.13281246,19400,0,0
CHEMBL15854,0.13276629,19401,0,0
CHEMBL15060,0.13271111,19402,0,0
CHEMBL8666,0.13271111,19403,0,0
CHEMBL3309351,0.13271111,19404,0,0
CHEMBL36370,0.13271111,19405,0,0
CHEMBL38802,0.13271111,19406,0,0
CHEMBL25897,0.13271111,19407,0,0
CHEMBL35606,0.13271111,19408,0,0
CHEMBL28599,0.13271111,19409,0,0
CHEMBL20397,0.13271111,19410,0,0
CHEMBL40553,0.13271111,19411,0,0
CHEMBL28021,0.13262552,19412,0,0
CHEMBL29033,0.13262552,19413,0,0
CHEMBL4435010,0.13262552,19414,0,0
CHEMBL3311045,0.13261795,19415,0,0
CHEMBL21194,0.13257118,19416,0,0
CHEMBL1163522,0.13255267,19417,0,0
CHEMBL4559946,0.13255267,19418,0,0
CHEMBL622,0.13223588,19419,0,0
CHEMBL14070,0.13220374,19420,0,0
CHEMBL4553157,0.13216035,19421,0,0
CHEMBL19311,0.13216035,19422,0,0
CHEMBL29081,0.1321586,19423,0,0
CHEMBL13757,0.13213575,19424,0,0
CHEMBL22357,0.13213575,19425,0,0
CHEMBL21586,0.13213575,19426,0,0
CHEMBL7469,0.13213575,19427,0,0
CHEMBL29051,0.13211924,19428,0,0
CHEMBL4543515,0.1320872,19429,0,0
CHEMBL3310453,0.13200839,19430,0,0
CHEMBL41832,0.13200839,19431,0,0
CHEMBL17034,0.13200839,19432,0,0
CHEMBL39201,0.13200839,19433,0,0
CHEMBL41991,0.13200839,19434,0,0
CHEMBL26303,0.13200839,19435,0,0
CHEMBL6840,0.13200839,19436,0,0
CHEMBL10561,0.13200839,19437,0,0
CHEMBL38963,0.13200839,19438,0,0
CHEMBL32105,0.13200839,19439,0,0
CHEMBL16014,0.13200839,19440,0,0
CHEMBL18928,0.13200839,19441,0,0
CHEMBL4543451,0.13200839,19442,0,0
CHEMBL29248,0.13200839,19443,0,0
CHEMBL37017,0.13200839,19444,0,0
CHEMBL17517,0.13200839,19445,0,0
CHEMBL20942,0.13200839,19446,0,0
CHEMBL22565,0.13200839,19447,0,0
CHEMBL11582,0.13200839,19448,0,0
CHEMBL26960,0.13200839,19449,0,0
CHEMBL23488,0.13200839,19450,0,0
CHEMBL23735,0.13200839,19451,0,0
CHEMBL31402,0.13200839,19452,0,0
CHEMBL33263,0.131986,19453,0,0
CHEMBL24457,0.13194217,19454,0,0
CHEMBL39560,0.13194217,19455,0,0
CHEMBL35637,0.13194217,19456,0,0
CHEMBL7906,0.13191667,19457,0,0
CHEMBL27245,0.13191667,19458,0,0
CHEMBL6473,0.13191667,19459,0,0
CHEMBL11963,0.13191667,19460,0,0
CHEMBL7847,0.13191667,19461,0,0
CHEMBL13219,0.13181883,19462,0,0
CHEMBL23440,0.13181883,19463,0,0
CHEMBL40062,0.13181883,19464,0,0
CHEMBL19032,0.13181883,19465,0,0
CHEMBL12516,0.13181883,19466,0,0
CHEMBL35004,0.13181883,19467,0,0
CHEMBL30128,0.13181883,19468,0,0
CHEMBL19319,0.13181883,19469,0,0
CHEMBL468771,0.13181883,19470,0,0
CHEMBL4553550,0.13181883,19471,0,0
CHEMBL40486,0.13181883,19472,0,0
CHEMBL32582,0.13171306,19473,0,0
CHEMBL26500,0.13170275,19474,0,0
CHEMBL36070,0.13170275,19475,0,0
CHEMBL4434972,0.13170275,19476,0,0
CHEMBL524505,0.13170275,19477,0,0
CHEMBL39845,0.13167234,19478,0,0
CHEMBL12937,0.13167234,19479,0,0
CHEMBL34103,0.13167234,19480,0,0
CHEMBL26722,0.13167234,19481,0,0
CHEMBL34652,0.13167234,19482,0,0
CHEMBL26486,0.13166231,19483,0,0
CHEMBL26141,0.13159606,19484,0,0
CHEMBL826,0.13159606,19485,0,0
CHEMBL1163461,0.13159606,19486,0,0
CHEMBL1163535,0.13159606,19487,0,0
CHEMBL22343,0.13159606,19488,0,0
CHEMBL16594,0.13159606,19489,0,0
CHEMBL35930,0.13159606,19490,0,0
CHEMBL15089,0.13159606,19491,0,0
CHEMBL26577,0.13141388,19492,0,0
CHEMBL3311539,0.13131112,19493,0,0
CHEMBL24922,0.13131112,19494,0,0
CHEMBL31,0.1311981,19495,0,0
CHEMBL35317,0.1311981,19496,0,0
CHEMBL27638,0.1311981,19497,0,0
CHEMBL1086220,0.1311981,19498,0,0
CHEMBL4436348,0.1311981,19499,0,0
CHEMBL22997,0.1311981,19500,0,0
CHEMBL36489,0.1311981,19501,0,0
CHEMBL6659,0.1311981,19502,0,0
CHEMBL26806,0.13117549,19503,0,0
CHEMBL4436111,0.13113447,19504,0,0
CHEMBL25661,0.13113447,19505,0,0
CHEMBL15217,0.1311327,19506,0,0
CHEMBL15378,0.13109565,19507,0,0
CHEMBL4543257,0.13109565,19508,0,0
CHEMBL18547,0.13109565,19509,0,0
CHEMBL28636,0.13109565,19510,0,0
CHEMBL22163,0.13109565,19511,0,0
CHEMBL12912,0.13109565,19512,0,0
CHEMBL30655,0.13109565,19513,0,0
CHEMBL39373,0.13109565,19514,0,0
CHEMBL39604,0.13109565,19515,0,0
CHEMBL19229,0.13109565,19516,0,0
CHEMBL3310092,0.13109565,19517,0,0
CHEMBL3309779,0.13109565,19518,0,0
CHEMBL17083,0.13105007,19519,0,0
CHEMBL18608,0.13105007,19520,0,0
CHEMBL6210,0.13105007,19521,0,0
CHEMBL8144,0.13105007,19522,0,0
CHEMBL34005,0.13105007,19523,0,0
CHEMBL23651,0.13101451,19524,0,0
CHEMBL21607,0.13101451,19525,0,0
CHEMBL21455,0.13101451,19526,0,0
CHEMBL36663,0.13101451,19527,0,0
CHEMBL39191,0.13101451,19528,0,0
CHEMBL35699,0.13101451,19529,0,0
CHEMBL24810,0.13082491,19530,0,0
CHEMBL1163531,0.13079868,19531,0,0
CHEMBL43661,0.13078773,19532,0,0
CHEMBL16926,0.13077603,19533,0,0
CHEMBL31385,0.13075688,19534,0,0
CHEMBL9763,0.13075688,19535,0,0
CHEMBL4543547,0.13075688,19536,0,0
CHEMBL13955,0.13075688,19537,0,0
CHEMBL19409,0.13075688,19538,0,0
CHEMBL41081,0.13075688,19539,0,0
CHEMBL19069,0.13075688,19540,0,0
CHEMBL6615,0.13075688,19541,0,0
CHEMBL39984,0.13075688,19542,0,0
CHEMBL42151,0.13074401,19543,0,0
CHEMBL4543328,0.13070239,19544,0,0
CHEMBL29294,0.13070239,19545,0,0
CHEMBL26991,0.13068466,19546,0,0
CHEMBL18744,0.13062304,19547,0,0
CHEMBL10646,0.13061723,19548,0,0
CHEMBL39382,0.13059485,19549,0,0
CHEMBL1093521,0.13057269,19550,0,0
CHEMBL3310077,0.13054362,19551,0,0
CHEMBL39350,0.13052797,19552,0,0
CHEMBL3309464,0.13049103,19553,0,0
CHEMBL28643,0.13049103,19554,0,0
CHEMBL38895,0.13049103,19555,0,0
CHEMBL31006,0.13049103,19556,0,0
CHEMBL30329,0.13049103,19557,0,0
CHEMBL14780,0.13049103,19558,0,0
CHEMBL21491,0.13049103,19559,0,0
CHEMBL41833,0.13049103,19560,0,0
CHEMBL526908,0.13049103,19561,0,0
CHEMBL506982,0.13049103,19562,0,0
CHEMBL6591,0.13049103,19563,0,0
CHEMBL30156,0.13047625,19564,0,0
CHEMBL18445,0.13047625,19565,0,0
CHEMBL24323,0.13047625,19566,0,0
CHEMBL3314553,0.13047625,19567,0,0
CHEMBL9955,0.13047597,19568,0,0
CHEMBL41404,0.13044025,19569,0,0
CHEMBL27976,0.1304104,19570,0,0
CHEMBL10715,0.1304104,19571,0,0
CHEMBL23481,0.13037558,19572,0,0
CHEMBL17777,0.13037558,19573,0,0
CHEMBL38606,0.13037558,19574,0,0
CHEMBL34704,0.13037558,19575,0,0
CHEMBL1163284,0.13037558,19576,0,0
CHEMBL12626,0.13037558,19577,0,0
CHEMBL32951,0.13037558,19578,0,0
CHEMBL15059,0.13037558,19579,0,0
CHEMBL30553,0.13037558,19580,0,0
CHEMBL39407,0.13037558,19581,0,0
CHEMBL16615,0.13037558,19582,0,0
CHEMBL35755,0.13037558,19583,0,0
CHEMBL4543548,0.13037558,19584,0,0
CHEMBL7484,0.13037558,19585,0,0
CHEMBL40866,0.13037558,19586,0,0
CHEMBL29413,0.13037558,19587,0,0
CHEMBL9302,0.13037558,19588,0,0
CHEMBL26504,0.13037558,19589,0,0
CHEMBL16404,0.13037558,19590,0,0
CHEMBL42840,0.13037558,19591,0,0
CHEMBL17315,0.13037558,19592,0,0
CHEMBL13004,0.13037558,19593,0,0
CHEMBL33441,0.13037558,19594,0,0
CHEMBL3310273,0.13037558,19595,0,0
CHEMBL28354,0.13037558,19596,0,0
CHEMBL9568,0.13037558,19597,0,0
CHEMBL607490,0.13037558,19598,0,0
CHEMBL28228,0.13037558,19599,0,0
CHEMBL4543439,0.13037558,19600,0,0
CHEMBL6746,0.13037558,19601,0,0
CHEMBL11212,0.13037558,19602,0,0
CHEMBL6885,0.13037558,19603,0,0
CHEMBL14717,0.13037558,19604,0,0
CHEMBL26361,0.13037558,19605,0,0
CHEMBL39046,0.13037558,19606,0,0
CHEMBL35594,0.13037558,19607,0,0
CHEMBL27068,0.13037558,19608,0,0
CHEMBL22590,0.13037558,19609,0,0
CHEMBL39998,0.13037558,19610,0,0
CHEMBL30534,0.13037558,19611,0,0
CHEMBL8489,0.13037558,19612,0,0
CHEMBL1089598,0.13037558,19613,0,0
CHEMBL4543244,0.13037558,19614,0,0
CHEMBL4543176,0.13037558,19615,0,0
CHEMBL2310848,0.13037558,19616,0,0
CHEMBL4543261,0.13037558,19617,0,0
CHEMBL9983,0.13036463,19618,0,0
CHEMBL3310216,0.13027021,19619,0,0
CHEMBL39579,0.13014764,19620,0,0
CHEMBL10582,0.13013501,19621,0,0
CHEMBL21396,0.13013501,19622,0,0
CHEMBL19845,0.13013501,19623,0,0
CHEMBL29651,0.13013501,19624,0,0
CHEMBL37870,0.1300243,19625,0,0
CHEMBL20700,0.12994246,19626,0,0
CHEMBL40946,0.12989266,19627,0,0
CHEMBL6331,0.12982991,19628,0,0
CHEMBL33099,0.12981895,19629,0,0
CHEMBL7162,0.1298066,19630,0,0
CHEMBL42237,0.129685,19631,0,0
CHEMBL42785,0.12967512,19632,0,0
CHEMBL19074,0.12965468,19633,0,0
CHEMBL15082,0.12963943,19634,0,0
CHEMBL3310141,0.12961543,19635,0,0
CHEMBL26462,0.12941769,19636,0,0
CHEMBL35127,0.12937188,19637,0,0
CHEMBL3310467,0.1293694,19638,0,0
CHEMBL3310413,0.12935834,19639,0,0
CHEMBL33601,0.1293556,19640,0,0
CHEMBL13105,0.1293231,19641,0,0
CHEMBL3309460,0.1293231,19642,0,0
CHEMBL40233,0.12931503,19643,0,0
CHEMBL32731,0.12931503,19644,0,0
CHEMBL33733,0.12930943,19645,0,0
CHEMBL3311509,0.12930375,19646,0,0
CHEMBL16902,0.1292387,19647,0,0
CHEMBL26978,0.1291437,19648,0,0
CHEMBL37313,0.1291437,19649,0,0
CHEMBL22522,0.12913872,19650,0,0
CHEMBL37135,0.12907062,19651,0,0
CHEMBL31287,0.12907062,19652,0,0
CHEMBL37028,0.12907062,19653,0,0
CHEMBL7079,0.12907062,19654,0,0
CHEMBL4543444,0.12907062,19655,0,0
CHEMBL8134,0.12907062,19656,0,0
CHEMBL27099,0.12907062,19657,0,0
CHEMBL33128,0.12907062,19658,0,0
CHEMBL34471,0.12907062,19659,0,0
CHEMBL20399,0.12907062,19660,0,0
CHEMBL19212,0.12907062,19661,0,0
CHEMBL15720,0.12896742,19662,0,0
CHEMBL37380,0.12896742,19663,0,0
CHEMBL4434996,0.12895033,19664,0,0
CHEMBL10469,0.12895033,19665,0,0
CHEMBL16371,0.12894635,19666,0,0
CHEMBL17075,0.12894635,19667,0,0
CHEMBL34330,0.12886098,19668,0,0
CHEMBL9993,0.12886098,19669,0,0
CHEMBL40891,0.12886098,19670,0,0
CHEMBL25177,0.12886098,19671,0,0
CHEMBL41379,0.12882096,19672,0,0
CHEMBL27189,0.12876168,19673,0,0
CHEMBL18539,0.12875341,19674,0,0
CHEMBL16544,0.128676,19675,0,0
CHEMBL7024,0.12865536,19676,0,0
CHEMBL33797,0.12865536,19677,0,0
CHEMBL41505,0.12865536,19678,0,0
CHEMBL11448,0.12865536,19679,0,0
CHEMBL33079,0.12865223,19680,0,0
CHEMBL29576,0.12865223,19681,0,0
CHEMBL3310158,0.12865223,19682,0,0
CHEMBL15703,0.12865223,19683,0,0
CHEMBL30114,0.12865223,19684,0,0
CHEMBL15496,0.12864934,19685,0,0
CHEMBL7885,0.12864055,19686,0,0
CHEMBL40356,0.12864055,19687,0,0
CHEMBL29443,0.12864055,19688,0,0
CHEMBL22437,0.12864055,19689,0,0
CHEMBL37216,0.12864055,19690,0,0
CHEMBL12269,0.12864055,19691,0,0
CHEMBL9562,0.12864055,19692,0,0
CHEMBL36918,0.12855083,19693,0,0
CHEMBL7689,0.12845989,19694,0,0
CHEMBL41104,0.12845989,19695,0,0
CHEMBL18820,0.12845246,19696,0,0
CHEMBL4434942,0.12844248,19697,0,0
CHEMBL42011,0.12839313,19698,0,0
CHEMBL4435170,0.12839313,19699,0,0
CHEMBL4436173,0.12834814,19700,0,0
CHEMBL41579,0.12834814,19701,0,0
CHEMBL13928,0.12831505,19702,0,0
CHEMBL8794,0.12831505,19703,0,0
CHEMBL7077,0.12831505,19704,0,0
CHEMBL27779,0.12831505,19705,0,0
CHEMBL15549,0.12831505,19706,0,0
CHEMBL9,0.12831505,19707,0,0
CHEMBL35834,0.12831505,19708,0,0
CHEMBL6395,0.12831505,19709,0,0
CHEMBL19751,0.12831505,19710,0,0
CHEMBL12544,0.12831505,19711,0,0
CHEMBL508224,0.12831505,19712,0,0
CHEMBL503315,0.12831505,19713,0,0
CHEMBL14480,0.12831505,19714,0,0
CHEMBL37684,0.12828736,19715,0,0
CHEMBL28617,0.12826385,19716,0,0
CHEMBL18092,0.12817822,19717,0,0
CHEMBL14518,0.12817822,19718,0,0
CHEMBL3311229,0.12817822,19719,0,0
CHEMBL444145,0.1281639,19720,0,0
CHEMBL36027,0.12806691,19721,0,0
CHEMBL34898,0.12801142,19722,0,0
CHEMBL21513,0.12801142,19723,0,0
CHEMBL13143,0.12801142,19724,0,0
CHEMBL20220,0.12801142,19725,0,0
CHEMBL36642,0.12801142,19726,0,0
CHEMBL17388,0.12801142,19727,0,0
CHEMBL22609,0.12801142,19728,0,0
CHEMBL26226,0.12801142,19729,0,0
CHEMBL13174,0.1280113,19730,0,0
CHEMBL33069,0.12795702,19731,0,0
CHEMBL20786,0.12795524,19732,0,0
CHEMBL39764,0.12795524,19733,0,0
CHEMBL4436032,0.12795524,19734,0,0
CHEMBL9035,0.12795159,19735,0,0
CHEMBL3310361,0.12784658,19736,0,0
CHEMBL17151,0.127808,19737,0,0
CHEMBL4436583,0.127808,19738,0,0
CHEMBL28090,0.12780042,19739,0,0
CHEMBL33551,0.12780042,19740,0,0
CHEMBL12138,0.12776229,19741,0,0
CHEMBL10048,0.12773708,19742,0,0
CHEMBL37016,0.12773708,19743,0,0
CHEMBL25173,0.12767053,19744,0,0
CHEMBL8054,0.12767053,19745,0,0
CHEMBL6875,0.12767053,19746,0,0
CHEMBL12734,0.12767053,19747,0,0
CHEMBL20244,0.12763529,19748,0,0
CHEMBL40725,0.12754984,19749,0,0
CHEMBL29962,0.12748295,19750,0,0
CHEMBL14108,0.12745528,19751,0,0
CHEMBL3309466,0.12745394,19752,0,0
CHEMBL40868,0.12745394,19753,0,0
CHEMBL17542,0.12745394,19754,0,0
CHEMBL4553552,0.12745394,19755,0,0
CHEMBL1160680,0.12745394,19756,0,0
CHEMBL23848,0.12745394,19757,0,0
CHEMBL42461,0.12742582,19758,0,0
CHEMBL41895,0.12742582,19759,0,0
CHEMBL3348570,0.12740344,19760,0,0
CHEMBL1093690,0.12740344,19761,0,0
CHEMBL40506,0.12740344,19762,0,0
CHEMBL18561,0.12738697,19763,0,0
CHEMBL10721,0.12738697,19764,0,0
CHEMBL16230,0.12738697,19765,0,0
CHEMBL4553578,0.12738697,19766,0,0
CHEMBL35990,0.12738697,19767,0,0
CHEMBL24386,0.12738697,19768,0,0
CHEMBL40951,0.12738697,19769,0,0
CHEMBL15532,0.12738697,19770,0,0
CHEMBL4436058,0.12738697,19771,0,0
CHEMBL1163183,0.12738697,19772,0,0
CHEMBL22750,0.12738697,19773,0,0
CHEMBL39056,0.12738697,19774,0,0
CHEMBL23557,0.12738498,19775,0,0
CHEMBL13585,0.12738498,19776,0,0
CHEMBL38415,0.12736462,19777,0,0
CHEMBL32836,0.12736462,19778,0,0
CHEMBL11926,0.12734407,19779,0,0
CHEMBL41058,0.12727307,19780,0,0
CHEMBL14492,0.12727307,19781,0,0
CHEMBL36184,0.12727307,19782,0,0
CHEMBL17376,0.12727307,19783,0,0
CHEMBL24895,0.12727307,19784,0,0
CHEMBL12360,0.12720373,19785,0,0
CHEMBL20060,0.12720373,19786,0,0
CHEMBL11576,0.1270663,19787,0,0
CHEMBL34026,0.1270663,19788,0,0
CHEMBL17468,0.12700589,19789,0,0
CHEMBL40285,0.12700589,19790,0,0
CHEMBL9157,0.12700589,19791,0,0
CHEMBL4435269,0.1269802,19792,0,0
CHEMBL1198796,0.12671848,19793,0,0
CHEMBL3310096,0.12671848,19794,0,0
CHEMBL32311,0.12671848,19795,0,0
CHEMBL3310465,0.12671848,19796,0,0
CHEMBL32267,0.12670717,19797,0,0
CHEMBL10394,0.12670717,19798,0,0
CHEMBL30254,0.12670717,19799,0,0
CHEMBL33999,0.12670717,19800,0,0
CHEMBL9488,0.12670717,19801,0,0
CHEMBL28604,0.1266062,19802,0,0
CHEMBL40758,0.1266062,19803,0,0
CHEMBL26176,0.1266062,19804,0,0
CHEMBL17893,0.1266062,19805,0,0
CHEMBL9633,0.1266062,19806,0,0
CHEMBL28295,0.1266062,19807,0,0
CHEMBL30506,0.1266062,19808,0,0
CHEMBL6941,0.1266062,19809,0,0
CHEMBL24444,0.1266062,19810,0,0
CHEMBL25423,0.1266062,19811,0,0
CHEMBL30387,0.1266062,19812,0,0
CHEMBL29052,0.1266062,19813,0,0
CHEMBL42367,0.1266062,19814,0,0
CHEMBL7732,0.1266062,19815,0,0
CHEMBL29664,0.1266062,19816,0,0
CHEMBL36098,0.12660448,19817,0,0
CHEMBL41269,0.12658176,19818,0,0
CHEMBL38425,0.1265782,19819,0,0
CHEMBL20208,0.1265782,19820,0,0
CHEMBL26389,0.1265782,19821,0,0
CHEMBL13532,0.12657787,19822,0,0
CHEMBL38732,0.12654941,19823,0,0
CHEMBL4553154,0.12653868,19824,0,0
CHEMBL43520,0.12653868,19825,0,0
CHEMBL23511,0.12653868,19826,0,0
CHEMBL15848,0.12653868,19827,0,0
CHEMBL20638,0.12653868,19828,0,0
CHEMBL41738,0.12653868,19829,0,0
CHEMBL42782,0.12653778,19830,0,0
CHEMBL24961,0.1265272,19831,0,0
CHEMBL15348,0.12649368,19832,0,0
CHEMBL40803,0.12649368,19833,0,0
CHEMBL34987,0.12649368,19834,0,0
CHEMBL29535,0.12649368,19835,0,0
CHEMBL41769,0.12649368,19836,0,0
CHEMBL14612,0.12639743,19837,0,0
CHEMBL7823,0.12639743,19838,0,0
CHEMBL31353,0.12636383,19839,0,0
CHEMBL30268,0.12632582,19840,0,0
CHEMBL7978,0.12632582,19841,0,0
CHEMBL39332,0.12632182,19842,0,0
CHEMBL17531,0.12632182,19843,0,0
CHEMBL17982,0.12632182,19844,0,0
CHEMBL19016,0.12632182,19845,0,0
CHEMBL24398,0.12629656,19846,0,0
CHEMBL39992,0.12629656,19847,0,0
CHEMBL35428,0.12629531,19848,0,0
CHEMBL27910,0.12625252,19849,0,0
CHEMBL19449,0.12617293,19850,0,0
CHEMBL29011,0.12617293,19851,0,0
CHEMBL35885,0.12612168,19852,0,0
CHEMBL12216,0.12612168,19853,0,0
CHEMBL7255,0.12612168,19854,0,0
CHEMBL9613,0.12612168,19855,0,0
CHEMBL34133,0.12612168,19856,0,0
CHEMBL33785,0.12612168,19857,0,0
CHEMBL13125,0.12612168,19858,0,0
CHEMBL35491,0.12612168,19859,0,0
CHEMBL12441,0.12612168,19860,0,0
CHEMBL30563,0.12605774,19861,0,0
CHEMBL15840,0.1260555,19862,0,0
CHEMBL28795,0.1260555,19863,0,0
CHEMBL40405,0.1260555,19864,0,0
CHEMBL32145,0.1260555,19865,0,0
CHEMBL1163431,0.1260555,19866,0,0
CHEMBL4553623,0.12596418,19867,0,0
CHEMBL11124,0.12596418,19868,0,0
CHEMBL21300,0.12594326,19869,0,0
CHEMBL37311,0.12594326,19870,0,0
CHEMBL15904,0.12594326,19871,0,0
CHEMBL35875,0.12594326,19872,0,0
CHEMBL23455,0.12594326,19873,0,0
CHEMBL28504,0.12594326,19874,0,0
CHEMBL42005,0.12594326,19875,0,0
CHEMBL19852,0.12594326,19876,0,0
CHEMBL8143,0.12594326,19877,0,0
CHEMBL15341,0.12594326,19878,0,0
CHEMBL28728,0.12594287,19879,0,0
CHEMBL42762,0.12590958,19880,0,0
CHEMBL10251,0.12590958,19881,0,0
CHEMBL6696,0.12584373,19882,0,0
CHEMBL29775,0.12571798,19883,0,0
CHEMBL32586,0.12567757,19884,0,0
CHEMBL33100,0.12567757,19885,0,0
CHEMBL14484,0.12567757,19886,0,0
CHEMBL11436,0.12567757,19887,0,0
CHEMBL27783,0.12567757,19888,0,0
CHEMBL30668,0.12567757,19889,0,0
CHEMBL19396,0.12565723,19890,0,0
CHEMBL32277,0.12565723,19891,0,0
CHEMBL29776,0.12565723,19892,0,0
CHEMBL8244,0.12565723,19893,0,0
CHEMBL41290,0.1256359,19894,0,0
CHEMBL32805,0.1256344,19895,0,0
CHEMBL37666,0.1256344,19896,0,0
CHEMBL26559,0.1256344,19897,0,0
CHEMBL1163329,0.1256344,19898,0,0
CHEMBL4436018,0.1256344,19899,0,0
CHEMBL6924,0.12562571,19900,0,0
CHEMBL8934,0.12562571,19901,0,0
CHEMBL12044,0.12562571,19902,0,0
CHEMBL8325,0.12562571,19903,0,0
CHEMBL37300,0.12562571,19904,0,0
CHEMBL11363,0.12562571,19905,0,0
CHEMBL32125,0.12562571,19906,0,0
CHEMBL6959,0.12562571,19907,0,0
CHEMBL7830,0.12562571,19908,0,0
CHEMBL3310963,0.12562571,19909,0,0
CHEMBL4553708,0.12562571,19910,0,0
CHEMBL18612,0.12562571,19911,0,0
CHEMBL4434829,0.12562571,19912,0,0
CHEMBL16998,0.12562571,19913,0,0
CHEMBL23678,0.12562571,19914,0,0
CHEMBL4435866,0.12562571,19915,0,0
CHEMBL8951,0.12562571,19916,0,0
CHEMBL24011,0.12562571,19917,0,0
CHEMBL27425,0.12562571,19918,0,0
CHEMBL24685,0.12562571,19919,0,0
CHEMBL29841,0.12562571,19920,0,0
CHEMBL12366,0.12553184,19921,0,0
CHEMBL43819,0.12549813,19922,0,0
CHEMBL4435831,0.12549813,19923,0,0
CHEMBL7238,0.12546343,19924,0,0
CHEMBL20582,0.12546343,19925,0,0
CHEMBL42172,0.12546343,19926,0,0
CHEMBL17438,0.12546343,19927,0,0
CHEMBL3310085,0.12544714,19928,0,0
CHEMBL33480,0.12521914,19929,0,0
CHEMBL42617,0.12521914,19930,0,0
CHEMBL4435287,0.12521914,19931,0,0
CHEMBL9620,0.12521914,19932,0,0
CHEMBL17262,0.12521914,19933,0,0
CHEMBL35679,0.12521914,19934,0,0
CHEMBL22182,0.12521914,19935,0,0
CHEMBL11828,0.12521914,19936,0,0
CHEMBL37315,0.12521914,19937,0,0
CHEMBL12953,0.12521914,19938,0,0
CHEMBL7369,0.12521914,19939,0,0
CHEMBL23893,0.12521914,19940,0,0
CHEMBL22323,0.12521914,19941,0,0
CHEMBL3310307,0.12521914,19942,0,0
CHEMBL20014,0.12521914,19943,0,0
CHEMBL1095673,0.12521914,19944,0,0
CHEMBL39622,0.12521914,19945,0,0
CHEMBL25928,0.12521914,19946,0,0
CHEMBL16251,0.12521914,19947,0,0
CHEMBL16205,0.12521914,19948,0,0
CHEMBL40639,0.12521914,19949,0,0
CHEMBL4435187,0.12513924,19950,0,0
CHEMBL7960,0.12513924,19951,0,0
CHEMBL7550,0.12513326,19952,0,0
CHEMBL16279,0.12509443,19953,0,0
CHEMBL3310204,0.12509443,19954,0,0
CHEMBL37012,0.124943934,19955,0,0
CHEMBL11662,0.124943934,19956,0,0
CHEMBL40042,0.124943934,19957,0,0
CHEMBL10040,0.124943934,19958,0,0
CHEMBL29835,0.124943934,19959,0,0
CHEMBL36839,0.124943934,19960,0,0
CHEMBL37874,0.124943934,19961,0,0
CHEMBL8738,0.124943934,19962,0,0
CHEMBL41811,0.124943934,19963,0,0
CHEMBL521,0.124943934,19964,0,0
CHEMBL22111,0.124943934,19965,0,0
CHEMBL39581,0.124943934,19966,0,0
CHEMBL21152,0.12493849,19967,0,0
CHEMBL21149,0.12493849,19968,0,0
CHEMBL33361,0.124934725,19969,0,0
CHEMBL28675,0.12488813,19970,0,0
CHEMBL32075,0.12486582,19971,0,0
CHEMBL26859,0.12477629,19972,0,0
CHEMBL24314,0.124652594,19973,0,0
CHEMBL18123,0.12464668,19974,0,0
CHEMBL27484,0.12464668,19975,0,0
CHEMBL14822,0.12464668,19976,0,0
CHEMBL36697,0.12462245,19977,0,0
CHEMBL39372,0.12449764,19978,0,0
CHEMBL8275,0.12449764,19979,0,0
CHEMBL14390,0.12449764,19980,0,0
CHEMBL13962,0.12449764,19981,0,0
CHEMBL11208,0.12449764,19982,0,0
CHEMBL24517,0.12449764,19983,0,0
CHEMBL30012,0.12449764,19984,0,0
CHEMBL3309643,0.12449764,19985,0,0
CHEMBL8830,0.12449764,19986,0,0
CHEMBL39398,0.12449764,19987,0,0
CHEMBL28510,0.12449764,19988,0,0
CHEMBL38245,0.12449764,19989,0,0
CHEMBL22643,0.12449764,19990,0,0
CHEMBL40125,0.12449764,19991,0,0
CHEMBL37249,0.12449764,19992,0,0
CHEMBL37332,0.12449764,19993,0,0
CHEMBL23034,0.12449764,19994,0,0
CHEMBL36347,0.124361016,19995,0,0
CHEMBL40112,0.124361016,19996,0,0
CHEMBL36885,0.12425704,19997,0,0
CHEMBL32238,0.124229,19998,0,0
CHEMBL37799,0.12420478,19999,0,0
CHEMBL16280,0.1241811,20000,0,0
CHEMBL1098265,0.1241811,20001,0,0
CHEMBL17054,0.1241811,20002,0,0
CHEMBL15536,0.1241811,20003,0,0
CHEMBL24300,0.1241811,20004,0,0
CHEMBL32392,0.1241811,20005,0,0
CHEMBL22399,0.1241811,20006,0,0
CHEMBL585178,0.1241811,20007,0,0
CHEMBL39572,0.1241811,20008,0,0
CHEMBL31251,0.124178335,20009,0,0
CHEMBL14014,0.124178335,20010,0,0
CHEMBL32486,0.124147035,20011,0,0
CHEMBL30369,0.124147035,20012,0,0
CHEMBL10664,0.124147035,20013,0,0
CHEMBL3310117,0.124130145,20014,0,0
CHEMBL1163230,0.124130145,20015,0,0
CHEMBL31829,0.124130145,20016,0,0
CHEMBL9759,0.124130145,20017,0,0
CHEMBL3309494,0.124130145,20018,0,0
CHEMBL23908,0.124130145,20019,0,0
CHEMBL4436579,0.124130145,20020,0,0
CHEMBL1186168,0.12394685,20021,0,0
CHEMBL9543,0.12394685,20022,0,0
CHEMBL40849,0.12394685,20023,0,0
CHEMBL20463,0.12394685,20024,0,0
CHEMBL39004,0.12394685,20025,0,0
CHEMBL35154,0.12394685,20026,0,0
CHEMBL28074,0.12394685,20027,0,0
CHEMBL4553688,0.12394685,20028,0,0
CHEMBL4435007,0.12394685,20029,0,0
CHEMBL3309441,0.12394685,20030,0,0
CHEMBL33433,0.12394685,20031,0,0
CHEMBL33837,0.12394685,20032,0,0
CHEMBL6349,0.12394685,20033,0,0
CHEMBL3310013,0.12394685,20034,0,0
CHEMBL36532,0.12394685,20035,0,0
CHEMBL3310415,0.12394685,20036,0,0
CHEMBL3310145,0.12394685,20037,0,0
CHEMBL39428,0.12394685,20038,0,0
CHEMBL32045,0.12383362,20039,0,0
CHEMBL7182,0.12376536,20040,0,0
CHEMBL18915,0.123750545,20041,0,0
CHEMBL20211,0.123750545,20042,0,0
CHEMBL20153,0.123750545,20043,0,0
CHEMBL43762,0.123750545,20044,0,0
CHEMBL30458,0.12372708,20045,0,0
CHEMBL31167,0.12369316,20046,0,0
CHEMBL39697,0.12361347,20047,0,0
CHEMBL9465,0.12358332,20048,0,0
CHEMBL17363,0.12358332,20049,0,0
CHEMBL18671,0.12358332,20050,0,0
CHEMBL9510,0.12358332,20051,0,0
CHEMBL19400,0.12358332,20052,0,0
CHEMBL11950,0.12358332,20053,0,0
CHEMBL14846,0.12358332,20054,0,0
CHEMBL267740,0.12358332,20055,0,0
CHEMBL19034,0.12358332,20056,0,0
CHEMBL4434937,0.12358332,20057,0,0
CHEMBL12212,0.12358332,20058,0,0
CHEMBL35842,0.12358332,20059,0,0
CHEMBL4434992,0.12358332,20060,0,0
CHEMBL18204,0.12358332,20061,0,0
CHEMBL19473,0.12358332,20062,0,0
CHEMBL529450,0.12358332,20063,0,0
CHEMBL16377,0.12358332,20064,0,0
CHEMBL9174,0.12358332,20065,0,0
CHEMBL21759,0.12358332,20066,0,0
CHEMBL32255,0.12350029,20067,0,0
CHEMBL3309870,0.12349998,20068,0,0
CHEMBL35259,0.12347272,20069,0,0
CHEMBL24065,0.12347272,20070,0,0
CHEMBL19976,0.12347272,20071,0,0
CHEMBL9432,0.12347272,20072,0,0
CHEMBL23538,0.12347272,20073,0,0
CHEMBL17219,0.12347272,20074,0,0
CHEMBL7060,0.12345577,20075,0,0
CHEMBL4436363,0.12345577,20076,0,0
CHEMBL8622,0.12341488,20077,0,0
CHEMBL29911,0.12341488,20078,0,0
CHEMBL18284,0.123382956,20079,0,0
CHEMBL24852,0.123382956,20080,0,0
CHEMBL22778,0.123382956,20081,0,0
CHEMBL40095,0.12337291,20082,0,0
CHEMBL35583,0.12337291,20083,0,0
CHEMBL35199,0.12337291,20084,0,0
CHEMBL17128,0.12329841,20085,0,0
CHEMBL28250,0.12321557,20086,0,0
CHEMBL26129,0.1232146,20087,0,0
CHEMBL26809,0.1232111,20088,0,0
CHEMBL36221,0.1232111,20089,0,0
CHEMBL4435664,0.12317353,20090,0,0
CHEMBL9405,0.12317353,20091,0,0
CHEMBL6201,0.12316738,20092,0,0
CHEMBL30842,0.123124614,20093,0,0
CHEMBL13404,0.12311305,20094,0,0
CHEMBL4435485,0.12311305,20095,0,0
CHEMBL11041,0.123103425,20096,0,0
CHEMBL24937,0.123089634,20097,0,0
CHEMBL25555,0.12301599,20098,0,0
CHEMBL3310133,0.12301599,20099,0,0
CHEMBL41495,0.12296576,20100,0,0
CHEMBL26825,0.12295956,20101,0,0
CHEMBL34209,0.12295956,20102,0,0
CHEMBL9683,0.12295956,20103,0,0
CHEMBL35662,0.122893065,20104,0,0
CHEMBL6426,0.122893065,20105,0,0
CHEMBL28684,0.122874275,20106,0,0
CHEMBL4543191,0.122874275,20107,0,0
CHEMBL555862,0.122874275,20108,0,0
CHEMBL38700,0.122874275,20109,0,0
CHEMBL9576,0.122874275,20110,0,0
CHEMBL13070,0.122874275,20111,0,0
CHEMBL14664,0.122874275,20112,0,0
CHEMBL25690,0.122859664,20113,0,0
CHEMBL27829,0.122844666,20114,0,0
CHEMBL19073,0.122720286,20115,0,0
CHEMBL29476,0.122720286,20116,0,0
CHEMBL24794,0.122720286,20117,0,0
CHEMBL3310410,0.122632004,20118,0,0
CHEMBL3309656,0.122632004,20119,0,0
CHEMBL31710,0.122632004,20120,0,0
CHEMBL4435728,0.122632004,20121,0,0
CHEMBL3309742,0.122632004,20122,0,0
CHEMBL22674,0.122632004,20123,0,0
CHEMBL18617,0.122632004,20124,0,0
CHEMBL32828,0.122587964,20125,0,0
CHEMBL34091,0.122587964,20126,0,0
CHEMBL14922,0.1225497,20127,0,0
CHEMBL34686,0.1225497,20128,0,0
CHEMBL4435129,0.1225497,20129,0,0
CHEMBL18626,0.1225497,20130,0,0
CHEMBL22920,0.1225497,20131,0,0
CHEMBL38492,0.1225497,20132,0,0
CHEMBL40905,0.1225497,20133,0,0
CHEMBL7953,0.1225497,20134,0,0
CHEMBL31066,0.1225497,20135,0,0
CHEMBL2110369,0.1225497,20136,0,0
CHEMBL501691,0.1225497,20137,0,0
CHEMBL579,0.1225497,20138,0,0
CHEMBL11162,0.1225497,20139,0,0
CHEMBL37782,0.1225497,20140,0,0
CHEMBL27940,0.1225497,20141,0,0
CHEMBL6815,0.1225497,20142,0,0
CHEMBL7178,0.1225497,20143,0,0
CHEMBL32350,0.1225497,20144,0,0
CHEMBL36177,0.1225497,20145,0,0
CHEMBL13060,0.1225497,20146,0,0
CHEMBL4435927,0.1225497,20147,0,0
CHEMBL43103,0.1225497,20148,0,0
CHEMBL4559927,0.1225497,20149,0,0
CHEMBL31045,0.1225497,20150,0,0
CHEMBL4434854,0.1225497,20151,0,0
CHEMBL15477,0.1225497,20152,0,0
CHEMBL25926,0.1225497,20153,0,0
CHEMBL39826,0.1225497,20154,0,0
CHEMBL27091,0.1225497,20155,0,0
CHEMBL37518,0.1225497,20156,0,0
CHEMBL7608,0.1225497,20157,0,0
CHEMBL35716,0.1225497,20158,0,0
CHEMBL21480,0.1225497,20159,0,0
CHEMBL8417,0.1225497,20160,0,0
CHEMBL1076614,0.1225497,20161,0,0
CHEMBL6890,0.1225497,20162,0,0
CHEMBL16074,0.1225497,20163,0,0
CHEMBL17604,0.1225497,20164,0,0
CHEMBL24590,0.1225497,20165,0,0
CHEMBL19906,0.1225497,20166,0,0
CHEMBL26891,0.12254206,20167,0,0
CHEMBL30227,0.12246798,20168,0,0
CHEMBL6976,0.12246798,20169,0,0
CHEMBL41684,0.12245157,20170,0,0
CHEMBL33042,0.12245157,20171,0,0
CHEMBL32454,0.12245157,20172,0,0
CHEMBL29566,0.12245157,20173,0,0
CHEMBL4543282,0.12245157,20174,0,0
CHEMBL715,0.12245157,20175,0,0
CHEMBL24886,0.12245157,20176,0,0
CHEMBL3310402,0.12235129,20177,0,0
CHEMBL13599,0.12232548,20178,0,0
CHEMBL13139,0.12232548,20179,0,0
CHEMBL25317,0.12230753,20180,0,0
CHEMBL40013,0.12230391,20181,0,0
CHEMBL501571,0.12228862,20182,0,0
CHEMBL34771,0.12228862,20183,0,0
CHEMBL456,0.122259334,20184,0,0
CHEMBL7101,0.122259334,20185,0,0
CHEMBL15453,0.122259334,20186,0,0
CHEMBL22965,0.122259334,20187,0,0
CHEMBL8723,0.122259334,20188,0,0
CHEMBL37856,0.122259334,20189,0,0
CHEMBL25024,0.122259334,20190,0,0
CHEMBL27249,0.122259334,20191,0,0
CHEMBL38467,0.12222784,20192,0,0
CHEMBL27191,0.12222784,20193,0,0
CHEMBL24841,0.12221694,20194,0,0
CHEMBL12078,0.12220593,20195,0,0
CHEMBL13420,0.12218802,20196,0,0
CHEMBL14899,0.12216763,20197,0,0
CHEMBL35585,0.12214352,20198,0,0
CHEMBL31930,0.12213669,20199,0,0
CHEMBL9205,0.12213669,20200,0,0
CHEMBL8996,0.122086726,20201,0,0
CHEMBL17764,0.122086726,20202,0,0
CHEMBL18134,0.122086726,20203,0,0
CHEMBL3311372,0.12206765,20204,0,0
CHEMBL8639,0.12206765,20205,0,0
CHEMBL8499,0.12206765,20206,0,0
CHEMBL9918,0.12206765,20207,0,0
CHEMBL30750,0.12206765,20208,0,0
CHEMBL39655,0.12206765,20209,0,0
CHEMBL7380,0.12206765,20210,0,0
CHEMBL8150,0.12206765,20211,0,0
CHEMBL27064,0.12206765,20212,0,0
CHEMBL13621,0.12206765,20213,0,0
CHEMBL8346,0.12206501,20214,0,0
CHEMBL24488,0.12206501,20215,0,0
CHEMBL24453,0.12206501,20216,0,0
CHEMBL31723,0.1220495,20217,0,0
CHEMBL4543193,0.12196602,20218,0,0
CHEMBL3310134,0.12196602,20219,0,0
CHEMBL34698,0.12193538,20220,0,0
CHEMBL20601,0.12183979,20221,0,0
CHEMBL15283,0.12182562,20222,0,0
CHEMBL4436560,0.1218202,20223,0,0
CHEMBL16097,0.121801786,20224,0,0
CHEMBL39002,0.12180105,20225,0,0
CHEMBL41453,0.12180105,20226,0,0
CHEMBL10579,0.121783964,20227,0,0
CHEMBL18332,0.12176609,20228,0,0
CHEMBL7349,0.1217047,20229,0,0
CHEMBL4434864,0.12170188,20230,0,0
CHEMBL38626,0.12170188,20231,0,0
CHEMBL16721,0.12170188,20232,0,0
CHEMBL38495,0.12170188,20233,0,0
CHEMBL18961,0.12157985,20234,0,0
CHEMBL4553565,0.12157985,20235,0,0
CHEMBL3310097,0.12157985,20236,0,0
CHEMBL25442,0.12157985,20237,0,0
CHEMBL36381,0.12157985,20238,0,0
CHEMBL13919,0.12157985,20239,0,0
CHEMBL37134,0.12157985,20240,0,0
CHEMBL37343,0.12156886,20241,0,0
CHEMBL26118,0.12156886,20242,0,0
CHEMBL41980,0.12156886,20243,0,0
CHEMBL22094,0.12156886,20244,0,0
CHEMBL1184569,0.12156886,20245,0,0
CHEMBL22704,0.12156886,20246,0,0
CHEMBL25370,0.12156886,20247,0,0
CHEMBL25667,0.12156886,20248,0,0
CHEMBL39574,0.12156886,20249,0,0
CHEMBL4543434,0.12156886,20250,0,0
CHEMBL31838,0.12156886,20251,0,0
CHEMBL14063,0.12156886,20252,0,0
CHEMBL21985,0.12156886,20253,0,0
CHEMBL3310281,0.1214971,20254,0,0
CHEMBL1163282,0.12147576,20255,0,0
CHEMBL35937,0.12145972,20256,0,0
CHEMBL9134,0.12145954,20257,0,0
CHEMBL30841,0.12145954,20258,0,0
CHEMBL15239,0.12140886,20259,0,0
CHEMBL37533,0.12140886,20260,0,0
CHEMBL14946,0.12140886,20261,0,0
CHEMBL11454,0.12134236,20262,0,0
CHEMBL18225,0.12133527,20263,0,0
CHEMBL9816,0.12130672,20264,0,0
CHEMBL13854,0.12130408,20265,0,0
CHEMBL28612,0.12130408,20266,0,0
CHEMBL32113,0.12129469,20267,0,0
CHEMBL4435731,0.12129469,20268,0,0
CHEMBL26758,0.12129469,20269,0,0
CHEMBL4543221,0.12129469,20270,0,0
CHEMBL22633,0.12129469,20271,0,0
CHEMBL4434681,0.12129469,20272,0,0
CHEMBL36416,0.12129469,20273,0,0
CHEMBL26409,0.12110928,20274,0,0
CHEMBL38563,0.12110928,20275,0,0
CHEMBL503907,0.12107748,20276,0,0
CHEMBL28958,0.12101116,20277,0,0
CHEMBL35840,0.1209782,20278,0,0
CHEMBL4435179,0.1209782,20279,0,0
CHEMBL7298,0.1209782,20280,0,0
CHEMBL10626,0.1209782,20281,0,0
CHEMBL37125,0.1209782,20282,0,0
CHEMBL23229,0.1209782,20283,0,0
CHEMBL40645,0.1209782,20284,0,0
CHEMBL4436287,0.1209782,20285,0,0
CHEMBL19253,0.1209782,20286,0,0
CHEMBL28443,0.1209782,20287,0,0
CHEMBL6685,0.12094824,20288,0,0
CHEMBL31246,0.12092729,20289,0,0
CHEMBL17812,0.1208967,20290,0,0
CHEMBL4435687,0.1208967,20291,0,0
CHEMBL18049,0.1207956,20292,0,0
CHEMBL30079,0.1207956,20293,0,0
CHEMBL9697,0.1207956,20294,0,0
CHEMBL18691,0.1207956,20295,0,0
CHEMBL24101,0.1207956,20296,0,0
CHEMBL32588,0.1207956,20297,0,0
CHEMBL28827,0.1207956,20298,0,0
CHEMBL801,0.1207956,20299,0,0
CHEMBL36081,0.1207956,20300,0,0
CHEMBL23351,0.1207956,20301,0,0
CHEMBL24593,0.12077374,20302,0,0
CHEMBL33096,0.120757274,20303,0,0
CHEMBL40880,0.120757274,20304,0,0
CHEMBL39837,0.12065065,20305,0,0
CHEMBL17125,0.12065065,20306,0,0
CHEMBL25953,0.12054683,20307,0,0
CHEMBL31720,0.12037099,20308,0,0
CHEMBL37193,0.120370105,20309,0,0
CHEMBL24056,0.120359026,20310,0,0
CHEMBL35816,0.120284855,20311,0,0
CHEMBL11030,0.120284855,20312,0,0
CHEMBL36933,0.120284855,20313,0,0
CHEMBL38000,0.12027762,20314,0,0
CHEMBL20364,0.12027279,20315,0,0
CHEMBL33429,0.12024815,20316,0,0
CHEMBL31931,0.12024815,20317,0,0
CHEMBL8591,0.12024815,20318,0,0
CHEMBL38344,0.12024815,20319,0,0
CHEMBL15121,0.12024815,20320,0,0
CHEMBL33376,0.12024815,20321,0,0
CHEMBL26872,0.12020748,20322,0,0
CHEMBL36602,0.120189264,20323,0,0
CHEMBL24802,0.12013738,20324,0,0
CHEMBL39862,0.1200741,20325,0,0
CHEMBL6380,0.12006968,20326,0,0
CHEMBL29423,0.12006968,20327,0,0
CHEMBL29372,0.12002557,20328,0,0
CHEMBL23417,0.12002557,20329,0,0
CHEMBL21730,0.12002557,20330,0,0
CHEMBL30328,0.12002557,20331,0,0
CHEMBL34440,0.12002557,20332,0,0
CHEMBL27995,0.12002557,20333,0,0
CHEMBL38577,0.12002557,20334,0,0
CHEMBL6376,0.12002557,20335,0,0
CHEMBL14015,0.12002557,20336,0,0
CHEMBL36793,0.12002557,20337,0,0
CHEMBL13206,0.12002557,20338,0,0
CHEMBL40973,0.12002557,20339,0,0
CHEMBL14194,0.12002557,20340,0,0
CHEMBL1744202,0.12002557,20341,0,0
CHEMBL8681,0.12002557,20342,0,0
CHEMBL12596,0.12002557,20343,0,0
CHEMBL13964,0.12002557,20344,0,0
CHEMBL27152,0.12002557,20345,0,0
CHEMBL13639,0.12002557,20346,0,0
CHEMBL17160,0.12002557,20347,0,0
CHEMBL13294,0.12002557,20348,0,0
CHEMBL41293,0.12002557,20349,0,0
CHEMBL8390,0.12002557,20350,0,0
CHEMBL7730,0.12002557,20351,0,0
CHEMBL26739,0.12002557,20352,0,0
CHEMBL9637,0.12002557,20353,0,0
CHEMBL20425,0.12002557,20354,0,0
CHEMBL3309757,0.11995603,20355,0,0
CHEMBL3309756,0.11995603,20356,0,0
CHEMBL39326,0.119948655,20357,0,0
CHEMBL4436497,0.11986205,20358,0,0
CHEMBL13402,0.11980628,20359,0,0
CHEMBL8614,0.11979123,20360,0,0
CHEMBL11574,0.11979123,20361,0,0
CHEMBL8607,0.11979123,20362,0,0
CHEMBL11599,0.11979123,20363,0,0
CHEMBL30861,0.11979123,20364,0,0
CHEMBL35192,0.11979123,20365,0,0
CHEMBL35121,0.11979123,20366,0,0
CHEMBL37484,0.11979123,20367,0,0
CHEMBL27648,0.11979123,20368,0,0
CHEMBL25877,0.11979123,20369,0,0
CHEMBL553616,0.11979123,20370,0,0
CHEMBL32242,0.11979123,20371,0,0
CHEMBL19413,0.11979123,20372,0,0
CHEMBL26905,0.11979123,20373,0,0
CHEMBL13261,0.11979123,20374,0,0
CHEMBL21816,0.11979123,20375,0,0
CHEMBL17740,0.11979123,20376,0,0
CHEMBL23906,0.11979123,20377,0,0
CHEMBL463,0.11979123,20378,0,0
CHEMBL33637,0.11979123,20379,0,0
CHEMBL14996,0.11979123,20380,0,0
CHEMBL9031,0.11979123,20381,0,0
CHEMBL6915,0.11979123,20382,0,0
CHEMBL14168,0.11979123,20383,0,0
CHEMBL483,0.11979123,20384,0,0
CHEMBL10452,0.11979123,20385,0,0
CHEMBL31021,0.11979123,20386,0,0
CHEMBL11076,0.11979123,20387,0,0
CHEMBL31179,0.11979123,20388,0,0
CHEMBL41171,0.11979123,20389,0,0
CHEMBL20092,0.11979123,20390,0,0
CHEMBL14155,0.11979123,20391,0,0
CHEMBL29771,0.11979123,20392,0,0
CHEMBL8755,0.11979123,20393,0,0
CHEMBL17087,0.11979123,20394,0,0
CHEMBL26833,0.11979123,20395,0,0
CHEMBL9731,0.11979123,20396,0,0
CHEMBL36788,0.11979123,20397,0,0
CHEMBL30244,0.11979123,20398,0,0
CHEMBL16593,0.11979123,20399,0,0
CHEMBL37160,0.11979123,20400,0,0
CHEMBL24645,0.11979123,20401,0,0
CHEMBL30265,0.11979123,20402,0,0
CHEMBL8441,0.11979123,20403,0,0
CHEMBL11450,0.11979123,20404,0,0
CHEMBL7206,0.11975,20405,0,0
CHEMBL28737,0.119741574,20406,0,0
CHEMBL41087,0.11963882,20407,0,0
CHEMBL10603,0.11963882,20408,0,0
CHEMBL41507,0.11963882,20409,0,0
CHEMBL41496,0.11963882,20410,0,0
CHEMBL34846,0.11963882,20411,0,0
CHEMBL4435438,0.11963882,20412,0,0
CHEMBL37930,0.11963882,20413,0,0
CHEMBL17104,0.11963882,20414,0,0
CHEMBL41534,0.11963882,20415,0,0
CHEMBL18052,0.11963882,20416,0,0
CHEMBL38907,0.11963882,20417,0,0
CHEMBL19958,0.11963882,20418,0,0
CHEMBL16780,0.11963882,20419,0,0
CHEMBL6770,0.11963882,20420,0,0
CHEMBL13057,0.11963882,20421,0,0
CHEMBL39057,0.11963882,20422,0,0
CHEMBL14151,0.11963882,20423,0,0
CHEMBL37619,0.11963882,20424,0,0
CHEMBL6441,0.11963882,20425,0,0
CHEMBL41883,0.11963882,20426,0,0
CHEMBL15103,0.11963882,20427,0,0
CHEMBL504419,0.11963882,20428,0,0
CHEMBL501070,0.11963882,20429,0,0
CHEMBL10911,0.11963882,20430,0,0
CHEMBL22716,0.11963882,20431,0,0
CHEMBL36732,0.11963882,20432,0,0
CHEMBL17364,0.11963882,20433,0,0
CHEMBL34301,0.11963882,20434,0,0
CHEMBL13725,0.11963882,20435,0,0
CHEMBL11493,0.11963882,20436,0,0
CHEMBL42175,0.11963882,20437,0,0
CHEMBL12302,0.11963882,20438,0,0
CHEMBL1088337,0.11962116,20439,0,0
CHEMBL8727,0.11958985,20440,0,0
CHEMBL3310651,0.11958925,20441,0,0
CHEMBL4543382,0.11958925,20442,0,0
CHEMBL6750,0.11958925,20443,0,0
CHEMBL22114,0.11958925,20444,0,0
CHEMBL6554,0.11958925,20445,0,0
CHEMBL4435224,0.11958925,20446,0,0
CHEMBL40334,0.11958925,20447,0,0
CHEMBL1183536,0.11958925,20448,0,0
CHEMBL29903,0.11958925,20449,0,0
CHEMBL4543311,0.11958925,20450,0,0
CHEMBL35266,0.119518995,20451,0,0
CHEMBL35800,0.11950941,20452,0,0
CHEMBL13951,0.11949345,20453,0,0
CHEMBL40452,0.11948302,20454,0,0
CHEMBL13050,0.11948302,20455,0,0
CHEMBL21801,0.11945576,20456,0,0
CHEMBL28098,0.11942674,20457,0,0
CHEMBL598,0.1194106,20458,0,0
CHEMBL31780,0.11927542,20459,0,0
CHEMBL8473,0.11927534,20460,0,0
CHEMBL39248,0.119226344,20461,0,0
CHEMBL9152,0.119226344,20462,0,0
CHEMBL7840,0.119226344,20463,0,0
CHEMBL3309457,0.119226344,20464,0,0
CHEMBL1163158,0.119226344,20465,0,0
CHEMBL4543203,0.11922307,20466,0,0
CHEMBL3310118,0.11921098,20467,0,0
CHEMBL1086957,0.11916043,20468,0,0
CHEMBL15136,0.11900158,20469,0,0
CHEMBL6930,0.11900158,20470,0,0
CHEMBL41111,0.11900158,20471,0,0
CHEMBL16503,0.11900158,20472,0,0
CHEMBL31091,0.118912,20473,0,0
CHEMBL40177,0.118912,20474,0,0
CHEMBL22099,0.118912,20475,0,0
CHEMBL15096,0.118912,20476,0,0
CHEMBL3310705,0.118912,20477,0,0
CHEMBL576493,0.11887188,20478,0,0
CHEMBL20834,0.11878863,20479,0,0
CHEMBL35784,0.11878863,20480,0,0
CHEMBL4543181,0.11878863,20481,0,0
CHEMBL30977,0.11878863,20482,0,0
CHEMBL3309989,0.11878863,20483,0,0
CHEMBL12139,0.11878863,20484,0,0
CHEMBL4435755,0.118774354,20485,0,0
CHEMBL24753,0.11876156,20486,0,0
CHEMBL12095,0.118664846,20487,0,0
CHEMBL42313,0.118664846,20488,0,0
CHEMBL9774,0.118664846,20489,0,0
CHEMBL3310128,0.1186486,20490,0,0
CHEMBL4435610,0.1186486,20491,0,0
CHEMBL14339,0.1186486,20492,0,0
CHEMBL33327,0.1186486,20493,0,0
CHEMBL34407,0.11863652,20494,0,0
CHEMBL43761,0.118611656,20495,0,0
CHEMBL26481,0.118535936,20496,0,0
CHEMBL26000,0.118504025,20497,0,0
CHEMBL16583,0.11844882,20498,0,0
CHEMBL26638,0.118408345,20499,0,0
CHEMBL8991,0.118388906,20500,0,0
CHEMBL35696,0.118374236,20501,0,0
CHEMBL3309519,0.118374236,20502,0,0
CHEMBL7858,0.118374236,20503,0,0
CHEMBL4434851,0.118374236,20504,0,0
CHEMBL29361,0.11829022,20505,0,0
CHEMBL3310135,0.11825974,20506,0,0
CHEMBL16196,0.11825974,20507,0,0
CHEMBL12102,0.11824592,20508,0,0
CHEMBL17398,0.118241094,20509,0,0
CHEMBL33569,0.11821246,20510,0,0
CHEMBL37959,0.11821246,20511,0,0
CHEMBL1089470,0.11821246,20512,0,0
CHEMBL24397,0.11821246,20513,0,0
CHEMBL35817,0.11821246,20514,0,0
CHEMBL14564,0.11821246,20515,0,0
CHEMBL13103,0.11820825,20516,0,0
CHEMBL25489,0.11820825,20517,0,0
CHEMBL503330,0.11808517,20518,0,0
CHEMBL21768,0.11801887,20519,0,0
CHEMBL32644,0.11801887,20520,0,0
CHEMBL33700,0.117991224,20521,0,0
CHEMBL21470,0.11794219,20522,0,0
CHEMBL36329,0.11794219,20523,0,0
CHEMBL37794,0.11794219,20524,0,0
CHEMBL4435919,0.11794219,20525,0,0
CHEMBL34064,0.11791292,20526,0,0
CHEMBL9992,0.117873155,20527,0,0
CHEMBL4435662,0.117702946,20528,0,0
CHEMBL13290,0.117693484,20529,0,0
CHEMBL503463,0.117693484,20530,0,0
CHEMBL39844,0.117693484,20531,0,0
CHEMBL35104,0.117693484,20532,0,0
CHEMBL16734,0.117693484,20533,0,0
CHEMBL16985,0.117693484,20534,0,0
CHEMBL4435445,0.11768408,20535,0,0
CHEMBL4436294,0.11768408,20536,0,0
CHEMBL12599,0.11766108,20537,0,0
CHEMBL43670,0.117629215,20538,0,0
CHEMBL23811,0.117629215,20539,0,0
CHEMBL17371,0.117629215,20540,0,0
CHEMBL37631,0.117629215,20541,0,0
CHEMBL37133,0.117590904,20542,0,0
CHEMBL22555,0.117590904,20543,0,0
CHEMBL4553543,0.117590904,20544,0,0
CHEMBL4553553,0.117590904,20545,0,0
CHEMBL33171,0.117590904,20546,0,0
CHEMBL36364,0.117590904,20547,0,0
CHEMBL23728,0.117590904,20548,0,0
CHEMBL35920,0.117590904,20549,0,0
CHEMBL37648,0.117590904,20550,0,0
CHEMBL7333,0.117590904,20551,0,0
CHEMBL41412,0.117590904,20552,0,0
CHEMBL30116,0.117590904,20553,0,0
CHEMBL38164,0.117590904,20554,0,0
CHEMBL25384,0.117590904,20555,0,0
CHEMBL28811,0.117590904,20556,0,0
CHEMBL4435969,0.117590904,20557,0,0
CHEMBL42975,0.117590904,20558,0,0
CHEMBL23951,0.117590904,20559,0,0
CHEMBL27640,0.117590904,20560,0,0
CHEMBL27720,0.117590904,20561,0,0
CHEMBL21534,0.117590904,20562,0,0
CHEMBL4116104,0.117590904,20563,0,0
CHEMBL4435617,0.117590904,20564,0,0
CHEMBL628,0.117590904,20565,0,0
CHEMBL9171,0.117583655,20566,0,0
CHEMBL41448,0.11753133,20567,0,0
CHEMBL38108,0.11747129,20568,0,0
CHEMBL1163364,0.11747129,20569,0,0
CHEMBL31964,0.11746748,20570,0,0
CHEMBL10071,0.11746748,20571,0,0
CHEMBL36115,0.11746748,20572,0,0
CHEMBL1163462,0.11746748,20573,0,0
CHEMBL40798,0.11746748,20574,0,0
CHEMBL28078,0.11746748,20575,0,0
CHEMBL15663,0.11746748,20576,0,0
CHEMBL3310149,0.117376834,20577,0,0
CHEMBL16166,0.117365785,20578,0,0
CHEMBL13466,0.117365785,20579,0,0
CHEMBL10245,0.117365785,20580,0,0
CHEMBL7434,0.117365785,20581,0,0
CHEMBL1088204,0.117365785,20582,0,0
CHEMBL39207,0.117365785,20583,0,0
CHEMBL27590,0.117365785,20584,0,0
CHEMBL36580,0.117365785,20585,0,0
CHEMBL33333,0.117365785,20586,0,0
CHEMBL18119,0.11736072,20587,0,0
CHEMBL33192,0.11736072,20588,0,0
CHEMBL26084,0.11736072,20589,0,0
CHEMBL4553595,0.11736072,20590,0,0
CHEMBL36025,0.11736072,20591,0,0
CHEMBL7752,0.11736072,20592,0,0
CHEMBL12687,0.11736072,20593,0,0
CHEMBL28691,0.11736072,20594,0,0
CHEMBL13074,0.11736072,20595,0,0
CHEMBL28713,0.11736072,20596,0,0
CHEMBL18890,0.11736072,20597,0,0
CHEMBL6943,0.11736072,20598,0,0
CHEMBL30965,0.11736072,20599,0,0
CHEMBL7872,0.11736072,20600,0,0
CHEMBL21827,0.11736072,20601,0,0
CHEMBL24447,0.11736072,20602,0,0
CHEMBL23970,0.11736072,20603,0,0
CHEMBL18659,0.11736072,20604,0,0
CHEMBL36488,0.11736072,20605,0,0
CHEMBL38935,0.11736072,20606,0,0
CHEMBL38176,0.11733231,20607,0,0
CHEMBL23324,0.117298216,20608,0,0
CHEMBL14854,0.11729403,20609,0,0
CHEMBL38709,0.117230035,20610,0,0
CHEMBL9447,0.11721971,20611,0,0
CHEMBL19844,0.117176615,20612,0,0
CHEMBL38402,0.117176615,20613,0,0
CHEMBL25969,0.117176615,20614,0,0
CHEMBL20517,0.11715322,20615,0,0
CHEMBL3309366,0.11714338,20616,0,0
CHEMBL12077,0.11713716,20617,0,0
CHEMBL30224,0.11710788,20618,0,0
CHEMBL7576,0.11710788,20619,0,0
CHEMBL13734,0.1169293,20620,0,0
CHEMBL26892,0.11690214,20621,0,0
CHEMBL32467,0.11687138,20622,0,0
CHEMBL39961,0.11687138,20623,0,0
CHEMBL39863,0.11687138,20624,0,0
CHEMBL34248,0.11687138,20625,0,0
CHEMBL30445,0.11687138,20626,0,0
CHEMBL10869,0.11687138,20627,0,0
CHEMBL10964,0.11687138,20628,0,0
CHEMBL21045,0.11687138,20629,0,0
CHEMBL14888,0.11687138,20630,0,0
CHEMBL16769,0.11687138,20631,0,0
CHEMBL22264,0.11687138,20632,0,0
CHEMBL12936,0.11687138,20633,0,0
CHEMBL10416,0.11687138,20634,0,0
CHEMBL35443,0.11687138,20635,0,0
CHEMBL16000,0.11687138,20636,0,0
CHEMBL17077,0.11687138,20637,0,0
CHEMBL12715,0.11687138,20638,0,0
CHEMBL19421,0.11687138,20639,0,0
CHEMBL42034,0.11687138,20640,0,0
CHEMBL32672,0.11687138,20641,0,0
CHEMBL26169,0.11687138,20642,0,0
CHEMBL17666,0.1168555,20643,0,0
CHEMBL30976,0.1168555,20644,0,0
CHEMBL28261,0.1168555,20645,0,0
CHEMBL35829,0.1168555,20646,0,0
CHEMBL25763,0.1168555,20647,0,0
CHEMBL34474,0.116829336,20648,0,0
CHEMBL8704,0.116829336,20649,0,0
CHEMBL3310681,0.116829336,20650,0,0
CHEMBL3310676,0.116829336,20651,0,0
CHEMBL7545,0.116829336,20652,0,0
CHEMBL4436460,0.11681111,20653,0,0
CHEMBL7609,0.11679596,20654,0,0
CHEMBL33966,0.11676148,20655,0,0
CHEMBL24763,0.11676148,20656,0,0
CHEMBL11018,0.11676148,20657,0,0
CHEMBL23237,0.11676148,20658,0,0
CHEMBL9301,0.11673725,20659,0,0
CHEMBL26419,0.11664798,20660,0,0
CHEMBL20076,0.11664798,20661,0,0
CHEMBL22405,0.11662831,20662,0,0
CHEMBL21379,0.11662831,20663,0,0
CHEMBL23406,0.1166205,20664,0,0
CHEMBL8077,0.116562866,20665,0,0
CHEMBL36891,0.116562866,20666,0,0
CHEMBL4553689,0.116562866,20667,0,0
CHEMBL18639,0.116478056,20668,0,0
CHEMBL13541,0.116478056,20669,0,0
CHEMBL4436106,0.11645375,20670,0,0
CHEMBL31638,0.11645375,20671,0,0
CHEMBL7746,0.11645375,20672,0,0
CHEMBL39613,0.11641058,20673,0,0
CHEMBL14032,0.11641058,20674,0,0
CHEMBL8097,0.11641058,20675,0,0
CHEMBL37589,0.11641058,20676,0,0
CHEMBL32198,0.1163851,20677,0,0
CHEMBL37719,0.1163851,20678,0,0
CHEMBL37068,0.1163851,20679,0,0
CHEMBL37734,0.11637162,20680,0,0
CHEMBL156037,0.1163059,20681,0,0
CHEMBL4116135,0.11628648,20682,0,0
CHEMBL7937,0.116286375,20683,0,0
CHEMBL44,0.11619088,20684,0,0
CHEMBL7264,0.11619088,20685,0,0
CHEMBL4435148,0.11619088,20686,0,0
CHEMBL24971,0.11616761,20687,0,0
CHEMBL27441,0.11610556,20688,0,0
CHEMBL29101,0.11610556,20689,0,0
CHEMBL41702,0.11610556,20690,0,0
CHEMBL32341,0.11610556,20691,0,0
CHEMBL25547,0.11610556,20692,0,0
CHEMBL23206,0.116096355,20693,0,0
CHEMBL4436298,0.116096355,20694,0,0
CHEMBL25906,0.116096355,20695,0,0
CHEMBL36417,0.116096355,20696,0,0
CHEMBL13476,0.116096355,20697,0,0
CHEMBL4435259,0.11607204,20698,0,0
CHEMBL405667,0.11607204,20699,0,0
CHEMBL580,0.11604319,20700,0,0
CHEMBL4436378,0.11595326,20701,0,0
CHEMBL23138,0.11594554,20702,0,0
CHEMBL24884,0.11592125,20703,0,0
CHEMBL38910,0.115883194,20704,0,0
CHEMBL12250,0.115883194,20705,0,0
CHEMBL4559974,0.115883194,20706,0,0
CHEMBL38919,0.115883194,20707,0,0
CHEMBL15688,0.115883194,20708,0,0
CHEMBL13860,0.11586599,20709,0,0
CHEMBL1237064,0.11585479,20710,0,0
CHEMBL41059,0.11584479,20711,0,0
CHEMBL9025,0.11584479,20712,0,0
CHEMBL37768,0.115818806,20713,0,0
CHEMBL33459,0.115818806,20714,0,0
CHEMBL15316,0.1158048,20715,0,0
CHEMBL27302,0.1158048,20716,0,0
CHEMBL34375,0.1158048,20717,0,0
CHEMBL28531,0.1158048,20718,0,0
CHEMBL23308,0.1158048,20719,0,0
CHEMBL23175,0.1158048,20720,0,0
CHEMBL28084,0.1158048,20721,0,0
CHEMBL41530,0.115767695,20722,0,0
CHEMBL22741,0.115767695,20723,0,0
CHEMBL18530,0.115767695,20724,0,0
CHEMBL40623,0.115767695,20725,0,0
CHEMBL40455,0.115686044,20726,0,0
CHEMBL1096298,0.115591995,20727,0,0
CHEMBL26747,0.11547535,20728,0,0
CHEMBL4436201,0.11547535,20729,0,0
CHEMBL39245,0.11547535,20730,0,0
CHEMBL19999,0.11547535,20731,0,0
CHEMBL13506,0.11547535,20732,0,0
CHEMBL7269,0.11547535,20733,0,0
CHEMBL31743,0.11547535,20734,0,0
CHEMBL14172,0.11534841,20735,0,0
CHEMBL34965,0.115275815,20736,0,0
CHEMBL3310432,0.11518167,20737,0,0
CHEMBL14027,0.11510941,20738,0,0
CHEMBL609524,0.11501662,20739,0,0
CHEMBL42512,0.11501662,20740,0,0
CHEMBL40709,0.11501662,20741,0,0
CHEMBL26208,0.114960164,20742,0,0
CHEMBL32147,0.114960164,20743,0,0
CHEMBL36691,0.114960164,20744,0,0
CHEMBL29328,0.114960164,20745,0,0
CHEMBL7547,0.114960164,20746,0,0
CHEMBL11811,0.114960164,20747,0,0
CHEMBL34161,0.114960164,20748,0,0
CHEMBL9169,0.114960164,20749,0,0
CHEMBL9146,0.114818245,20750,0,0
CHEMBL24538,0.114818245,20751,0,0
CHEMBL16091,0.114818245,20752,0,0
CHEMBL3310285,0.114818245,20753,0,0
CHEMBL10222,0.114818245,20754,0,0
CHEMBL31003,0.114818245,20755,0,0
CHEMBL3309690,0.114818245,20756,0,0
CHEMBL10638,0.114818245,20757,0,0
CHEMBL6221,0.114788204,20758,0,0
CHEMBL26528,0.114788204,20759,0,0
CHEMBL42415,0.114788204,20760,0,0
CHEMBL34866,0.11473181,20761,0,0
CHEMBL3309784,0.11473181,20762,0,0
CHEMBL1237046,0.11472204,20763,0,0
CHEMBL41119,0.11467,20764,0,0
CHEMBL499823,0.11458187,20765,0,0
CHEMBL35823,0.11453043,20766,0,0
CHEMBL39147,0.11448435,20767,0,0
CHEMBL6279,0.114465274,20768,0,0
CHEMBL18209,0.11442934,20769,0,0
CHEMBL8630,0.11442934,20770,0,0
CHEMBL26427,0.11442934,20771,0,0
CHEMBL38411,0.11442934,20772,0,0
CHEMBL541185,0.11442934,20773,0,0
CHEMBL21287,0.11442934,20774,0,0
CHEMBL4553596,0.11427057,20775,0,0
CHEMBL8534,0.11408089,20776,0,0
CHEMBL19892,0.11407646,20777,0,0
CHEMBL32946,0.11407646,20778,0,0
CHEMBL26323,0.11407646,20779,0,0
CHEMBL41341,0.11407646,20780,0,0
CHEMBL17524,0.11407646,20781,0,0
CHEMBL4434960,0.114039764,20782,0,0
CHEMBL31872,0.114039764,20783,0,0
CHEMBL9932,0.114016205,20784,0,0
CHEMBL43770,0.11397038,20785,0,0
CHEMBL41884,0.11393216,20786,0,0
CHEMBL15472,0.11390602,20787,0,0
CHEMBL9409,0.11388554,20788,0,0
CHEMBL16317,0.113878705,20789,0,0
CHEMBL8845,0.11374628,20790,0,0
CHEMBL32166,0.11373256,20791,0,0
CHEMBL21291,0.11371918,20792,0,0
CHEMBL32325,0.113716036,20793,0,0
CHEMBL13965,0.11368864,20794,0,0
CHEMBL9344,0.11363911,20795,0,0
CHEMBL1096596,0.11362621,20796,0,0
CHEMBL22899,0.11362621,20797,0,0
CHEMBL34840,0.11360456,20798,0,0
CHEMBL14919,0.11354647,20799,0,0
CHEMBL39957,0.11354647,20800,0,0
CHEMBL33362,0.11354647,20801,0,0
CHEMBL37797,0.11354647,20802,0,0
CHEMBL11111,0.11354647,20803,0,0
CHEMBL26387,0.11354647,20804,0,0
CHEMBL4543315,0.11354647,20805,0,0
CHEMBL20073,0.11354647,20806,0,0
CHEMBL32117,0.11354647,20807,0,0
CHEMBL7834,0.11354647,20808,0,0
CHEMBL39380,0.11354647,20809,0,0
CHEMBL3310447,0.11354647,20810,0,0
CHEMBL6907,0.11354647,20811,0,0
CHEMBL24093,0.11354647,20812,0,0
CHEMBL27185,0.11354647,20813,0,0
CHEMBL12841,0.11354647,20814,0,0
CHEMBL33996,0.11354647,20815,0,0
CHEMBL18571,0.11354647,20816,0,0
CHEMBL18580,0.11354647,20817,0,0
CHEMBL23528,0.113450326,20818,0,0
CHEMBL3310079,0.11341791,20819,0,0
CHEMBL41241,0.11338034,20820,0,0
CHEMBL3310201,0.11338034,20821,0,0
CHEMBL26063,0.11338034,20822,0,0
CHEMBL26760,0.11335585,20823,0,0
CHEMBL37574,0.11333328,20824,0,0
CHEMBL30982,0.11331177,20825,0,0
CHEMBL31391,0.113285616,20826,0,0
CHEMBL22025,0.113266066,20827,0,0
CHEMBL39659,0.11326376,20828,0,0
CHEMBL1615357,0.11326264,20829,0,0
CHEMBL32814,0.11326264,20830,0,0
CHEMBL39809,0.11320898,20831,0,0
CHEMBL41017,0.11320749,20832,0,0
CHEMBL23780,0.113178894,20833,0,0
CHEMBL17588,0.11307579,20834,0,0
CHEMBL3310120,0.113029435,20835,0,0
CHEMBL8014,0.1129388,20836,0,0
CHEMBL3310148,0.11291352,20837,0,0
CHEMBL37845,0.11291352,20838,0,0
CHEMBL437851,0.11291352,20839,0,0
CHEMBL4436208,0.11287546,20840,0,0
CHEMBL4434660,0.11281321,20841,0,0
CHEMBL30099,0.11279973,20842,0,0
CHEMBL8424,0.11279521,20843,0,0
CHEMBL10592,0.112762466,20844,0,0
CHEMBL4434875,0.112750545,20845,0,0
CHEMBL21600,0.112750545,20846,0,0
CHEMBL28633,0.112750545,20847,0,0
CHEMBL22124,0.112750545,20848,0,0
CHEMBL12363,0.112750545,20849,0,0
CHEMBL15052,0.1127435,20850,0,0
CHEMBL15642,0.112731926,20851,0,0
CHEMBL13329,0.11273122,20852,0,0
CHEMBL35445,0.11270115,20853,0,0
CHEMBL22503,0.11270115,20854,0,0
CHEMBL23640,0.11270115,20855,0,0
CHEMBL4435251,0.11267514,20856,0,0
CHEMBL4434814,0.11267514,20857,0,0
CHEMBL3309623,0.11267514,20858,0,0
CHEMBL20042,0.11264235,20859,0,0
CHEMBL13053,0.11264235,20860,0,0
CHEMBL9463,0.11264235,20861,0,0
CHEMBL32543,0.11260208,20862,0,0
CHEMBL12982,0.11260208,20863,0,0
CHEMBL15369,0.11260208,20864,0,0
CHEMBL25563,0.11260208,20865,0,0
CHEMBL139,0.11260208,20866,0,0
CHEMBL19864,0.11260208,20867,0,0
CHEMBL41744,0.11260208,20868,0,0
CHEMBL36298,0.112486295,20869,0,0
CHEMBL4543486,0.112486295,20870,0,0
CHEMBL7201,0.112486295,20871,0,0
CHEMBL6411,0.11231587,20872,0,0
CHEMBL16306,0.11230266,20873,0,0
CHEMBL26869,0.11213376,20874,0,0
CHEMBL35639,0.11213376,20875,0,0
CHEMBL4303152,0.11213376,20876,0,0
CHEMBL28468,0.11213376,20877,0,0
CHEMBL8737,0.11213376,20878,0,0
CHEMBL19097,0.11212722,20879,0,0
CHEMBL7170,0.11205453,20880,0,0
CHEMBL7879,0.11205453,20881,0,0
CHEMBL29198,0.11205453,20882,0,0
CHEMBL40925,0.11199215,20883,0,0
CHEMBL7688,0.11199215,20884,0,0
CHEMBL7036,0.111980736,20885,0,0
CHEMBL25073,0.11197531,20886,0,0
CHEMBL7941,0.11194961,20887,0,0
CHEMBL39059,0.11194961,20888,0,0
CHEMBL16625,0.11194961,20889,0,0
CHEMBL38187,0.11190291,20890,0,0
CHEMBL15707,0.111896485,20891,0,0
CHEMBL11717,0.111826874,20892,0,0
CHEMBL9838,0.111826874,20893,0,0
CHEMBL18142,0.1118165,20894,0,0
CHEMBL13533,0.111706816,20895,0,0
CHEMBL30214,0.111706816,20896,0,0
CHEMBL10677,0.111706816,20897,0,0
CHEMBL4434777,0.111706816,20898,0,0
CHEMBL30320,0.111706816,20899,0,0
CHEMBL4434979,0.111706816,20900,0,0
CHEMBL12040,0.111706816,20901,0,0
CHEMBL41971,0.111706816,20902,0,0
CHEMBL40353,0.111706816,20903,0,0
CHEMBL19371,0.111677855,20904,0,0
CHEMBL31705,0.111582436,20905,0,0
CHEMBL26263,0.11151621,20906,0,0
CHEMBL24716,0.11151488,20907,0,0
CHEMBL1163281,0.11148479,20908,0,0
CHEMBL10566,0.11148479,20909,0,0
CHEMBL34210,0.11148479,20910,0,0
CHEMBL35021,0.11148479,20911,0,0
CHEMBL12951,0.11148479,20912,0,0
CHEMBL33816,0.11148479,20913,0,0
CHEMBL34746,0.1113724,20914,0,0
CHEMBL15864,0.1113657,20915,0,0
CHEMBL41410,0.11135976,20916,0,0
CHEMBL3310463,0.11135764,20917,0,0
CHEMBL21364,0.11135764,20918,0,0
CHEMBL40894,0.11135764,20919,0,0
CHEMBL10374,0.11135764,20920,0,0
CHEMBL31307,0.11135764,20921,0,0
CHEMBL8722,0.11135764,20922,0,0
CHEMBL6647,0.11135764,20923,0,0
CHEMBL4435589,0.11135764,20924,0,0
CHEMBL28563,0.11135764,20925,0,0
CHEMBL3310462,0.11135764,20926,0,0
CHEMBL13286,0.11135764,20927,0,0
CHEMBL16747,0.11135764,20928,0,0
CHEMBL16952,0.11135764,20929,0,0
CHEMBL10919,0.11135764,20930,0,0
CHEMBL31014,0.11135764,20931,0,0
CHEMBL10635,0.11135764,20932,0,0
CHEMBL29801,0.11132893,20933,0,0
CHEMBL24092,0.11131931,20934,0,0
CHEMBL31936,0.11109063,20935,0,0
CHEMBL41997,0.1110716,20936,0,0
CHEMBL12046,0.11104823,20937,0,0
CHEMBL6310,0.11104823,20938,0,0
CHEMBL40879,0.11104823,20939,0,0
CHEMBL31670,0.11104249,20940,0,0
CHEMBL8523,0.11104249,20941,0,0
CHEMBL1163432,0.11104249,20942,0,0
CHEMBL19641,0.1108571,20943,0,0
CHEMBL10966,0.1108571,20944,0,0
CHEMBL32328,0.1108571,20945,0,0
CHEMBL41494,0.1108571,20946,0,0
CHEMBL41819,0.1108571,20947,0,0
CHEMBL18522,0.11079031,20948,0,0
CHEMBL10110,0.11074754,20949,0,0
CHEMBL31474,0.11069279,20950,0,0
CHEMBL31942,0.11069279,20951,0,0
CHEMBL20666,0.11061673,20952,0,0
CHEMBL488,0.11058172,20953,0,0
CHEMBL40790,0.110564254,20954,0,0
CHEMBL4435788,0.110564254,20955,0,0
CHEMBL32838,0.110564254,20956,0,0
CHEMBL38183,0.11048854,20957,0,0
CHEMBL4435612,0.11048854,20958,0,0
CHEMBL30505,0.11046342,20959,0,0
CHEMBL28419,0.11046342,20960,0,0
CHEMBL12635,0.110399626,20961,0,0
CHEMBL24362,0.110399626,20962,0,0
CHEMBL12246,0.110399626,20963,0,0
CHEMBL732,0.110399626,20964,0,0
CHEMBL4553664,0.110399626,20965,0,0
CHEMBL27207,0.110399626,20966,0,0
CHEMBL4436049,0.110399626,20967,0,0
CHEMBL38544,0.110399626,20968,0,0
CHEMBL10892,0.110399626,20969,0,0
CHEMBL32743,0.110399626,20970,0,0
CHEMBL11183,0.110399626,20971,0,0
CHEMBL14289,0.110399626,20972,0,0
CHEMBL8254,0.110399626,20973,0,0
CHEMBL4436513,0.110399626,20974,0,0
CHEMBL18206,0.110399626,20975,0,0
CHEMBL4434905,0.110399626,20976,0,0
CHEMBL740,0.110399626,20977,0,0
CHEMBL25074,0.110399626,20978,0,0
CHEMBL17649,0.110399626,20979,0,0
CHEMBL10794,0.110399626,20980,0,0
CHEMBL3310169,0.110399626,20981,0,0
CHEMBL22671,0.110399626,20982,0,0
CHEMBL40721,0.110399626,20983,0,0
CHEMBL28654,0.110399626,20984,0,0
CHEMBL33492,0.110399626,20985,0,0
CHEMBL3310093,0.110399626,20986,0,0
CHEMBL35626,0.110399626,20987,0,0
CHEMBL15915,0.110399626,20988,0,0
CHEMBL42272,0.110399626,20989,0,0
CHEMBL20862,0.110399626,20990,0,0
CHEMBL3309586,0.110399626,20991,0,0
CHEMBL40942,0.110338055,20992,0,0
CHEMBL14305,0.11027832,20993,0,0
CHEMBL32686,0.11019745,20994,0,0
CHEMBL38843,0.11019745,20995,0,0
CHEMBL18782,0.11019745,20996,0,0
CHEMBL16005,0.110134624,20997,0,0
CHEMBL26300,0.110117786,20998,0,0
CHEMBL20447,0.110117786,20999,0,0
CHEMBL7237,0.11006068,21000,0,0
CHEMBL41195,0.11003798,21001,0,0
CHEMBL4543537,0.10994749,21002,0,0
CHEMBL6332,0.10994749,21003,0,0
CHEMBL29822,0.10988761,21004,0,0
CHEMBL13353,0.10988761,21005,0,0
CHEMBL29992,0.10988761,21006,0,0
CHEMBL14285,0.109779246,21007,0,0
CHEMBL32234,0.109779246,21008,0,0
CHEMBL22433,0.109779246,21009,0,0
CHEMBL1200735,0.109779246,21010,0,0
CHEMBL39148,0.109779246,21011,0,0
CHEMBL20363,0.109779246,21012,0,0
CHEMBL35732,0.109779246,21013,0,0
CHEMBL3310818,0.109779246,21014,0,0
CHEMBL13282,0.109779246,21015,0,0
CHEMBL71,0.109779246,21016,0,0
CHEMBL26907,0.109777324,21017,0,0
CHEMBL11898,0.109719396,21018,0,0
CHEMBL19760,0.10967541,21019,0,0
CHEMBL4553582,0.10959093,21020,0,0
CHEMBL530151,0.10959093,21021,0,0
CHEMBL19614,0.10959093,21022,0,0
CHEMBL25698,0.10959093,21023,0,0
CHEMBL1076656,0.10959093,21024,0,0
CHEMBL4434725,0.10959093,21025,0,0
CHEMBL3309388,0.10959093,21026,0,0
CHEMBL7347,0.10959093,21027,0,0
CHEMBL4436416,0.10959093,21028,0,0
CHEMBL20897,0.10959093,21029,0,0
CHEMBL9250,0.10959093,21030,0,0
CHEMBL4436435,0.10959093,21031,0,0
CHEMBL28853,0.10959093,21032,0,0
CHEMBL4435542,0.109587796,21033,0,0
CHEMBL39034,0.10953723,21034,0,0
CHEMBL22416,0.109488964,21035,0,0
CHEMBL21476,0.10923263,21036,0,0
CHEMBL37175,0.10910332,21037,0,0
CHEMBL4553539,0.10909252,21038,0,0
CHEMBL4436202,0.109009705,21039,0,0
CHEMBL30111,0.108952455,21040,0,0
CHEMBL38208,0.108842574,21041,0,0
CHEMBL28829,0.108798094,21042,0,0
CHEMBL13527,0.10877699,21043,0,0
CHEMBL23269,0.10877699,21044,0,0
CHEMBL6979,0.10877699,21045,0,0
CHEMBL34085,0.10875118,21046,0,0
CHEMBL13359,0.10871444,21047,0,0
CHEMBL23119,0.10871444,21048,0,0
CHEMBL30243,0.10856216,21049,0,0
CHEMBL17149,0.10854366,21050,0,0
CHEMBL7069,0.10854366,21051,0,0
CHEMBL25711,0.10853495,21052,0,0
CHEMBL16418,0.10839673,21053,0,0
CHEMBL21610,0.10836594,21054,0,0
CHEMBL8823,0.10830279,21055,0,0
CHEMBL37659,0.10820108,21056,0,0
CHEMBL4434856,0.10816682,21057,0,0
CHEMBL10847,0.10816682,21058,0,0
CHEMBL39690,0.10815599,21059,0,0
CHEMBL7207,0.10814689,21060,0,0
CHEMBL3310312,0.10814689,21061,0,0
CHEMBL13473,0.10814689,21062,0,0
CHEMBL7499,0.10814689,21063,0,0
CHEMBL8880,0.10814689,21064,0,0
CHEMBL23097,0.10814689,21065,0,0
CHEMBL1095821,0.10814689,21066,0,0
CHEMBL37981,0.10814689,21067,0,0
CHEMBL15968,0.10814689,21068,0,0
CHEMBL4543316,0.10814689,21069,0,0
CHEMBL12296,0.10814689,21070,0,0
CHEMBL14447,0.1080645,21071,0,0
CHEMBL4436232,0.108039424,21072,0,0
CHEMBL35794,0.10803513,21073,0,0
CHEMBL20223,0.10803513,21074,0,0
CHEMBL40555,0.10803513,21075,0,0
CHEMBL35878,0.10803513,21076,0,0
CHEMBL4543565,0.10803513,21077,0,0
CHEMBL32511,0.10803513,21078,0,0
CHEMBL6278,0.10803513,21079,0,0
CHEMBL13478,0.10800157,21080,0,0
CHEMBL12494,0.1079959,21081,0,0
CHEMBL39074,0.1079959,21082,0,0
CHEMBL26362,0.1079959,21083,0,0
CHEMBL22813,0.1079959,21084,0,0
CHEMBL9819,0.1079959,21085,0,0
CHEMBL3309497,0.1079959,21086,0,0
CHEMBL32178,0.107954614,21087,0,0
CHEMBL31383,0.107954614,21088,0,0
CHEMBL13207,0.107944146,21089,0,0
CHEMBL42587,0.1079204,21090,0,0
CHEMBL30170,0.1079204,21091,0,0
CHEMBL23973,0.1079204,21092,0,0
CHEMBL23508,0.1079204,21093,0,0
CHEMBL13508,0.107892156,21094,0,0
CHEMBL18889,0.107892156,21095,0,0
CHEMBL1083881,0.107892156,21096,0,0
CHEMBL29578,0.107886344,21097,0,0
CHEMBL30010,0.10787969,21098,0,0
CHEMBL27255,0.10787969,21099,0,0
CHEMBL13189,0.10787969,21100,0,0
CHEMBL41937,0.10783734,21101,0,0
CHEMBL6323,0.10781298,21102,0,0
CHEMBL4116147,0.10781298,21103,0,0
CHEMBL38770,0.10781298,21104,0,0
CHEMBL11758,0.10781298,21105,0,0
CHEMBL4435207,0.10781298,21106,0,0
CHEMBL12794,0.10781298,21107,0,0
CHEMBL15752,0.10781298,21108,0,0
CHEMBL24965,0.10781298,21109,0,0
CHEMBL4435863,0.10781298,21110,0,0
CHEMBL22082,0.10779384,21111,0,0
CHEMBL17744,0.10779384,21112,0,0
CHEMBL15028,0.10779384,21113,0,0
CHEMBL16597,0.10779384,21114,0,0
CHEMBL28752,0.10779384,21115,0,0
CHEMBL13228,0.1077901,21116,0,0
CHEMBL22987,0.1077901,21117,0,0
CHEMBL23936,0.10772548,21118,0,0
CHEMBL26651,0.107709534,21119,0,0
CHEMBL37891,0.10770511,21120,0,0
CHEMBL9724,0.107660435,21121,0,0
CHEMBL27509,0.107642934,21122,0,0
CHEMBL7472,0.107598126,21123,0,0
CHEMBL39910,0.10757409,21124,0,0
CHEMBL4435899,0.10757409,21125,0,0
CHEMBL11593,0.10756938,21126,0,0
CHEMBL41082,0.107552916,21127,0,0
CHEMBL32755,0.107459925,21128,0,0
CHEMBL18128,0.107459925,21129,0,0
CHEMBL4435119,0.107459925,21130,0,0
CHEMBL4436451,0.107459925,21131,0,0
CHEMBL27518,0.107459925,21132,0,0
CHEMBL1163482,0.107459925,21133,0,0
CHEMBL18636,0.107459925,21134,0,0
CHEMBL12339,0.107459925,21135,0,0
CHEMBL18097,0.107459925,21136,0,0
CHEMBL12210,0.107459925,21137,0,0
CHEMBL13148,0.107459925,21138,0,0
CHEMBL30221,0.107459925,21139,0,0
CHEMBL4435560,0.107459925,21140,0,0
CHEMBL2111084,0.107459925,21141,0,0
CHEMBL10435,0.10744866,21142,0,0
CHEMBL19241,0.10744866,21143,0,0
CHEMBL7909,0.1074286,21144,0,0
CHEMBL40152,0.1074286,21145,0,0
CHEMBL22210,0.10741521,21146,0,0
CHEMBL36130,0.107412174,21147,0,0
CHEMBL35709,0.107412174,21148,0,0
CHEMBL9908,0.10740028,21149,0,0
CHEMBL10346,0.10740028,21150,0,0
CHEMBL18981,0.10738687,21151,0,0
CHEMBL13349,0.10737128,21152,0,0
CHEMBL36073,0.10734859,21153,0,0
CHEMBL35489,0.10734859,21154,0,0
CHEMBL4115942,0.10734859,21155,0,0
CHEMBL31737,0.10733891,21156,0,0
CHEMBL6968,0.1073036,21157,0,0
CHEMBL14594,0.107262634,21158,0,0
CHEMBL28840,0.10725735,21159,0,0
CHEMBL7933,0.10718346,21160,0,0
CHEMBL4435670,0.10718346,21161,0,0
CHEMBL34048,0.107149564,21162,0,0
CHEMBL21716,0.10710315,21163,0,0
CHEMBL15832,0.10710315,21164,0,0
CHEMBL31546,0.10710315,21165,0,0
CHEMBL8079,0.10701843,21166,0,0
CHEMBL37842,0.10701843,21167,0,0
CHEMBL14960,0.10701843,21168,0,0
CHEMBL28908,0.10701843,21169,0,0
CHEMBL6965,0.10701843,21170,0,0
CHEMBL28035,0.10701843,21171,0,0
CHEMBL25930,0.10701843,21172,0,0
CHEMBL555219,0.10701843,21173,0,0
CHEMBL12418,0.10701843,21174,0,0
CHEMBL39709,0.10701843,21175,0,0
CHEMBL28010,0.10701843,21176,0,0
CHEMBL10707,0.10701843,21177,0,0
CHEMBL17988,0.10701843,21178,0,0
CHEMBL32695,0.10701843,21179,0,0
CHEMBL24183,0.10701843,21180,0,0
CHEMBL38026,0.10701843,21181,0,0
CHEMBL36618,0.10691881,21182,0,0
CHEMBL29917,0.10691881,21183,0,0
CHEMBL30178,0.106916904,21184,0,0
CHEMBL29227,0.106916904,21185,0,0
CHEMBL25225,0.106916904,21186,0,0
CHEMBL18184,0.106916904,21187,0,0
CHEMBL29481,0.106916904,21188,0,0
CHEMBL31025,0.10691381,21189,0,0
CHEMBL20077,0.10679731,21190,0,0
CHEMBL30950,0.10674906,21191,0,0
CHEMBL15519,0.10665397,21192,0,0
CHEMBL11563,0.10665397,21193,0,0
CHEMBL16939,0.10664322,21194,0,0
CHEMBL35396,0.106616355,21195,0,0
CHEMBL35969,0.10657253,21196,0,0
CHEMBL595526,0.10657253,21197,0,0
CHEMBL23364,0.10657253,21198,0,0
CHEMBL9254,0.10657253,21199,0,0
CHEMBL1086527,0.10656228,21200,0,0
CHEMBL29416,0.106508695,21201,0,0
CHEMBL13410,0.106508695,21202,0,0
CHEMBL33055,0.106508695,21203,0,0
CHEMBL4436385,0.10650502,21204,0,0
CHEMBL20901,0.10650502,21205,0,0
CHEMBL23411,0.10647895,21206,0,0
CHEMBL30052,0.10644237,21207,0,0
CHEMBL40682,0.10644237,21208,0,0
CHEMBL1163205,0.1063583,21209,0,0
CHEMBL30947,0.106193975,21210,0,0
CHEMBL23484,0.106193975,21211,0,0
CHEMBL16119,0.106193975,21212,0,0
CHEMBL4543336,0.10615563,21213,0,0
CHEMBL3311012,0.10612833,21214,0,0
CHEMBL17281,0.10610467,21215,0,0
CHEMBL41210,0.10610467,21216,0,0
CHEMBL41950,0.10610467,21217,0,0
CHEMBL37588,0.10610467,21218,0,0
CHEMBL10267,0.10610467,21219,0,0
CHEMBL28941,0.10608037,21220,0,0
CHEMBL31603,0.10608037,21221,0,0
CHEMBL18590,0.10605013,21222,0,0
CHEMBL33502,0.10605013,21223,0,0
CHEMBL42039,0.106042415,21224,0,0
CHEMBL39416,0.10601873,21225,0,0
CHEMBL12747,0.10601113,21226,0,0
CHEMBL7019,0.10595816,21227,0,0
CHEMBL20025,0.10595816,21228,0,0
CHEMBL14035,0.10595816,21229,0,0
CHEMBL32417,0.105942175,21230,0,0
CHEMBL25504,0.105832465,21231,0,0
CHEMBL26548,0.105832465,21232,0,0
CHEMBL32058,0.10582825,21233,0,0
CHEMBL28013,0.1058061,21234,0,0
CHEMBL39340,0.105771765,21235,0,0
CHEMBL8074,0.10576609,21236,0,0
CHEMBL11695,0.10571381,21237,0,0
CHEMBL1171525,0.10571381,21238,0,0
CHEMBL20297,0.10571381,21239,0,0
CHEMBL14565,0.10571381,21240,0,0
CHEMBL20249,0.10571381,21241,0,0
CHEMBL41334,0.10571381,21242,0,0
CHEMBL4543462,0.10571381,21243,0,0
CHEMBL10625,0.10570181,21244,0,0
CHEMBL13336,0.10570181,21245,0,0
CHEMBL39091,0.1056878,21246,0,0
CHEMBL33032,0.1056878,21247,0,0
CHEMBL23073,0.10563895,21248,0,0
CHEMBL17240,0.105634406,21249,0,0
CHEMBL19299,0.10563124,21250,0,0
CHEMBL10444,0.10550993,21251,0,0
CHEMBL34013,0.10544972,21252,0,0
CHEMBL13677,0.10544972,21253,0,0
CHEMBL17757,0.10544972,21254,0,0
CHEMBL12796,0.10544972,21255,0,0
CHEMBL38724,0.10544972,21256,0,0
CHEMBL3309332,0.10539378,21257,0,0
CHEMBL4116123,0.10539378,21258,0,0
CHEMBL7458,0.10539378,21259,0,0
CHEMBL9718,0.10503205,21260,0,0
CHEMBL25190,0.104957245,21261,0,0
CHEMBL3310040,0.104837365,21262,0,0
CHEMBL153717,0.104837365,21263,0,0
CHEMBL4560048,0.104837365,21264,0,0
CHEMBL35475,0.104837365,21265,0,0
CHEMBL12846,0.104837365,21266,0,0
CHEMBL24214,0.1048063,21267,0,0
CHEMBL13464,0.1048063,21268,0,0
CHEMBL42352,0.1048063,21269,0,0
CHEMBL3311047,0.10479316,21270,0,0
CHEMBL20267,0.10479316,21271,0,0
CHEMBL41515,0.104786344,21272,0,0
CHEMBL31475,0.10471833,21273,0,0
CHEMBL30229,0.10471833,21274,0,0
CHEMBL12978,0.10470795,21275,0,0
CHEMBL592411,0.10470606,21276,0,0
CHEMBL42505,0.10470606,21277,0,0
CHEMBL22837,0.10470606,21278,0,0
CHEMBL10836,0.10470606,21279,0,0
CHEMBL23374,0.10470606,21280,0,0
CHEMBL27742,0.10469584,21281,0,0
CHEMBL33526,0.10462088,21282,0,0
CHEMBL33195,0.104586765,21283,0,0
CHEMBL20340,0.104586765,21284,0,0
CHEMBL58,0.104586765,21285,0,0
CHEMBL39018,0.104586765,21286,0,0
CHEMBL13567,0.104586765,21287,0,0
CHEMBL13084,0.104586765,21288,0,0
CHEMBL39607,0.104586765,21289,0,0
CHEMBL41654,0.104586765,21290,0,0
CHEMBL9313,0.104586765,21291,0,0
CHEMBL16415,0.10457198,21292,0,0
CHEMBL4543536,0.10457198,21293,0,0
CHEMBL33951,0.10455196,21294,0,0
CHEMBL11086,0.1045459,21295,0,0
CHEMBL33379,0.1045459,21296,0,0
CHEMBL35883,0.10448029,21297,0,0
CHEMBL8044,0.10441196,21298,0,0
CHEMBL24875,0.104318246,21299,0,0
CHEMBL1163331,0.104291104,21300,0,0
CHEMBL29794,0.10423465,21301,0,0
CHEMBL34578,0.10422698,21302,0,0
CHEMBL11944,0.10422698,21303,0,0
CHEMBL3310856,0.10422698,21304,0,0
CHEMBL37892,0.10419089,21305,0,0
CHEMBL15641,0.10417521,21306,0,0
CHEMBL20965,0.10412823,21307,0,0
CHEMBL43640,0.10402483,21308,0,0
CHEMBL28801,0.10402483,21309,0,0
CHEMBL31733,0.10402483,21310,0,0
CHEMBL39461,0.10400672,21311,0,0
CHEMBL6424,0.10399679,21312,0,0
CHEMBL7418,0.10399436,21313,0,0
CHEMBL4436567,0.10383097,21314,0,0
CHEMBL23576,0.10376272,21315,0,0
CHEMBL31659,0.10361052,21316,0,0
CHEMBL40162,0.10352825,21317,0,0
CHEMBL26156,0.10351192,21318,0,0
CHEMBL3309733,0.103374034,21319,0,0
CHEMBL3310430,0.103374034,21320,0,0
CHEMBL9581,0.103374034,21321,0,0
CHEMBL36089,0.103374034,21322,0,0
CHEMBL20069,0.10336546,21323,0,0
CHEMBL13112,0.10336546,21324,0,0
CHEMBL263879,0.103253014,21325,0,0
CHEMBL33088,0.103253014,21326,0,0
CHEMBL12861,0.103253014,21327,0,0
CHEMBL18122,0.103253014,21328,0,0
CHEMBL15230,0.10322604,21329,0,0
CHEMBL3310005,0.10321459,21330,0,0
CHEMBL4435744,0.10321406,21331,0,0
CHEMBL32725,0.10312567,21332,0,0
CHEMBL4436431,0.10312567,21333,0,0
CHEMBL40996,0.10312567,21334,0,0
CHEMBL20365,0.10312567,21335,0,0
CHEMBL27372,0.10312053,21336,0,0
CHEMBL38015,0.1030566,21337,0,0
CHEMBL574570,0.1030566,21338,0,0
CHEMBL22042,0.10297523,21339,0,0
CHEMBL6831,0.10297523,21340,0,0
CHEMBL23215,0.10294682,21341,0,0
CHEMBL35708,0.10294495,21342,0,0
CHEMBL32268,0.10289662,21343,0,0
CHEMBL35087,0.10289389,21344,0,0
CHEMBL6443,0.102839656,21345,0,0
CHEMBL32155,0.102839656,21346,0,0
CHEMBL16292,0.10283098,21347,0,0
CHEMBL1099016,0.10283098,21348,0,0
CHEMBL11170,0.102798045,21349,0,0
CHEMBL36477,0.10278087,21350,0,0
CHEMBL4435808,0.10278087,21351,0,0
CHEMBL3309513,0.102746576,21352,0,0
CHEMBL11909,0.102746576,21353,0,0
CHEMBL16232,0.102739595,21354,0,0
CHEMBL3311270,0.102739595,21355,0,0
CHEMBL37478,0.102739595,21356,0,0
CHEMBL34402,0.10273607,21357,0,0
CHEMBL7179,0.10272535,21358,0,0
CHEMBL14787,0.102653556,21359,0,0
CHEMBL12493,0.102653556,21360,0,0
CHEMBL14607,0.102587365,21361,0,0
CHEMBL38979,0.102587365,21362,0,0
CHEMBL42623,0.10255299,21363,0,0
CHEMBL23851,0.10249821,21364,0,0
CHEMBL34429,0.102465294,21365,0,0
CHEMBL31969,0.10243821,21366,0,0
CHEMBL27936,0.102435894,21367,0,0
CHEMBL12426,0.1023711,21368,0,0
CHEMBL20317,0.10234296,21369,0,0
CHEMBL27547,0.10230064,21370,0,0
CHEMBL43599,0.10230064,21371,0,0
CHEMBL28421,0.10230064,21372,0,0
CHEMBL3310288,0.10230064,21373,0,0
CHEMBL42630,0.102149196,21374,0,0
CHEMBL26549,0.102149196,21375,0,0
CHEMBL26523,0.102149196,21376,0,0
CHEMBL15393,0.102149196,21377,0,0
CHEMBL42776,0.102149196,21378,0,0
CHEMBL12817,0.102149196,21379,0,0
CHEMBL17698,0.102149196,21380,0,0
CHEMBL6231,0.102149196,21381,0,0
CHEMBL18348,0.102149196,21382,0,0
CHEMBL20394,0.102149196,21383,0,0
CHEMBL35656,0.102149196,21384,0,0
CHEMBL26699,0.102149196,21385,0,0
CHEMBL19366,0.102149196,21386,0,0
CHEMBL11387,0.102149196,21387,0,0
CHEMBL15345,0.102149196,21388,0,0
CHEMBL6273,0.102149196,21389,0,0
CHEMBL14445,0.102149196,21390,0,0
CHEMBL3310230,0.102149196,21391,0,0
CHEMBL34648,0.102149196,21392,0,0
CHEMBL4543299,0.102149196,21393,0,0
CHEMBL35620,0.102149196,21394,0,0
CHEMBL37809,0.102149196,21395,0,0
CHEMBL38400,0.102149196,21396,0,0
CHEMBL10568,0.102149196,21397,0,0
CHEMBL507542,0.102149196,21398,0,0
CHEMBL6452,0.102149196,21399,0,0
CHEMBL25371,0.102149196,21400,0,0
CHEMBL37683,0.102149196,21401,0,0
CHEMBL40133,0.102149196,21402,0,0
CHEMBL13660,0.102149196,21403,0,0
CHEMBL27345,0.102149196,21404,0,0
CHEMBL27313,0.102149196,21405,0,0
CHEMBL17574,0.102149196,21406,0,0
CHEMBL38329,0.102149196,21407,0,0
CHEMBL23010,0.102149196,21408,0,0
CHEMBL9114,0.102149196,21409,0,0
CHEMBL13028,0.102149196,21410,0,0
CHEMBL28852,0.102149196,21411,0,0
CHEMBL17596,0.102149196,21412,0,0
CHEMBL18166,0.102149196,21413,0,0
CHEMBL31199,0.102149196,21414,0,0
CHEMBL13082,0.102149196,21415,0,0
CHEMBL31270,0.102149196,21416,0,0
CHEMBL8995,0.102149196,21417,0,0
CHEMBL35515,0.102149196,21418,0,0
CHEMBL39927,0.102149196,21419,0,0
CHEMBL12540,0.102149196,21420,0,0
CHEMBL13545,0.102149196,21421,0,0
CHEMBL40495,0.102149196,21422,0,0
CHEMBL17527,0.102149196,21423,0,0
CHEMBL37601,0.102149196,21424,0,0
CHEMBL1201190,0.102149196,21425,0,0
CHEMBL33924,0.102149196,21426,0,0
CHEMBL15815,0.102149196,21427,0,0
CHEMBL38454,0.102149196,21428,0,0
CHEMBL17010,0.102149196,21429,0,0
CHEMBL531,0.102149196,21430,0,0
CHEMBL4436002,0.102149196,21431,0,0
CHEMBL13570,0.102149196,21432,0,0
CHEMBL41691,0.102149196,21433,0,0
CHEMBL41672,0.102149196,21434,0,0
CHEMBL17132,0.102149196,21435,0,0
CHEMBL37643,0.102149196,21436,0,0
CHEMBL22933,0.102149196,21437,0,0
CHEMBL8563,0.102149196,21438,0,0
CHEMBL27427,0.102149196,21439,0,0
CHEMBL38892,0.102149196,21440,0,0
CHEMBL22799,0.102149196,21441,0,0
CHEMBL33251,0.102149196,21442,0,0
CHEMBL12465,0.102149196,21443,0,0
CHEMBL32702,0.102149196,21444,0,0
CHEMBL17101,0.102149196,21445,0,0
CHEMBL17328,0.102149196,21446,0,0
CHEMBL27827,0.102149196,21447,0,0
CHEMBL3310650,0.102149196,21448,0,0
CHEMBL15260,0.102149196,21449,0,0
CHEMBL32285,0.102149196,21450,0,0
CHEMBL34024,0.102149196,21451,0,0
CHEMBL38586,0.102149196,21452,0,0
CHEMBL9607,0.102149196,21453,0,0
CHEMBL7416,0.102149196,21454,0,0
CHEMBL37387,0.102149196,21455,0,0
CHEMBL15516,0.102149196,21456,0,0
CHEMBL22057,0.102149196,21457,0,0
CHEMBL13387,0.102149196,21458,0,0
CHEMBL41004,0.102149196,21459,0,0
CHEMBL16086,0.102149196,21460,0,0
CHEMBL35081,0.102149196,21461,0,0
CHEMBL12317,0.102149196,21462,0,0
CHEMBL19806,0.102149196,21463,0,0
CHEMBL20758,0.102149196,21464,0,0
CHEMBL27944,0.102149196,21465,0,0
CHEMBL19889,0.102149196,21466,0,0
CHEMBL24666,0.102149196,21467,0,0
CHEMBL22651,0.102149196,21468,0,0
CHEMBL737,0.102149196,21469,0,0
CHEMBL13269,0.102149196,21470,0,0
CHEMBL22737,0.102149196,21471,0,0
CHEMBL10859,0.102149196,21472,0,0
CHEMBL22077,0.102149196,21473,0,0
CHEMBL16001,0.102149196,21474,0,0
CHEMBL41295,0.102149196,21475,0,0
CHEMBL36368,0.102149196,21476,0,0
CHEMBL42426,0.102149196,21477,0,0
CHEMBL11536,0.102149196,21478,0,0
CHEMBL38608,0.102149196,21479,0,0
CHEMBL3310223,0.102149196,21480,0,0
CHEMBL36936,0.102149196,21481,0,0
CHEMBL19309,0.102149196,21482,0,0
CHEMBL29189,0.102149196,21483,0,0
CHEMBL20314,0.10213715,21484,0,0
CHEMBL34324,0.10213715,21485,0,0
CHEMBL42796,0.1021063,21486,0,0
CHEMBL501650,0.102084056,21487,0,0
CHEMBL22358,0.102084056,21488,0,0
CHEMBL16220,0.102084056,21489,0,0
CHEMBL10083,0.10205984,21490,0,0
CHEMBL36971,0.101950385,21491,0,0
CHEMBL13871,0.101950385,21492,0,0
CHEMBL4435235,0.10194466,21493,0,0
CHEMBL39623,0.10194466,21494,0,0
CHEMBL27143,0.10194466,21495,0,0
CHEMBL11268,0.10194466,21496,0,0
CHEMBL26974,0.10194466,21497,0,0
CHEMBL15104,0.10194466,21498,0,0
CHEMBL18182,0.10194466,21499,0,0
CHEMBL37955,0.10194466,21500,0,0
CHEMBL7615,0.10194466,21501,0,0
CHEMBL4435954,0.10194466,21502,0,0
CHEMBL27449,0.10194466,21503,0,0
CHEMBL23327,0.10194466,21504,0,0
CHEMBL35472,0.10194466,21505,0,0
CHEMBL31116,0.10186768,21506,0,0
CHEMBL28131,0.10186768,21507,0,0
CHEMBL22489,0.10186768,21508,0,0
CHEMBL2113922,0.10186768,21509,0,0
CHEMBL34205,0.10182982,21510,0,0
CHEMBL489,0.10182982,21511,0,0
CHEMBL19799,0.10182982,21512,0,0
CHEMBL4435020,0.10182982,21513,0,0
CHEMBL30034,0.10182982,21514,0,0
CHEMBL28309,0.10182982,21515,0,0
CHEMBL13334,0.10182982,21516,0,0
CHEMBL16556,0.10182982,21517,0,0
CHEMBL24575,0.10182982,21518,0,0
CHEMBL36305,0.10182982,21519,0,0
CHEMBL18859,0.10182982,21520,0,0
CHEMBL1163169,0.10182982,21521,0,0
CHEMBL32857,0.10182982,21522,0,0
CHEMBL33374,0.10182982,21523,0,0
CHEMBL39858,0.10182982,21524,0,0
CHEMBL22095,0.10182982,21525,0,0
CHEMBL39650,0.10182982,21526,0,0
CHEMBL10177,0.10182982,21527,0,0
CHEMBL16250,0.10182982,21528,0,0
CHEMBL40228,0.10182982,21529,0,0
CHEMBL27450,0.10182982,21530,0,0
CHEMBL20101,0.10182982,21531,0,0
CHEMBL24914,0.10182982,21532,0,0
CHEMBL15556,0.10182982,21533,0,0
CHEMBL6455,0.10182982,21534,0,0
CHEMBL41429,0.10182982,21535,0,0
CHEMBL25609,0.10182982,21536,0,0
CHEMBL31356,0.10182982,21537,0,0
CHEMBL33709,0.10182982,21538,0,0
CHEMBL25344,0.10182982,21539,0,0
CHEMBL6367,0.10182982,21540,0,0
CHEMBL4435556,0.10182982,21541,0,0
CHEMBL30322,0.10182982,21542,0,0
CHEMBL14402,0.10182982,21543,0,0
CHEMBL24988,0.10182982,21544,0,0
CHEMBL4434692,0.10182982,21545,0,0
CHEMBL38992,0.10182982,21546,0,0
CHEMBL13736,0.10182982,21547,0,0
CHEMBL23898,0.10182982,21548,0,0
CHEMBL13465,0.10182982,21549,0,0
CHEMBL35180,0.10182982,21550,0,0
CHEMBL42864,0.10182982,21551,0,0
CHEMBL19379,0.10182982,21552,0,0
CHEMBL4435274,0.10182982,21553,0,0
CHEMBL29872,0.10182982,21554,0,0
CHEMBL40950,0.10182982,21555,0,0
CHEMBL37185,0.10182982,21556,0,0
CHEMBL9980,0.10182982,21557,0,0
CHEMBL6577,0.10182982,21558,0,0
CHEMBL34220,0.10182982,21559,0,0
CHEMBL635,0.10182982,21560,0,0
CHEMBL4559924,0.10182982,21561,0,0
CHEMBL9887,0.10182982,21562,0,0
CHEMBL29268,0.10182982,21563,0,0
CHEMBL37967,0.10182982,21564,0,0
CHEMBL18293,0.10182982,21565,0,0
CHEMBL35682,0.10182982,21566,0,0
CHEMBL7581,0.10182982,21567,0,0
CHEMBL6456,0.10182982,21568,0,0
CHEMBL12515,0.10182982,21569,0,0
CHEMBL40652,0.10182982,21570,0,0
CHEMBL786,0.10182982,21571,0,0
CHEMBL19605,0.10182982,21572,0,0
CHEMBL15806,0.10182982,21573,0,0
CHEMBL9947,0.10182982,21574,0,0
CHEMBL14603,0.10182982,21575,0,0
CHEMBL11066,0.10182982,21576,0,0
CHEMBL15592,0.10182982,21577,0,0
CHEMBL36935,0.10182982,21578,0,0
CHEMBL35193,0.10182428,21579,0,0
CHEMBL36377,0.10181835,21580,0,0
CHEMBL14307,0.10181835,21581,0,0
CHEMBL23367,0.10181835,21582,0,0
CHEMBL3310277,0.101762846,21583,0,0
CHEMBL29965,0.101762846,21584,0,0
CHEMBL36254,0.10171296,21585,0,0
CHEMBL7629,0.101699606,21586,0,0
CHEMBL40634,0.10167239,21587,0,0
CHEMBL8582,0.10167059,21588,0,0
CHEMBL18835,0.10167059,21589,0,0
CHEMBL25523,0.10159806,21590,0,0
CHEMBL41792,0.10159053,21591,0,0
CHEMBL26187,0.10159053,21592,0,0
CHEMBL21484,0.10159053,21593,0,0
CHEMBL9299,0.10159053,21594,0,0
CHEMBL17367,0.10153547,21595,0,0
CHEMBL32322,0.101445585,21596,0,0
CHEMBL20197,0.101362325,21597,0,0
CHEMBL23048,0.10126897,21598,0,0
CHEMBL6433,0.10125316,21599,0,0
CHEMBL38927,0.10110841,21600,0,0
CHEMBL22392,0.101005115,21601,0,0
CHEMBL29631,0.10097223,21602,0,0
CHEMBL28342,0.10095765,21603,0,0
CHEMBL6533,0.10093906,21604,0,0
CHEMBL12807,0.10093906,21605,0,0
CHEMBL21960,0.10092069,21606,0,0
CHEMBL32369,0.10092069,21607,0,0
CHEMBL41289,0.10091745,21608,0,0
CHEMBL30758,0.100869864,21609,0,0
CHEMBL21780,0.100869864,21610,0,0
CHEMBL11216,0.100869864,21611,0,0
CHEMBL4436105,0.100869864,21612,0,0
CHEMBL4436196,0.100869864,21613,0,0
CHEMBL35972,0.100869864,21614,0,0
CHEMBL4543529,0.100869864,21615,0,0
CHEMBL34123,0.100869864,21616,0,0
CHEMBL21142,0.100869864,21617,0,0
CHEMBL23245,0.100869864,21618,0,0
CHEMBL18937,0.100869864,21619,0,0
CHEMBL32359,0.100869864,21620,0,0
CHEMBL41206,0.100869864,21621,0,0
CHEMBL39061,0.100869864,21622,0,0
CHEMBL7653,0.100869864,21623,0,0
CHEMBL42351,0.100869864,21624,0,0
CHEMBL42355,0.100869864,21625,0,0
CHEMBL6618,0.100869864,21626,0,0
CHEMBL37351,0.100869864,21627,0,0
CHEMBL1096640,0.100869864,21628,0,0
CHEMBL10168,0.100869864,21629,0,0
CHEMBL17276,0.100869864,21630,0,0
CHEMBL27383,0.100869864,21631,0,0
CHEMBL7532,0.100869864,21632,0,0
CHEMBL4436155,0.100869864,21633,0,0
CHEMBL25772,0.100869864,21634,0,0
CHEMBL37697,0.100869864,21635,0,0
CHEMBL4435613,0.100869864,21636,0,0
CHEMBL21592,0.100869864,21637,0,0
CHEMBL37470,0.100869864,21638,0,0
CHEMBL24009,0.100869864,21639,0,0
CHEMBL4436407,0.100869864,21640,0,0
CHEMBL43568,0.100869864,21641,0,0
CHEMBL41564,0.100869864,21642,0,0
CHEMBL40598,0.100869864,21643,0,0
CHEMBL36250,0.100869864,21644,0,0
CHEMBL4435952,0.100869864,21645,0,0
CHEMBL32490,0.100869864,21646,0,0
CHEMBL20115,0.100869864,21647,0,0
CHEMBL4434650,0.1008027,21648,0,0
CHEMBL25715,0.10076807,21649,0,0
CHEMBL4435921,0.10064734,21650,0,0
CHEMBL11428,0.10064734,21651,0,0
CHEMBL18442,0.10064734,21652,0,0
CHEMBL21074,0.10064734,21653,0,0
CHEMBL37787,0.10064734,21654,0,0
CHEMBL38292,0.10063782,21655,0,0
CHEMBL24352,0.100631885,21656,0,0
CHEMBL6421,0.1005954,21657,0,0
CHEMBL27599,0.100594305,21658,0,0
CHEMBL19577,0.10058786,21659,0,0
CHEMBL24355,0.10058723,21660,0,0
CHEMBL13746,0.10055585,21661,0,0
CHEMBL3311525,0.10055585,21662,0,0
CHEMBL28809,0.10055576,21663,0,0
CHEMBL15417,0.100541145,21664,0,0
CHEMBL38635,0.100541145,21665,0,0
CHEMBL8602,0.100541145,21666,0,0
CHEMBL13730,0.100541145,21667,0,0
CHEMBL30827,0.100523815,21668,0,0
CHEMBL38811,0.10045373,21669,0,0
CHEMBL4435726,0.10045373,21670,0,0
CHEMBL17906,0.10045373,21671,0,0
CHEMBL28971,0.10045373,21672,0,0
CHEMBL8277,0.10045373,21673,0,0
CHEMBL10547,0.10045373,21674,0,0
CHEMBL37890,0.10045373,21675,0,0
CHEMBL37229,0.10045373,21676,0,0
CHEMBL6204,0.10045373,21677,0,0
CHEMBL6399,0.100404926,21678,0,0
CHEMBL18219,0.10040437,21679,0,0
CHEMBL40231,0.10028192,21680,0,0
CHEMBL32331,0.10028192,21681,0,0
CHEMBL18565,0.10028192,21682,0,0
CHEMBL32076,0.10024688,21683,0,0
CHEMBL15321,0.10023045,21684,0,0
CHEMBL26380,0.100181304,21685,0,0
CHEMBL38735,0.10013619,21686,0,0
CHEMBL17266,0.10013619,21687,0,0
CHEMBL14988,0.100044936,21688,0,0
CHEMBL12977,0.10000388,21689,0,0
CHEMBL18761,0.09981362,21690,0,0
CHEMBL516,0.09981362,21691,0,0
CHEMBL3310196,0.09979933,21692,0,0
CHEMBL27609,0.09979933,21693,0,0
CHEMBL17889,0.09973639,21694,0,0
CHEMBL23359,0.09963715,21695,0,0
CHEMBL31719,0.09960767,21696,0,0
CHEMBL12682,0.09960752,21697,0,0
CHEMBL12001,0.09960752,21698,0,0
CHEMBL33147,0.09946325,21699,0,0
CHEMBL3310015,0.09946325,21700,0,0
CHEMBL19130,0.09944824,21701,0,0
CHEMBL30077,0.09938168,21702,0,0
CHEMBL39634,0.09938168,21703,0,0
CHEMBL14504,0.09938168,21704,0,0
CHEMBL36888,0.09932169,21705,0,0
CHEMBL29695,0.09926473,21706,0,0
CHEMBL39286,0.09926473,21707,0,0
CHEMBL34212,0.09926473,21708,0,0
CHEMBL8111,0.09926473,21709,0,0
CHEMBL18949,0.09926473,21710,0,0
CHEMBL8315,0.099253595,21711,0,0
CHEMBL22347,0.099253595,21712,0,0
CHEMBL23126,0.099253595,21713,0,0
CHEMBL9379,0.09908179,21714,0,0
CHEMBL7935,0.09904522,21715,0,0
CHEMBL4436551,0.09903383,21716,0,0
CHEMBL34418,0.09902958,21717,0,0
CHEMBL3310102,0.09902626,21718,0,0
CHEMBL35683,0.09902626,21719,0,0
CHEMBL12262,0.098863885,21720,0,0
CHEMBL39705,0.09885515,21721,0,0
CHEMBL34966,0.09881434,21722,0,0
CHEMBL569907,0.09880899,21723,0,0
CHEMBL38657,0.09880899,21724,0,0
CHEMBL6389,0.09880899,21725,0,0
CHEMBL30378,0.09880899,21726,0,0
CHEMBL22731,0.09880591,21727,0,0
CHEMBL30590,0.09880591,21728,0,0
CHEMBL6973,0.09880591,21729,0,0
CHEMBL27984,0.09880591,21730,0,0
CHEMBL40394,0.09880591,21731,0,0
CHEMBL4435587,0.09880591,21732,0,0
CHEMBL11673,0.09879623,21733,0,0
CHEMBL33077,0.09875952,21734,0,0
CHEMBL18408,0.098718375,21735,0,0
CHEMBL35914,0.098718375,21736,0,0
CHEMBL41503,0.09868451,21737,0,0
CHEMBL33774,0.09866512,21738,0,0
CHEMBL4435146,0.09865993,21739,0,0
CHEMBL10924,0.098634616,21740,0,0
CHEMBL16944,0.098634616,21741,0,0
CHEMBL10589,0.098634616,21742,0,0
CHEMBL572530,0.098566,21743,0,0
CHEMBL36056,0.098566,21744,0,0
CHEMBL17202,0.09851736,21745,0,0
CHEMBL11279,0.098487906,21746,0,0
CHEMBL1215684,0.098443486,21747,0,0
CHEMBL28112,0.098443486,21748,0,0
CHEMBL3309515,0.09841987,21749,0,0
CHEMBL22559,0.0983969,21750,0,0
CHEMBL22105,0.09839389,21751,0,0
CHEMBL17475,0.098376535,21752,0,0
CHEMBL4436376,0.09835606,21753,0,0
CHEMBL9580,0.09835606,21754,0,0
CHEMBL38163,0.09835606,21755,0,0
CHEMBL28586,0.09834363,21756,0,0
CHEMBL12414,0.09834363,21757,0,0
CHEMBL30727,0.0982392,21758,0,0
CHEMBL14697,0.09818137,21759,0,0
CHEMBL32394,0.09815198,21760,0,0
CHEMBL20033,0.0981364,21761,0,0
CHEMBL8255,0.09782868,21762,0,0
CHEMBL436,0.09782868,21763,0,0
CHEMBL40146,0.09782868,21764,0,0
CHEMBL17285,0.0977404,21765,0,0
CHEMBL13790,0.0977404,21766,0,0
CHEMBL32498,0.0977404,21767,0,0
CHEMBL41803,0.097708926,21768,0,0
CHEMBL11991,0.097708926,21769,0,0
CHEMBL15769,0.097708926,21770,0,0
CHEMBL4553644,0.097708926,21771,0,0
CHEMBL12973,0.097708926,21772,0,0
CHEMBL28246,0.097708926,21773,0,0
CHEMBL22201,0.097708926,21774,0,0
CHEMBL12014,0.097708926,21775,0,0
CHEMBL10153,0.097708926,21776,0,0
CHEMBL7172,0.097708926,21777,0,0
CHEMBL17584,0.097708926,21778,0,0
CHEMBL31548,0.097708926,21779,0,0
CHEMBL15958,0.097708926,21780,0,0
CHEMBL19191,0.097708926,21781,0,0
CHEMBL30027,0.097708926,21782,0,0
CHEMBL21856,0.097708926,21783,0,0
CHEMBL604009,0.097708926,21784,0,0
CHEMBL27570,0.097708926,21785,0,0
CHEMBL39234,0.097708926,21786,0,0
CHEMBL20184,0.097708926,21787,0,0
CHEMBL41812,0.097694695,21788,0,0
CHEMBL30993,0.097674966,21789,0,0
CHEMBL14112,0.097674966,21790,0,0
CHEMBL39497,0.097674966,21791,0,0
CHEMBL19273,0.097674966,21792,0,0
CHEMBL3311319,0.097674966,21793,0,0
CHEMBL25656,0.09765685,21794,0,0
CHEMBL4435548,0.09763478,21795,0,0
CHEMBL10613,0.09761461,21796,0,0
CHEMBL8601,0.09761461,21797,0,0
CHEMBL27203,0.09761461,21798,0,0
CHEMBL25987,0.09761461,21799,0,0
CHEMBL32707,0.09761461,21800,0,0
CHEMBL6530,0.09761461,21801,0,0
CHEMBL21343,0.09761461,21802,0,0
CHEMBL31692,0.09761461,21803,0,0
CHEMBL6512,0.09761461,21804,0,0
CHEMBL16776,0.09761461,21805,0,0
CHEMBL1184883,0.09761461,21806,0,0
CHEMBL21172,0.09761461,21807,0,0
CHEMBL33501,0.09761461,21808,0,0
CHEMBL528112,0.09761461,21809,0,0
CHEMBL17026,0.09761461,21810,0,0
CHEMBL32776,0.09761461,21811,0,0
CHEMBL4543408,0.09761461,21812,0,0
CHEMBL20994,0.09761461,21813,0,0
CHEMBL26865,0.09761461,21814,0,0
CHEMBL10217,0.09761461,21815,0,0
CHEMBL23690,0.09761461,21816,0,0
CHEMBL19503,0.09761461,21817,0,0
CHEMBL1171705,0.0976118,21818,0,0
CHEMBL24057,0.09758372,21819,0,0
CHEMBL10464,0.09749153,21820,0,0
CHEMBL16282,0.097440034,21821,0,0
CHEMBL27132,0.09743097,21822,0,0
CHEMBL38718,0.09743097,21823,0,0
CHEMBL3309687,0.09743097,21824,0,0
CHEMBL18200,0.09743097,21825,0,0
CHEMBL4435301,0.09743097,21826,0,0
CHEMBL23170,0.09743097,21827,0,0
CHEMBL41960,0.09743097,21828,0,0
CHEMBL266960,0.09743097,21829,0,0
CHEMBL7794,0.09743097,21830,0,0
CHEMBL4435935,0.09743097,21831,0,0
CHEMBL17594,0.09743097,21832,0,0
CHEMBL14392,0.09741329,21833,0,0
CHEMBL29613,0.09740685,21834,0,0
CHEMBL8362,0.09740193,21835,0,0
CHEMBL31549,0.09740193,21836,0,0
CHEMBL37821,0.09740193,21837,0,0
CHEMBL8229,0.09740193,21838,0,0
CHEMBL38125,0.09740193,21839,0,0
CHEMBL1088996,0.09740193,21840,0,0
CHEMBL4436178,0.09740193,21841,0,0
CHEMBL6586,0.09740193,21842,0,0
CHEMBL10361,0.09740193,21843,0,0
CHEMBL40980,0.09740193,21844,0,0
CHEMBL20741,0.09740193,21845,0,0
CHEMBL29618,0.09740193,21846,0,0
CHEMBL19412,0.09740193,21847,0,0
CHEMBL42319,0.09727006,21848,0,0
CHEMBL34728,0.09727006,21849,0,0
CHEMBL582140,0.09727006,21850,0,0
CHEMBL10938,0.09727006,21851,0,0
CHEMBL38472,0.09727006,21852,0,0
CHEMBL16501,0.09725172,21853,0,0
CHEMBL30932,0.09725172,21854,0,0
CHEMBL31712,0.09724362,21855,0,0
CHEMBL43822,0.097239085,21856,0,0
CHEMBL37492,0.09717422,21857,0,0
CHEMBL23280,0.09716098,21858,0,0
CHEMBL23421,0.09716098,21859,0,0
CHEMBL14018,0.09716098,21860,0,0
CHEMBL17753,0.09714864,21861,0,0
CHEMBL4436509,0.09714864,21862,0,0
CHEMBL18351,0.09714864,21863,0,0
CHEMBL35103,0.097123295,21864,0,0
CHEMBL35476,0.097123295,21865,0,0
CHEMBL24348,0.097123295,21866,0,0
CHEMBL22360,0.097123295,21867,0,0
CHEMBL42025,0.097123295,21868,0,0
CHEMBL11674,0.097111925,21869,0,0
CHEMBL41175,0.09706733,21870,0,0
CHEMBL1163495,0.09697319,21871,0,0
CHEMBL18186,0.09697319,21872,0,0
CHEMBL17592,0.09697319,21873,0,0
CHEMBL22255,0.09697319,21874,0,0
CHEMBL3309421,0.0969603,21875,0,0
CHEMBL29466,0.09695645,21876,0,0
CHEMBL18328,0.09693486,21877,0,0
CHEMBL20372,0.09693486,21878,0,0
CHEMBL39954,0.09693486,21879,0,0
CHEMBL22776,0.09693486,21880,0,0
CHEMBL15766,0.09693486,21881,0,0
CHEMBL3309622,0.09686826,21882,0,0
CHEMBL32112,0.09686826,21883,0,0
CHEMBL4435754,0.096834145,21884,0,0
CHEMBL10870,0.096834145,21885,0,0
CHEMBL20978,0.09681229,21886,0,0
CHEMBL34326,0.09681229,21887,0,0
CHEMBL13645,0.09681229,21888,0,0
CHEMBL24432,0.09681229,21889,0,0
CHEMBL17683,0.09681229,21890,0,0
CHEMBL6532,0.09681229,21891,0,0
CHEMBL8586,0.09681229,21892,0,0
CHEMBL35928,0.09681229,21893,0,0
CHEMBL14134,0.09681229,21894,0,0
CHEMBL14124,0.09681229,21895,0,0
CHEMBL9849,0.09681229,21896,0,0
CHEMBL18346,0.09681229,21897,0,0
CHEMBL16575,0.09681229,21898,0,0
CHEMBL33644,0.09681229,21899,0,0
CHEMBL41550,0.09681229,21900,0,0
CHEMBL31502,0.09681229,21901,0,0
CHEMBL1183461,0.09681229,21902,0,0
CHEMBL3310155,0.09680712,21903,0,0
CHEMBL12828,0.09678127,21904,0,0
CHEMBL24335,0.09677536,21905,0,0
CHEMBL822,0.09677536,21906,0,0
CHEMBL23213,0.0967437,21907,0,0
CHEMBL11967,0.096708834,21908,0,0
CHEMBL32168,0.096708834,21909,0,0
CHEMBL27233,0.09669706,21910,0,0
CHEMBL20081,0.09669706,21911,0,0
CHEMBL12314,0.09669706,21912,0,0
CHEMBL38058,0.09669706,21913,0,0
CHEMBL30104,0.09669706,21914,0,0
CHEMBL37933,0.09669634,21915,0,0
CHEMBL11392,0.09665624,21916,0,0
CHEMBL30095,0.09665174,21917,0,0
CHEMBL40335,0.09658686,21918,0,0
CHEMBL33721,0.09658686,21919,0,0
CHEMBL40613,0.09658686,21920,0,0
CHEMBL34945,0.09658686,21921,0,0
CHEMBL19288,0.09653245,21922,0,0
CHEMBL12073,0.096529596,21923,0,0
CHEMBL31428,0.096529596,21924,0,0
CHEMBL4543259,0.096529596,21925,0,0
CHEMBL23184,0.096529596,21926,0,0
CHEMBL34543,0.096529596,21927,0,0
CHEMBL29231,0.09650781,21928,0,0
CHEMBL41737,0.09650781,21929,0,0
CHEMBL35078,0.09650781,21930,0,0
CHEMBL1163465,0.09650781,21931,0,0
CHEMBL29678,0.09650781,21932,0,0
CHEMBL35560,0.09650781,21933,0,0
CHEMBL37128,0.09650781,21934,0,0
CHEMBL15579,0.09650781,21935,0,0
CHEMBL1163157,0.09650781,21936,0,0
CHEMBL4434981,0.09650233,21937,0,0
CHEMBL17742,0.0964954,21938,0,0
CHEMBL574347,0.096378595,21939,0,0
CHEMBL584146,0.09637334,21940,0,0
CHEMBL20195,0.09637334,21941,0,0
CHEMBL12087,0.0963692,21942,0,0
CHEMBL24449,0.096359685,21943,0,0
CHEMBL9233,0.096359685,21944,0,0
CHEMBL32616,0.096359685,21945,0,0
CHEMBL6883,0.09627954,21946,0,0
CHEMBL24998,0.096276015,21947,0,0
CHEMBL24406,0.096276015,21948,0,0
CHEMBL35595,0.096175365,21949,0,0
CHEMBL6471,0.09614163,21950,0,0
CHEMBL3309343,0.09613595,21951,0,0
CHEMBL23360,0.09609293,21952,0,0
CHEMBL43425,0.09609293,21953,0,0
CHEMBL40320,0.09595707,21954,0,0
CHEMBL39182,0.09588471,21955,0,0
CHEMBL35959,0.09588226,21956,0,0
CHEMBL36301,0.09580656,21957,0,0
CHEMBL39417,0.09580656,21958,0,0
CHEMBL10695,0.09580656,21959,0,0
CHEMBL7588,0.095754385,21960,0,0
CHEMBL32221,0.09575044,21961,0,0
CHEMBL16444,0.09573106,21962,0,0
CHEMBL33738,0.09572645,21963,0,0
CHEMBL12681,0.09572645,21964,0,0
CHEMBL20409,0.09572645,21965,0,0
CHEMBL9147,0.09572645,21966,0,0
CHEMBL39230,0.09572645,21967,0,0
CHEMBL37573,0.0956387,21968,0,0
CHEMBL35989,0.09563794,21969,0,0
CHEMBL4435888,0.09563256,21970,0,0
CHEMBL25580,0.09563256,21971,0,0
CHEMBL2070335,0.09561864,21972,0,0
CHEMBL16288,0.09561864,21973,0,0
CHEMBL39324,0.09560163,21974,0,0
CHEMBL22019,0.09551424,21975,0,0
CHEMBL19869,0.09551424,21976,0,0
CHEMBL18112,0.09551424,21977,0,0
CHEMBL27487,0.09551424,21978,0,0
CHEMBL4436236,0.09550967,21979,0,0
CHEMBL13251,0.09550967,21980,0,0
CHEMBL36573,0.09549276,21981,0,0
CHEMBL25342,0.09542517,21982,0,0
CHEMBL24198,0.09542517,21983,0,0
CHEMBL9994,0.09542517,21984,0,0
CHEMBL22473,0.09542517,21985,0,0
CHEMBL21298,0.09542517,21986,0,0
CHEMBL24927,0.09542517,21987,0,0
CHEMBL30250,0.09536485,21988,0,0
CHEMBL30743,0.0953399,21989,0,0
CHEMBL23100,0.09532954,21990,0,0
CHEMBL40138,0.09532954,21991,0,0
CHEMBL4436563,0.09526392,21992,0,0
CHEMBL14357,0.09523173,21993,0,0
CHEMBL27597,0.09523173,21994,0,0
CHEMBL11019,0.09523173,21995,0,0
CHEMBL7054,0.09523173,21996,0,0
CHEMBL22829,0.09523173,21997,0,0
CHEMBL22812,0.09523173,21998,0,0
CHEMBL29263,0.09523173,21999,0,0
CHEMBL7712,0.09523173,22000,0,0
CHEMBL29993,0.09523173,22001,0,0
CHEMBL15770,0.09523173,22002,0,0
CHEMBL31954,0.095223926,22003,0,0
CHEMBL33561,0.095223926,22004,0,0
CHEMBL716,0.095223926,22005,0,0
CHEMBL7033,0.09514564,22006,0,0
CHEMBL7880,0.09514564,22007,0,0
CHEMBL26919,0.09514564,22008,0,0
CHEMBL8196,0.095059,22009,0,0
CHEMBL39467,0.095059,22010,0,0
CHEMBL36560,0.095059,22011,0,0
CHEMBL3309585,0.095059,22012,0,0
CHEMBL38744,0.095059,22013,0,0
CHEMBL28447,0.095059,22014,0,0
CHEMBL22645,0.095059,22015,0,0
CHEMBL12733,0.09497505,22016,0,0
CHEMBL9618,0.09496257,22017,0,0
CHEMBL36080,0.0948998,22018,0,0
CHEMBL6814,0.0948998,22019,0,0
CHEMBL13242,0.09489431,22020,0,0
CHEMBL35498,0.09485243,22021,0,0
CHEMBL40936,0.094726086,22022,0,0
CHEMBL19422,0.09472563,22023,0,0
CHEMBL39780,0.09472563,22024,0,0
CHEMBL39090,0.09460769,22025,0,0
CHEMBL564260,0.09460071,22026,0,0
CHEMBL16271,0.09460071,22027,0,0
CHEMBL11082,0.09456471,22028,0,0
CHEMBL1165401,0.09456471,22029,0,0
CHEMBL22253,0.094296366,22030,0,0
CHEMBL35263,0.09426076,22031,0,0
CHEMBL4436028,0.09423509,22032,0,0
CHEMBL29264,0.09423096,22033,0,0
CHEMBL15715,0.09423096,22034,0,0
CHEMBL42877,0.09423096,22035,0,0
CHEMBL20454,0.09423096,22036,0,0
CHEMBL11339,0.09423096,22037,0,0
CHEMBL24798,0.09423096,22038,0,0
CHEMBL40552,0.09415208,22039,0,0
CHEMBL18707,0.094113246,22040,0,0
CHEMBL27352,0.094113246,22041,0,0
CHEMBL8570,0.09406183,22042,0,0
CHEMBL111,0.09404749,22043,0,0
CHEMBL33452,0.09396452,22044,0,0
CHEMBL30204,0.09396452,22045,0,0
CHEMBL35660,0.09396452,22046,0,0
CHEMBL15767,0.09393375,22047,0,0
CHEMBL10401,0.09393375,22048,0,0
CHEMBL8616,0.09391399,22049,0,0
CHEMBL20822,0.09391399,22050,0,0
CHEMBL13364,0.09391399,22051,0,0
CHEMBL25302,0.093900256,22052,0,0
CHEMBL15684,0.093865775,22053,0,0
CHEMBL15639,0.09384907,22054,0,0
CHEMBL27436,0.093812644,22055,0,0
CHEMBL34804,0.093812644,22056,0,0
CHEMBL260023,0.09381008,22057,0,0
CHEMBL41518,0.09378587,22058,0,0
CHEMBL18144,0.09378587,22059,0,0
CHEMBL32733,0.09377049,22060,0,0
CHEMBL3309726,0.09372562,22061,0,0
CHEMBL35343,0.093720704,22062,0,0
CHEMBL3310083,0.093720704,22063,0,0
CHEMBL27895,0.0937177,22064,0,0
CHEMBL9393,0.09357217,22065,0,0
CHEMBL10787,0.09357217,22066,0,0
CHEMBL14459,0.09357217,22067,0,0
CHEMBL16031,0.09357217,22068,0,0
CHEMBL4435035,0.09350428,22069,0,0
CHEMBL38281,0.09345816,22070,0,0
CHEMBL4543226,0.09345816,22071,0,0
CHEMBL22339,0.09339151,22072,0,0
CHEMBL18268,0.09339151,22073,0,0
CHEMBL536166,0.09339151,22074,0,0
CHEMBL21855,0.09339151,22075,0,0
CHEMBL10288,0.09339151,22076,0,0
CHEMBL4435883,0.09339151,22077,0,0
CHEMBL28077,0.09339151,22078,0,0
CHEMBL14441,0.09339151,22079,0,0
CHEMBL38787,0.09339151,22080,0,0
CHEMBL33138,0.09339151,22081,0,0
CHEMBL1088641,0.09339151,22082,0,0
CHEMBL20633,0.09339151,22083,0,0
CHEMBL41306,0.09339151,22084,0,0
CHEMBL10563,0.09339151,22085,0,0
CHEMBL34062,0.09339151,22086,0,0
CHEMBL3309721,0.09339151,22087,0,0
CHEMBL27025,0.09339151,22088,0,0
CHEMBL503,0.09339151,22089,0,0
CHEMBL25013,0.09339151,22090,0,0
CHEMBL27765,0.09339151,22091,0,0
CHEMBL28634,0.09339151,22092,0,0
CHEMBL30011,0.09339151,22093,0,0
CHEMBL22540,0.09339151,22094,0,0
CHEMBL35178,0.09339151,22095,0,0
CHEMBL3310967,0.09339151,22096,0,0
CHEMBL3311179,0.09339151,22097,0,0
CHEMBL36271,0.09339151,22098,0,0
CHEMBL17119,0.09339151,22099,0,0
CHEMBL36959,0.09339151,22100,0,0
CHEMBL32098,0.09339151,22101,0,0
CHEMBL21216,0.09339151,22102,0,0
CHEMBL38417,0.09339151,22103,0,0
CHEMBL11692,0.09339151,22104,0,0
CHEMBL42442,0.09339151,22105,0,0
CHEMBL10901,0.09339151,22106,0,0
CHEMBL11577,0.09339151,22107,0,0
CHEMBL19146,0.09339151,22108,0,0
CHEMBL15151,0.09339151,22109,0,0
CHEMBL17815,0.093379185,22110,0,0
CHEMBL7852,0.09333041,22111,0,0
CHEMBL41760,0.093313105,22112,0,0
CHEMBL15908,0.093313105,22113,0,0
CHEMBL24064,0.093313105,22114,0,0
CHEMBL32087,0.0932514,22115,0,0
CHEMBL4436485,0.093251176,22116,0,0
CHEMBL9372,0.09324213,22117,0,0
CHEMBL18077,0.09324213,22118,0,0
CHEMBL16272,0.09324213,22119,0,0
CHEMBL22336,0.093212724,22120,0,0
CHEMBL23279,0.09316715,22121,0,0
CHEMBL29494,0.0931108,22122,0,0
CHEMBL21677,0.09310828,22123,0,0
CHEMBL15229,0.09310828,22124,0,0
CHEMBL18158,0.09310828,22125,0,0
CHEMBL25035,0.09308922,22126,0,0
CHEMBL4435076,0.09308922,22127,0,0
CHEMBL3310457,0.09307815,22128,0,0
CHEMBL35673,0.09307815,22129,0,0
CHEMBL18397,0.093016565,22130,0,0
CHEMBL4543563,0.093016565,22131,0,0
CHEMBL27861,0.09293395,22132,0,0
CHEMBL26113,0.09293395,22133,0,0
CHEMBL4434968,0.09291307,22134,0,0
CHEMBL42847,0.09284407,22135,0,0
CHEMBL38112,0.09284407,22136,0,0
CHEMBL41282,0.092829876,22137,0,0
CHEMBL37072,0.092829876,22138,0,0
CHEMBL25468,0.09280211,22139,0,0
CHEMBL10143,0.09279015,22140,0,0
CHEMBL17310,0.09267104,22141,0,0
CHEMBL11153,0.09261696,22142,0,0
CHEMBL4435829,0.09261696,22143,0,0
CHEMBL16175,0.09259137,22144,0,0
CHEMBL16719,0.092583105,22145,0,0
CHEMBL34504,0.0925816,22146,0,0
CHEMBL40580,0.0925816,22147,0,0
CHEMBL37362,0.09253573,22148,0,0
CHEMBL29214,0.09253573,22149,0,0
CHEMBL17380,0.09253573,22150,0,0
CHEMBL14636,0.09253573,22151,0,0
CHEMBL7086,0.09251435,22152,0,0
CHEMBL4553551,0.09250971,22153,0,0
CHEMBL1163191,0.09243183,22154,0,0
CHEMBL846,0.09241702,22155,0,0
CHEMBL39434,0.09237825,22156,0,0
CHEMBL30053,0.09237825,22157,0,0
CHEMBL14891,0.09237699,22158,0,0
CHEMBL23167,0.092349984,22159,0,0
CHEMBL14520,0.09233789,22160,0,0
CHEMBL15404,0.09233789,22161,0,0
CHEMBL13571,0.09233789,22162,0,0
CHEMBL10766,0.09233789,22163,0,0
CHEMBL14586,0.09233789,22164,0,0
CHEMBL26436,0.0922988,22165,0,0
CHEMBL8338,0.0922988,22166,0,0
CHEMBL8540,0.092292406,22167,0,0
CHEMBL27565,0.092292406,22168,0,0
CHEMBL37392,0.092292406,22169,0,0
CHEMBL31696,0.092292406,22170,0,0
CHEMBL15361,0.092157654,22171,0,0
CHEMBL10697,0.09209805,22172,0,0
CHEMBL40346,0.09209805,22173,0,0
CHEMBL25687,0.09209805,22174,0,0
CHEMBL41805,0.09209805,22175,0,0
CHEMBL31478,0.09209805,22176,0,0
CHEMBL27823,0.09209805,22177,0,0
CHEMBL35439,0.09209805,22178,0,0
CHEMBL3310327,0.09209805,22179,0,0
CHEMBL3309741,0.09209805,22180,0,0
CHEMBL35762,0.09209805,22181,0,0
CHEMBL6558,0.09209805,22182,0,0
CHEMBL42094,0.09209805,22183,0,0
CHEMBL22683,0.09209805,22184,0,0
CHEMBL4435107,0.09209805,22185,0,0
CHEMBL36685,0.09209805,22186,0,0
CHEMBL10139,0.09209805,22187,0,0
CHEMBL4434705,0.09209805,22188,0,0
CHEMBL4435640,0.09209805,22189,0,0
CHEMBL32438,0.09209805,22190,0,0
CHEMBL29748,0.09209805,22191,0,0
CHEMBL27251,0.09209805,22192,0,0
CHEMBL20099,0.09203117,22193,0,0
CHEMBL19897,0.09202953,22194,0,0
CHEMBL1173106,0.09198935,22195,0,0
CHEMBL16397,0.09198935,22196,0,0
CHEMBL32491,0.09198935,22197,0,0
CHEMBL34438,0.09198935,22198,0,0
CHEMBL36659,0.09198272,22199,0,0
CHEMBL26817,0.09198272,22200,0,0
CHEMBL19893,0.09194486,22201,0,0
CHEMBL14536,0.091937155,22202,0,0
CHEMBL29739,0.091888465,22203,0,0
CHEMBL40888,0.091888465,22204,0,0
CHEMBL578483,0.091856055,22205,0,0
CHEMBL30569,0.091798395,22206,0,0
CHEMBL7573,0.091757424,22207,0,0
CHEMBL20925,0.09165766,22208,0,0
CHEMBL42959,0.09165766,22209,0,0
CHEMBL3310293,0.09164845,22210,0,0
CHEMBL13512,0.0916271,22211,0,0
CHEMBL39487,0.091617554,22212,0,0
CHEMBL22787,0.091524735,22213,0,0
CHEMBL42849,0.09147237,22214,0,0
CHEMBL23709,0.09147237,22215,0,0
CHEMBL34874,0.09147237,22216,0,0
CHEMBL21766,0.09147237,22217,0,0
CHEMBL554494,0.09147237,22218,0,0
CHEMBL6575,0.09147237,22219,0,0
CHEMBL33449,0.09147237,22220,0,0
CHEMBL16894,0.09147237,22221,0,0
CHEMBL6503,0.091469675,22222,0,0
CHEMBL34073,0.091463,22223,0,0
CHEMBL17639,0.091463,22224,0,0
CHEMBL4435048,0.09144013,22225,0,0
CHEMBL21940,0.09144013,22226,0,0
CHEMBL16054,0.09144013,22227,0,0
CHEMBL35574,0.09144013,22228,0,0
CHEMBL15154,0.091439314,22229,0,0
CHEMBL9194,0.09142545,22230,0,0
CHEMBL7222,0.09138511,22231,0,0
CHEMBL23136,0.09138511,22232,0,0
CHEMBL15948,0.09138511,22233,0,0
CHEMBL37022,0.09138511,22234,0,0
CHEMBL4543567,0.09136908,22235,0,0
CHEMBL4435128,0.091319926,22236,0,0
CHEMBL7839,0.09130768,22237,0,0
CHEMBL753,0.09130768,22238,0,0
CHEMBL31398,0.09130768,22239,0,0
CHEMBL42795,0.09130768,22240,0,0
CHEMBL32416,0.09127765,22241,0,0
CHEMBL4303782,0.0912739,22242,0,0
CHEMBL438807,0.09127265,22243,0,0
CHEMBL11168,0.09127265,22244,0,0
CHEMBL30545,0.09127265,22245,0,0
CHEMBL26474,0.09127265,22246,0,0
CHEMBL16174,0.091258116,22247,0,0
CHEMBL33386,0.091258116,22248,0,0
CHEMBL8627,0.091258116,22249,0,0
CHEMBL4116161,0.09121976,22250,0,0
CHEMBL26800,0.09121976,22251,0,0
CHEMBL573444,0.09121976,22252,0,0
CHEMBL11884,0.09121976,22253,0,0
CHEMBL9485,0.09121976,22254,0,0
CHEMBL13073,0.09121976,22255,0,0
CHEMBL1237060,0.09121976,22256,0,0
CHEMBL14001,0.09121976,22257,0,0
CHEMBL33358,0.0909848,22258,0,0
CHEMBL39767,0.09089871,22259,0,0
CHEMBL22023,0.090863995,22260,0,0
CHEMBL16399,0.09086252,22261,0,0
CHEMBL3309739,0.09085007,22262,0,0
CHEMBL10890,0.09084629,22263,0,0
CHEMBL25312,0.09060479,22264,0,0
CHEMBL15042,0.090587184,22265,0,0
CHEMBL3310140,0.09054179,22266,0,0
CHEMBL4436023,0.09052481,22267,0,0
CHEMBL22529,0.09043353,22268,0,0
CHEMBL17209,0.09043353,22269,0,0
CHEMBL37275,0.09043353,22270,0,0
CHEMBL28961,0.09043353,22271,0,0
CHEMBL4436554,0.09043353,22272,0,0
CHEMBL476536,0.09043353,22273,0,0
CHEMBL16618,0.090382785,22274,0,0
CHEMBL12135,0.090318754,22275,0,0
CHEMBL11249,0.090318754,22276,0,0
CHEMBL28399,0.090318754,22277,0,0
CHEMBL26147,0.09031487,22278,0,0
CHEMBL21588,0.09018995,22279,0,0
CHEMBL27692,0.09018995,22280,0,0
CHEMBL41865,0.09018995,22281,0,0
CHEMBL24696,0.0901764,22282,0,0
CHEMBL7266,0.0901764,22283,0,0
CHEMBL16677,0.090134285,22284,0,0
CHEMBL21891,0.090080425,22285,0,0
CHEMBL8219,0.09002611,22286,0,0
CHEMBL9827,0.09000947,22287,0,0
CHEMBL36018,0.08999038,22288,0,0
CHEMBL4434755,0.08999038,22289,0,0
CHEMBL36320,0.08992644,22290,0,0
CHEMBL20646,0.08991157,22291,0,0
CHEMBL4436011,0.08981117,22292,0,0
CHEMBL28578,0.089757174,22293,0,0
CHEMBL36742,0.08973422,22294,0,0
CHEMBL265216,0.08969903,22295,0,0
CHEMBL13732,0.089653365,22296,0,0
CHEMBL8253,0.08950322,22297,0,0
CHEMBL24659,0.08950322,22298,0,0
CHEMBL10754,0.08950322,22299,0,0
CHEMBL3310520,0.08950322,22300,0,0
CHEMBL42859,0.08949298,22301,0,0
CHEMBL11799,0.0894775,22302,0,0
CHEMBL13039,0.0894775,22303,0,0
CHEMBL31284,0.0894775,22304,0,0
CHEMBL40354,0.0894775,22305,0,0
CHEMBL7782,0.0894775,22306,0,0
CHEMBL36789,0.08947385,22307,0,0
CHEMBL4435186,0.08947385,22308,0,0
CHEMBL30551,0.08946687,22309,0,0
CHEMBL7350,0.08946589,22310,0,0
CHEMBL29918,0.08946589,22311,0,0
CHEMBL3309509,0.08946589,22312,0,0
CHEMBL41716,0.089463264,22313,0,0
CHEMBL22235,0.089444354,22314,0,0
CHEMBL10624,0.089444354,22315,0,0
CHEMBL3309339,0.089444354,22316,0,0
CHEMBL4543389,0.08943175,22317,0,0
CHEMBL34584,0.0893477,22318,0,0
CHEMBL15050,0.08930929,22319,0,0
CHEMBL32581,0.08930929,22320,0,0
CHEMBL22815,0.08928554,22321,0,0
CHEMBL33937,0.08921128,22322,0,0
CHEMBL20041,0.08921128,22323,0,0
CHEMBL40423,0.08921128,22324,0,0
CHEMBL29462,0.08921128,22325,0,0
CHEMBL40249,0.08921128,22326,0,0
CHEMBL22149,0.08921128,22327,0,0
CHEMBL4435966,0.089159764,22328,0,0
CHEMBL39193,0.089159764,22329,0,0
CHEMBL39174,0.089159764,22330,0,0
CHEMBL603409,0.089159764,22331,0,0
CHEMBL15347,0.089159764,22332,0,0
CHEMBL39914,0.089159764,22333,0,0
CHEMBL8962,0.089159764,22334,0,0
CHEMBL14165,0.089159764,22335,0,0
CHEMBL3310868,0.089159764,22336,0,0
CHEMBL31114,0.089159764,22337,0,0
CHEMBL13249,0.089159764,22338,0,0
CHEMBL38458,0.089159764,22339,0,0
CHEMBL28619,0.089159764,22340,0,0
CHEMBL13363,0.089159764,22341,0,0
CHEMBL41032,0.089159764,22342,0,0
CHEMBL38340,0.089141294,22343,0,0
CHEMBL3310988,0.08906461,22344,0,0
CHEMBL42234,0.089010775,22345,0,0
CHEMBL609157,0.08900335,22346,0,0
CHEMBL40187,0.08895628,22347,0,0
CHEMBL4435362,0.08883483,22348,0,0
CHEMBL37353,0.08879828,22349,0,0
CHEMBL10581,0.088788114,22350,0,0
CHEMBL7288,0.08876982,22351,0,0
CHEMBL29406,0.08876982,22352,0,0
CHEMBL7313,0.08876982,22353,0,0
CHEMBL16607,0.08876982,22354,0,0
CHEMBL35563,0.08876982,22355,0,0
CHEMBL26266,0.08876982,22356,0,0
CHEMBL27361,0.08876982,22357,0,0
CHEMBL40673,0.08876982,22358,0,0
CHEMBL7665,0.08876982,22359,0,0
CHEMBL42966,0.08876982,22360,0,0
CHEMBL3309496,0.08876982,22361,0,0
CHEMBL30175,0.08876982,22362,0,0
CHEMBL41561,0.088758275,22363,0,0
CHEMBL12723,0.08872132,22364,0,0
CHEMBL35871,0.088682815,22365,0,0
CHEMBL24291,0.08865684,22366,0,0
CHEMBL14105,0.08865684,22367,0,0
CHEMBL25305,0.08862213,22368,0,0
CHEMBL9262,0.08853783,22369,0,0
CHEMBL12798,0.088499755,22370,0,0
CHEMBL23845,0.08848966,22371,0,0
CHEMBL39265,0.08848966,22372,0,0
CHEMBL12219,0.088475294,22373,0,0
CHEMBL9199,0.08844679,22374,0,0
CHEMBL3309905,0.08843894,22375,0,0
CHEMBL3309490,0.08841021,22376,0,0
CHEMBL3310329,0.08841021,22377,0,0
CHEMBL3310328,0.08841021,22378,0,0
CHEMBL34679,0.08841021,22379,0,0
CHEMBL13642,0.08841021,22380,0,0
CHEMBL27581,0.08840649,22381,0,0
CHEMBL6742,0.08833732,22382,0,0
CHEMBL25735,0.08833732,22383,0,0
CHEMBL14882,0.08828614,22384,0,0
CHEMBL32141,0.088191025,22385,0,0
CHEMBL29923,0.08813146,22386,0,0
CHEMBL15588,0.088005915,22387,0,0
CHEMBL35678,0.087941684,22388,0,0
CHEMBL41932,0.0879187,22389,0,0
CHEMBL4436148,0.0879187,22390,0,0
CHEMBL20531,0.08780413,22391,0,0
CHEMBL18726,0.08780413,22392,0,0
CHEMBL17523,0.08780413,22393,0,0
CHEMBL1183203,0.08780413,22394,0,0
CHEMBL31632,0.08780413,22395,0,0
CHEMBL6772,0.08780413,22396,0,0
CHEMBL27077,0.08780413,22397,0,0
CHEMBL12157,0.08780413,22398,0,0
CHEMBL4435887,0.08780413,22399,0,0
CHEMBL25800,0.08780413,22400,0,0
CHEMBL24224,0.08775759,22401,0,0
CHEMBL38591,0.087743886,22402,0,0
CHEMBL4435853,0.08772593,22403,0,0
CHEMBL13848,0.08772593,22404,0,0
CHEMBL24074,0.08770281,22405,0,0
CHEMBL4435709,0.087689646,22406,0,0
CHEMBL20796,0.087689646,22407,0,0
CHEMBL35250,0.087689646,22408,0,0
CHEMBL3310334,0.087689646,22409,0,0
CHEMBL25343,0.087689646,22410,0,0
CHEMBL11913,0.087689646,22411,0,0
CHEMBL30593,0.087689646,22412,0,0
CHEMBL7373,0.087689646,22413,0,0
CHEMBL6721,0.087689646,22414,0,0
CHEMBL37788,0.08767734,22415,0,0
CHEMBL13890,0.08767587,22416,0,0
CHEMBL42269,0.087626964,22417,0,0
CHEMBL28109,0.08761717,22418,0,0
CHEMBL10197,0.08761717,22419,0,0
CHEMBL3309654,0.08761551,22420,0,0
CHEMBL25641,0.0876068,22421,0,0
CHEMBL29142,0.08758801,22422,0,0
CHEMBL31617,0.08758801,22423,0,0
CHEMBL35356,0.08758775,22424,0,0
CHEMBL1082252,0.0875654,22425,0,0
CHEMBL17474,0.08756445,22426,0,0
CHEMBL14941,0.08756445,22427,0,0
CHEMBL15634,0.08756258,22428,0,0
CHEMBL18469,0.08754917,22429,0,0
CHEMBL37247,0.08753144,22430,0,0
CHEMBL30597,0.08752523,22431,0,0
CHEMBL33530,0.08752523,22432,0,0
CHEMBL19317,0.08752523,22433,0,0
CHEMBL50,0.087524965,22434,0,0
CHEMBL4435738,0.087524965,22435,0,0
CHEMBL39342,0.08747852,22436,0,0
CHEMBL41439,0.08747852,22437,0,0
CHEMBL39565,0.08742926,22438,0,0
CHEMBL34594,0.087390706,22439,0,0
CHEMBL4116125,0.087350495,22440,0,0
CHEMBL29265,0.08733725,22441,0,0
CHEMBL33455,0.08733674,22442,0,0
CHEMBL13811,0.08716208,22443,0,0
CHEMBL16743,0.08716208,22444,0,0
CHEMBL27350,0.08716208,22445,0,0
CHEMBL15521,0.08716208,22446,0,0
CHEMBL21616,0.087139495,22447,0,0
CHEMBL589268,0.08713617,22448,0,0
CHEMBL15303,0.08713617,22449,0,0
CHEMBL22422,0.08713617,22450,0,0
CHEMBL19054,0.08713617,22451,0,0
CHEMBL28437,0.08713617,22452,0,0
CHEMBL1096263,0.08713617,22453,0,0
CHEMBL25795,0.08713617,22454,0,0
CHEMBL24419,0.08713617,22455,0,0
CHEMBL42260,0.08713617,22456,0,0
CHEMBL25432,0.08713617,22457,0,0
CHEMBL34081,0.08713617,22458,0,0
CHEMBL32420,0.08713617,22459,0,0
CHEMBL29873,0.08713617,22460,0,0
CHEMBL42242,0.08713617,22461,0,0
CHEMBL16474,0.08713617,22462,0,0
CHEMBL503702,0.08713617,22463,0,0
CHEMBL14167,0.08713617,22464,0,0
CHEMBL20627,0.08713617,22465,0,0
CHEMBL20647,0.08713617,22466,0,0
CHEMBL9889,0.08713617,22467,0,0
CHEMBL22351,0.08713617,22468,0,0
CHEMBL12756,0.08713617,22469,0,0
CHEMBL41969,0.08713617,22470,0,0
CHEMBL39080,0.08713617,22471,0,0
CHEMBL1163167,0.08713617,22472,0,0
CHEMBL25852,0.08713617,22473,0,0
CHEMBL19764,0.08713617,22474,0,0
CHEMBL27001,0.08713617,22475,0,0
CHEMBL21979,0.08713617,22476,0,0
CHEMBL15025,0.08713617,22477,0,0
CHEMBL21134,0.08713617,22478,0,0
CHEMBL12371,0.08713617,22479,0,0
CHEMBL23255,0.08713617,22480,0,0
CHEMBL38818,0.08713617,22481,0,0
CHEMBL39930,0.08713617,22482,0,0
CHEMBL22808,0.08713617,22483,0,0
CHEMBL35273,0.08713617,22484,0,0
CHEMBL10645,0.08713617,22485,0,0
CHEMBL14056,0.08713617,22486,0,0
CHEMBL441131,0.08713617,22487,0,0
CHEMBL8946,0.08713617,22488,0,0
CHEMBL10795,0.08713617,22489,0,0
CHEMBL15535,0.08713617,22490,0,0
CHEMBL6871,0.08713617,22491,0,0
CHEMBL27600,0.08713617,22492,0,0
CHEMBL4435198,0.08713617,22493,0,0
CHEMBL14321,0.08713617,22494,0,0
CHEMBL4435406,0.08713617,22495,0,0
CHEMBL9435,0.08713617,22496,0,0
CHEMBL4434720,0.08709615,22497,0,0
CHEMBL23924,0.08707981,22498,0,0
CHEMBL4435693,0.08706705,22499,0,0
CHEMBL3309523,0.08703643,22500,0,0
CHEMBL21906,0.08703298,22501,0,0
CHEMBL24996,0.08703298,22502,0,0
CHEMBL16192,0.08703298,22503,0,0
CHEMBL18282,0.08703298,22504,0,0
CHEMBL1084042,0.08702383,22505,0,0
CHEMBL26841,0.08702383,22506,0,0
CHEMBL7140,0.08698781,22507,0,0
CHEMBL26337,0.08698449,22508,0,0
CHEMBL4435798,0.08698449,22509,0,0
CHEMBL9050,0.08688495,22510,0,0
CHEMBL39605,0.08688495,22511,0,0
CHEMBL7652,0.08688495,22512,0,0
CHEMBL36591,0.086813025,22513,0,0
CHEMBL28550,0.08679587,22514,0,0
CHEMBL43572,0.08678347,22515,0,0
CHEMBL3309657,0.08671241,22516,0,0
CHEMBL24626,0.08664286,22517,0,0
CHEMBL15415,0.08664286,22518,0,0
CHEMBL18683,0.08657651,22519,0,0
CHEMBL1199618,0.08657283,22520,0,0
CHEMBL34545,0.08657283,22521,0,0
CHEMBL18648,0.08657283,22522,0,0
CHEMBL18335,0.08657283,22523,0,0
CHEMBL19842,0.08657283,22524,0,0
CHEMBL33197,0.08657283,22525,0,0
CHEMBL35783,0.08655794,22526,0,0
CHEMBL9391,0.08652916,22527,0,0
CHEMBL39865,0.08652916,22528,0,0
CHEMBL36912,0.08652916,22529,0,0
CHEMBL34485,0.08651495,22530,0,0
CHEMBL3309783,0.08651495,22531,0,0
CHEMBL35139,0.08651495,22532,0,0
CHEMBL29546,0.086471334,22533,0,0
CHEMBL1163485,0.08642973,22534,0,0
CHEMBL1163246,0.08641811,22535,0,0
CHEMBL35171,0.08640015,22536,0,0
CHEMBL20674,0.08636941,22537,0,0
CHEMBL26342,0.08636941,22538,0,0
CHEMBL3309804,0.08636941,22539,0,0
CHEMBL9634,0.08636941,22540,0,0
CHEMBL37990,0.08636941,22541,0,0
CHEMBL25859,0.08636941,22542,0,0
CHEMBL32281,0.08636941,22543,0,0
CHEMBL40770,0.08636941,22544,0,0
CHEMBL38049,0.08636941,22545,0,0
CHEMBL41092,0.08636941,22546,0,0
CHEMBL6686,0.08636941,22547,0,0
CHEMBL1163362,0.086359195,22548,0,0
CHEMBL19927,0.08632581,22549,0,0
CHEMBL39414,0.08632581,22550,0,0
CHEMBL14817,0.08632581,22551,0,0
CHEMBL14942,0.08632581,22552,0,0
CHEMBL34426,0.08632581,22553,0,0
CHEMBL17226,0.0862678,22554,0,0
CHEMBL10294,0.0862678,22555,0,0
CHEMBL41167,0.0862678,22556,0,0
CHEMBL38711,0.0862678,22557,0,0
CHEMBL7341,0.0862678,22558,0,0
CHEMBL18272,0.0862678,22559,0,0
CHEMBL41126,0.0862678,22560,0,0
CHEMBL35542,0.0862678,22561,0,0
CHEMBL4435937,0.0862678,22562,0,0
CHEMBL36008,0.0862678,22563,0,0
CHEMBL10338,0.0862678,22564,0,0
CHEMBL40104,0.0862678,22565,0,0
CHEMBL25392,0.0862678,22566,0,0
CHEMBL18062,0.0862678,22567,0,0
CHEMBL28023,0.0862678,22568,0,0
CHEMBL26627,0.0862678,22569,0,0
CHEMBL40075,0.0862678,22570,0,0
CHEMBL1082938,0.0862678,22571,0,0
CHEMBL15434,0.0862678,22572,0,0
CHEMBL8809,0.0862678,22573,0,0
CHEMBL27713,0.0862678,22574,0,0
CHEMBL22733,0.0862678,22575,0,0
CHEMBL26317,0.0862678,22576,0,0
CHEMBL21734,0.0862678,22577,0,0
CHEMBL16535,0.0862678,22578,0,0
CHEMBL29482,0.0862678,22579,0,0
CHEMBL18668,0.0862678,22580,0,0
CHEMBL13878,0.0862678,22581,0,0
CHEMBL8771,0.0862678,22582,0,0
CHEMBL21003,0.0862678,22583,0,0
CHEMBL129,0.0862678,22584,0,0
CHEMBL42687,0.0862678,22585,0,0
CHEMBL34722,0.0862678,22586,0,0
CHEMBL25958,0.0862678,22587,0,0
CHEMBL28685,0.0862678,22588,0,0
CHEMBL26922,0.0862678,22589,0,0
CHEMBL32005,0.0862678,22590,0,0
CHEMBL19959,0.0862678,22591,0,0
CHEMBL35097,0.0862678,22592,0,0
CHEMBL16099,0.0862678,22593,0,0
CHEMBL4543335,0.0862678,22594,0,0
CHEMBL20992,0.0862678,22595,0,0
CHEMBL35483,0.0862678,22596,0,0
CHEMBL23555,0.0862678,22597,0,0
CHEMBL41966,0.0862678,22598,0,0
CHEMBL8724,0.0862678,22599,0,0
CHEMBL7518,0.0862678,22600,0,0
CHEMBL16487,0.0862678,22601,0,0
CHEMBL38961,0.086267754,22602,0,0
CHEMBL25911,0.08623767,22603,0,0
CHEMBL36240,0.08623767,22604,0,0
CHEMBL35631,0.08620702,22605,0,0
CHEMBL11159,0.08615664,22606,0,0
CHEMBL34802,0.08610086,22607,0,0
CHEMBL76,0.08598647,22608,0,0
CHEMBL31728,0.08598647,22609,0,0
CHEMBL38168,0.085967705,22610,0,0
CHEMBL41523,0.0859571,22611,0,0
CHEMBL43593,0.0859571,22612,0,0
CHEMBL24076,0.0859571,22613,0,0
CHEMBL9191,0.08593712,22614,0,0
CHEMBL36137,0.085920595,22615,0,0
CHEMBL14274,0.08590556,22616,0,0
CHEMBL31575,0.08590556,22617,0,0
CHEMBL10314,0.08586824,22618,0,0
CHEMBL4435985,0.08586824,22619,0,0
CHEMBL32129,0.08586824,22620,0,0
CHEMBL42450,0.0858554,22621,0,0
CHEMBL37091,0.08583338,22622,0,0
CHEMBL18163,0.08583338,22623,0,0
CHEMBL10407,0.08583338,22624,0,0
CHEMBL41316,0.085806385,22625,0,0
CHEMBL31945,0.085806385,22626,0,0
CHEMBL21342,0.08579195,22627,0,0
CHEMBL33830,0.085785516,22628,0,0
CHEMBL564,0.08578251,22629,0,0
CHEMBL27579,0.08577315,22630,0,0
CHEMBL30025,0.08576641,22631,0,0
CHEMBL22748,0.08576245,22632,0,0
CHEMBL42846,0.08574155,22633,0,0
CHEMBL9228,0.08574155,22634,0,0
CHEMBL8271,0.085731156,22635,0,0
CHEMBL4553153,0.08557601,22636,0,0
CHEMBL37943,0.08557601,22637,0,0
CHEMBL27544,0.08557601,22638,0,0
CHEMBL4559994,0.08557452,22639,0,0
CHEMBL9334,0.08556691,22640,0,0
CHEMBL15276,0.08554165,22641,0,0
CHEMBL4435480,0.08548259,22642,0,0
CHEMBL6713,0.08540266,22643,0,0
CHEMBL18262,0.08540266,22644,0,0
CHEMBL26775,0.08540266,22645,0,0
CHEMBL7571,0.08540266,22646,0,0
CHEMBL6862,0.08540266,22647,0,0
CHEMBL6407,0.08540266,22648,0,0
CHEMBL41076,0.08540266,22649,0,0
CHEMBL32428,0.08529242,22650,0,0
CHEMBL8161,0.08529231,22651,0,0
CHEMBL13319,0.08528777,22652,0,0
CHEMBL34359,0.085279986,22653,0,0
CHEMBL11300,0.085279986,22654,0,0
CHEMBL12015,0.085279986,22655,0,0
CHEMBL30542,0.085279986,22656,0,0
CHEMBL22538,0.08517173,22657,0,0
CHEMBL22368,0.08517173,22658,0,0
CHEMBL40070,0.08517173,22659,0,0
CHEMBL14203,0.08517173,22660,0,0
CHEMBL4434889,0.085130684,22661,0,0
CHEMBL14671,0.085130684,22662,0,0
CHEMBL12350,0.085130684,22663,0,0
CHEMBL41329,0.085130684,22664,0,0
CHEMBL22711,0.085130684,22665,0,0
CHEMBL4434696,0.085130684,22666,0,0
CHEMBL32455,0.085130684,22667,0,0
CHEMBL41084,0.085130684,22668,0,0
CHEMBL15273,0.08512812,22669,0,0
CHEMBL14296,0.08511396,22670,0,0
CHEMBL39005,0.08496125,22671,0,0
CHEMBL7214,0.08496125,22672,0,0
CHEMBL582854,0.08496125,22673,0,0
CHEMBL20533,0.08496125,22674,0,0
CHEMBL37288,0.08496125,22675,0,0
CHEMBL20618,0.08496125,22676,0,0
CHEMBL18702,0.08496125,22677,0,0
CHEMBL4435361,0.08496125,22678,0,0
CHEMBL29702,0.08496125,22679,0,0
CHEMBL1743869,0.08496125,22680,0,0
CHEMBL22980,0.08494023,22681,0,0
CHEMBL37404,0.08478327,22682,0,0
CHEMBL18497,0.08478327,22683,0,0
CHEMBL4553147,0.08477315,22684,0,0
CHEMBL4436482,0.08475445,22685,0,0
CHEMBL19901,0.084733225,22686,0,0
CHEMBL25843,0.08466891,22687,0,0
CHEMBL34696,0.08466891,22688,0,0
CHEMBL10491,0.08466891,22689,0,0
CHEMBL23832,0.08466891,22690,0,0
CHEMBL16507,0.08466891,22691,0,0
CHEMBL35447,0.08466891,22692,0,0
CHEMBL32003,0.08466891,22693,0,0
CHEMBL36707,0.08466891,22694,0,0
CHEMBL18749,0.08466891,22695,0,0
CHEMBL7234,0.08466891,22696,0,0
CHEMBL1075634,0.08466891,22697,0,0
CHEMBL11522,0.08466891,22698,0,0
CHEMBL7278,0.08466891,22699,0,0
CHEMBL9989,0.08466891,22700,0,0
CHEMBL12894,0.08466891,22701,0,0
CHEMBL35812,0.08466891,22702,0,0
CHEMBL18239,0.08466891,22703,0,0
CHEMBL27911,0.08466891,22704,0,0
CHEMBL1094936,0.08466891,22705,0,0
CHEMBL27582,0.08466891,22706,0,0
CHEMBL28115,0.08466891,22707,0,0
CHEMBL24175,0.08466891,22708,0,0
CHEMBL32111,0.08466891,22709,0,0
CHEMBL38181,0.08466891,22710,0,0
CHEMBL41066,0.08466891,22711,0,0
CHEMBL10229,0.08466891,22712,0,0
CHEMBL15211,0.08466891,22713,0,0
CHEMBL500377,0.08466891,22714,0,0
CHEMBL22531,0.08466891,22715,0,0
CHEMBL499906,0.08466891,22716,0,0
CHEMBL15627,0.08466891,22717,0,0
CHEMBL6712,0.08466891,22718,0,0
CHEMBL13676,0.08466891,22719,0,0
CHEMBL34004,0.08466891,22720,0,0
CHEMBL30097,0.08466891,22721,0,0
CHEMBL15979,0.08466891,22722,0,0
CHEMBL3309341,0.08466891,22723,0,0
CHEMBL39889,0.08466891,22724,0,0
CHEMBL38063,0.08466891,22725,0,0
CHEMBL35521,0.08466891,22726,0,0
CHEMBL16121,0.08466891,22727,0,0
CHEMBL31533,0.08466891,22728,0,0
CHEMBL31229,0.08466891,22729,0,0
CHEMBL37480,0.08466891,22730,0,0
CHEMBL26139,0.08466891,22731,0,0
CHEMBL26351,0.08466891,22732,0,0
CHEMBL16553,0.08466891,22733,0,0
CHEMBL17136,0.08466891,22734,0,0
CHEMBL40838,0.08466891,22735,0,0
CHEMBL34199,0.08466891,22736,0,0
CHEMBL14381,0.08466891,22737,0,0
CHEMBL22451,0.08466891,22738,0,0
CHEMBL35922,0.08466891,22739,0,0
CHEMBL41423,0.08466891,22740,0,0
CHEMBL17095,0.08466891,22741,0,0
CHEMBL41011,0.08466891,22742,0,0
CHEMBL28686,0.08466891,22743,0,0
CHEMBL19025,0.08466891,22744,0,0
CHEMBL4435742,0.08466891,22745,0,0
CHEMBL1184967,0.08466891,22746,0,0
CHEMBL17286,0.08466891,22747,0,0
CHEMBL25480,0.08466891,22748,0,0
CHEMBL10345,0.08466891,22749,0,0
CHEMBL4553538,0.08466891,22750,0,0
CHEMBL7070,0.08466891,22751,0,0
CHEMBL34084,0.08466891,22752,0,0
CHEMBL1206590,0.08466891,22753,0,0
CHEMBL4435782,0.08466891,22754,0,0
CHEMBL40679,0.08466891,22755,0,0
CHEMBL11744,0.08466891,22756,0,0
CHEMBL4434932,0.08466891,22757,0,0
CHEMBL17912,0.08466891,22758,0,0
CHEMBL20320,0.08466891,22759,0,0
CHEMBL4435658,0.08466891,22760,0,0
CHEMBL538338,0.08466891,22761,0,0
CHEMBL4435983,0.08466891,22762,0,0
CHEMBL30902,0.08466891,22763,0,0
CHEMBL38602,0.08466891,22764,0,0
CHEMBL39802,0.08466891,22765,0,0
CHEMBL38379,0.08466891,22766,0,0
CHEMBL18178,0.08466891,22767,0,0
CHEMBL34607,0.08466891,22768,0,0
CHEMBL23875,0.08466891,22769,0,0
CHEMBL23868,0.08466891,22770,0,0
CHEMBL156703,0.08466891,22771,0,0
CHEMBL35091,0.08466891,22772,0,0
CHEMBL4434757,0.08466891,22773,0,0
CHEMBL7004,0.08466891,22774,0,0
CHEMBL16153,0.08466891,22775,0,0
CHEMBL17507,0.08466891,22776,0,0
CHEMBL24044,0.08466891,22777,0,0
CHEMBL11721,0.08466891,22778,0,0
CHEMBL4543345,0.08466891,22779,0,0
CHEMBL31442,0.08466891,22780,0,0
CHEMBL10789,0.08466891,22781,0,0
CHEMBL16518,0.08466891,22782,0,0
CHEMBL22007,0.08466891,22783,0,0
CHEMBL31542,0.08466891,22784,0,0
CHEMBL4543406,0.08466891,22785,0,0
CHEMBL28845,0.08466891,22786,0,0
CHEMBL12774,0.08466891,22787,0,0
CHEMBL41663,0.08466891,22788,0,0
CHEMBL6878,0.08466891,22789,0,0
CHEMBL33189,0.08466891,22790,0,0
CHEMBL29882,0.08466891,22791,0,0
CHEMBL26386,0.08466891,22792,0,0
CHEMBL33849,0.08466891,22793,0,0
CHEMBL35655,0.08466891,22794,0,0
CHEMBL12220,0.08466891,22795,0,0
CHEMBL1163554,0.08466891,22796,0,0
CHEMBL32653,0.08466891,22797,0,0
CHEMBL34396,0.08466891,22798,0,0
CHEMBL16224,0.08466891,22799,0,0
CHEMBL12245,0.08466891,22800,0,0
CHEMBL14471,0.08466891,22801,0,0
CHEMBL21344,0.08466891,22802,0,0
CHEMBL40907,0.08466891,22803,0,0
CHEMBL16910,0.08466891,22804,0,0
CHEMBL14994,0.08466891,22805,0,0
CHEMBL37065,0.08466891,22806,0,0
CHEMBL36483,0.08466891,22807,0,0
CHEMBL7482,0.08466891,22808,0,0
CHEMBL18325,0.08466891,22809,0,0
CHEMBL3309360,0.08466891,22810,0,0
CHEMBL6277,0.08466891,22811,0,0
CHEMBL10259,0.08466891,22812,0,0
CHEMBL33846,0.08466891,22813,0,0
CHEMBL26149,0.08466891,22814,0,0
CHEMBL35764,0.08466891,22815,0,0
CHEMBL11814,0.08466891,22816,0,0
CHEMBL38815,0.08466891,22817,0,0
CHEMBL11613,0.08466891,22818,0,0
CHEMBL39729,0.08466891,22819,0,0
CHEMBL39115,0.08466891,22820,0,0
CHEMBL18201,0.08466891,22821,0,0
CHEMBL3309355,0.08466891,22822,0,0
CHEMBL19432,0.08466891,22823,0,0
CHEMBL11955,0.08466891,22824,0,0
CHEMBL27392,0.08466891,22825,0,0
CHEMBL28120,0.08466891,22826,0,0
CHEMBL40560,0.08466891,22827,0,0
CHEMBL31877,0.08466891,22828,0,0
CHEMBL26432,0.08466891,22829,0,0
CHEMBL40559,0.08466891,22830,0,0
CHEMBL14943,0.08466891,22831,0,0
CHEMBL24727,0.08466891,22832,0,0
CHEMBL30415,0.08466891,22833,0,0
CHEMBL33469,0.08466891,22834,0,0
CHEMBL34052,0.08466891,22835,0,0
CHEMBL35434,0.08466891,22836,0,0
CHEMBL29235,0.08466891,22837,0,0
CHEMBL31933,0.08466891,22838,0,0
CHEMBL3309736,0.08466891,22839,0,0
CHEMBL36924,0.08466891,22840,0,0
CHEMBL25602,0.08466891,22841,0,0
CHEMBL31613,0.08466891,22842,0,0
CHEMBL12881,0.08466891,22843,0,0
CHEMBL12324,0.08466891,22844,0,0
CHEMBL28085,0.08466891,22845,0,0
CHEMBL24804,0.08466891,22846,0,0
CHEMBL18700,0.08466891,22847,0,0
CHEMBL24222,0.08464564,22848,0,0
CHEMBL29858,0.08464564,22849,0,0
CHEMBL27541,0.08464564,22850,0,0
CHEMBL13849,0.08455826,22851,0,0
CHEMBL4435356,0.0845559,22852,0,0
CHEMBL24016,0.0845559,22853,0,0
CHEMBL110,0.0845559,22854,0,0
CHEMBL14039,0.0845559,22855,0,0
CHEMBL3311307,0.0845559,22856,0,0
CHEMBL8127,0.0845559,22857,0,0
CHEMBL8118,0.0845559,22858,0,0
CHEMBL20018,0.0845559,22859,0,0
CHEMBL40611,0.0845559,22860,0,0
CHEMBL12049,0.0845559,22861,0,0
CHEMBL19323,0.0845559,22862,0,0
CHEMBL19174,0.0845559,22863,0,0
CHEMBL28882,0.0845559,22864,0,0
CHEMBL38816,0.0845559,22865,0,0
CHEMBL3309377,0.0845559,22866,0,0
CHEMBL4436098,0.0845559,22867,0,0
CHEMBL16348,0.0845559,22868,0,0
CHEMBL16319,0.0845559,22869,0,0
CHEMBL36741,0.0845559,22870,0,0
CHEMBL7659,0.0845559,22871,0,0
CHEMBL42515,0.0845559,22872,0,0
CHEMBL33741,0.0845559,22873,0,0
CHEMBL23088,0.0845559,22874,0,0
CHEMBL30421,0.0845559,22875,0,0
CHEMBL3311007,0.0845559,22876,0,0
CHEMBL42117,0.0845559,22877,0,0
CHEMBL3310405,0.0845559,22878,0,0
CHEMBL39424,0.0845559,22879,0,0
CHEMBL23250,0.0845559,22880,0,0
CHEMBL40812,0.0845559,22881,0,0
CHEMBL41874,0.0845559,22882,0,0
CHEMBL26547,0.0845559,22883,0,0
CHEMBL26595,0.0845559,22884,0,0
CHEMBL39453,0.0845559,22885,0,0
CHEMBL29928,0.0845559,22886,0,0
CHEMBL13099,0.0845559,22887,0,0
CHEMBL9735,0.0845559,22888,0,0
CHEMBL34892,0.0845559,22889,0,0
CHEMBL37372,0.0845559,22890,0,0
CHEMBL17242,0.0845559,22891,0,0
CHEMBL15883,0.0845559,22892,0,0
CHEMBL34371,0.0845559,22893,0,0
CHEMBL39377,0.0845559,22894,0,0
CHEMBL8438,0.0845559,22895,0,0
CHEMBL40436,0.0845559,22896,0,0
CHEMBL30197,0.0845559,22897,0,0
CHEMBL11524,0.0845559,22898,0,0
CHEMBL26502,0.0845559,22899,0,0
CHEMBL11214,0.0845559,22900,0,0
CHEMBL14613,0.0845559,22901,0,0
CHEMBL11739,0.0845559,22902,0,0
CHEMBL3311249,0.0845559,22903,0,0
CHEMBL11047,0.0845559,22904,0,0
CHEMBL16970,0.0845559,22905,0,0
CHEMBL29863,0.0845559,22906,0,0
CHEMBL25565,0.0845559,22907,0,0
CHEMBL1082898,0.0845559,22908,0,0
CHEMBL15796,0.0845559,22909,0,0
CHEMBL36864,0.0845559,22910,0,0
CHEMBL19151,0.0845559,22911,0,0
CHEMBL4435531,0.0845559,22912,0,0
CHEMBL26608,0.0845559,22913,0,0
CHEMBL14439,0.0845559,22914,0,0
CHEMBL591437,0.0845559,22915,0,0
CHEMBL17372,0.0845559,22916,0,0
CHEMBL21256,0.0845559,22917,0,0
CHEMBL10734,0.0845559,22918,0,0
CHEMBL24726,0.0845559,22919,0,0
CHEMBL38864,0.0845559,22920,0,0
CHEMBL11624,0.0845559,22921,0,0
CHEMBL25542,0.0845559,22922,0,0
CHEMBL42615,0.0845559,22923,0,0
CHEMBL6613,0.0845559,22924,0,0
CHEMBL10747,0.0845559,22925,0,0
CHEMBL26985,0.0845559,22926,0,0
CHEMBL23225,0.0845559,22927,0,0
CHEMBL26371,0.0845559,22928,0,0
CHEMBL13287,0.0845559,22929,0,0
CHEMBL32496,0.0845559,22930,0,0
CHEMBL11413,0.0845559,22931,0,0
CHEMBL26519,0.0845559,22932,0,0
CHEMBL18844,0.0845559,22933,0,0
CHEMBL41435,0.0845559,22934,0,0
CHEMBL644,0.0845559,22935,0,0
CHEMBL34856,0.0845559,22936,0,0
CHEMBL10235,0.0845559,22937,0,0
CHEMBL4436222,0.0845559,22938,0,0
CHEMBL29532,0.0845559,22939,0,0
CHEMBL590,0.0845559,22940,0,0
CHEMBL23827,0.0845559,22941,0,0
CHEMBL21903,0.0845559,22942,0,0
CHEMBL21112,0.0845559,22943,0,0
CHEMBL13635,0.0845559,22944,0,0
CHEMBL36781,0.0845559,22945,0,0
CHEMBL17317,0.0845559,22946,0,0
CHEMBL16558,0.0845559,22947,0,0
CHEMBL11677,0.0845559,22948,0,0
CHEMBL11395,0.0845559,22949,0,0
CHEMBL16837,0.0845559,22950,0,0
CHEMBL33280,0.0845559,22951,0,0
CHEMBL26643,0.0845559,22952,0,0
CHEMBL17318,0.0845559,22953,0,0
CHEMBL13346,0.0845559,22954,0,0
CHEMBL40183,0.0845559,22955,0,0
CHEMBL37692,0.0845559,22956,0,0
CHEMBL12440,0.0845559,22957,0,0
CHEMBL10306,0.0845559,22958,0,0
CHEMBL35416,0.0845559,22959,0,0
CHEMBL26811,0.0845559,22960,0,0
CHEMBL27200,0.0845559,22961,0,0
CHEMBL542914,0.0845559,22962,0,0
CHEMBL29292,0.0845559,22963,0,0
CHEMBL30762,0.0845559,22964,0,0
CHEMBL4435936,0.0845559,22965,0,0
CHEMBL18682,0.0845559,22966,0,0
CHEMBL563935,0.0845559,22967,0,0
CHEMBL38675,0.0845559,22968,0,0
CHEMBL19303,0.0845559,22969,0,0
CHEMBL36925,0.0845559,22970,0,0
CHEMBL33959,0.0845559,22971,0,0
CHEMBL12875,0.0845559,22972,0,0
CHEMBL42439,0.0845559,22973,0,0
CHEMBL24273,0.0845559,22974,0,0
CHEMBL33222,0.084548615,22975,0,0
CHEMBL15129,0.084548615,22976,0,0
CHEMBL18233,0.084548615,22977,0,0
CHEMBL40270,0.08454324,22978,0,0
CHEMBL8938,0.0845378,22979,0,0
CHEMBL32327,0.08452136,22980,0,0
CHEMBL24620,0.08450629,22981,0,0
CHEMBL37780,0.08450629,22982,0,0
CHEMBL7270,0.08450629,22983,0,0
CHEMBL25603,0.08450629,22984,0,0
CHEMBL20278,0.08450629,22985,0,0
CHEMBL8632,0.0845062,22986,0,0
CHEMBL10771,0.08448671,22987,0,0
CHEMBL27486,0.08448671,22988,0,0
CHEMBL1077125,0.08448451,22989,0,0
CHEMBL36279,0.08445116,22990,0,0
CHEMBL30117,0.08445116,22991,0,0
CHEMBL12108,0.08445116,22992,0,0
CHEMBL4436029,0.08444805,22993,0,0
CHEMBL27227,0.08444805,22994,0,0
CHEMBL34656,0.08441363,22995,0,0
CHEMBL22472,0.0843799,22996,0,0
CHEMBL31771,0.084304295,22997,0,0
CHEMBL7253,0.084304295,22998,0,0
CHEMBL41105,0.084304295,22999,0,0
CHEMBL28597,0.084304295,23000,0,0
CHEMBL29245,0.084304295,23001,0,0
CHEMBL6538,0.084304295,23002,0,0
CHEMBL38612,0.084304295,23003,0,0
CHEMBL3310139,0.08427276,23004,0,0
CHEMBL29760,0.08427276,23005,0,0
CHEMBL38867,0.08427276,23006,0,0
CHEMBL4436475,0.08427276,23007,0,0
CHEMBL13921,0.08427276,23008,0,0
CHEMBL40230,0.084270604,23009,0,0
CHEMBL1173577,0.084248714,23010,0,0
CHEMBL42802,0.0842457,23011,0,0
CHEMBL15731,0.0842457,23012,0,0
CHEMBL38115,0.0842457,23013,0,0
CHEMBL20080,0.0842457,23014,0,0
CHEMBL42612,0.084241316,23015,0,0
CHEMBL25696,0.08417476,23016,0,0
CHEMBL14438,0.08415065,23017,0,0
CHEMBL27294,0.08414947,23018,0,0
CHEMBL8968,0.08411582,23019,0,0
CHEMBL15502,0.08411582,23020,0,0
CHEMBL6386,0.08411582,23021,0,0
CHEMBL7658,0.08411582,23022,0,0
CHEMBL25675,0.084058836,23023,0,0
CHEMBL4553557,0.08404766,23024,0,0
CHEMBL25037,0.0839872,23025,0,0
CHEMBL3347285,0.0839872,23026,0,0
CHEMBL6692,0.08398636,23027,0,0
CHEMBL36776,0.08393923,23028,0,0
CHEMBL13652,0.08393923,23029,0,0
CHEMBL6566,0.08393923,23030,0,0
CHEMBL26120,0.083936386,23031,0,0
CHEMBL23463,0.083936386,23032,0,0
CHEMBL4434994,0.08392142,23033,0,0
CHEMBL11502,0.08388714,23034,0,0
CHEMBL37576,0.08387273,23035,0,0
CHEMBL41209,0.08387273,23036,0,0
CHEMBL12412,0.08387273,23037,0,0
CHEMBL4543560,0.08387273,23038,0,0
CHEMBL12059,0.08383201,23039,0,0
CHEMBL29797,0.08383201,23040,0,0
CHEMBL24520,0.08383201,23041,0,0
CHEMBL3310366,0.08379275,23042,0,0
CHEMBL35766,0.08375651,23043,0,0
CHEMBL7378,0.08375651,23044,0,0
CHEMBL41019,0.08375651,23045,0,0
CHEMBL37644,0.08375651,23046,0,0
CHEMBL25691,0.08375651,23047,0,0
CHEMBL31292,0.08370797,23048,0,0
CHEMBL15339,0.083681375,23049,0,0
CHEMBL17876,0.083631404,23050,0,0
CHEMBL35855,0.08359624,23051,0,0
CHEMBL11930,0.08359401,23052,0,0
CHEMBL11313,0.08357269,23053,0,0
CHEMBL13229,0.08357269,23054,0,0
CHEMBL16663,0.08356448,23055,0,0
CHEMBL40715,0.08349848,23056,0,0
CHEMBL21326,0.08345078,23057,0,0
CHEMBL10364,0.083379015,23058,0,0
CHEMBL23916,0.08334654,23059,0,0
CHEMBL15744,0.08331632,23060,0,0
CHEMBL41968,0.08331632,23061,0,0
CHEMBL9497,0.08325468,23062,0,0
CHEMBL39423,0.08308764,23063,0,0
CHEMBL32794,0.08304517,23064,0,0
CHEMBL21671,0.0830378,23065,0,0
CHEMBL33132,0.0830378,23066,0,0
CHEMBL42963,0.0830378,23067,0,0
CHEMBL25746,0.0830378,23068,0,0
CHEMBL32313,0.0830378,23069,0,0
CHEMBL30746,0.0830378,23070,0,0
CHEMBL21283,0.08299076,23071,0,0
CHEMBL19284,0.08297209,23072,0,0
CHEMBL31924,0.08297209,23073,0,0
CHEMBL101,0.08297209,23074,0,0
CHEMBL40507,0.08297209,23075,0,0
CHEMBL16003,0.08297209,23076,0,0
CHEMBL18353,0.08297209,23077,0,0
CHEMBL25550,0.08297209,23078,0,0
CHEMBL33676,0.08297209,23079,0,0
CHEMBL37382,0.08297209,23080,0,0
CHEMBL4559969,0.08297209,23081,0,0
CHEMBL24503,0.08297209,23082,0,0
CHEMBL20798,0.08297209,23083,0,0
CHEMBL34446,0.08297209,23084,0,0
CHEMBL14506,0.08297209,23085,0,0
CHEMBL33611,0.08294921,23086,0,0
CHEMBL14530,0.08284763,23087,0,0
CHEMBL21934,0.08284763,23088,0,0
CHEMBL4435745,0.08284763,23089,0,0
CHEMBL23592,0.08284763,23090,0,0
CHEMBL40654,0.08284763,23091,0,0
CHEMBL7141,0.08284763,23092,0,0
CHEMBL37298,0.08284763,23093,0,0
CHEMBL39281,0.08284763,23094,0,0
CHEMBL4553665,0.08284763,23095,0,0
CHEMBL23783,0.08284763,23096,0,0
CHEMBL31798,0.08284763,23097,0,0
CHEMBL31835,0.08284763,23098,0,0
CHEMBL3311306,0.08284763,23099,0,0
CHEMBL18096,0.08284763,23100,0,0
CHEMBL30726,0.08284763,23101,0,0
CHEMBL9868,0.08284763,23102,0,0
CHEMBL19312,0.08284763,23103,0,0
CHEMBL17545,0.08284763,23104,0,0
CHEMBL12896,0.08284763,23105,0,0
CHEMBL27220,0.08284763,23106,0,0
CHEMBL6986,0.08284763,23107,0,0
CHEMBL4436286,0.08284763,23108,0,0
CHEMBL38159,0.08284763,23109,0,0
CHEMBL20964,0.08284763,23110,0,0
CHEMBL23687,0.08284763,23111,0,0
CHEMBL41447,0.08284763,23112,0,0
CHEMBL6346,0.08284763,23113,0,0
CHEMBL41500,0.08284763,23114,0,0
CHEMBL10691,0.08284763,23115,0,0
CHEMBL18506,0.08284763,23116,0,0
CHEMBL1185027,0.08284763,23117,0,0
CHEMBL37729,0.08284763,23118,0,0
CHEMBL19067,0.08284763,23119,0,0
CHEMBL7930,0.08284763,23120,0,0
CHEMBL38929,0.08284763,23121,0,0
CHEMBL4553635,0.08284763,23122,0,0
CHEMBL35444,0.08284763,23123,0,0
CHEMBL444987,0.08284763,23124,0,0
CHEMBL6889,0.08284763,23125,0,0
CHEMBL26274,0.08284763,23126,0,0
CHEMBL41582,0.08284763,23127,0,0
CHEMBL32839,0.08284763,23128,0,0
CHEMBL23062,0.08284763,23129,0,0
CHEMBL1099299,0.08284763,23130,0,0
CHEMBL40773,0.08284763,23131,0,0
CHEMBL16728,0.08284763,23132,0,0
CHEMBL3310935,0.08284763,23133,0,0
CHEMBL17633,0.08284763,23134,0,0
CHEMBL12517,0.08284763,23135,0,0
CHEMBL15179,0.08284763,23136,0,0
CHEMBL25533,0.08284763,23137,0,0
CHEMBL21398,0.08284763,23138,0,0
CHEMBL4434899,0.08284763,23139,0,0
CHEMBL39903,0.08284763,23140,0,0
CHEMBL4543213,0.08284763,23141,0,0
CHEMBL38452,0.08284763,23142,0,0
CHEMBL34777,0.08284763,23143,0,0
CHEMBL31394,0.08284763,23144,0,0
CHEMBL8913,0.08284763,23145,0,0
CHEMBL21750,0.08284763,23146,0,0
CHEMBL27641,0.08284763,23147,0,0
CHEMBL9225,0.08284763,23148,0,0
CHEMBL7663,0.08284763,23149,0,0
CHEMBL4436101,0.08284763,23150,0,0
CHEMBL37640,0.08284763,23151,0,0
CHEMBL34712,0.08284763,23152,0,0
CHEMBL4435618,0.08284763,23153,0,0
CHEMBL19002,0.08284763,23154,0,0
CHEMBL28356,0.08284763,23155,0,0
CHEMBL4435770,0.08284763,23156,0,0
CHEMBL11784,0.08284763,23157,0,0
CHEMBL23120,0.08284763,23158,0,0
CHEMBL4434689,0.08284763,23159,0,0
CHEMBL19630,0.08284763,23160,0,0
CHEMBL7008,0.08284763,23161,0,0
CHEMBL21971,0.08284763,23162,0,0
CHEMBL40293,0.08284763,23163,0,0
CHEMBL15780,0.08284763,23164,0,0
CHEMBL10828,0.08284763,23165,0,0
CHEMBL782,0.08284763,23166,0,0
CHEMBL40742,0.08284763,23167,0,0
CHEMBL37121,0.08284763,23168,0,0
CHEMBL17107,0.08284763,23169,0,0
CHEMBL43731,0.08284763,23170,0,0
CHEMBL34022,0.08284763,23171,0,0
CHEMBL35110,0.08284763,23172,0,0
CHEMBL4543330,0.08284763,23173,0,0
CHEMBL29569,0.08284763,23174,0,0
CHEMBL32624,0.08284763,23175,0,0
CHEMBL39744,0.08284763,23176,0,0
CHEMBL22225,0.08284763,23177,0,0
CHEMBL13802,0.08284763,23178,0,0
CHEMBL438132,0.08284763,23179,0,0
CHEMBL17644,0.08284763,23180,0,0
CHEMBL23202,0.08284763,23181,0,0
CHEMBL36841,0.08284763,23182,0,0
CHEMBL31543,0.08284763,23183,0,0
CHEMBL31554,0.08284763,23184,0,0
CHEMBL28807,0.08284763,23185,0,0
CHEMBL8533,0.08284763,23186,0,0
CHEMBL29950,0.08284763,23187,0,0
CHEMBL30895,0.08284763,23188,0,0
CHEMBL37325,0.08284763,23189,0,0
CHEMBL7985,0.08284763,23190,0,0
CHEMBL25101,0.08284763,23191,0,0
CHEMBL13908,0.08284763,23192,0,0
CHEMBL4116144,0.08284763,23193,0,0
CHEMBL27625,0.08284763,23194,0,0
CHEMBL18958,0.08284763,23195,0,0
CHEMBL7068,0.08284763,23196,0,0
CHEMBL13556,0.08284763,23197,0,0
CHEMBL4435989,0.08284763,23198,0,0
CHEMBL20861,0.08284763,23199,0,0
CHEMBL4543517,0.08284763,23200,0,0
CHEMBL15099,0.08284763,23201,0,0
CHEMBL25136,0.08284763,23202,0,0
CHEMBL21423,0.08284763,23203,0,0
CHEMBL37003,0.08284763,23204,0,0
CHEMBL7516,0.08284763,23205,0,0
CHEMBL24369,0.08284763,23206,0,0
CHEMBL41035,0.08284763,23207,0,0
CHEMBL29360,0.08284763,23208,0,0
CHEMBL31672,0.08284763,23209,0,0
CHEMBL3311542,0.08284763,23210,0,0
CHEMBL10976,0.08284763,23211,0,0
CHEMBL4435517,0.08284763,23212,0,0
CHEMBL19186,0.08284763,23213,0,0
CHEMBL23714,0.08284763,23214,0,0
CHEMBL23831,0.08284763,23215,0,0
CHEMBL32001,0.08284763,23216,0,0
CHEMBL36382,0.08284763,23217,0,0
CHEMBL23965,0.08284763,23218,0,0
CHEMBL33936,0.08284763,23219,0,0
CHEMBL40610,0.08284763,23220,0,0
CHEMBL15998,0.08284763,23221,0,0
CHEMBL4116162,0.08284763,23222,0,0
CHEMBL16605,0.08284763,23223,0,0
CHEMBL8009,0.08284763,23224,0,0
CHEMBL4553581,0.08284763,23225,0,0
CHEMBL37958,0.08284763,23226,0,0
CHEMBL34625,0.08284763,23227,0,0
CHEMBL42764,0.08284763,23228,0,0
CHEMBL31759,0.08284763,23229,0,0
CHEMBL1163489,0.08284763,23230,0,0
CHEMBL38679,0.08284763,23231,0,0
CHEMBL562776,0.08284763,23232,0,0
CHEMBL16219,0.08284763,23233,0,0
CHEMBL14386,0.08282537,23234,0,0
CHEMBL31069,0.08282537,23235,0,0
CHEMBL3309999,0.08282537,23236,0,0
CHEMBL34020,0.08282537,23237,0,0
CHEMBL35760,0.08281324,23238,0,0
CHEMBL35695,0.08277131,23239,0,0
CHEMBL4434662,0.08275319,23240,0,0
CHEMBL17424,0.082717404,23241,0,0
CHEMBL22240,0.082717404,23242,0,0
CHEMBL27173,0.082717404,23243,0,0
CHEMBL32853,0.082717404,23244,0,0
CHEMBL27141,0.082717404,23245,0,0
CHEMBL39995,0.082717404,23246,0,0
CHEMBL30162,0.082717404,23247,0,0
CHEMBL25599,0.082717404,23248,0,0
CHEMBL22720,0.082717404,23249,0,0
CHEMBL40574,0.082717404,23250,0,0
CHEMBL26585,0.082717404,23251,0,0
CHEMBL21627,0.082717404,23252,0,0
CHEMBL6664,0.082717404,23253,0,0
CHEMBL28576,0.082717404,23254,0,0
CHEMBL4435806,0.082707286,23255,0,0
CHEMBL17497,0.082691774,23256,0,0
CHEMBL1092099,0.08268494,23257,0,0
CHEMBL15131,0.08256084,23258,0,0
CHEMBL1221917,0.082527116,23259,0,0
CHEMBL31975,0.08240189,23260,0,0
CHEMBL32699,0.08235474,23261,0,0
CHEMBL38135,0.082335405,23262,0,0
CHEMBL27825,0.08229809,23263,0,0
CHEMBL17090,0.0822041,23264,0,0
CHEMBL11324,0.08211935,23265,0,0
CHEMBL40367,0.08206305,23266,0,0
CHEMBL20353,0.08206305,23267,0,0
CHEMBL36439,0.08206305,23268,0,0
CHEMBL4560010,0.08206305,23269,0,0
CHEMBL40982,0.081892624,23270,0,0
CHEMBL10640,0.08183308,23271,0,0
CHEMBL8328,0.081695475,23272,0,0
CHEMBL531267,0.08163635,23273,0,0
CHEMBL41201,0.08163493,23274,0,0
CHEMBL1163526,0.081609204,23275,0,0
CHEMBL20308,0.081564,23276,0,0
CHEMBL18457,0.081556715,23277,0,0
CHEMBL30007,0.081556715,23278,0,0
CHEMBL4560024,0.08154025,23279,0,0
CHEMBL28087,0.08153311,23280,0,0
CHEMBL26148,0.08151256,23281,0,0
CHEMBL22286,0.08147432,23282,0,0
CHEMBL33694,0.081468344,23283,0,0
CHEMBL20543,0.081386894,23284,0,0
CHEMBL4435737,0.08137011,23285,0,0
CHEMBL4436116,0.0813504,23286,0,0
CHEMBL24781,0.08124369,23287,0,0
CHEMBL1163550,0.08116433,23288,0,0
CHEMBL4435422,0.08115935,23289,0,0
CHEMBL4553554,0.08115935,23290,0,0
CHEMBL13113,0.08115935,23291,0,0
CHEMBL32663,0.08115935,23292,0,0
CHEMBL9012,0.08115935,23293,0,0
CHEMBL37895,0.08115935,23294,0,0
CHEMBL42699,0.08115935,23295,0,0
CHEMBL38646,0.08115935,23296,0,0
CHEMBL11988,0.08114445,23297,0,0
CHEMBL14917,0.08114445,23298,0,0
CHEMBL15924,0.081123084,23299,0,0
CHEMBL33862,0.081110395,23300,0,0
CHEMBL8247,0.08110491,23301,0,0
CHEMBL4435943,0.080887824,23302,0,0
CHEMBL29342,0.080887824,23303,0,0
CHEMBL3310441,0.080887824,23304,0,0
CHEMBL25770,0.08085958,23305,0,0
CHEMBL32591,0.08085026,23306,0,0
CHEMBL4436590,0.08082601,23307,0,0
CHEMBL18883,0.08082601,23308,0,0
CHEMBL4436391,0.080815926,23309,0,0
CHEMBL9891,0.08078653,23310,0,0
CHEMBL18280,0.080749504,23311,0,0
CHEMBL502296,0.08074803,23312,0,0
CHEMBL8926,0.08071976,23313,0,0
CHEMBL11367,0.08071976,23314,0,0
CHEMBL16212,0.08070455,23315,0,0
CHEMBL14714,0.08070455,23316,0,0
CHEMBL20016,0.08070455,23317,0,0
CHEMBL40892,0.08069685,23318,0,0
CHEMBL35525,0.08062438,23319,0,0
CHEMBL12099,0.08061308,23320,0,0
CHEMBL26181,0.08061308,23321,0,0
CHEMBL32235,0.08061308,23322,0,0
CHEMBL41450,0.08059356,23323,0,0
CHEMBL24992,0.08058844,23324,0,0
CHEMBL4434785,0.08056778,23325,0,0
CHEMBL42047,0.080553755,23326,0,0
CHEMBL30139,0.08055001,23327,0,0
CHEMBL41383,0.08053919,23328,0,0
CHEMBL39477,0.08052289,23329,0,0
CHEMBL39906,0.080509014,23330,0,0
CHEMBL21679,0.080501236,23331,0,0
CHEMBL3309948,0.080501236,23332,0,0
CHEMBL3309917,0.08048322,23333,0,0
CHEMBL1077021,0.08048322,23334,0,0
CHEMBL19446,0.08048322,23335,0,0
CHEMBL27870,0.08048322,23336,0,0
CHEMBL12255,0.08048322,23337,0,0
CHEMBL21407,0.08048322,23338,0,0
CHEMBL15530,0.08048322,23339,0,0
CHEMBL19398,0.08048322,23340,0,0
CHEMBL19100,0.08048322,23341,0,0
CHEMBL37423,0.08048322,23342,0,0
CHEMBL38388,0.08048322,23343,0,0
CHEMBL18303,0.08048322,23344,0,0
CHEMBL4435834,0.08048322,23345,0,0
CHEMBL24324,0.08048322,23346,0,0
CHEMBL6790,0.08048322,23347,0,0
CHEMBL41327,0.08048322,23348,0,0
CHEMBL9381,0.08048322,23349,0,0
CHEMBL33571,0.08048322,23350,0,0
CHEMBL13967,0.08046813,23351,0,0
CHEMBL25394,0.0804117,23352,0,0
CHEMBL4435807,0.080341,23353,0,0
CHEMBL31824,0.08030702,23354,0,0
CHEMBL39614,0.08030702,23355,0,0
CHEMBL34597,0.08030702,23356,0,0
CHEMBL34147,0.08030702,23357,0,0
CHEMBL28082,0.08030702,23358,0,0
CHEMBL17053,0.08030702,23359,0,0
CHEMBL39628,0.080263816,23360,0,0
CHEMBL12535,0.080205,23361,0,0
CHEMBL39084,0.080205,23362,0,0
CHEMBL4436139,0.080205,23363,0,0
CHEMBL27085,0.080205,23364,0,0
CHEMBL31680,0.080205,23365,0,0
CHEMBL8550,0.08019761,23366,0,0
CHEMBL3310517,0.08011287,23367,0,0
CHEMBL41526,0.080089815,23368,0,0
CHEMBL39032,0.08008272,23369,0,0
CHEMBL39114,0.08008272,23370,0,0
CHEMBL19874,0.08008272,23371,0,0
CHEMBL33879,0.08008272,23372,0,0
CHEMBL13469,0.0800447,23373,0,0
CHEMBL10042,0.0800447,23374,0,0
CHEMBL34875,0.0800447,23375,0,0
CHEMBL16020,0.0800447,23376,0,0
CHEMBL40008,0.0800447,23377,0,0
CHEMBL42176,0.0800447,23378,0,0
CHEMBL18655,0.0800447,23379,0,0
CHEMBL18279,0.0800447,23380,0,0
CHEMBL28105,0.0800447,23381,0,0
CHEMBL20379,0.08001284,23382,0,0
CHEMBL14706,0.07994344,23383,0,0
CHEMBL4436441,0.079902016,23384,0,0
CHEMBL34603,0.079902016,23385,0,0
CHEMBL20933,0.07988644,23386,0,0
CHEMBL13135,0.07983363,23387,0,0
CHEMBL41801,0.0798334,23388,0,0
CHEMBL7397,0.07981425,23389,0,0
CHEMBL38638,0.07978688,23390,0,0
CHEMBL37376,0.079784654,23391,0,0
CHEMBL18984,0.079784654,23392,0,0
CHEMBL36865,0.079784654,23393,0,0
CHEMBL41919,0.079784654,23394,0,0
CHEMBL6834,0.079784654,23395,0,0
CHEMBL43827,0.079784654,23396,0,0
CHEMBL411601,0.079784654,23397,0,0
CHEMBL32204,0.079784654,23398,0,0
CHEMBL3309922,0.079784654,23399,0,0
CHEMBL17514,0.079784654,23400,0,0
CHEMBL19274,0.07978066,23401,0,0
CHEMBL30530,0.07978066,23402,0,0
CHEMBL27429,0.07978066,23403,0,0
CHEMBL443886,0.07975113,23404,0,0
CHEMBL38978,0.079687774,23405,0,0
CHEMBL6914,0.079687774,23406,0,0
CHEMBL3309965,0.079687774,23407,0,0
CHEMBL7205,0.079687774,23408,0,0
CHEMBL4543190,0.079687774,23409,0,0
CHEMBL7051,0.079687774,23410,0,0
CHEMBL6315,0.079687774,23411,0,0
CHEMBL38574,0.079687774,23412,0,0
CHEMBL7084,0.079687774,23413,0,0
CHEMBL18940,0.079687774,23414,0,0
CHEMBL12036,0.079687774,23415,0,0
CHEMBL21027,0.079687774,23416,0,0
CHEMBL7223,0.079687774,23417,0,0
CHEMBL7262,0.079687774,23418,0,0
CHEMBL11791,0.079687774,23419,0,0
CHEMBL3310267,0.079687774,23420,0,0
CHEMBL31252,0.079687774,23421,0,0
CHEMBL38990,0.079687774,23422,0,0
CHEMBL11687,0.079687774,23423,0,0
CHEMBL7967,0.079687774,23424,0,0
CHEMBL39315,0.079687774,23425,0,0
CHEMBL38480,0.079687774,23426,0,0
CHEMBL34682,0.079687774,23427,0,0
CHEMBL11920,0.079687774,23428,0,0
CHEMBL23217,0.079687774,23429,0,0
CHEMBL582415,0.079687774,23430,0,0
CHEMBL7343,0.079687774,23431,0,0
CHEMBL37471,0.079687774,23432,0,0
CHEMBL32017,0.079687774,23433,0,0
CHEMBL11921,0.079687774,23434,0,0
CHEMBL18911,0.079687774,23435,0,0
CHEMBL266902,0.079687774,23436,0,0
CHEMBL42971,0.079687774,23437,0,0
CHEMBL23974,0.0796375,23438,0,0
CHEMBL30933,0.0796375,23439,0,0
CHEMBL33295,0.079534926,23440,0,0
CHEMBL15123,0.079474516,23441,0,0
CHEMBL3309814,0.079474516,23442,0,0
CHEMBL27578,0.079474516,23443,0,0
CHEMBL40404,0.07944329,23444,0,0
CHEMBL40583,0.07939196,23445,0,0
CHEMBL42949,0.079228565,23446,0,0
CHEMBL6708,0.07922457,23447,0,0
CHEMBL30280,0.07922457,23448,0,0
CHEMBL41246,0.07922457,23449,0,0
CHEMBL16441,0.07922457,23450,0,0
CHEMBL26417,0.07922457,23451,0,0
CHEMBL6857,0.07922457,23452,0,0
CHEMBL24983,0.07922457,23453,0,0
CHEMBL15942,0.07922457,23454,0,0
CHEMBL34568,0.07922457,23455,0,0
CHEMBL30964,0.07922457,23456,0,0
CHEMBL4436087,0.07922457,23457,0,0
CHEMBL29381,0.07922457,23458,0,0
CHEMBL13255,0.07922457,23459,0,0
CHEMBL13617,0.07922457,23460,0,0
CHEMBL41405,0.07922457,23461,0,0
CHEMBL23256,0.07922379,23462,0,0
CHEMBL12859,0.07921123,23463,0,0
CHEMBL14553,0.079131365,23464,0,0
CHEMBL15633,0.079131365,23465,0,0
CHEMBL30654,0.07905769,23466,0,0
CHEMBL1208314,0.07899155,23467,0,0
CHEMBL3310136,0.07896699,23468,0,0
CHEMBL9946,0.07895943,23469,0,0
CHEMBL30809,0.07895943,23470,0,0
CHEMBL41169,0.07894038,23471,0,0
CHEMBL12233,0.07892356,23472,0,0
CHEMBL25000,0.07892356,23473,0,0
CHEMBL38947,0.078919455,23474,0,0
CHEMBL32844,0.07887993,23475,0,0
CHEMBL10336,0.07886305,23476,0,0
CHEMBL38701,0.078859456,23477,0,0
CHEMBL27129,0.0788455,23478,0,0
CHEMBL18205,0.07883144,23479,0,0
CHEMBL14052,0.07883144,23480,0,0
CHEMBL29898,0.07874814,23481,0,0
CHEMBL22524,0.07874814,23482,0,0
CHEMBL36395,0.07874814,23483,0,0
CHEMBL11382,0.078677215,23484,0,0
CHEMBL17946,0.078677215,23485,0,0
CHEMBL30998,0.078677215,23486,0,0
CHEMBL9790,0.078677215,23487,0,0
CHEMBL20702,0.078677215,23488,0,0
CHEMBL31742,0.078677215,23489,0,0
CHEMBL17273,0.078664474,23490,0,0
CHEMBL4436165,0.078664474,23491,0,0
CHEMBL26161,0.078664474,23492,0,0
CHEMBL29165,0.078664474,23493,0,0
CHEMBL40072,0.078664474,23494,0,0
CHEMBL37789,0.078664474,23495,0,0
CHEMBL65,0.078664474,23496,0,0
CHEMBL19559,0.078664474,23497,0,0
CHEMBL3309947,0.07866033,23498,0,0
CHEMBL4115941,0.07865235,23499,0,0
CHEMBL24054,0.07865235,23500,0,0
CHEMBL27335,0.07865235,23501,0,0
CHEMBL24067,0.07865235,23502,0,0
CHEMBL28376,0.07863101,23503,0,0
CHEMBL17142,0.07862374,23504,0,0
CHEMBL43581,0.07859841,23505,0,0
CHEMBL17082,0.078560345,23506,0,0
CHEMBL42528,0.078493305,23507,0,0
CHEMBL23633,0.078493305,23508,0,0
CHEMBL4543324,0.07844677,23509,0,0
CHEMBL19200,0.078411445,23510,0,0
CHEMBL31437,0.07840104,23511,0,0
CHEMBL41391,0.07840104,23512,0,0
CHEMBL9573,0.07840104,23513,0,0
CHEMBL16532,0.07840104,23514,0,0
CHEMBL24341,0.07840104,23515,0,0
CHEMBL29023,0.07840104,23516,0,0
CHEMBL3309648,0.07840104,23517,0,0
CHEMBL17581,0.078385316,23518,0,0
CHEMBL3311125,0.07835934,23519,0,0
CHEMBL40292,0.078346,23520,0,0
CHEMBL34915,0.07833211,23521,0,0
CHEMBL26471,0.07822263,23522,0,0
CHEMBL23422,0.07822263,23523,0,0
CHEMBL38451,0.07822263,23524,0,0
CHEMBL10449,0.07821117,23525,0,0
CHEMBL28620,0.07820607,23526,0,0
CHEMBL26980,0.07817206,23527,0,0
CHEMBL14576,0.07817206,23528,0,0
CHEMBL16236,0.07817206,23529,0,0
CHEMBL28435,0.07817206,23530,0,0
CHEMBL21187,0.07817206,23531,0,0
CHEMBL25478,0.078151576,23532,0,0
CHEMBL1092443,0.07813222,23533,0,0
CHEMBL16305,0.07813222,23534,0,0
CHEMBL12652,0.07813222,23535,0,0
CHEMBL38786,0.07810872,23536,0,0
CHEMBL1779379,0.07810872,23537,0,0
CHEMBL6710,0.07810872,23538,0,0
CHEMBL29115,0.07810872,23539,0,0
CHEMBL19747,0.07810535,23540,0,0
CHEMBL38674,0.07808717,23541,0,0
CHEMBL22329,0.07804664,23542,0,0
CHEMBL7844,0.07804664,23543,0,0
CHEMBL36312,0.07803184,23544,0,0
CHEMBL9880,0.07789935,23545,0,0
CHEMBL39330,0.07784636,23546,0,0
CHEMBL18806,0.07783735,23547,0,0
CHEMBL14716,0.07783735,23548,0,0
CHEMBL32873,0.07783735,23549,0,0
CHEMBL8331,0.07783735,23550,0,0
CHEMBL1163134,0.07783735,23551,0,0
CHEMBL25783,0.07778325,23552,0,0
CHEMBL13817,0.07778243,23553,0,0
CHEMBL18310,0.07773169,23554,0,0
CHEMBL4543394,0.07767236,23555,0,0
CHEMBL11853,0.07762718,23556,0,0
CHEMBL21238,0.077517316,23557,0,0
CHEMBL9417,0.077468604,23558,0,0
CHEMBL11796,0.077454,23559,0,0
CHEMBL18866,0.077454,23560,0,0
CHEMBL22879,0.077454,23561,0,0
CHEMBL4436558,0.077454,23562,0,0
CHEMBL42770,0.077454,23563,0,0
CHEMBL16195,0.077454,23564,0,0
CHEMBL11820,0.077454,23565,0,0
CHEMBL15174,0.077454,23566,0,0
CHEMBL40167,0.077454,23567,0,0
CHEMBL31653,0.077454,23568,0,0
CHEMBL16526,0.077454,23569,0,0
CHEMBL34044,0.077454,23570,0,0
CHEMBL7403,0.077454,23571,0,0
CHEMBL20466,0.077454,23572,0,0
CHEMBL11724,0.077454,23573,0,0
CHEMBL3311043,0.077454,23574,0,0
CHEMBL23219,0.077454,23575,0,0
CHEMBL11710,0.077454,23576,0,0
CHEMBL42200,0.077454,23577,0,0
CHEMBL30589,0.077454,23578,0,0
CHEMBL3309662,0.077454,23579,0,0
CHEMBL31610,0.077454,23580,0,0
CHEMBL25220,0.077454,23581,0,0
CHEMBL39269,0.077454,23582,0,1
CHEMBL6637,0.077454,23583,0,0
CHEMBL37043,0.077421315,23584,0,0
CHEMBL3309998,0.07740996,23585,0,0
CHEMBL7690,0.07740996,23586,0,0
CHEMBL29843,0.07739562,23587,0,0
CHEMBL14212,0.077349976,23588,0,0
CHEMBL20445,0.07731612,23589,0,0
CHEMBL4435326,0.07731369,23590,0,0
CHEMBL13337,0.07723848,23591,0,0
CHEMBL1186537,0.07720161,23592,0,0
CHEMBL4560015,0.07720161,23593,0,0
CHEMBL21830,0.07720161,23594,0,0
CHEMBL4116146,0.07720161,23595,0,0
CHEMBL587,0.07720161,23596,0,0
CHEMBL21753,0.07714555,23597,0,0
CHEMBL20282,0.0771446,23598,0,0
CHEMBL502072,0.0771446,23599,0,0
CHEMBL4435573,0.077141725,23600,0,0
CHEMBL24532,0.077141725,23601,0,0
CHEMBL28239,0.07713972,23602,0,0
CHEMBL3309982,0.077088825,23603,0,0
CHEMBL14726,0.07708879,23604,0,0
CHEMBL38636,0.07708287,23605,0,0
CHEMBL21952,0.07708287,23606,0,0
CHEMBL12925,0.07708287,23607,0,0
CHEMBL14558,0.07708287,23608,0,0
CHEMBL20851,0.07706609,23609,0,0
CHEMBL13597,0.07706609,23610,0,0
CHEMBL21931,0.07704487,23611,0,0
CHEMBL26310,0.07698752,23612,0,0
CHEMBL17112,0.07698752,23613,0,0
CHEMBL22005,0.07698752,23614,0,0
CHEMBL8008,0.07698752,23615,0,0
CHEMBL4435557,0.07698752,23616,0,0
CHEMBL2448327,0.076949865,23617,0,0
CHEMBL18840,0.076949865,23618,0,0
CHEMBL4553679,0.076949865,23619,0,0
CHEMBL27584,0.076949865,23620,0,0
CHEMBL12583,0.076949865,23621,0,0
CHEMBL19064,0.076949865,23622,0,0
CHEMBL34425,0.07694898,23623,0,0
CHEMBL20418,0.07692988,23624,0,0
CHEMBL7050,0.07688317,23625,0,0
CHEMBL3310469,0.07686635,23626,0,0
CHEMBL39020,0.07685227,23627,0,0
CHEMBL3309651,0.07681487,23628,0,0
CHEMBL33074,0.07681487,23629,0,0
CHEMBL4434711,0.07681487,23630,0,0
CHEMBL41694,0.076776296,23631,0,0
CHEMBL4434835,0.07673583,23632,0,0
CHEMBL108,0.07673583,23633,0,0
CHEMBL10588,0.07666917,23634,0,0
CHEMBL37240,0.07664656,23635,0,0
CHEMBL38727,0.07659843,23636,0,0
CHEMBL3311318,0.076582626,23637,0,0
CHEMBL17577,0.076582626,23638,0,0
CHEMBL16562,0.076582626,23639,0,0
CHEMBL19870,0.076582626,23640,0,0
CHEMBL33261,0.07654044,23641,0,0
CHEMBL22176,0.07646814,23642,0,0
CHEMBL36029,0.07646814,23643,0,0
CHEMBL3310042,0.07640535,23644,0,0
CHEMBL32807,0.07640535,23645,0,0
CHEMBL37314,0.07640535,23646,0,0
CHEMBL23024,0.07640535,23647,0,0
CHEMBL28699,0.07640535,23648,0,0
CHEMBL27362,0.07640535,23649,0,0
CHEMBL29541,0.07640535,23650,0,0
CHEMBL22895,0.07640535,23651,0,0
CHEMBL8932,0.07637009,23652,0,0
CHEMBL35653,0.076264285,23653,0,0
CHEMBL7810,0.07618668,23654,0,0
CHEMBL40474,0.07618221,23655,0,0
CHEMBL33794,0.07618221,23656,0,0
CHEMBL25528,0.07617453,23657,0,0
CHEMBL32358,0.07617453,23658,0,0
CHEMBL540647,0.07615379,23659,0,0
CHEMBL20274,0.07614901,23660,0,0
CHEMBL23220,0.07611656,23661,0,0
CHEMBL15850,0.07611656,23662,0,0
CHEMBL8633,0.07611656,23663,0,0
CHEMBL12706,0.07601367,23664,0,0
CHEMBL571980,0.07601367,23665,0,0
CHEMBL38729,0.07587794,23666,0,0
CHEMBL9953,0.07587794,23667,0,0
CHEMBL16393,0.0758657,23668,0,0
CHEMBL8708,0.07577744,23669,0,0
CHEMBL22762,0.07559459,23670,0,0
CHEMBL3310289,0.07556665,23671,0,0
CHEMBL17854,0.0755183,23672,0,0
CHEMBL9726,0.07550792,23673,0,0
CHEMBL15957,0.07550792,23674,0,0
CHEMBL17131,0.0754752,23675,0,0
CHEMBL34087,0.075422,23676,0,0
CHEMBL37615,0.07541006,23677,0,0
CHEMBL21265,0.07530834,23678,0,0
CHEMBL4543377,0.07529114,23679,0,0
CHEMBL4116126,0.0752253,23680,0,0
CHEMBL41414,0.0752253,23681,0,0
CHEMBL3310147,0.07521606,23682,0,0
CHEMBL27591,0.07520326,23683,0,0
CHEMBL3311389,0.07511634,23684,0,0
CHEMBL33508,0.07511634,23685,0,0
CHEMBL27735,0.07511634,23686,0,0
CHEMBL27320,0.07510901,23687,0,0
CHEMBL11017,0.07510901,23688,0,0
CHEMBL6778,0.0750992,23689,0,0
CHEMBL35050,0.0750992,23690,0,0
CHEMBL14071,0.07508472,23691,0,0
CHEMBL29743,0.07507072,23692,0,0
CHEMBL27492,0.07506336,23693,0,0
CHEMBL3310160,0.07506336,23694,0,0
CHEMBL418,0.07503639,23695,0,0
CHEMBL3309465,0.07503639,23696,0,0
CHEMBL36761,0.07503639,23697,0,0
CHEMBL21731,0.07501458,23698,0,0
CHEMBL28058,0.07495746,23699,0,0
CHEMBL8535,0.07495746,23700,0,0
CHEMBL34119,0.07491277,23701,0,0
CHEMBL16241,0.074909896,23702,0,0
CHEMBL7710,0.07488076,23703,0,0
CHEMBL16695,0.07485897,23704,0,0
CHEMBL41007,0.07478334,23705,0,0
CHEMBL24825,0.07475051,23706,0,0
CHEMBL14865,0.07475051,23707,0,0
CHEMBL26493,0.074688755,23708,0,0
CHEMBL40333,0.074688755,23709,0,0
CHEMBL11700,0.07467389,23710,0,0
CHEMBL23767,0.07460182,23711,0,0
CHEMBL7186,0.074588686,23712,0,0
CHEMBL6608,0.07453543,23713,0,0
CHEMBL4553677,0.07451163,23714,0,0
CHEMBL4435586,0.07445766,23715,0,0
CHEMBL9971,0.07443885,23716,0,0
CHEMBL37373,0.07441748,23717,0,0
CHEMBL7137,0.07441003,23718,0,0
CHEMBL28065,0.074388884,23719,0,0
CHEMBL38750,0.07433829,23720,0,0
CHEMBL1163464,0.07430187,23721,0,0
CHEMBL25241,0.07423266,23722,0,0
CHEMBL35042,0.07423266,23723,0,0
CHEMBL8469,0.07423266,23724,0,0
CHEMBL27733,0.07423266,23725,0,0
CHEMBL32527,0.07420293,23726,0,0
CHEMBL34383,0.07411105,23727,0,0
CHEMBL24374,0.07411105,23728,0,0
CHEMBL9027,0.07411105,23729,0,0
CHEMBL39974,0.07411105,23730,0,0
CHEMBL21863,0.07411105,23731,0,0
CHEMBL32205,0.07411105,23732,0,0
CHEMBL14777,0.07411105,23733,0,0
CHEMBL17229,0.07411105,23734,0,0
CHEMBL3311523,0.07410573,23735,0,0
CHEMBL18318,0.074060336,23736,0,0
CHEMBL39576,0.07404814,23737,0,0
CHEMBL21929,0.07404814,23738,0,0
CHEMBL34442,0.07404814,23739,0,0
CHEMBL38905,0.07404814,23740,0,0
CHEMBL30930,0.07404814,23741,0,0
CHEMBL33064,0.07404814,23742,0,0
CHEMBL30118,0.074034736,23743,0,0
CHEMBL32127,0.07381721,23744,0,0
CHEMBL15803,0.07381721,23745,0,0
CHEMBL27400,0.07381721,23746,0,0
CHEMBL26445,0.07381721,23747,0,0
CHEMBL24228,0.07377779,23748,0,0
CHEMBL17602,0.07377779,23749,0,0
CHEMBL4435579,0.073772185,23750,0,0
CHEMBL12370,0.073758714,23751,0,0
CHEMBL4435083,0.073758714,23752,0,0
CHEMBL18578,0.073715806,23753,0,0
CHEMBL19304,0.073715806,23754,0,0
CHEMBL24754,0.073715806,23755,0,0
CHEMBL10380,0.073715806,23756,0,0
CHEMBL4436464,0.073715806,23757,0,0
CHEMBL27228,0.073715806,23758,0,0
CHEMBL7083,0.073715806,23759,0,0
CHEMBL609497,0.0736504,23760,0,0
CHEMBL4116084,0.0736504,23761,0,0
CHEMBL42674,0.0736504,23762,0,0
CHEMBL17918,0.0736504,23763,0,0
CHEMBL4435425,0.0736504,23764,0,0
CHEMBL18738,0.0736504,23765,0,0
CHEMBL32236,0.07343296,23766,0,0
CHEMBL12823,0.07339468,23767,0,0
CHEMBL25910,0.07339468,23768,0,0
CHEMBL23930,0.07339468,23769,0,0
CHEMBL33880,0.07339468,23770,0,0
CHEMBL37730,0.07339468,23771,0,0
CHEMBL14989,0.07334025,23772,0,0
CHEMBL4436296,0.073308796,23773,0,0
CHEMBL13121,0.07329213,23774,0,0
CHEMBL9165,0.073252104,23775,0,0
CHEMBL41841,0.0732337,23776,0,0
CHEMBL21915,0.07308418,23777,0,0
CHEMBL22177,0.073053874,23778,0,0
CHEMBL39431,0.073009714,23779,0,0
CHEMBL32955,0.07296562,23780,0,0
CHEMBL27181,0.07296562,23781,0,0
CHEMBL1163440,0.07295637,23782,0,0
CHEMBL6354,0.07295637,23783,0,0
CHEMBL15462,0.07295637,23784,0,0
CHEMBL19115,0.07295637,23785,0,0
CHEMBL33329,0.07295637,23786,0,0
CHEMBL12018,0.07295637,23787,0,0
CHEMBL4436461,0.07295637,23788,0,0
CHEMBL3309962,0.07295637,23789,0,0
CHEMBL22553,0.07295637,23790,0,0
CHEMBL6356,0.07295637,23791,0,0
CHEMBL8949,0.07295637,23792,0,0
CHEMBL21562,0.07295637,23793,0,0
CHEMBL17022,0.07295637,23794,0,0
CHEMBL7285,0.07295637,23795,0,0
CHEMBL23006,0.07295637,23796,0,0
CHEMBL15909,0.07295637,23797,0,0
CHEMBL16349,0.07295637,23798,0,0
CHEMBL37717,0.07295637,23799,0,0
CHEMBL17645,0.07295637,23800,0,0
CHEMBL22945,0.07295637,23801,0,0
CHEMBL37169,0.07295637,23802,0,0
CHEMBL18381,0.07295637,23803,0,0
CHEMBL11778,0.07295637,23804,0,0
CHEMBL9347,0.07295637,23805,0,0
CHEMBL25337,0.07295637,23806,0,0
CHEMBL32426,0.07295637,23807,0,0
CHEMBL11533,0.07295637,23808,0,0
CHEMBL4436402,0.07295637,23809,0,0
CHEMBL32766,0.07295637,23810,0,0
CHEMBL4436007,0.07295637,23811,0,0
CHEMBL13933,0.07295637,23812,0,0
CHEMBL4435994,0.07295637,23813,0,0
CHEMBL19726,0.07295637,23814,0,0
CHEMBL20413,0.07295637,23815,0,0
CHEMBL36113,0.07295637,23816,0,0
CHEMBL18413,0.07295637,23817,0,0
CHEMBL26449,0.07295637,23818,0,0
CHEMBL264478,0.07295637,23819,0,0
CHEMBL19272,0.07295637,23820,0,0
CHEMBL18750,0.07295637,23821,0,0
CHEMBL18833,0.07295637,23822,0,0
CHEMBL12143,0.07295637,23823,0,0
CHEMBL18765,0.07295637,23824,0,0
CHEMBL6819,0.07295637,23825,0,0
CHEMBL38140,0.07295637,23826,0,0
CHEMBL7411,0.07295637,23827,0,0
CHEMBL11899,0.07295637,23828,0,0
CHEMBL33607,0.07295637,23829,0,0
CHEMBL4436123,0.07295637,23830,0,0
CHEMBL32464,0.07295637,23831,0,0
CHEMBL3309386,0.07295637,23832,0,0
CHEMBL3309384,0.07295637,23833,0,0
CHEMBL16965,0.07295637,23834,0,0
CHEMBL18564,0.07295637,23835,0,0
CHEMBL20629,0.07295637,23836,0,0
CHEMBL3311247,0.07295637,23837,0,0
CHEMBL21788,0.07295637,23838,0,0
CHEMBL31163,0.07295637,23839,0,0
CHEMBL568973,0.07294463,23840,0,0
CHEMBL3310471,0.072913796,23841,0,0
CHEMBL4543283,0.07289182,23842,0,0
CHEMBL22037,0.07285499,23843,0,0
CHEMBL568607,0.072847165,23844,0,0
CHEMBL27371,0.072841704,23845,0,0
CHEMBL3311150,0.0727877,23846,0,0
CHEMBL36785,0.0727877,23847,0,0
CHEMBL10376,0.07275874,23848,0,0
CHEMBL8920,0.07268418,23849,0,0
CHEMBL36151,0.07268105,23850,0,0
CHEMBL38512,0.07267084,23851,0,0
CHEMBL37872,0.07266909,23852,0,0
CHEMBL20641,0.07252807,23853,0,0
CHEMBL40089,0.07252807,23854,0,0
CHEMBL20830,0.07252807,23855,0,0
CHEMBL4553643,0.072496094,23856,0,0
CHEMBL9257,0.072496094,23857,0,0
CHEMBL13938,0.072496094,23858,0,0
CHEMBL34983,0.072496094,23859,0,0
CHEMBL23298,0.072496094,23860,0,0
CHEMBL12833,0.072496094,23861,0,0
CHEMBL39824,0.07244981,23862,0,0
CHEMBL31332,0.07242636,23863,0,0
CHEMBL42855,0.07242636,23864,0,0
CHEMBL33732,0.07242636,23865,0,0
CHEMBL18621,0.07242636,23866,0,0
CHEMBL36100,0.07242636,23867,0,0
CHEMBL29570,0.07242636,23868,0,0
CHEMBL6950,0.07242636,23869,0,0
CHEMBL40972,0.072419986,23870,0,0
CHEMBL27353,0.072419986,23871,0,0
CHEMBL13285,0.072419986,23872,0,0
CHEMBL28449,0.072419986,23873,0,0
CHEMBL31295,0.07236724,23874,0,0
CHEMBL28179,0.07236724,23875,0,0
CHEMBL21540,0.07233926,23876,0,0
CHEMBL30396,0.07233926,23877,0,0
CHEMBL3309447,0.07233926,23878,0,0
CHEMBL34011,0.07229704,23879,0,0
CHEMBL592162,0.072265826,23880,0,0
CHEMBL14243,0.072265826,23881,0,0
CHEMBL33745,0.07224874,23882,0,0
CHEMBL24837,0.07224874,23883,0,0
CHEMBL25132,0.07224874,23884,0,0
CHEMBL8267,0.07224874,23885,0,0
CHEMBL38345,0.0722464,23886,0,0
CHEMBL7549,0.0722464,23887,0,0
CHEMBL3309913,0.0722464,23888,0,0
CHEMBL4435760,0.07217799,23889,0,0
CHEMBL8179,0.07215621,23890,0,0
CHEMBL4543238,0.072148316,23891,0,0
CHEMBL3310427,0.072148316,23892,0,0
CHEMBL39263,0.07212275,23893,0,0
CHEMBL4434958,0.07208737,23894,0,0
CHEMBL4543372,0.07208421,23895,0,0
CHEMBL29129,0.072021864,23896,0,0
CHEMBL36518,0.072021864,23897,0,0
CHEMBL37060,0.072021864,23898,0,0
CHEMBL154818,0.072021864,23899,0,0
CHEMBL19006,0.072021864,23900,0,0
CHEMBL6296,0.072021864,23901,0,0
CHEMBL9747,0.072021864,23902,0,0
CHEMBL10819,0.07199574,23903,0,0
CHEMBL15350,0.07199574,23904,0,0
CHEMBL15065,0.07199574,23905,0,0
CHEMBL31853,0.07199574,23906,0,0
CHEMBL24227,0.07184974,23907,0,0
CHEMBL16788,0.071847595,23908,0,0
CHEMBL41259,0.07183683,23909,0,0
CHEMBL8003,0.07183683,23910,0,0
CHEMBL4434885,0.07183683,23911,0,0
CHEMBL12926,0.07183683,23912,0,0
CHEMBL8585,0.07183683,23913,0,0
CHEMBL3309545,0.07183683,23914,0,0
CHEMBL27309,0.07183683,23915,0,0
CHEMBL15669,0.07183683,23916,0,0
CHEMBL6246,0.07183683,23917,0,0
CHEMBL3311524,0.07183683,23918,0,0
CHEMBL3309647,0.07183683,23919,0,0
CHEMBL10391,0.07183683,23920,0,0
CHEMBL10846,0.07183683,23921,0,0
CHEMBL18198,0.071776256,23922,0,0
CHEMBL25605,0.071776256,23923,0,0
CHEMBL30419,0.071776256,23924,0,0
CHEMBL32596,0.071763106,23925,0,0
CHEMBL4436447,0.071749605,23926,0,0
CHEMBL24240,0.0717433,23927,0,0
CHEMBL21232,0.07168675,23928,0,0
CHEMBL35465,0.07163265,23929,0,0
CHEMBL29449,0.071600266,23930,0,0
CHEMBL11760,0.071596876,23931,0,0
CHEMBL31721,0.07157407,23932,0,0
CHEMBL20166,0.07152322,23933,0,0
CHEMBL16819,0.0714848,23934,0,0
CHEMBL12116,0.071469955,23935,0,0
CHEMBL1204421,0.071468264,23936,0,0
CHEMBL457,0.071468264,23937,0,0
CHEMBL6574,0.07136391,23938,0,0
CHEMBL40669,0.071244456,23939,0,0
CHEMBL32344,0.071083024,23940,0,0
CHEMBL31470,0.07106684,23941,0,0
CHEMBL4543349,0.0710548,23942,0,0
CHEMBL31521,0.071046,23943,0,0
CHEMBL36499,0.071046,23944,0,0
CHEMBL609701,0.071046,23945,0,0
CHEMBL25865,0.071046,23946,0,0
CHEMBL38523,0.071046,23947,0,0
CHEMBL21251,0.071046,23948,0,0
CHEMBL23953,0.071046,23949,0,0
CHEMBL31702,0.071018405,23950,0,0
CHEMBL41343,0.071018405,23951,0,0
CHEMBL29212,0.071018405,23952,0,0
CHEMBL22131,0.071018405,23953,0,0
CHEMBL13220,0.071018405,23954,0,0
CHEMBL26807,0.07096144,23955,0,0
CHEMBL25418,0.07096144,23956,0,0
CHEMBL12489,0.07096144,23957,0,0
CHEMBL11377,0.07096144,23958,0,0
CHEMBL383917,0.07096144,23959,0,0
CHEMBL552955,0.07096144,23960,0,0
CHEMBL39960,0.07096144,23961,0,0
CHEMBL26322,0.07096144,23962,0,0
CHEMBL13516,0.07096144,23963,0,0
CHEMBL12029,0.07096144,23964,0,0
CHEMBL4434786,0.07096144,23965,0,0
CHEMBL15685,0.07096144,23966,0,0
CHEMBL37405,0.07096144,23967,0,0
CHEMBL27998,0.07096144,23968,0,0
CHEMBL38043,0.07095852,23969,0,0
CHEMBL27789,0.07085683,23970,0,0
CHEMBL34410,0.07077867,23971,0,0
CHEMBL30236,0.07071979,23972,0,0
CHEMBL8160,0.07070307,23973,0,0
CHEMBL41108,0.070544355,23974,0,0
CHEMBL18793,0.070544355,23975,0,0
CHEMBL17446,0.070544355,23976,0,0
CHEMBL4435772,0.070544355,23977,0,0
CHEMBL36414,0.0705427,23978,0,0
CHEMBL29044,0.0705427,23979,0,0
CHEMBL29160,0.0705427,23980,0,0
CHEMBL34160,0.0705427,23981,0,0
CHEMBL12526,0.0705427,23982,0,0
CHEMBL38065,0.0705427,23983,0,0
CHEMBL12455,0.0705427,23984,0,0
CHEMBL25066,0.0705427,23985,0,0
CHEMBL24491,0.0705427,23986,0,0
CHEMBL39762,0.0705427,23987,0,0
CHEMBL37904,0.0705427,23988,0,0
CHEMBL13593,0.0705427,23989,0,0
CHEMBL41885,0.0705427,23990,0,0
CHEMBL4559968,0.0705427,23991,0,0
CHEMBL42448,0.0705427,23992,0,0
CHEMBL24819,0.0705427,23993,0,0
CHEMBL23494,0.0705427,23994,0,0
CHEMBL28939,0.0705427,23995,0,0
CHEMBL22705,0.0705427,23996,0,0
CHEMBL23191,0.0705427,23997,0,0
CHEMBL1199633,0.0705427,23998,0,0
CHEMBL25520,0.070531756,23999,0,0
CHEMBL28704,0.070471495,24000,0,0
CHEMBL31869,0.07044834,24001,0,0
CHEMBL41753,0.07041947,24002,0,0
CHEMBL13497,0.070292786,24003,0,0
CHEMBL40523,0.070292786,24004,0,0
CHEMBL9132,0.070292786,24005,0,0
CHEMBL14805,0.070292786,24006,0,0
CHEMBL7383,0.070292786,24007,0,0
CHEMBL12460,0.07026688,24008,0,0
CHEMBL6293,0.07026688,24009,0,0
CHEMBL35565,0.07026688,24010,0,0
CHEMBL17339,0.07026688,24011,0,0
CHEMBL3309552,0.07026688,24012,0,0
CHEMBL39188,0.07026688,24013,0,0
CHEMBL4434850,0.07026688,24014,0,0
CHEMBL37604,0.07026688,24015,0,0
CHEMBL4435153,0.07026688,24016,0,0
CHEMBL35493,0.07026688,24017,0,0
CHEMBL15959,0.07026688,24018,0,0
CHEMBL21590,0.07026688,24019,0,0
CHEMBL7276,0.07026688,24020,0,0
CHEMBL27432,0.07026688,24021,0,0
CHEMBL20391,0.07026688,24022,0,0
CHEMBL530004,0.07026688,24023,0,0
CHEMBL22656,0.07026688,24024,0,0
CHEMBL29373,0.07026688,24025,0,0
CHEMBL34146,0.07026688,24026,0,0
CHEMBL24900,0.07026688,24027,0,0
CHEMBL29577,0.07025454,24028,0,0
CHEMBL4435884,0.07019954,24029,0,0
CHEMBL20382,0.070194796,24030,0,0
CHEMBL4435972,0.07016082,24031,0,0
CHEMBL26306,0.07016082,24032,0,0
CHEMBL4436050,0.07016082,24033,0,0
CHEMBL9643,0.07016082,24034,0,0
CHEMBL25336,0.07016082,24035,0,0
CHEMBL20479,0.07016082,24036,0,0
CHEMBL14238,0.07016082,24037,0,0
CHEMBL20359,0.07012664,24038,0,0
CHEMBL11943,0.07010547,24039,0,0
CHEMBL8646,0.07010547,24040,0,0
CHEMBL27676,0.07010547,24041,0,0
CHEMBL32943,0.07010547,24042,0,0
CHEMBL42074,0.07010547,24043,0,0
CHEMBL17064,0.07010547,24044,0,0
CHEMBL4434995,0.07006945,24045,0,0
CHEMBL4434817,0.06997125,24046,0,0
CHEMBL37039,0.06997125,24047,0,0
CHEMBL35822,0.06997125,24048,0,0
CHEMBL29967,0.06988835,24049,0,0
CHEMBL29704,0.06988835,24050,0,0
CHEMBL25196,0.06988835,24051,0,0
CHEMBL6205,0.06988835,24052,0,0
CHEMBL9217,0.06988835,24053,0,0
CHEMBL23512,0.06988835,24054,0,0
CHEMBL15226,0.06988835,24055,0,0
CHEMBL40549,0.06985766,24056,0,0
CHEMBL22143,0.06985149,24057,0,0
CHEMBL24909,0.06985149,24058,0,0
CHEMBL23337,0.06985149,24059,0,0
CHEMBL7925,0.06985149,24060,0,0
CHEMBL4434758,0.06985149,24061,0,0
CHEMBL36828,0.06985149,24062,0,0
CHEMBL38092,0.069827035,24063,0,0
CHEMBL25421,0.069827035,24064,0,0
CHEMBL17349,0.06980604,24065,0,0
CHEMBL25198,0.06980604,24066,0,0
CHEMBL26388,0.06975848,24067,0,0
CHEMBL33888,0.069743894,24068,0,0
CHEMBL40852,0.06972308,24069,0,0
CHEMBL34270,0.06970086,24070,0,0
CHEMBL18804,0.06970086,24071,0,0
CHEMBL36737,0.06970086,24072,0,0
CHEMBL34069,0.06970086,24073,0,0
CHEMBL18308,0.06970086,24074,0,0
CHEMBL10447,0.06970086,24075,0,0
CHEMBL20904,0.06970086,24076,0,0
CHEMBL37018,0.06970086,24077,0,0
CHEMBL32854,0.06970086,24078,0,0
CHEMBL4543415,0.06970086,24079,0,0
CHEMBL13059,0.06970086,24080,0,0
CHEMBL20269,0.06970086,24081,0,0
CHEMBL22014,0.06970086,24082,0,0
CHEMBL22602,0.06970086,24083,0,0
CHEMBL19182,0.06970086,24084,0,0
CHEMBL31768,0.06970086,24085,0,0
CHEMBL18914,0.06970086,24086,0,0
CHEMBL38689,0.06970086,24087,0,0
CHEMBL27148,0.06970086,24088,0,0
CHEMBL27698,0.06970086,24089,0,0
CHEMBL11671,0.06965089,24090,0,0
CHEMBL31815,0.06965089,24091,0,0
CHEMBL25023,0.06965089,24092,0,0
CHEMBL40668,0.06965089,24093,0,0
CHEMBL1076911,0.069636896,24094,0,0
CHEMBL16457,0.069636896,24095,0,0
CHEMBL3309304,0.069512084,24096,0,0
CHEMBL41470,0.06940805,24097,0,0
CHEMBL10033,0.06940805,24098,0,0
CHEMBL41283,0.06940805,24099,0,0
CHEMBL15043,0.06940805,24100,0,0
CHEMBL4435898,0.069387555,24101,0,0
CHEMBL10991,0.069387555,24102,0,0
CHEMBL23394,0.069387555,24103,0,0
CHEMBL25404,0.06938306,24104,0,0
CHEMBL9800,0.06933845,24105,0,0
CHEMBL12877,0.06929907,24106,0,0
CHEMBL15053,0.06928294,24107,0,0
CHEMBL3310016,0.069264844,24108,0,0
CHEMBL11222,0.069264844,24109,0,0
CHEMBL39270,0.069264844,24110,0,0
CHEMBL38614,0.06921683,24111,0,0
CHEMBL28030,0.06916579,24112,0,0
CHEMBL41827,0.06916462,24113,0,0
CHEMBL28782,0.06914378,24114,0,0
CHEMBL4435059,0.06914378,24115,0,0
CHEMBL38266,0.06907545,24116,0,0
CHEMBL40197,0.06907545,24117,0,0
CHEMBL6626,0.06906817,24118,0,0
CHEMBL25195,0.06906817,24119,0,0
CHEMBL12053,0.06906817,24120,0,0
CHEMBL29177,0.06906817,24121,0,0
CHEMBL6470,0.06906817,24122,0,0
CHEMBL4559930,0.06906817,24123,0,0
CHEMBL19654,0.06906817,24124,0,0
CHEMBL20626,0.06903814,24125,0,0
CHEMBL23604,0.069014885,24126,0,0
CHEMBL12822,0.0690035,24127,0,0
CHEMBL23044,0.0690035,24128,0,0
CHEMBL30960,0.0690035,24129,0,0
CHEMBL7586,0.0690035,24130,0,0
CHEMBL4435841,0.0690035,24131,0,0
CHEMBL39939,0.0690035,24132,0,0
CHEMBL33981,0.0690035,24133,0,0
CHEMBL3311311,0.0690035,24134,0,0
CHEMBL40499,0.0690035,24135,0,0
CHEMBL23698,0.068969674,24136,0,0
CHEMBL4436530,0.06889245,24137,0,0
CHEMBL32803,0.06885394,24138,0,0
CHEMBL27378,0.0688289,24139,0,0
CHEMBL26946,0.06879496,24140,0,0
CHEMBL34276,0.06879496,24141,0,0
CHEMBL1200037,0.06879362,24142,0,0
CHEMBL31231,0.0687502,24143,0,0
CHEMBL3309514,0.0687502,24144,0,0
CHEMBL38404,0.06863888,24145,0,0
CHEMBL27887,0.06863888,24146,0,0
CHEMBL19538,0.06863683,24147,0,0
CHEMBL42437,0.06857248,24148,0,0
CHEMBL21341,0.06850251,24149,0,0
CHEMBL22766,0.06850059,24150,0,0
CHEMBL42543,0.06850059,24151,0,0
CHEMBL41861,0.06850059,24152,0,0
CHEMBL28519,0.06850059,24153,0,0
CHEMBL17307,0.06850059,24154,0,0
CHEMBL6545,0.06850059,24155,0,0
CHEMBL1783900,0.06850059,24156,0,0
CHEMBL30212,0.06850059,24157,0,0
CHEMBL21060,0.06850059,24158,0,0
CHEMBL6651,0.06850059,24159,0,0
CHEMBL28742,0.06850059,24160,0,0
CHEMBL3310047,0.06850059,24161,0,0
CHEMBL24490,0.06850059,24162,0,0
CHEMBL22738,0.06850059,24163,0,0
CHEMBL12234,0.06850059,24164,0,0
CHEMBL25160,0.06850059,24165,0,0
CHEMBL3309768,0.06850059,24166,0,0
CHEMBL29615,0.06850059,24167,0,0
CHEMBL16160,0.06850059,24168,0,0
CHEMBL10023,0.06850059,24169,0,0
CHEMBL3309455,0.06850059,24170,0,0
CHEMBL16051,0.06850059,24171,0,0
CHEMBL3309370,0.06850059,24172,0,0
CHEMBL25268,0.06850059,24173,0,0
CHEMBL573919,0.06850059,24174,0,0
CHEMBL38550,0.06850059,24175,0,0
CHEMBL25741,0.06850059,24176,0,0
CHEMBL25733,0.06850059,24177,0,0
CHEMBL25851,0.06850059,24178,0,0
CHEMBL32608,0.06850059,24179,0,0
CHEMBL15231,0.06850059,24180,0,0
CHEMBL39364,0.06850059,24181,0,0
CHEMBL22948,0.06850059,24182,0,0
CHEMBL35361,0.06850059,24183,0,0
CHEMBL19720,0.06850059,24184,0,0
CHEMBL20574,0.06850059,24185,0,0
CHEMBL39041,0.06850059,24186,0,0
CHEMBL19722,0.06850059,24187,0,0
CHEMBL25569,0.06850059,24188,0,0
CHEMBL22834,0.06850059,24189,0,0
CHEMBL35405,0.06850059,24190,0,0
CHEMBL38367,0.06850059,24191,0,0
CHEMBL31224,0.06850059,24192,0,0
CHEMBL4543441,0.06850059,24193,0,0
CHEMBL1163488,0.06850059,24194,0,0
CHEMBL39403,0.06850059,24195,0,0
CHEMBL13932,0.06850059,24196,0,0
CHEMBL39773,0.06850059,24197,0,0
CHEMBL28154,0.06850059,24198,0,0
CHEMBL18374,0.06850059,24199,0,0
CHEMBL23016,0.06850059,24200,0,0
CHEMBL13644,0.06850059,24201,0,0
CHEMBL39724,0.06850059,24202,0,0
CHEMBL4543362,0.06850059,24203,0,0
CHEMBL35747,0.06850059,24204,0,0
CHEMBL9777,0.06850059,24205,0,0
CHEMBL13722,0.06850059,24206,0,0
CHEMBL8889,0.06850059,24207,0,0
CHEMBL13762,0.06850059,24208,0,0
CHEMBL20028,0.06850059,24209,0,0
CHEMBL22458,0.06850059,24210,0,0
CHEMBL10169,0.06850059,24211,0,0
CHEMBL10195,0.06850059,24212,0,0
CHEMBL7305,0.06845565,24213,0,0
CHEMBL15074,0.0684515,24214,0,0
CHEMBL13898,0.06836845,24215,0,0
CHEMBL39162,0.06827761,24216,0,0
CHEMBL14921,0.06827761,24217,0,0
CHEMBL7176,0.06827761,24218,0,0
CHEMBL11350,0.06827761,24219,0,0
CHEMBL27364,0.06827761,24220,0,0
CHEMBL35539,0.06827761,24221,0,0
CHEMBL20739,0.06827761,24222,0,0
CHEMBL11765,0.06827761,24223,0,0
CHEMBL4436425,0.06827761,24224,0,0
CHEMBL19855,0.06827761,24225,0,0
CHEMBL22384,0.06823842,24226,0,0
CHEMBL17513,0.0682237,24227,0,0
CHEMBL4435714,0.06819425,24228,0,0
CHEMBL40113,0.06819425,24229,0,0
CHEMBL11131,0.06819425,24230,0,0
CHEMBL13555,0.06819425,24231,0,0
CHEMBL10762,0.06819425,24232,0,0
CHEMBL3309445,0.06819425,24233,0,0
CHEMBL4435568,0.06812542,24234,0,0
CHEMBL12839,0.068118304,24235,0,0
CHEMBL30689,0.068118304,24236,0,0
CHEMBL28913,0.068118304,24237,0,0
CHEMBL27522,0.068118304,24238,0,0
CHEMBL27485,0.068118304,24239,0,0
CHEMBL42167,0.06805087,24240,0,0
CHEMBL19301,0.06804868,24241,0,0
CHEMBL3309925,0.06802618,24242,0,0
CHEMBL35733,0.068024755,24243,0,0
CHEMBL7111,0.067972265,24244,0,0
CHEMBL35770,0.067972265,24245,0,0
CHEMBL31333,0.067972265,24246,0,0
CHEMBL6791,0.067972265,24247,0,0
CHEMBL37026,0.067972265,24248,0,0
CHEMBL41992,0.067972265,24249,0,0
CHEMBL20491,0.067972265,24250,0,0
CHEMBL39369,0.067972265,24251,0,0
CHEMBL40107,0.067972265,24252,0,0
CHEMBL21246,0.067972265,24253,0,0
CHEMBL30931,0.067972265,24254,0,0
CHEMBL11733,0.067972265,24255,0,0
CHEMBL18916,0.067958705,24256,0,0
CHEMBL39620,0.06793848,24257,0,0
CHEMBL18836,0.06789269,24258,0,0
CHEMBL6606,0.06789269,24259,0,0
CHEMBL33925,0.06781775,24260,0,0
CHEMBL17268,0.06776448,24261,0,0
CHEMBL10505,0.06772546,24262,0,0
CHEMBL25030,0.06772546,24263,0,0
CHEMBL3310414,0.06772546,24264,0,0
CHEMBL25604,0.06771745,24265,0,0
CHEMBL14385,0.06771745,24266,0,0
CHEMBL17014,0.06771745,24267,0,0
CHEMBL4543369,0.06771745,24268,0,0
CHEMBL27769,0.06771745,24269,0,0
CHEMBL35138,0.06762614,24270,0,0
CHEMBL8375,0.06760411,24271,0,0
CHEMBL26611,0.06758431,24272,0,0
CHEMBL24052,0.06758431,24273,0,0
CHEMBL4435630,0.06757313,24274,0,0
CHEMBL34815,0.06757313,24275,0,0
CHEMBL6265,0.06757313,24276,0,0
CHEMBL19551,0.06757313,24277,0,0
CHEMBL40779,0.06757313,24278,0,0
CHEMBL42435,0.06757313,24279,0,0
CHEMBL18102,0.06756267,24280,0,0
CHEMBL35289,0.06756267,24281,0,0
CHEMBL9557,0.06756267,24282,0,0
CHEMBL23289,0.06756267,24283,0,0
CHEMBL37102,0.06756267,24284,0,0
CHEMBL6400,0.067366324,24285,0,0
CHEMBL4435230,0.067334384,24286,0,0
CHEMBL9168,0.06732676,24287,0,0
CHEMBL9517,0.06732676,24288,0,0
CHEMBL4116102,0.06727688,24289,0,0
CHEMBL3310090,0.06723908,24290,0,0
CHEMBL17945,0.067227915,24291,0,0
CHEMBL4434680,0.067227915,24292,0,0
CHEMBL3310335,0.06722383,24293,0,0
CHEMBL3310011,0.06722383,24294,0,0
CHEMBL37165,0.06717586,24295,0,0
CHEMBL4116094,0.06717586,24296,0,0
CHEMBL9043,0.06717586,24297,0,0
CHEMBL14766,0.06717586,24298,0,0
CHEMBL28144,0.06716736,24299,0,0
CHEMBL37191,0.06716736,24300,0,0
CHEMBL27108,0.06715881,24301,0,0
CHEMBL36079,0.06715881,24302,0,0
CHEMBL29964,0.06715881,24303,0,0
CHEMBL3311359,0.06715881,24304,0,0
CHEMBL17392,0.06715881,24305,0,0
CHEMBL6583,0.06715881,24306,0,0
CHEMBL6668,0.06715881,24307,0,0
CHEMBL41356,0.06715881,24308,0,0
CHEMBL37985,0.0671395,24309,0,0
CHEMBL4543277,0.06713502,24310,0,0
CHEMBL28848,0.067066014,24311,0,0
CHEMBL19430,0.066988304,24312,0,0
CHEMBL40276,0.066988304,24313,0,0
CHEMBL3309473,0.066988304,24314,0,0
CHEMBL6952,0.066988304,24315,0,0
CHEMBL18323,0.066988304,24316,0,0
CHEMBL3311537,0.066988304,24317,0,0
CHEMBL14218,0.066988304,24318,0,0
CHEMBL28307,0.066988304,24319,0,0
CHEMBL4560041,0.066988304,24320,0,0
CHEMBL4436242,0.066988304,24321,0,0
CHEMBL18405,0.066988304,24322,0,0
CHEMBL6765,0.066988304,24323,0,0
CHEMBL22118,0.066988304,24324,0,0
CHEMBL7436,0.066988304,24325,0,0
CHEMBL20867,0.066988304,24326,0,0
CHEMBL31015,0.066988304,24327,0,0
CHEMBL7361,0.066988304,24328,0,0
CHEMBL17358,0.066988304,24329,0,0
CHEMBL18816,0.066988304,24330,0,0
CHEMBL23673,0.06689841,24331,0,0
CHEMBL20503,0.06689841,24332,0,0
CHEMBL26426,0.06689841,24333,0,0
CHEMBL573461,0.06689841,24334,0,0
CHEMBL10366,0.06689841,24335,0,0
CHEMBL4436097,0.06689841,24336,0,0
CHEMBL12474,0.06689841,24337,0,0
CHEMBL24636,0.06689841,24338,0,0
CHEMBL3309813,0.06689841,24339,0,0
CHEMBL24535,0.06689841,24340,0,0
CHEMBL28552,0.06689841,24341,0,0
CHEMBL16187,0.06689841,24342,0,0
CHEMBL3309446,0.06689841,24343,0,0
CHEMBL20049,0.06689841,24344,0,0
CHEMBL34662,0.06689841,24345,0,0
CHEMBL27028,0.06689841,24346,0,0
CHEMBL21129,0.06689841,24347,0,0
CHEMBL35918,0.06689841,24348,0,0
CHEMBL18409,0.06689841,24349,0,0
CHEMBL24492,0.06689841,24350,0,0
CHEMBL9492,0.06689841,24351,0,0
CHEMBL1199724,0.06689841,24352,0,0
CHEMBL37190,0.06689841,24353,0,0
CHEMBL4434884,0.06689841,24354,0,0
CHEMBL36625,0.06689841,24355,0,0
CHEMBL15248,0.06689841,24356,0,0
CHEMBL36755,0.06689841,24357,0,0
CHEMBL4436198,0.06689841,24358,0,0
CHEMBL26492,0.06689841,24359,0,0
CHEMBL42193,0.06689841,24360,0,0
CHEMBL35252,0.06689841,24361,0,0
CHEMBL10913,0.06689841,24362,0,0
CHEMBL23316,0.06689841,24363,0,0
CHEMBL155451,0.06689841,24364,0,0
CHEMBL4543281,0.06689841,24365,0,0
CHEMBL17165,0.06689841,24366,0,0
CHEMBL14207,0.06689841,24367,0,0
CHEMBL10657,0.06689841,24368,0,0
CHEMBL1077095,0.06689841,24369,0,0
CHEMBL1163506,0.06689841,24370,0,0
CHEMBL36120,0.06689841,24371,0,0
CHEMBL24700,0.06689841,24372,0,0
CHEMBL31626,0.06689841,24373,0,0
CHEMBL7064,0.06689841,24374,0,0
CHEMBL525996,0.06689841,24375,0,0
CHEMBL7897,0.06689841,24376,0,0
CHEMBL5095029,0.06689841,24377,0,0
CHEMBL155478,0.06689841,24378,0,0
CHEMBL42077,0.06689841,24379,0,0
CHEMBL10463,0.06689841,24380,0,0
CHEMBL4436370,0.06689841,24381,0,0
CHEMBL23863,0.06689841,24382,0,0
CHEMBL1215485,0.06689841,24383,0,0
CHEMBL27834,0.06689841,24384,0,0
CHEMBL4435682,0.06689841,24385,0,0
CHEMBL36711,0.06689841,24386,0,0
CHEMBL34775,0.0668485,24387,0,0
CHEMBL41335,0.06684135,24388,0,0
CHEMBL16385,0.06684135,24389,0,0
CHEMBL27318,0.06673771,24390,0,0
CHEMBL16237,0.06672325,24391,0,0
CHEMBL28667,0.06670121,24392,0,0
CHEMBL25902,0.06670121,24393,0,0
CHEMBL35971,0.06670121,24394,0,0
CHEMBL22826,0.06670121,24395,0,0
CHEMBL503411,0.06669552,24396,0,0
CHEMBL154228,0.06669552,24397,0,0
CHEMBL6603,0.06669552,24398,0,0
CHEMBL1163537,0.06669552,24399,0,0
CHEMBL32936,0.06669552,24400,0,0
CHEMBL24768,0.06665809,24401,0,0
CHEMBL9478,0.06661098,24402,0,0
CHEMBL36327,0.066572376,24403,0,0
CHEMBL41734,0.066527426,24404,0,0
CHEMBL36775,0.066527426,24405,0,0
CHEMBL13895,0.06652446,24406,0,0
CHEMBL570,0.06651351,24407,0,0
CHEMBL22056,0.06650374,24408,0,0
CHEMBL15615,0.06647506,24409,0,0
CHEMBL31981,0.066391826,24410,0,0
CHEMBL18324,0.06637893,24411,0,0
CHEMBL4543320,0.06636542,24412,0,0
CHEMBL41271,0.06636542,24413,0,0
CHEMBL23665,0.06634087,24414,0,0
CHEMBL30174,0.06634087,24415,0,0
CHEMBL33400,0.06634087,24416,0,0
CHEMBL40746,0.06634087,24417,0,0
CHEMBL3311265,0.06634087,24418,0,0
CHEMBL155896,0.06632585,24419,0,0
CHEMBL25476,0.06630143,24420,0,0
CHEMBL9223,0.066144496,24421,0,0
CHEMBL40916,0.06611985,24422,0,0
CHEMBL22148,0.06603759,24423,0,0
CHEMBL11826,0.06602584,24424,0,0
CHEMBL523218,0.066016115,24425,0,0
CHEMBL12009,0.066016115,24426,0,0
CHEMBL3311086,0.06601149,24427,0,0
CHEMBL13405,0.06601149,24428,0,0
CHEMBL27846,0.065999866,24429,0,0
CHEMBL31368,0.065999866,24430,0,0
CHEMBL9579,0.065999866,24431,0,0
CHEMBL22573,0.065999866,24432,0,0
CHEMBL29306,0.065999866,24433,0,0
CHEMBL17789,0.065999866,24434,0,0
CHEMBL13815,0.065999866,24435,0,0
CHEMBL22026,0.065999866,24436,0,0
CHEMBL15887,0.065999866,24437,0,0
CHEMBL35283,0.065999866,24438,0,0
CHEMBL17015,0.065999866,24439,0,0
CHEMBL21252,0.065999866,24440,0,0
CHEMBL42953,0.065999866,24441,0,0
CHEMBL37409,0.065999866,24442,0,0
CHEMBL39173,0.065999866,24443,0,0
CHEMBL18064,0.065999866,24444,0,0
CHEMBL3310003,0.06599137,24445,0,0
CHEMBL19125,0.06596936,24446,0,0
CHEMBL4436262,0.065958284,24447,0,0
CHEMBL4434848,0.06591754,24448,0,0
CHEMBL11976,0.065916024,24449,0,0
CHEMBL20344,0.0658804,24450,0,0
CHEMBL39828,0.06587005,24451,0,0
CHEMBL4435369,0.065856434,24452,0,0
CHEMBL3311118,0.065856434,24453,0,0
CHEMBL39095,0.065795295,24454,0,0
CHEMBL26195,0.065795295,24455,0,0
CHEMBL24797,0.065795295,24456,0,0
CHEMBL40332,0.065795295,24457,0,0
CHEMBL40592,0.065795295,24458,0,0
CHEMBL10119,0.065795295,24459,0,0
CHEMBL34170,0.065795295,24460,0,0
CHEMBL25773,0.065795295,24461,0,0
CHEMBL9371,0.065795295,24462,0,0
CHEMBL3310295,0.065795295,24463,0,0
CHEMBL21797,0.065795295,24464,0,0
CHEMBL4559993,0.065795295,24465,0,0
CHEMBL42943,0.065795295,24466,0,0
CHEMBL21245,0.065795295,24467,0,0
CHEMBL23746,0.065795295,24468,0,0
CHEMBL23691,0.065795295,24469,0,0
CHEMBL25311,0.065795295,24470,0,0
CHEMBL32906,0.06573852,24471,0,0
CHEMBL4435663,0.06573852,24472,0,0
CHEMBL30980,0.06572903,24473,0,0
CHEMBL605173,0.06572578,24474,0,0
CHEMBL12858,0.06572578,24475,0,0
CHEMBL20606,0.06572578,24476,0,0
CHEMBL28394,0.065696605,24477,0,0
CHEMBL39442,0.065696605,24478,0,0
CHEMBL31745,0.06569337,24479,0,0
CHEMBL27291,0.06568559,24480,0,0
CHEMBL33252,0.06568559,24481,0,0
CHEMBL16159,0.06568559,24482,0,0
CHEMBL14937,0.06568559,24483,0,0
CHEMBL35882,0.06568559,24484,0,0
CHEMBL7332,0.06568559,24485,0,0
CHEMBL14643,0.06568559,24486,0,0
CHEMBL20880,0.06568559,24487,0,0
CHEMBL19061,0.06568559,24488,0,0
CHEMBL39792,0.06568559,24489,0,0
CHEMBL27303,0.06568559,24490,0,0
CHEMBL6838,0.06568559,24491,0,0
CHEMBL4116130,0.06568559,24492,0,0
CHEMBL16571,0.06568559,24493,0,0
CHEMBL38143,0.06568559,24494,0,0
CHEMBL813,0.06566034,24495,0,0
CHEMBL4553159,0.06564865,24496,0,0
CHEMBL13920,0.06564865,24497,0,0
CHEMBL18100,0.06564865,24498,0,0
CHEMBL29968,0.06564865,24499,0,0
CHEMBL12728,0.06564865,24500,0,0
CHEMBL39408,0.06564865,24501,0,0
CHEMBL27718,0.06564865,24502,0,0
CHEMBL6564,0.06564865,24503,0,0
CHEMBL12483,0.06564865,24504,0,0
CHEMBL3310654,0.06564865,24505,0,0
CHEMBL32981,0.06564865,24506,0,0
CHEMBL12860,0.06564865,24507,0,0
CHEMBL13561,0.06564865,24508,0,0
CHEMBL40449,0.06564865,24509,0,0
CHEMBL14990,0.06564865,24510,0,0
CHEMBL26949,0.06564865,24511,0,0
CHEMBL13793,0.06564865,24512,0,0
CHEMBL12061,0.06564865,24513,0,0
CHEMBL4435789,0.06563539,24514,0,0
CHEMBL11369,0.06552638,24515,0,0
CHEMBL32425,0.06548111,24516,0,0
CHEMBL3310562,0.065455966,24517,0,0
CHEMBL36916,0.0654164,24518,0,0
CHEMBL30714,0.0654164,24519,0,0
CHEMBL40066,0.0654164,24520,0,0
CHEMBL10483,0.0654164,24521,0,0
CHEMBL29565,0.0654164,24522,0,0
CHEMBL23799,0.0654164,24523,0,0
CHEMBL33488,0.0654164,24524,0,0
CHEMBL26602,0.06532705,24525,0,0
CHEMBL34867,0.06532705,24526,0,0
CHEMBL43757,0.06532705,24527,0,0
CHEMBL4553680,0.06526883,24528,0,0
CHEMBL41149,0.06526883,24529,0,0
CHEMBL36911,0.06526883,24530,0,0
CHEMBL20456,0.06526883,24531,0,0
CHEMBL38332,0.06526883,24532,0,0
CHEMBL36310,0.06526883,24533,0,0
CHEMBL25293,0.06526883,24534,0,0
CHEMBL589825,0.06526883,24535,0,0
CHEMBL39669,0.06526883,24536,0,0
CHEMBL38918,0.06525564,24537,0,0
CHEMBL4435457,0.065228686,24538,0,0
CHEMBL26708,0.06522085,24539,0,0
CHEMBL9167,0.06508323,24540,0,0
CHEMBL12838,0.06497917,24541,0,0
CHEMBL6460,0.06497917,24542,0,0
CHEMBL34538,0.06497917,24543,0,0
CHEMBL28467,0.06492894,24544,0,0
CHEMBL15540,0.064922355,24545,0,0
CHEMBL40030,0.064922355,24546,0,0
CHEMBL42147,0.064922355,24547,0,0
CHEMBL10250,0.06491758,24548,0,0
CHEMBL4436239,0.06490012,24549,0,0
CHEMBL37452,0.06490012,24550,0,0
CHEMBL11579,0.06479483,24551,0,0
CHEMBL27177,0.06479483,24552,0,0
CHEMBL6957,0.06479483,24553,0,0
CHEMBL11386,0.06479483,24554,0,0
CHEMBL33314,0.06479483,24555,0,0
CHEMBL26653,0.06479483,24556,0,0
CHEMBL34995,0.06474092,24557,0,0
CHEMBL9170,0.06468571,24558,0,0
CHEMBL4436084,0.06463089,24559,0,0
CHEMBL33575,0.06463089,24560,0,0
CHEMBL3310088,0.064619124,24561,0,0
CHEMBL29728,0.064619124,24562,0,0
CHEMBL14061,0.064619124,24563,0,0
CHEMBL3310018,0.064619124,24564,0,0
CHEMBL3310409,0.064619124,24565,0,0
CHEMBL14220,0.064619124,24566,0,0
CHEMBL14911,0.064619124,24567,0,0
CHEMBL39278,0.064512074,24568,0,0
CHEMBL25201,0.064438134,24569,0,0
CHEMBL10855,0.064438134,24570,0,0
CHEMBL8295,0.064427204,24571,0,0
CHEMBL29396,0.06442077,24572,0,0
CHEMBL22943,0.06436027,24573,0,0
CHEMBL72,0.06436027,24574,0,0
CHEMBL24888,0.06436027,24575,0,0
CHEMBL14929,0.06436027,24576,0,0
CHEMBL12731,0.06436027,24577,0,0
CHEMBL33214,0.064347535,24578,0,0
CHEMBL1165423,0.064347535,24579,0,0
CHEMBL15630,0.064347535,24580,0,0
CHEMBL36786,0.06426333,24581,0,0
CHEMBL27358,0.064222865,24582,0,0
CHEMBL18078,0.06422269,24583,0,0
CHEMBL26376,0.06422269,24584,0,0
CHEMBL33236,0.06422269,24585,0,0
CHEMBL541764,0.06422269,24586,0,0
CHEMBL4543177,0.06422269,24587,0,0
CHEMBL40263,0.06422269,24588,0,0
CHEMBL31938,0.06422269,24589,0,0
CHEMBL16957,0.06422269,24590,0,0
CHEMBL23797,0.06414834,24591,0,0
CHEMBL10224,0.06414834,24592,0,0
CHEMBL40348,0.06414834,24593,0,0
CHEMBL4435258,0.06414834,24594,0,0
CHEMBL16813,0.06413247,24595,0,0
CHEMBL38217,0.06405588,24596,0,0
CHEMBL35917,0.06400234,24597,0,0
CHEMBL40832,0.0639767,24598,0,0
CHEMBL22673,0.0639767,24599,0,0
CHEMBL27830,0.0639767,24600,0,0
CHEMBL16308,0.0639767,24601,0,0
CHEMBL18760,0.06396194,24602,0,0
CHEMBL17595,0.06394952,24603,0,0
CHEMBL38683,0.06389804,24604,0,0
CHEMBL35348,0.063874625,24605,0,0
CHEMBL10986,0.06386648,24606,0,0
CHEMBL21652,0.06384683,24607,0,0
CHEMBL18304,0.06384683,24608,0,0
CHEMBL36241,0.063779995,24609,0,0
CHEMBL4560021,0.06377313,24610,0,0
CHEMBL38330,0.06374447,24611,0,0
CHEMBL28166,0.06373593,24612,0,0
CHEMBL639,0.063618064,24613,0,0
CHEMBL34843,0.06358634,24614,0,0
CHEMBL3310337,0.06358634,24615,0,0
CHEMBL41863,0.06358634,24616,0,0
CHEMBL38533,0.06350669,24617,0,0
CHEMBL4435283,0.06350669,24618,0,0
CHEMBL30067,0.06349169,24619,0,0
CHEMBL38556,0.06349169,24620,0,0
CHEMBL3309976,0.06349169,24621,0,0
CHEMBL24012,0.06347224,24622,0,0
CHEMBL25339,0.063470386,24623,0,0
CHEMBL6655,0.063470386,24624,0,0
CHEMBL3310459,0.063449316,24625,0,0
CHEMBL37916,0.06343676,24626,0,0
CHEMBL36126,0.06343676,24627,0,0
CHEMBL36861,0.06343676,24628,0,0
CHEMBL500007,0.06343676,24629,0,0
CHEMBL40136,0.06343676,24630,0,0
CHEMBL25553,0.06343676,24631,0,0
CHEMBL39945,0.06343676,24632,0,0
CHEMBL38352,0.06339745,24633,0,0
CHEMBL32479,0.06322726,24634,0,0
CHEMBL14995,0.06322726,24635,0,0
CHEMBL28225,0.06317869,24636,0,0
CHEMBL18259,0.06316633,24637,0,0
CHEMBL4560034,0.06313291,24638,0,0
CHEMBL12647,0.06302999,24639,0,0
CHEMBL9390,0.06301751,24640,0,0
CHEMBL27953,0.06300763,24641,0,0
CHEMBL38118,0.06300291,24642,0,0
CHEMBL24123,0.062964745,24643,0,0
CHEMBL16908,0.06286674,24644,0,0
CHEMBL42070,0.06285971,24645,0,0
CHEMBL14462,0.06284247,24646,0,0
CHEMBL29989,0.0628272,24647,0,0
CHEMBL4435115,0.0628272,24648,0,0
CHEMBL24368,0.0628272,24649,0,0
CHEMBL6425,0.0628272,24650,0,0
CHEMBL20130,0.0628272,24651,0,0
CHEMBL31207,0.0628272,24652,0,0
CHEMBL33711,0.0628272,24653,0,0
CHEMBL16403,0.0628272,24654,0,0
CHEMBL36216,0.0628272,24655,0,0
CHEMBL21299,0.0628272,24656,0,0
CHEMBL18985,0.0628272,24657,0,0
CHEMBL18494,0.0628272,24658,0,0
CHEMBL7014,0.0628272,24659,0,0
CHEMBL12785,0.06270546,24660,0,0
CHEMBL4435585,0.06270546,24661,0,0
CHEMBL20231,0.06270546,24662,0,0
CHEMBL28119,0.06270546,24663,0,0
CHEMBL26424,0.06270546,24664,0,0
CHEMBL42771,0.062688604,24665,0,0
CHEMBL21658,0.06266331,24666,0,0
CHEMBL1205372,0.06261398,24667,0,0
CHEMBL20088,0.062601596,24668,0,0
CHEMBL38928,0.062538035,24669,0,0
CHEMBL32870,0.06251397,24670,0,0
CHEMBL21072,0.062477343,24671,0,0
CHEMBL3309993,0.06244925,24672,0,0
CHEMBL10700,0.062358364,24673,0,0
CHEMBL3311201,0.062358364,24674,0,0
CHEMBL28333,0.06232429,24675,0,0
CHEMBL27593,0.06229068,24676,0,0
CHEMBL4434718,0.06228912,24677,0,0
CHEMBL14266,0.062232055,24678,0,0
CHEMBL20677,0.062232055,24679,0,0
CHEMBL4,0.062232055,24680,0,0
CHEMBL7003,0.062232055,24681,0,0
CHEMBL19993,0.06211297,24682,0,0
CHEMBL43500,0.06207009,24683,0,0
CHEMBL29737,0.06206644,24684,0,0
CHEMBL4435243,0.062035955,24685,0,0
CHEMBL40174,0.06203517,24686,0,0
CHEMBL26415,0.06203517,24687,0,0
CHEMBL26132,0.06203517,24688,0,0
CHEMBL4436073,0.061966352,24689,0,0
CHEMBL24564,0.061966352,24690,0,0
CHEMBL27299,0.061966352,24691,0,0
CHEMBL32625,0.061964724,24692,0,0
CHEMBL16842,0.061964724,24693,0,0
CHEMBL20387,0.061921854,24694,0,0
CHEMBL18717,0.061921854,24695,0,0
CHEMBL12239,0.061921854,24696,0,0
CHEMBL37031,0.061904043,24697,0,0
CHEMBL7190,0.061904043,24698,0,0
CHEMBL23239,0.061904043,24699,0,0
CHEMBL3309380,0.061904043,24700,0,0
CHEMBL4435911,0.061904043,24701,0,0
CHEMBL25616,0.061904043,24702,0,0
CHEMBL26400,0.061904043,24703,0,0
CHEMBL30315,0.06182815,24704,0,0
CHEMBL4435062,0.06179698,24705,0,0
CHEMBL9659,0.061782498,24706,0,0
CHEMBL4543553,0.061760228,24707,0,0
CHEMBL39980,0.06172243,24708,0,0
CHEMBL4435257,0.06172243,24709,0,0
CHEMBL37950,0.06172243,24710,0,0
CHEMBL21109,0.061704956,24711,0,0
CHEMBL13240,0.06169958,24712,0,0
CHEMBL3311456,0.061692823,24713,0,0
CHEMBL14491,0.061677355,24714,0,0
CHEMBL16111,0.06165951,24715,0,0
CHEMBL29123,0.06163062,24716,0,0
CHEMBL4553575,0.061613716,24717,0,0
CHEMBL4543322,0.061613716,24718,0,0
CHEMBL4435455,0.061611965,24719,0,0
CHEMBL17016,0.061469804,24720,0,0
CHEMBL16570,0.061469804,24721,0,0
CHEMBL20548,0.061423037,24722,0,0
CHEMBL21439,0.061423037,24723,0,0
CHEMBL35256,0.061423037,24724,0,0
CHEMBL40328,0.06139249,24725,0,0
CHEMBL29870,0.06139249,24726,0,0
CHEMBL1078833,0.061382506,24727,0,0
CHEMBL20670,0.06135284,24728,0,0
CHEMBL29759,0.061338328,24729,0,0
CHEMBL29391,0.061338328,24730,0,0
CHEMBL1094237,0.061278835,24731,0,0
CHEMBL32795,0.06122581,24732,0,0
CHEMBL10860,0.06122581,24733,0,0
CHEMBL23186,0.06122581,24734,0,0
CHEMBL16343,0.06122581,24735,0,0
CHEMBL26589,0.06122581,24736,0,0
CHEMBL525413,0.061180342,24737,0,0
CHEMBL4435145,0.06113144,24738,0,0
CHEMBL42174,0.06113144,24739,0,0
CHEMBL17589,0.061121058,24740,0,0
CHEMBL610879,0.061121058,24741,0,0
CHEMBL24867,0.061097268,24742,0,0
CHEMBL38209,0.061080184,24743,0,0
CHEMBL17897,0.061080184,24744,0,0
CHEMBL603312,0.06104693,24745,0,0
CHEMBL21612,0.06104693,24746,0,0
CHEMBL18518,0.06104693,24747,0,0
CHEMBL40007,0.06104693,24748,0,0
CHEMBL27093,0.06104693,24749,0,0
CHEMBL18826,0.06104693,24750,0,0
CHEMBL27758,0.06104693,24751,0,0
CHEMBL40386,0.06104693,24752,0,0
CHEMBL34190,0.06104693,24753,0,0
CHEMBL4435860,0.06104693,24754,0,0
CHEMBL27323,0.06104693,24755,0,0
CHEMBL21016,0.061029803,24756,0,0
CHEMBL36215,0.061029803,24757,0,0
CHEMBL3311258,0.061029803,24758,0,0
CHEMBL12862,0.061029803,24759,0,0
CHEMBL29619,0.06099521,24760,0,0
CHEMBL33277,0.060958065,24761,0,0
CHEMBL10467,0.06092131,24762,0,0
CHEMBL17760,0.06088358,24763,0,0
CHEMBL25203,0.06072247,24764,0,0
CHEMBL14853,0.06070592,24765,0,0
CHEMBL10781,0.06060732,24766,0,0
CHEMBL13208,0.06060732,24767,0,0
CHEMBL40277,0.060514394,24768,0,0
CHEMBL15947,0.060496658,24769,0,0
CHEMBL15680,0.060496658,24770,0,0
CHEMBL30673,0.06047994,24771,0,0
CHEMBL31430,0.06047994,24772,0,0
CHEMBL22237,0.060473267,24773,0,0
CHEMBL4435964,0.060441185,24774,0,0
CHEMBL29022,0.060326878,24775,0,0
CHEMBL38914,0.060309045,24776,0,0
CHEMBL4436428,0.06030565,24777,0,0
CHEMBL43596,0.060304113,24778,0,0
CHEMBL21633,0.060108952,24779,0,0
CHEMBL29568,0.060064774,24780,0,0
CHEMBL4434928,0.06006457,24781,0,0
CHEMBL32246,0.06006457,24782,0,0
CHEMBL37605,0.06006457,24783,0,0
CHEMBL17159,0.06006457,24784,0,0
CHEMBL22453,0.06006457,24785,0,0
CHEMBL34845,0.06006457,24786,0,0
CHEMBL28914,0.06006457,24787,0,0
CHEMBL17406,0.06006457,24788,0,0
CHEMBL27336,0.06006457,24789,0,0
CHEMBL6283,0.06006457,24790,0,0
CHEMBL18129,0.06006457,24791,0,0
CHEMBL17122,0.06006457,24792,0,0
CHEMBL29755,0.06006457,24793,0,0
CHEMBL1160112,0.06006457,24794,0,0
CHEMBL4543271,0.059954587,24795,0,0
CHEMBL14962,0.059954587,24796,0,0
CHEMBL41458,0.059946835,24797,0,0
CHEMBL8397,0.059852812,24798,0,0
CHEMBL43571,0.059819445,24799,0,0
CHEMBL25319,0.059795983,24800,0,0
CHEMBL13737,0.059795983,24801,0,0
CHEMBL26401,0.059795592,24802,0,0
CHEMBL40531,0.059793703,24803,0,0
CHEMBL35831,0.059793703,24804,0,0
CHEMBL648,0.059793703,24805,0,0
CHEMBL6336,0.05961808,24806,0,0
CHEMBL15428,0.05954961,24807,0,0
CHEMBL4435047,0.059546378,24808,0,0
CHEMBL13588,0.059546378,24809,0,0
CHEMBL21459,0.05953898,24810,0,0
CHEMBL21582,0.05950784,24811,0,0
CHEMBL29945,0.059492417,24812,0,0
CHEMBL19476,0.059458602,24813,0,0
CHEMBL7859,0.059417732,24814,0,0
CHEMBL24706,0.059417732,24815,0,0
CHEMBL3310468,0.059417732,24816,0,0
CHEMBL26505,0.059391584,24817,0,0
CHEMBL1208485,0.05937715,24818,0,0
CHEMBL26338,0.059278503,24819,0,0
CHEMBL30257,0.05923683,24820,0,0
CHEMBL3309557,0.05906323,24821,0,0
CHEMBL4435961,0.059011403,24822,0,0
CHEMBL4436279,0.059011403,24823,0,0
CHEMBL9039,0.059011403,24824,0,0
CHEMBL34191,0.059011403,24825,0,0
CHEMBL1208835,0.058972575,24826,0,0
CHEMBL17293,0.058972575,24827,0,0
CHEMBL8246,0.058930416,24828,0,0
CHEMBL24845,0.058930416,24829,0,0
CHEMBL31330,0.058930416,24830,0,0
CHEMBL26888,0.058930416,24831,0,0
CHEMBL39295,0.058930416,24832,0,0
CHEMBL6988,0.058930416,24833,0,0
CHEMBL26767,0.058930416,24834,0,0
CHEMBL35314,0.058930416,24835,0,0
CHEMBL7570,0.058930416,24836,0,0
CHEMBL35965,0.05889881,24837,0,0
CHEMBL15687,0.058861278,24838,0,0
CHEMBL4435228,0.05885566,24839,0,0
CHEMBL15977,0.05885566,24840,0,0
CHEMBL1782234,0.058749177,24841,0,0
CHEMBL594331,0.058749177,24842,0,0
CHEMBL29781,0.058749177,24843,0,0
CHEMBL36075,0.058749177,24844,0,0
CHEMBL19165,0.058749177,24845,0,0
CHEMBL30380,0.058749177,24846,0,0
CHEMBL40064,0.058735374,24847,0,0
CHEMBL20774,0.05863923,24848,0,0
CHEMBL3309458,0.058572616,24849,0,0
CHEMBL40708,0.058572616,24850,0,0
CHEMBL36870,0.0585044,24851,0,0
CHEMBL23165,0.05849337,24852,0,0
CHEMBL15416,0.058449216,24853,0,0
CHEMBL31896,0.058449216,24854,0,0
CHEMBL4543427,0.058449216,24855,0,0
CHEMBL658,0.058449216,24856,0,0
CHEMBL15164,0.058449216,24857,0,0
CHEMBL11644,0.058449216,24858,0,0
CHEMBL13087,0.058449216,24859,0,0
CHEMBL26826,0.058449216,24860,0,0
CHEMBL22519,0.058449216,24861,0,0
CHEMBL499583,0.058449216,24862,0,0
CHEMBL19300,0.058449216,24863,0,0
CHEMBL30225,0.058449216,24864,0,0
CHEMBL1097906,0.058449216,24865,0,0
CHEMBL19984,0.058449216,24866,0,0
CHEMBL20687,0.058449216,24867,0,0
CHEMBL13703,0.058449216,24868,0,0
CHEMBL4543368,0.058449216,24869,0,0
CHEMBL15314,0.058449216,24870,0,0
CHEMBL16891,0.058449216,24871,0,0
CHEMBL6652,0.058449216,24872,0,0
CHEMBL29900,0.058449216,24873,0,0
CHEMBL16522,0.058449216,24874,0,0
CHEMBL12,0.058159404,24875,0,0
CHEMBL38749,0.05815295,24876,0,0
CHEMBL27932,0.058104604,24877,0,0
CHEMBL4436413,0.058087584,24878,0,0
CHEMBL15305,0.05801419,24879,0,0
CHEMBL24592,0.05794859,24880,0,0
CHEMBL31716,0.057923786,24881,0,0
CHEMBL23525,0.05792185,24882,0,0
CHEMBL4543411,0.05774343,24883,0,0
CHEMBL4543543,0.05770722,24884,0,0
CHEMBL20986,0.05770722,24885,0,0
CHEMBL19544,0.05770722,24886,0,0
CHEMBL30547,0.05770722,24887,0,0
CHEMBL8595,0.05770722,24888,0,0
CHEMBL23257,0.05770722,24889,0,0
CHEMBL33848,0.05770722,24890,0,0
CHEMBL6387,0.05770722,24891,0,0
CHEMBL28943,0.05770722,24892,0,0
CHEMBL28714,0.05770722,24893,0,0
CHEMBL30585,0.05770722,24894,0,0
CHEMBL17567,0.05770722,24895,0,0
CHEMBL4434946,0.05770722,24896,0,0
CHEMBL4543242,0.05770722,24897,0,0
CHEMBL6209,0.05767613,24898,0,0
CHEMBL16052,0.05767613,24899,0,0
CHEMBL12154,0.05767613,24900,0,0
CHEMBL38971,0.05767613,24901,0,0
CHEMBL502237,0.057629067,24902,0,0
CHEMBL20370,0.057583705,24903,0,0
CHEMBL10069,0.057583705,24904,0,0
CHEMBL16228,0.057564326,24905,0,0
CHEMBL10460,0.057564326,24906,0,0
CHEMBL7348,0.057543166,24907,0,0
CHEMBL41934,0.057498254,24908,0,0
CHEMBL30287,0.057443753,24909,0,0
CHEMBL4559933,0.057227384,24910,0,0
CHEMBL3309734,0.057226047,24911,0,0
CHEMBL19633,0.057226047,24912,0,0
CHEMBL33260,0.057226047,24913,0,0
CHEMBL4435157,0.057226047,24914,0,0
CHEMBL33454,0.057226047,24915,0,0
CHEMBL26971,0.057226047,24916,0,0
CHEMBL28318,0.057226047,24917,0,0
CHEMBL4560052,0.057226047,24918,0,0
CHEMBL1163395,0.057226047,24919,0,0
CHEMBL8480,0.057226047,24920,0,0
CHEMBL35558,0.057226047,24921,0,0
CHEMBL36267,0.057226047,24922,0,0
CHEMBL39735,0.057226047,24923,0,0
CHEMBL3311004,0.057226047,24924,0,0
CHEMBL23907,0.057226047,24925,0,0
CHEMBL37956,0.057226047,24926,0,0
CHEMBL37945,0.057226047,24927,0,0
CHEMBL16330,0.057226047,24928,0,0
CHEMBL3311534,0.057226047,24929,0,0
CHEMBL4553627,0.057226047,24930,0,0
CHEMBL37761,0.057226047,24931,0,0
CHEMBL37287,0.057226047,24932,0,0
CHEMBL7209,0.057226047,24933,0,0
CHEMBL11972,0.057226047,24934,0,0
CHEMBL4435343,0.057226047,24935,0,0
CHEMBL35194,0.057226047,24936,0,0
CHEMBL16433,0.057226047,24937,0,0
CHEMBL37176,0.057226047,24938,0,0
CHEMBL40137,0.057226047,24939,0,0
CHEMBL35452,0.057226047,24940,0,0
CHEMBL38552,0.057226047,24941,0,0
CHEMBL19785,0.057226047,24942,0,0
CHEMBL26756,0.057226047,24943,0,0
CHEMBL11543,0.057226047,24944,0,0
CHEMBL11557,0.057226047,24945,0,0
CHEMBL4116128,0.057226047,24946,0,0
CHEMBL9032,0.057226047,24947,0,0
CHEMBL4436483,0.057226047,24948,0,0
CHEMBL4116154,0.057226047,24949,0,0
CHEMBL7010,0.057226047,24950,0,0
CHEMBL11038,0.057226047,24951,0,0
CHEMBL19089,0.057226047,24952,0,0
CHEMBL27786,0.057161428,24953,0,0
CHEMBL41889,0.057147373,24954,0,0
CHEMBL32913,0.057147373,24955,0,0
CHEMBL19315,0.057147373,24956,0,0
CHEMBL28472,0.057147373,24957,0,0
CHEMBL39812,0.057147373,24958,0,0
CHEMBL7944,0.057147373,24959,0,0
CHEMBL503643,0.057147373,24960,0,0
CHEMBL10220,0.057147373,24961,0,0
CHEMBL17756,0.057147373,24962,0,0
CHEMBL9209,0.057147373,24963,0,0
CHEMBL40540,0.057147373,24964,0,0
CHEMBL27347,0.057147373,24965,0,0
CHEMBL38101,0.057147373,24966,0,0
CHEMBL27075,0.057129122,24967,0,0
CHEMBL4559935,0.057129122,24968,0,0
CHEMBL26724,0.057129122,24969,0,0
CHEMBL40192,0.057103477,24970,0,0
CHEMBL503634,0.057050575,24971,0,0
CHEMBL22145,0.057050575,24972,0,0
CHEMBL26022,0.057050575,24973,0,0
CHEMBL15193,0.057035394,24974,0,0
CHEMBL16751,0.057035394,24975,0,0
CHEMBL23265,0.057035394,24976,0,0
CHEMBL20350,0.056985404,24977,0,0
CHEMBL20114,0.056985404,24978,0,0
CHEMBL25161,0.056985404,24979,0,0
CHEMBL4435117,0.056972053,24980,0,0
CHEMBL14682,0.056972053,24981,0,0
CHEMBL4553611,0.056972053,24982,0,0
CHEMBL8958,0.056972053,24983,0,0
CHEMBL9426,0.056972053,24984,0,0
CHEMBL9207,0.056953534,24985,0,0
CHEMBL3310798,0.056933343,24986,0,0
CHEMBL18458,0.056920752,24987,0,0
CHEMBL4559996,0.056920752,24988,0,0
CHEMBL20738,0.056920752,24989,0,0
CHEMBL43514,0.05686647,24990,0,0
CHEMBL22217,0.05686647,24991,0,0
CHEMBL41724,0.05686647,24992,0,0
CHEMBL27343,0.05681864,24993,0,0
CHEMBL41909,0.056814935,24994,0,0
CHEMBL18137,0.056802608,24995,0,0
CHEMBL11409,0.056760076,24996,0,0
CHEMBL25941,0.056753017,24997,0,0
CHEMBL12058,0.056744505,24998,0,0
CHEMBL3309491,0.05672468,24999,0,0
CHEMBL154687,0.056680053,25000,0,0
CHEMBL8322,0.056680053,25001,0,0
CHEMBL10743,0.056680053,25002,0,0
CHEMBL25686,0.056680053,25003,0,0
CHEMBL31181,0.056680053,25004,0,0
CHEMBL37921,0.056680053,25005,0,0
CHEMBL37262,0.056680053,25006,0,0
CHEMBL19149,0.056680053,25007,0,0
CHEMBL3310601,0.056680053,25008,0,0
CHEMBL28669,0.056680053,25009,0,0
CHEMBL23519,0.056680053,25010,0,0
CHEMBL1161567,0.056680053,25011,0,0
CHEMBL15783,0.056680053,25012,0,0
CHEMBL7517,0.056680053,25013,0,0
CHEMBL38278,0.056680053,25014,0,0
CHEMBL35610,0.056680053,25015,0,0
CHEMBL16101,0.056680053,25016,0,0
CHEMBL39247,0.056680053,25017,0,0
CHEMBL26045,0.056680053,25018,0,0
CHEMBL11620,0.056680053,25019,0,0
CHEMBL10631,0.056680053,25020,0,0
CHEMBL3309725,0.056680053,25021,0,0
CHEMBL26016,0.05667531,25022,0,0
CHEMBL22183,0.05660209,25023,0,0
CHEMBL18854,0.05660209,25024,0,0
CHEMBL40169,0.05660209,25025,0,0
CHEMBL25297,0.05660209,25026,0,0
CHEMBL19750,0.05660209,25027,0,0
CHEMBL37157,0.05660209,25028,0,0
CHEMBL11419,0.05660209,25029,0,0
CHEMBL39043,0.05660209,25030,0,0
CHEMBL1183414,0.056582943,25031,0,0
CHEMBL4436487,0.056582943,25032,0,0
CHEMBL40740,0.05653946,25033,0,0
CHEMBL14654,0.05653946,25034,0,0
CHEMBL12594,0.05653946,25035,0,0
CHEMBL8587,0.05650072,25036,0,0
CHEMBL4559963,0.05650072,25037,0,0
CHEMBL25676,0.05650072,25038,0,0
CHEMBL4553164,0.05650072,25039,0,0
CHEMBL30856,0.05649641,25040,0,0
CHEMBL9935,0.05643665,25041,0,0
CHEMBL3309653,0.05643665,25042,0,0
CHEMBL3085803,0.056400627,25043,0,0
CHEMBL10322,0.056386355,25044,0,0
CHEMBL14736,0.056384906,25045,0,0
CHEMBL39755,0.056384906,25046,0,0
CHEMBL18041,0.056384906,25047,0,0
CHEMBL30115,0.05634633,25048,0,0
CHEMBL40667,0.05634633,25049,0,0
CHEMBL8925,0.05626831,25050,0,0
CHEMBL24468,0.056213703,25051,0,0
CHEMBL35924,0.056193933,25052,0,0
CHEMBL1079305,0.056193933,25053,0,0
CHEMBL36007,0.056175437,25054,0,0
CHEMBL26114,0.056175437,25055,0,0
CHEMBL1163187,0.056175437,25056,0,0
CHEMBL22108,0.056175437,25057,0,0
CHEMBL22036,0.056094162,25058,0,0
CHEMBL23879,0.05606629,25059,0,0
CHEMBL18533,0.05606629,25060,0,0
CHEMBL14396,0.05606629,25061,0,0
CHEMBL21018,0.05606629,25062,0,0
CHEMBL37078,0.05606629,25063,0,0
CHEMBL10192,0.05606629,25064,0,0
CHEMBL14844,0.056028664,25065,0,0
CHEMBL10763,0.056028664,25066,0,0
CHEMBL20410,0.056028664,25067,0,0
CHEMBL42681,0.056028664,25068,0,0
CHEMBL8096,0.056016512,25069,0,0
CHEMBL19835,0.056016512,25070,0,0
CHEMBL31779,0.056016512,25071,0,0
CHEMBL35986,0.056016512,25072,0,0
CHEMBL36059,0.056016512,25073,0,0
CHEMBL11858,0.05595899,25074,0,0
CHEMBL38653,0.05595899,25075,0,0
CHEMBL39849,0.05595899,25076,0,0
CHEMBL39963,0.05595899,25077,0,0
CHEMBL39972,0.05595899,25078,0,0
CHEMBL500079,0.05595899,25079,0,0
CHEMBL6239,0.05595899,25080,0,0
CHEMBL38372,0.05595899,25081,0,0
CHEMBL407,0.05595899,25082,0,0
CHEMBL24847,0.055949956,25083,0,0
CHEMBL23676,0.05593192,25084,0,0
CHEMBL6300,0.05593192,25085,0,0
CHEMBL31522,0.05593192,25086,0,0
CHEMBL35957,0.05593192,25087,0,0
CHEMBL19528,0.05593192,25088,0,0
CHEMBL14690,0.05593192,25089,0,0
CHEMBL27767,0.05593192,25090,0,0
CHEMBL28100,0.05588882,25091,0,0
CHEMBL441620,0.055864085,25092,0,0
CHEMBL4553598,0.055864085,25093,0,0
CHEMBL17421,0.055864085,25094,0,0
CHEMBL32082,0.055864085,25095,0,0
CHEMBL1163378,0.055864085,25096,0,0
CHEMBL24926,0.055864085,25097,0,0
CHEMBL24534,0.055864085,25098,0,0
CHEMBL27244,0.055864085,25099,0,0
CHEMBL39488,0.055864085,25100,0,0
CHEMBL35137,0.055864085,25101,0,0
CHEMBL3311112,0.055846594,25102,0,0
CHEMBL40398,0.05577562,25103,0,0
CHEMBL36023,0.055765994,25104,0,0
CHEMBL4435382,0.055613942,25105,0,0
CHEMBL10852,0.055577975,25106,0,0
CHEMBL20754,0.055573322,25107,0,0
CHEMBL17590,0.055573322,25108,0,0
CHEMBL36723,0.055424377,25109,0,0
CHEMBL18637,0.055424377,25110,0,0
CHEMBL22475,0.055424377,25111,0,0
CHEMBL13361,0.05531698,25112,0,0
CHEMBL29567,0.055255815,25113,0,0
CHEMBL11535,0.05521829,25114,0,0
CHEMBL36283,0.05520149,25115,0,0
CHEMBL20328,0.05520149,25116,0,0
CHEMBL3309468,0.055134505,25117,0,0
CHEMBL35647,0.055115454,25118,0,0
CHEMBL36093,0.055108227,25119,0,0
CHEMBL36991,0.055108055,25120,0,0
CHEMBL25548,0.055108055,25121,0,0
CHEMBL437,0.05504259,25122,0,0
CHEMBL23849,0.05504259,25123,0,0
CHEMBL41141,0.05504259,25124,0,0
CHEMBL4435256,0.054996636,25125,0,0
CHEMBL33482,0.054996636,25126,0,0
CHEMBL14419,0.054996636,25127,0,0
CHEMBL4436304,0.054996636,25128,0,0
CHEMBL11106,0.054994877,25129,0,0
CHEMBL7217,0.05498702,25130,0,0
CHEMBL15583,0.05498702,25131,0,0
CHEMBL19049,0.05498702,25132,0,0
CHEMBL28700,0.05496208,25133,0,0
CHEMBL23779,0.05490316,25134,0,0
CHEMBL20163,0.054855365,25135,0,0
CHEMBL22301,0.054855365,25136,0,0
CHEMBL13013,0.054855365,25137,0,0
CHEMBL27359,0.05484674,25138,0,0
CHEMBL4435302,0.054777455,25139,0,0
CHEMBL12244,0.05476604,25140,0,0
CHEMBL26499,0.05476604,25141,0,0
CHEMBL39432,0.05476604,25142,0,0
CHEMBL38232,0.05474674,25143,0,0
CHEMBL14303,0.05474674,25144,0,0
CHEMBL4543297,0.054639533,25145,0,0
CHEMBL12745,0.054575555,25146,0,0
CHEMBL16369,0.054575555,25147,0,0
CHEMBL8340,0.054575555,25148,0,0
CHEMBL8140,0.054575555,25149,0,0
CHEMBL34783,0.054575555,25150,0,0
CHEMBL1188474,0.05455446,25151,0,0
CHEMBL13586,0.05455102,25152,0,0
CHEMBL7394,0.05451456,25153,0,0
CHEMBL10585,0.05451456,25154,0,0
CHEMBL29289,0.05451456,25155,0,0
CHEMBL27805,0.054461177,25156,0,0
CHEMBL36611,0.05445625,25157,0,0
CHEMBL18378,0.054362744,25158,0,0
CHEMBL32172,0.05425214,25159,0,0
CHEMBL7448,0.05425214,25160,0,0
CHEMBL32775,0.05425214,25161,0,0
CHEMBL11223,0.05425214,25162,0,0
CHEMBL19005,0.05425214,25163,0,0
CHEMBL10997,0.054217383,25164,0,0
CHEMBL42624,0.054172646,25165,0,0
CHEMBL10128,0.054085374,25166,0,0
CHEMBL1160541,0.05406173,25167,0,0
CHEMBL27003,0.054056667,25168,0,0
CHEMBL4435678,0.05389801,25169,0,0
CHEMBL13675,0.053851645,25170,0,0
CHEMBL20227,0.05384412,25171,0,0
CHEMBL4435124,0.05384412,25172,0,0
CHEMBL3309600,0.053746,25173,0,0
CHEMBL26253,0.053703893,25174,0,0
CHEMBL10970,0.053688385,25175,0,0
CHEMBL14336,0.05360431,25176,0,0
CHEMBL41813,0.05357633,25177,0,0
CHEMBL4435563,0.05357633,25178,0,0
CHEMBL38640,0.05356934,25179,0,0
CHEMBL35109,0.05356934,25180,0,0
CHEMBL29249,0.053379197,25181,0,0
CHEMBL4435855,0.05326182,25182,0,0
CHEMBL43743,0.05324296,25183,0,0
CHEMBL26799,0.05324296,25184,0,0
CHEMBL7169,0.05324296,25185,0,0
CHEMBL8270,0.053238116,25186,0,0
CHEMBL13805,0.053238116,25187,0,0
CHEMBL34808,0.053238116,25188,0,0
CHEMBL8311,0.05315407,25189,0,0
CHEMBL35987,0.05315407,25190,0,0
CHEMBL38599,0.05314655,25191,0,0
CHEMBL22669,0.053025104,25192,0,0
CHEMBL23074,0.052949145,25193,0,0
CHEMBL15407,0.05291751,25194,0,0
CHEMBL15677,0.052885327,25195,0,0
CHEMBL27435,0.052829288,25196,0,0
CHEMBL42945,0.052829288,25197,0,0
CHEMBL35568,0.052829288,25198,0,0
CHEMBL28367,0.052829288,25199,0,0
CHEMBL24142,0.052829288,25200,0,0
CHEMBL28499,0.052829288,25201,0,0
CHEMBL42285,0.05282922,25202,0,0
CHEMBL34941,0.052784596,25203,0,0
CHEMBL16510,0.052784596,25204,0,0
CHEMBL1163533,0.052784596,25205,0,0
CHEMBL24844,0.05276985,25206,0,0
CHEMBL41920,0.052757792,25207,0,0
CHEMBL28451,0.05262871,25208,0,0
CHEMBL4436003,0.05262871,25209,0,0
CHEMBL4436233,0.05260613,25210,0,0
CHEMBL12604,0.05255055,25211,0,0
CHEMBL17693,0.05255055,25212,0,0
CHEMBL17825,0.05255055,25213,0,0
CHEMBL36410,0.05255055,25214,0,0
CHEMBL33707,0.05255055,25215,0,0
CHEMBL22376,0.05255055,25216,0,0
CHEMBL39786,0.05255055,25217,0,0
CHEMBL34997,0.052482832,25218,0,0
CHEMBL38086,0.05244918,25219,0,0
CHEMBL4435219,0.05244918,25220,0,0
CHEMBL31972,0.05244918,25221,0,0
CHEMBL40374,0.05244918,25222,0,0
CHEMBL37159,0.05230389,25223,0,0
CHEMBL19436,0.05230389,25224,0,0
CHEMBL10265,0.05230389,25225,0,0
CHEMBL31299,0.05230389,25226,0,0
CHEMBL41985,0.05230389,25227,0,0
CHEMBL15829,0.05228953,25228,0,0
CHEMBL11101,0.052283518,25229,0,0
CHEMBL14481,0.052267566,25230,0,0
CHEMBL29297,0.052248918,25231,0,0
CHEMBL24081,0.052232202,25232,0,0
CHEMBL25682,0.052232202,25233,0,0
CHEMBL15155,0.05217842,25234,0,0
CHEMBL39839,0.052143835,25235,0,0
CHEMBL1163548,0.052096732,25236,0,0
CHEMBL39618,0.052041564,25237,0,0
CHEMBL16871,0.052038036,25238,0,0
CHEMBL23142,0.051985923,25239,0,0
CHEMBL6866,0.05195423,25240,0,0
CHEMBL27966,0.051925775,25241,0,0
CHEMBL9456,0.051914062,25242,0,0
CHEMBL39363,0.051885948,25243,0,0
CHEMBL40314,0.05179402,25244,0,0
CHEMBL25498,0.05176359,25245,0,0
CHEMBL36914,0.051732905,25246,0,0
CHEMBL538765,0.051731184,25247,0,0
CHEMBL42277,0.051731184,25248,0,0
CHEMBL11446,0.051727224,25249,0,0
CHEMBL42233,0.05170247,25250,0,0
CHEMBL4434699,0.05169056,25251,0,0
CHEMBL8656,0.051690515,25252,0,0
CHEMBL30994,0.051680345,25253,0,0
CHEMBL18341,0.05165739,25254,0,0
CHEMBL42040,0.05165739,25255,0,0
CHEMBL6285,0.05165739,25256,0,0
CHEMBL12827,0.05165739,25257,0,0
CHEMBL4434690,0.05165739,25258,0,0
CHEMBL24952,0.05165739,25259,0,0
CHEMBL16087,0.05165739,25260,0,0
CHEMBL3309361,0.05165739,25261,0,0
CHEMBL32639,0.05165739,25262,0,0
CHEMBL36253,0.05165739,25263,0,0
CHEMBL19744,0.05165739,25264,0,0
CHEMBL18679,0.05165739,25265,0,0
CHEMBL23781,0.05165739,25266,0,0
CHEMBL9995,0.051641077,25267,0,0
CHEMBL14605,0.051590577,25268,0,0
CHEMBL9502,0.051590577,25269,0,0
CHEMBL14109,0.051590577,25270,0,0
CHEMBL15624,0.051590577,25271,0,0
CHEMBL34714,0.051590577,25272,0,0
CHEMBL29701,0.051569667,25273,0,0
CHEMBL16064,0.051569667,25274,0,0
CHEMBL28121,0.051569667,25275,0,0
CHEMBL19383,0.051569667,25276,0,0
CHEMBL19293,0.051569667,25277,0,0
CHEMBL26229,0.051569242,25278,0,0
CHEMBL24893,0.051444042,25279,0,0
CHEMBL28506,0.051443685,25280,0,0
CHEMBL8923,0.05142763,25281,0,0
CHEMBL36627,0.05142763,25282,0,0
CHEMBL15538,0.05142763,25283,0,0
CHEMBL26093,0.05142763,25284,0,0
CHEMBL27142,0.05142763,25285,0,0
CHEMBL7972,0.051396944,25286,0,0
CHEMBL439400,0.051294506,25287,0,0
CHEMBL14455,0.051275536,25288,0,0
CHEMBL40339,0.051275536,25289,0,0
CHEMBL3310222,0.051275536,25290,0,0
CHEMBL24392,0.051268857,25291,0,0
CHEMBL4436245,0.05126298,25292,0,0
CHEMBL21597,0.05125956,25293,0,0
CHEMBL30112,0.051238943,25294,0,0
CHEMBL18146,0.051210452,25295,0,0
CHEMBL43639,0.051164795,25296,0,0
CHEMBL29543,0.051148433,25297,0,0
CHEMBL10971,0.051146615,25298,0,0
CHEMBL4434746,0.051135752,25299,0,0
CHEMBL29802,0.051135752,25300,0,0
CHEMBL41975,0.0511136,25301,0,0
CHEMBL12539,0.05103392,25302,0,0
CHEMBL28276,0.050941315,25303,0,0
CHEMBL449,0.050923485,25304,0,0
CHEMBL30289,0.05090154,25305,0,0
CHEMBL23471,0.05090154,25306,0,0
CHEMBL16876,0.05090154,25307,0,0
CHEMBL22481,0.05090154,25308,0,0
CHEMBL8166,0.05090154,25309,0,0
CHEMBL40097,0.05090154,25310,0,0
CHEMBL25965,0.050892994,25311,0,0
CHEMBL37887,0.050842047,25312,0,0
CHEMBL13609,0.050815094,25313,0,0
CHEMBL24733,0.050815094,25314,0,0
CHEMBL19313,0.050788864,25315,0,0
CHEMBL25652,0.050788864,25316,0,0
CHEMBL8624,0.050788864,25317,0,0
CHEMBL4435282,0.050787345,25318,0,0
CHEMBL38757,0.05077708,25319,0,0
CHEMBL15130,0.05067182,25320,0,0
CHEMBL12843,0.050626192,25321,0,0
CHEMBL26751,0.050626192,25322,0,0
CHEMBL14080,0.05060936,25323,0,0
CHEMBL27296,0.050607722,25324,0,0
CHEMBL28967,0.050607722,25325,0,0
CHEMBL34125,0.050607722,25326,0,0
CHEMBL25151,0.050607722,25327,0,0
CHEMBL42043,0.050607722,25328,0,0
CHEMBL4436545,0.050607722,25329,0,0
CHEMBL42844,0.050607722,25330,0,0
CHEMBL10926,0.050607722,25331,0,0
CHEMBL24364,0.050607722,25332,0,0
CHEMBL31763,0.050607722,25333,0,0
CHEMBL14125,0.050607722,25334,0,0
CHEMBL10419,0.050607722,25335,0,0
CHEMBL22103,0.050607722,25336,0,0
CHEMBL24950,0.050607722,25337,0,0
CHEMBL19600,0.050607722,25338,0,0
CHEMBL4435704,0.050607722,25339,0,0
CHEMBL3309740,0.050607722,25340,0,0
CHEMBL10915,0.050607722,25341,0,0
CHEMBL1223009,0.050607722,25342,0,0
CHEMBL26999,0.050607722,25343,0,0
CHEMBL31801,0.050607722,25344,0,0
CHEMBL36734,0.050607722,25345,0,0
CHEMBL4435968,0.050607722,25346,0,0
CHEMBL17211,0.050607722,25347,0,0
CHEMBL27699,0.050607722,25348,0,0
CHEMBL3310546,0.050607722,25349,0,0
CHEMBL4436439,0.050607722,25350,0,0
CHEMBL40609,0.050607722,25351,0,0
CHEMBL508099,0.050607722,25352,0,0
CHEMBL20693,0.050607722,25353,0,0
CHEMBL8138,0.050607722,25354,0,0
CHEMBL4543230,0.050607722,25355,0,0
CHEMBL18392,0.050607722,25356,0,0
CHEMBL13283,0.050607722,25357,0,0
CHEMBL32580,0.05057631,25358,0,0
CHEMBL4543505,0.050556816,25359,0,0
CHEMBL12291,0.050530754,25360,0,0
CHEMBL605,0.050358754,25361,0,0
CHEMBL23258,0.050358754,25362,0,0
CHEMBL9704,0.050358754,25363,0,0
CHEMBL22382,0.050358754,25364,0,0
CHEMBL4543246,0.050358754,25365,0,0
CHEMBL791,0.050358754,25366,0,0
CHEMBL40036,0.050358754,25367,0,0
CHEMBL8848,0.050358754,25368,0,0
CHEMBL9143,0.050358754,25369,0,0
CHEMBL13246,0.050358754,25370,0,0
CHEMBL470546,0.05031061,25371,0,0
CHEMBL10611,0.050300695,25372,0,0
CHEMBL31569,0.050139256,25373,0,0
CHEMBL31183,0.050139256,25374,0,0
CHEMBL34795,0.050139256,25375,0,0
CHEMBL31238,0.050139256,25376,0,0
CHEMBL15779,0.050139256,25377,0,0
CHEMBL38434,0.050126687,25378,0,0
CHEMBL12897,0.05011623,25379,0,0
CHEMBL4543303,0.05011623,25380,0,0
CHEMBL22436,0.050078157,25381,0,0
CHEMBL31140,0.050070796,25382,0,0
CHEMBL25172,0.050070796,25383,0,0
CHEMBL36794,0.050070796,25384,0,0
CHEMBL28325,0.050070796,25385,0,0
CHEMBL24761,0.0500654,25386,0,0
CHEMBL16506,0.049993988,25387,0,0
CHEMBL42457,0.049962733,25388,0,0
CHEMBL4435241,0.049930815,25389,0,0
CHEMBL6493,0.04991684,25390,0,0
CHEMBL4434780,0.04991684,25391,0,0
CHEMBL28670,0.04991684,25392,0,0
CHEMBL38964,0.04990937,25393,0,0
CHEMBL8786,0.04990937,25394,0,0
CHEMBL535264,0.049893692,25395,0,0
CHEMBL10948,0.049856078,25396,0,0
CHEMBL19033,0.04979947,25397,0,0
CHEMBL30084,0.04979947,25398,0,0
CHEMBL22915,0.04979947,25399,0,0
CHEMBL40006,0.04979947,25400,0,0
CHEMBL6610,0.04979947,25401,0,0
CHEMBL37328,0.04973339,25402,0,0
CHEMBL13296,0.04972415,25403,0,0
CHEMBL42124,0.049702626,25404,0,0
CHEMBL24928,0.04960887,25405,0,0
CHEMBL27761,0.049587574,25406,0,0
CHEMBL4553143,0.049587574,25407,0,0
CHEMBL28587,0.049587574,25408,0,0
CHEMBL32631,0.049582236,25409,0,0
CHEMBL22958,0.049573135,25410,0,0
CHEMBL26743,0.049456004,25411,0,0
CHEMBL42033,0.049456004,25412,0,0
CHEMBL17491,0.049456004,25413,0,0
CHEMBL16720,0.049456004,25414,0,0
CHEMBL40462,0.049401928,25415,0,0
CHEMBL6929,0.049401473,25416,0,0
CHEMBL41407,0.04937606,25417,0,0
CHEMBL3309516,0.04935628,25418,0,0
CHEMBL28963,0.04935097,25419,0,0
CHEMBL16756,0.049344536,25420,0,0
CHEMBL3309492,0.0493231,25421,0,0
CHEMBL4435304,0.0493231,25422,0,0
CHEMBL26498,0.049295034,25423,0,0
CHEMBL522887,0.049257282,25424,0,0
CHEMBL29030,0.049257115,25425,0,0
CHEMBL14404,0.049257115,25426,0,0
CHEMBL3309420,0.04921309,25427,0,0
CHEMBL1774481,0.04921309,25428,0,0
CHEMBL15962,0.04921309,25429,0,0
CHEMBL34834,0.04921309,25430,0,0
CHEMBL17599,0.04921309,25431,0,0
CHEMBL31360,0.04921309,25432,0,0
CHEMBL9556,0.04921309,25433,0,0
CHEMBL30485,0.04921309,25434,0,0
CHEMBL6931,0.04921309,25435,0,0
CHEMBL4559954,0.04921309,25436,0,0
CHEMBL35202,0.04921309,25437,0,0
CHEMBL42010,0.04921309,25438,0,0
CHEMBL27224,0.04921309,25439,0,0
CHEMBL39321,0.04921309,25440,0,0
CHEMBL23437,0.04921309,25441,0,0
CHEMBL13958,0.04921309,25442,0,0
CHEMBL540488,0.04921309,25443,0,0
CHEMBL12606,0.04921309,25444,0,0
CHEMBL23207,0.04921309,25445,0,0
CHEMBL17221,0.04921309,25446,0,0
CHEMBL27924,0.04921309,25447,0,0
CHEMBL30431,0.04921309,25448,0,0
CHEMBL33722,0.04921309,25449,0,0
CHEMBL35788,0.04921309,25450,0,0
CHEMBL42347,0.04921309,25451,0,0
CHEMBL601104,0.04915103,25452,0,0
CHEMBL611733,0.049146395,25453,0,0
CHEMBL10279,0.04914048,25454,0,0
CHEMBL17072,0.049096327,25455,0,0
CHEMBL23144,0.049038745,25456,0,0
CHEMBL16938,0.0490069,25457,0,0
CHEMBL17451,0.04899497,25458,0,0
CHEMBL29200,0.048979707,25459,0,0
CHEMBL22906,0.048932906,25460,0,0
CHEMBL14659,0.04890492,25461,0,0
CHEMBL28989,0.04890492,25462,0,0
CHEMBL31375,0.04890492,25463,0,0
CHEMBL13399,0.048895873,25464,0,0
CHEMBL36191,0.048895873,25465,0,0
CHEMBL14715,0.048895873,25466,0,0
CHEMBL13083,0.048895873,25467,0,0
CHEMBL3310367,0.048895873,25468,0,0
CHEMBL10142,0.048895873,25469,0,0
CHEMBL40235,0.048895873,25470,0,0
CHEMBL4435833,0.048890427,25471,0,0
CHEMBL37107,0.048890427,25472,0,0
CHEMBL12380,0.048890427,25473,0,0
CHEMBL42026,0.048890427,25474,0,0
CHEMBL4435435,0.048890427,25475,0,0
CHEMBL11173,0.048890427,25476,0,0
CHEMBL14763,0.048890427,25477,0,0
CHEMBL35795,0.048890427,25478,0,0
CHEMBL35588,0.048890427,25479,0,0
CHEMBL30675,0.048890427,25480,0,0
CHEMBL21579,0.04874684,25481,0,0
CHEMBL37660,0.048730787,25482,0,0
CHEMBL1203155,0.048730787,25483,0,0
CHEMBL39975,0.048730787,25484,0,0
CHEMBL15437,0.04870249,25485,0,0
CHEMBL12230,0.04870249,25486,0,0
CHEMBL1163171,0.04870249,25487,0,0
CHEMBL21004,0.04870249,25488,0,0
CHEMBL25495,0.04870249,25489,0,0
CHEMBL23748,0.04870249,25490,0,0
CHEMBL32613,0.04870249,25491,0,0
CHEMBL26168,0.04870249,25492,0,0
CHEMBL14871,0.04870249,25493,0,0
CHEMBL7100,0.04870249,25494,0,0
CHEMBL17555,0.04870249,25495,0,0
CHEMBL25927,0.04870249,25496,0,0
CHEMBL20213,0.04870249,25497,0,0
CHEMBL15183,0.04867719,25498,0,0
CHEMBL43667,0.04866106,25499,0,0
CHEMBL25818,0.048645932,25500,0,0
CHEMBL11084,0.048645932,25501,0,0
CHEMBL31807,0.048641752,25502,0,0
CHEMBL18149,0.04863886,25503,0,0
CHEMBL3309997,0.048611827,25504,0,0
CHEMBL3310268,0.04857757,25505,0,0
CHEMBL25753,0.048531476,25506,0,0
CHEMBL15747,0.04852841,25507,0,0
CHEMBL15953,0.04852841,25508,0,0
CHEMBL39099,0.048522897,25509,0,0
CHEMBL40267,0.048492525,25510,0,0
CHEMBL32846,0.048492525,25511,0,0
CHEMBL3309649,0.048492525,25512,0,0
CHEMBL32516,0.04848643,25513,0,0
CHEMBL32851,0.048481572,25514,0,0
CHEMBL4436170,0.048414063,25515,0,0
CHEMBL40402,0.04839891,25516,0,0
CHEMBL8319,0.04839891,25517,0,0
CHEMBL1163176,0.04839891,25518,0,0
CHEMBL24579,0.04839891,25519,0,0
CHEMBL35420,0.04839891,25520,0,0
CHEMBL20833,0.04839891,25521,0,0
CHEMBL38566,0.04839891,25522,0,0
CHEMBL7435,0.04839891,25523,0,0
CHEMBL38644,0.04839891,25524,0,0
CHEMBL4116131,0.04839891,25525,0,0
CHEMBL28822,0.04839891,25526,0,0
CHEMBL24134,0.04839891,25527,0,0
CHEMBL39919,0.04839891,25528,0,0
CHEMBL40985,0.04839891,25529,0,0
CHEMBL3309639,0.04839891,25530,0,0
CHEMBL34012,0.04839891,25531,0,0
CHEMBL7005,0.04839891,25532,0,0
CHEMBL17477,0.04839891,25533,0,0
CHEMBL42789,0.04839891,25534,0,0
CHEMBL19909,0.04839891,25535,0,0
CHEMBL28900,0.04839891,25536,0,0
CHEMBL13328,0.04839891,25537,0,0
CHEMBL3309609,0.04839891,25538,0,0
CHEMBL11046,0.04839891,25539,0,0
CHEMBL13492,0.04839891,25540,0,0
CHEMBL38284,0.04839891,25541,0,0
CHEMBL3309601,0.04839891,25542,0,0
CHEMBL26204,0.04839891,25543,0,0
CHEMBL41921,0.04839891,25544,0,0
CHEMBL12996,0.04839891,25545,0,0
CHEMBL19502,0.04839891,25546,0,0
CHEMBL26015,0.04839891,25547,0,0
CHEMBL501770,0.04839891,25548,0,0
CHEMBL7557,0.04839891,25549,0,0
CHEMBL18054,0.04839891,25550,0,0
CHEMBL30391,0.04839891,25551,0,0
CHEMBL12627,0.04839891,25552,0,0
CHEMBL41287,0.04839891,25553,0,0
CHEMBL28754,0.04839891,25554,0,0
CHEMBL14963,0.04839891,25555,0,0
CHEMBL16744,0.04839891,25556,0,0
CHEMBL40929,0.04839891,25557,0,0
CHEMBL15763,0.04839891,25558,0,0
CHEMBL21547,0.04839891,25559,0,0
CHEMBL3311511,0.04839891,25560,0,0
CHEMBL14597,0.04839891,25561,0,0
CHEMBL12874,0.04839891,25562,0,0
CHEMBL7742,0.04839891,25563,0,0
CHEMBL3310737,0.04839891,25564,0,0
CHEMBL33802,0.04839891,25565,0,0
CHEMBL35505,0.04839891,25566,0,0
CHEMBL33710,0.04839891,25567,0,0
CHEMBL23923,0.04839891,25568,0,0
CHEMBL29478,0.04839891,25569,0,0
CHEMBL39164,0.04839891,25570,0,0
CHEMBL1163248,0.04839891,25571,0,0
CHEMBL26736,0.04839891,25572,0,0
CHEMBL38018,0.04839891,25573,0,0
CHEMBL34434,0.04839891,25574,0,0
CHEMBL34680,0.04839891,25575,0,0
CHEMBL3309462,0.04839891,25576,0,0
CHEMBL34286,0.04839891,25577,0,0
CHEMBL16885,0.04839891,25578,0,0
CHEMBL27319,0.04839891,25579,0,0
CHEMBL30601,0.04839891,25580,0,0
CHEMBL29230,0.04839891,25581,0,0
CHEMBL41576,0.04839891,25582,0,0
CHEMBL18422,0.04839891,25583,0,0
CHEMBL40252,0.04839891,25584,0,0
CHEMBL20338,0.04839891,25585,0,0
CHEMBL4553641,0.04839891,25586,0,0
CHEMBL21632,0.04839891,25587,0,0
CHEMBL12080,0.04839891,25588,0,0
CHEMBL10696,0.04839891,25589,0,0
CHEMBL10647,0.04839891,25590,0,0
CHEMBL23420,0.04839891,25591,0,0
CHEMBL22591,0.04839891,25592,0,0
CHEMBL32135,0.04839891,25593,0,0
CHEMBL19532,0.04839891,25594,0,0
CHEMBL6902,0.04839891,25595,0,0
CHEMBL11294,0.04839891,25596,0,0
CHEMBL10326,0.04839891,25597,0,0
CHEMBL11642,0.04839891,25598,0,0
CHEMBL17796,0.04839891,25599,0,0
CHEMBL10651,0.04839891,25600,0,0
CHEMBL23717,0.04839891,25601,0,0
CHEMBL11381,0.04839891,25602,0,0
CHEMBL29784,0.04839891,25603,0,0
CHEMBL29599,0.04839891,25604,0,0
CHEMBL19607,0.04839891,25605,0,0
CHEMBL14938,0.04839891,25606,0,0
CHEMBL40412,0.04839891,25607,0,0
CHEMBL31595,0.04839891,25608,0,0
CHEMBL27098,0.04839891,25609,0,0
CHEMBL36452,0.04839891,25610,0,0
CHEMBL33648,0.04839891,25611,0,0
CHEMBL8929,0.04839891,25612,0,0
CHEMBL21307,0.04839891,25613,0,0
CHEMBL28708,0.04839891,25614,0,0
CHEMBL13417,0.04839891,25615,0,0
CHEMBL17957,0.04839891,25616,0,0
CHEMBL32526,0.04839891,25617,0,0
CHEMBL32216,0.04839666,25618,0,0
CHEMBL1077368,0.048395965,25619,0,0
CHEMBL27840,0.048395965,25620,0,0
CHEMBL4559939,0.048386227,25621,0,0
CHEMBL36525,0.048339624,25622,0,0
CHEMBL24109,0.048339624,25623,0,0
CHEMBL20839,0.048339624,25624,0,0
CHEMBL3310498,0.048339624,25625,0,0
CHEMBL6723,0.048339624,25626,0,0
CHEMBL23011,0.048339624,25627,0,0
CHEMBL23983,0.048331752,25628,0,0
CHEMBL30078,0.048331752,25629,0,0
CHEMBL37910,0.048331752,25630,0,0
CHEMBL37879,0.048331752,25631,0,0
CHEMBL12887,0.048331752,25632,0,0
CHEMBL28016,0.048331752,25633,0,0
CHEMBL11242,0.048331752,25634,0,0
CHEMBL34341,0.048331752,25635,0,0
CHEMBL31460,0.048331752,25636,0,0
CHEMBL21875,0.048331752,25637,0,0
CHEMBL15626,0.048331752,25638,0,0
CHEMBL23655,0.048331752,25639,0,0
CHEMBL39458,0.048331752,25640,0,0
CHEMBL39455,0.048331752,25641,0,0
CHEMBL4553130,0.048331752,25642,0,0
CHEMBL16798,0.048331752,25643,0,0
CHEMBL31297,0.048331752,25644,0,0
CHEMBL32282,0.048331752,25645,0,0
CHEMBL7878,0.048331752,25646,0,0
CHEMBL7920,0.048331752,25647,0,0
CHEMBL16915,0.048331752,25648,0,0
CHEMBL16914,0.048331752,25649,0,0
CHEMBL3311010,0.048331752,25650,0,0
CHEMBL540427,0.048331752,25651,0,0
CHEMBL38754,0.048331752,25652,0,0
CHEMBL21567,0.048331752,25653,0,0
CHEMBL21564,0.048331752,25654,0,0
CHEMBL17373,0.048331752,25655,0,0
CHEMBL25893,0.048331752,25656,0,0
CHEMBL28104,0.048331752,25657,0,0
CHEMBL22863,0.048331752,25658,0,0
CHEMBL6581,0.048331752,25659,0,0
CHEMBL498921,0.048331752,25660,0,0
CHEMBL34622,0.048331752,25661,0,0
CHEMBL17046,0.048331752,25662,0,0
CHEMBL36629,0.048331752,25663,0,0
CHEMBL7767,0.048331752,25664,0,0
CHEMBL33799,0.048331752,25665,0,0
CHEMBL11542,0.048331752,25666,0,0
CHEMBL38673,0.048331752,25667,0,0
CHEMBL33114,0.048331752,25668,0,0
CHEMBL27803,0.048331752,25669,0,0
CHEMBL443332,0.048331752,25670,0,0
CHEMBL6251,0.048331752,25671,0,0
CHEMBL26180,0.048331752,25672,0,0
CHEMBL12060,0.048331752,25673,0,0
CHEMBL21220,0.048331752,25674,0,0
CHEMBL7109,0.048331752,25675,0,0
CHEMBL27810,0.048331752,25676,0,0
CHEMBL22743,0.048331752,25677,0,0
CHEMBL34029,0.048331752,25678,0,0
CHEMBL35108,0.048331752,25679,0,0
CHEMBL10780,0.048331752,25680,0,0
CHEMBL37571,0.048331752,25681,0,0
CHEMBL29558,0.048331752,25682,0,0
CHEMBL7183,0.048331752,25683,0,0
CHEMBL19625,0.048331752,25684,0,0
CHEMBL8175,0.048331752,25685,0,0
CHEMBL23497,0.048331752,25686,0,0
CHEMBL41276,0.048331752,25687,0,0
CHEMBL41541,0.048331752,25688,0,0
CHEMBL22659,0.048331752,25689,0,0
CHEMBL30983,0.048331752,25690,0,0
CHEMBL31836,0.048331752,25691,0,0
CHEMBL33341,0.048331752,25692,0,0
CHEMBL30527,0.048331752,25693,0,0
CHEMBL29628,0.048331752,25694,0,0
CHEMBL40193,0.048331752,25695,0,0
CHEMBL3311309,0.048331752,25696,0,0
CHEMBL23694,0.048331752,25697,0,0
CHEMBL16803,0.048331752,25698,0,0
CHEMBL8205,0.048331752,25699,0,0
CHEMBL40217,0.048331752,25700,0,0
CHEMBL36376,0.048331752,25701,0,0
CHEMBL40282,0.048331752,25702,0,0
CHEMBL12863,0.048331752,25703,0,0
CHEMBL17121,0.04832356,25704,0,0
CHEMBL15589,0.048261873,25705,0,0
CHEMBL17956,0.0480903,25706,0,0
CHEMBL36021,0.048049334,25707,0,0
CHEMBL4116120,0.048022263,25708,0,0
CHEMBL13696,0.048022263,25709,0,0
CHEMBL37592,0.048009325,25710,0,0
CHEMBL157397,0.04794787,25711,0,0
CHEMBL27744,0.04794787,25712,0,0
CHEMBL24028,0.04794787,25713,0,0
CHEMBL3310971,0.04794787,25714,0,0
CHEMBL17855,0.04794787,25715,0,0
CHEMBL27466,0.04794787,25716,0,0
CHEMBL590250,0.04794787,25717,0,0
CHEMBL40103,0.04794787,25718,0,0
CHEMBL20103,0.047929496,25719,0,0
CHEMBL13431,0.047918234,25720,0,0
CHEMBL13230,0.047918234,25721,0,0
CHEMBL29919,0.04790773,25722,0,0
CHEMBL14646,0.047810115,25723,0,0
CHEMBL34737,0.047748435,25724,0,0
CHEMBL23386,0.047746506,25725,0,0
CHEMBL23502,0.047746506,25726,0,0
CHEMBL20577,0.04759899,25727,0,0
CHEMBL33111,0.04759899,25728,0,0
CHEMBL8252,0.04759547,25729,0,0
CHEMBL23985,0.04755947,25730,0,0
CHEMBL9655,0.047516022,25731,0,0
CHEMBL40406,0.047479197,25732,0,0
CHEMBL37146,0.047479197,25733,0,0
CHEMBL4435500,0.047479197,25734,0,0
CHEMBL269289,0.047317486,25735,0,0
CHEMBL19235,0.047317486,25736,0,0
CHEMBL14370,0.047317486,25737,0,0
CHEMBL14991,0.047317486,25738,0,0
CHEMBL7541,0.047317486,25739,0,0
CHEMBL15263,0.047317486,25740,0,0
CHEMBL36546,0.047317486,25741,0,0
CHEMBL42854,0.047317486,25742,0,0
CHEMBL42792,0.047317486,25743,0,0
CHEMBL20251,0.047317486,25744,0,0
CHEMBL30172,0.047317486,25745,0,0
CHEMBL33727,0.047317486,25746,0,0
CHEMBL34070,0.047317486,25747,0,0
CHEMBL4543578,0.047317486,25748,0,0
CHEMBL14002,0.047317486,25749,0,0
CHEMBL18977,0.047317486,25750,0,0
CHEMBL6801,0.047317486,25751,0,0
CHEMBL6732,0.047317486,25752,0,0
CHEMBL32949,0.047317486,25753,0,0
CHEMBL41581,0.047317486,25754,0,0
CHEMBL32901,0.047317486,25755,0,0
CHEMBL19937,0.047317486,25756,0,0
CHEMBL22572,0.047317486,25757,0,0
CHEMBL33632,0.047317486,25758,0,0
CHEMBL27409,0.047317486,25759,0,0
CHEMBL1161924,0.047317486,25760,0,0
CHEMBL41147,0.047317486,25761,0,0
CHEMBL28650,0.047317486,25762,0,0
CHEMBL3311314,0.047317486,25763,0,0
CHEMBL18732,0.047317486,25764,0,0
CHEMBL16785,0.047317486,25765,0,0
CHEMBL36046,0.047317486,25766,0,0
CHEMBL8401,0.047317486,25767,0,0
CHEMBL39027,0.047317486,25768,0,0
CHEMBL31513,0.047317486,25769,0,0
CHEMBL31516,0.047317486,25770,0,0
CHEMBL30927,0.047317486,25771,0,0
CHEMBL20790,0.047317486,25772,0,0
CHEMBL7344,0.047317486,25773,0,0
CHEMBL38828,0.047317486,25774,0,0
CHEMBL7896,0.047317486,25775,0,0
CHEMBL3310882,0.047317486,25776,0,0
CHEMBL31137,0.047317486,25777,0,0
CHEMBL7193,0.047317486,25778,0,0
CHEMBL38412,0.047317486,25779,0,0
CHEMBL30876,0.047317486,25780,0,0
CHEMBL36915,0.047317486,25781,0,0
CHEMBL36958,0.047317486,25782,0,0
CHEMBL3310254,0.047317486,25783,0,0
CHEMBL7625,0.047317486,25784,0,0
CHEMBL4543225,0.047317486,25785,0,0
CHEMBL30147,0.047317486,25786,0,0
CHEMBL7293,0.047317486,25787,0,0
CHEMBL24395,0.047317486,25788,0,0
CHEMBL28762,0.047317486,25789,0,0
CHEMBL37011,0.047317486,25790,0,0
CHEMBL23950,0.047304578,25791,0,0
CHEMBL31346,0.047234442,25792,0,0
CHEMBL6881,0.047234442,25793,0,0
CHEMBL24946,0.047234442,25794,0,0
CHEMBL11655,0.047234442,25795,0,0
CHEMBL557422,0.047208164,25796,0,0
CHEMBL34517,0.047193654,25797,0,0
CHEMBL39528,0.047193654,25798,0,0
CHEMBL609688,0.047193654,25799,0,0
CHEMBL16509,0.047188926,25800,0,0
CHEMBL23854,0.04713087,25801,0,0
CHEMBL21666,0.04706625,25802,0,0
CHEMBL3311109,0.04706222,25803,0,0
CHEMBL34362,0.04704953,25804,0,0
CHEMBL37021,0.04704953,25805,0,0
CHEMBL11326,0.04704953,25806,0,0
CHEMBL24226,0.046984155,25807,0,0
CHEMBL3309763,0.046984155,25808,0,0
CHEMBL11773,0.046984155,25809,0,0
CHEMBL33137,0.046984155,25810,0,0
CHEMBL26579,0.046984155,25811,0,0
CHEMBL20087,0.046984155,25812,0,0
CHEMBL33950,0.046984155,25813,0,0
CHEMBL43189,0.046984155,25814,0,0
CHEMBL37646,0.046953917,25815,0,0
CHEMBL33044,0.046953917,25816,0,0
CHEMBL609423,0.046953917,25817,0,0
CHEMBL24989,0.046953917,25818,0,0
CHEMBL4434717,0.046949897,25819,0,0
CHEMBL31530,0.04694371,25820,0,0
CHEMBL32222,0.04694371,25821,0,0
CHEMBL13877,0.04694371,25822,0,0
CHEMBL16423,0.04694371,25823,0,0
CHEMBL37851,0.04694371,25824,0,0
CHEMBL25134,0.04694371,25825,0,0
CHEMBL1181431,0.04694371,25826,0,0
CHEMBL12211,0.046936553,25827,0,0
CHEMBL11969,0.046936553,25828,0,0
CHEMBL27316,0.046936553,25829,0,0
CHEMBL42330,0.046861056,25830,0,0
CHEMBL10144,0.046861056,25831,0,0
CHEMBL8980,0.046843465,25832,0,0
CHEMBL34363,0.046806935,25833,0,0
CHEMBL31888,0.046806935,25834,0,0
CHEMBL11985,0.046806935,25835,0,0
CHEMBL19581,0.046806935,25836,0,0
CHEMBL19478,0.046806935,25837,0,0
CHEMBL18299,0.046806935,25838,0,0
CHEMBL27900,0.046806935,25839,0,0
CHEMBL34801,0.046806935,25840,0,0
CHEMBL29318,0.046806935,25841,0,0
CHEMBL20323,0.046772208,25842,0,0
CHEMBL22452,0.046747785,25843,0,0
CHEMBL7755,0.046735026,25844,0,0
CHEMBL38913,0.046734814,25845,0,0
CHEMBL23178,0.046728823,25846,0,0
CHEMBL34390,0.046696994,25847,0,0
CHEMBL7281,0.04667033,25848,0,0
CHEMBL28629,0.046640806,25849,0,0
CHEMBL34432,0.04663429,25850,0,0
CHEMBL34025,0.046438716,25851,0,0
CHEMBL4543387,0.046438716,25852,0,0
CHEMBL1084510,0.046401113,25853,0,0
CHEMBL26087,0.046347365,25854,0,0
CHEMBL30040,0.046347365,25855,0,0
CHEMBL21992,0.04631598,25856,0,0
CHEMBL4553165,0.046284217,25857,0,0
CHEMBL40223,0.046256494,25858,0,0
CHEMBL21085,0.046252195,25859,0,0
CHEMBL33652,0.046252195,25860,0,0
CHEMBL16953,0.046220683,25861,0,0
CHEMBL38948,0.046219546,25862,0,0
CHEMBL18814,0.0462161,25863,0,0
CHEMBL33017,0.0462161,25864,0,0
CHEMBL1163552,0.0462161,25865,0,0
CHEMBL3310006,0.046202227,25866,0,0
CHEMBL32542,0.046149265,25867,0,0
CHEMBL24598,0.0461446,25868,0,0
CHEMBL17807,0.0461446,25869,0,0
CHEMBL19660,0.046097193,25870,0,0
CHEMBL36383,0.046097193,25871,0,0
CHEMBL28867,0.046097193,25872,0,0
CHEMBL7029,0.046097193,25873,0,0
CHEMBL20881,0.046097193,25874,0,0
CHEMBL19613,0.046097193,25875,0,0
CHEMBL4116107,0.046097193,25876,0,0
CHEMBL11745,0.046097193,25877,0,0
CHEMBL16254,0.046097193,25878,0,0
CHEMBL4543398,0.046097193,25879,0,0
CHEMBL17482,0.046097193,25880,0,0
CHEMBL17417,0.046097193,25881,0,0
CHEMBL10161,0.046097193,25882,0,0
CHEMBL16215,0.046097193,25883,0,0
CHEMBL16239,0.046097193,25884,0,0
CHEMBL32187,0.046097193,25885,0,0
CHEMBL20714,0.046097193,25886,0,0
CHEMBL20660,0.046097193,25887,0,0
CHEMBL7167,0.046097193,25888,0,0
CHEMBL24780,0.046097193,25889,0,0
CHEMBL14247,0.046097193,25890,0,0
CHEMBL21432,0.046097193,25891,0,0
CHEMBL38628,0.046097193,25892,0,0
CHEMBL11508,0.046097193,25893,0,0
CHEMBL18627,0.046097193,25894,0,0
CHEMBL7360,0.046097193,25895,0,0
CHEMBL20837,0.046097193,25896,0,0
CHEMBL31476,0.046097193,25897,0,0
CHEMBL22115,0.046097193,25898,0,0
CHEMBL20299,0.046097193,25899,0,0
CHEMBL21013,0.046097193,25900,0,0
CHEMBL29731,0.046097193,25901,0,0
CHEMBL32944,0.046097193,25902,0,0
CHEMBL4543562,0.046097193,25903,0,0
CHEMBL35096,0.046097193,25904,0,0
CHEMBL266873,0.046097193,25905,0,0
CHEMBL10277,0.046097193,25906,0,0
CHEMBL11782,0.046097193,25907,0,0
CHEMBL39523,0.046097193,25908,0,0
CHEMBL33906,0.046097193,25909,0,0
CHEMBL4553613,0.046097193,25910,0,0
CHEMBL42599,0.046097193,25911,0,0
CHEMBL20424,0.046097193,25912,0,0
CHEMBL41982,0.046097193,25913,0,0
CHEMBL39033,0.046097193,25914,0,0
CHEMBL4435739,0.046097193,25915,0,0
CHEMBL8432,0.046097193,25916,0,0
CHEMBL25527,0.046097193,25917,0,0
CHEMBL19596,0.046097193,25918,0,0
CHEMBL18579,0.046097193,25919,0,0
CHEMBL39255,0.046097193,25920,0,0
CHEMBL20496,0.046097193,25921,0,0
CHEMBL6932,0.046097193,25922,0,0
CHEMBL6926,0.046097193,25923,0,0
CHEMBL6925,0.046097193,25924,0,0
CHEMBL3309474,0.046097193,25925,0,0
CHEMBL1222706,0.046097193,25926,0,0
CHEMBL4435941,0.046097193,25927,0,0
CHEMBL4436455,0.046097193,25928,0,0
CHEMBL17937,0.046097193,25929,0,0
CHEMBL38476,0.046097193,25930,0,0
CHEMBL3309389,0.046097193,25931,0,0
CHEMBL13984,0.046097193,25932,0,0
CHEMBL6748,0.046097193,25933,0,0
CHEMBL21125,0.046097193,25934,0,0
CHEMBL16525,0.046097193,25935,0,0
CHEMBL20572,0.046097193,25936,0,0
CHEMBL35573,0.046097193,25937,0,0
CHEMBL23490,0.046097193,25938,0,0
CHEMBL11785,0.046097193,25939,0,0
CHEMBL3309292,0.046097193,25940,0,0
CHEMBL11793,0.046097193,25941,0,0
CHEMBL11812,0.046097193,25942,0,0
CHEMBL20603,0.046097193,25943,0,0
CHEMBL1076624,0.046097193,25944,0,0
CHEMBL30667,0.046097193,25945,0,0
CHEMBL6361,0.046097193,25946,0,0
CHEMBL38271,0.046097193,25947,0,0
CHEMBL21179,0.046097193,25948,0,0
CHEMBL19314,0.046096724,25949,0,0
CHEMBL29773,0.046096724,25950,0,0
CHEMBL32792,0.046088472,25951,0,0
CHEMBL31973,0.046059605,25952,0,0
CHEMBL40930,0.04603831,25953,0,0
CHEMBL22719,0.04603831,25954,0,0
CHEMBL19167,0.04603831,25955,0,0
CHEMBL98,0.046035524,25956,0,0
CHEMBL37632,0.046035524,25957,0,0
CHEMBL31052,0.046035524,25958,0,0
CHEMBL27007,0.04600198,25959,0,0
CHEMBL20972,0.04596833,25960,0,0
CHEMBL22898,0.04596833,25961,0,0
CHEMBL6287,0.045965645,25962,0,0
CHEMBL15504,0.045965645,25963,0,0
CHEMBL28216,0.045965645,25964,0,0
CHEMBL13584,0.045965645,25965,0,0
CHEMBL16854,0.045965645,25966,0,0
CHEMBL21047,0.0459631,25967,0,0
CHEMBL27554,0.045823295,25968,0,0
CHEMBL41008,0.045794502,25969,0,0
CHEMBL12170,0.045794502,25970,0,0
CHEMBL4543480,0.045794502,25971,0,0
CHEMBL35540,0.045775063,25972,0,0
CHEMBL26720,0.04573194,25973,0,0
CHEMBL39900,0.04573194,25974,0,0
CHEMBL4435162,0.045708127,25975,0,0
CHEMBL12390,0.04567061,25976,0,0
CHEMBL23321,0.045645364,25977,0,0
CHEMBL32388,0.045609277,25978,0,0
CHEMBL22137,0.045548864,25979,0,0
CHEMBL3309975,0.045528762,25980,0,0
CHEMBL43098,0.045494623,25981,0,0
CHEMBL22994,0.04546259,25982,0,0
CHEMBL19231,0.04546259,25983,0,0
CHEMBL40728,0.04546259,25984,0,0
CHEMBL27312,0.04546259,25985,0,0
CHEMBL3310244,0.04545059,25986,0,0
CHEMBL18243,0.045337845,25987,0,0
CHEMBL13728,0.045337845,25988,0,0
CHEMBL19620,0.045311883,25989,0,0
CHEMBL4435460,0.045311883,25990,0,0
CHEMBL29119,0.045311883,25991,0,0
CHEMBL3310891,0.045311883,25992,0,0
CHEMBL17932,0.045311883,25993,0,0
CHEMBL13873,0.045311883,25994,0,0
CHEMBL26620,0.045311883,25995,0,0
CHEMBL22018,0.045311883,25996,0,0
CHEMBL29985,0.045311883,25997,0,0
CHEMBL21805,0.045311883,25998,0,0
CHEMBL1207685,0.045311883,25999,0,0
CHEMBL18810,0.045311883,26000,0,0
CHEMBL4435248,0.045311883,26001,0,0
CHEMBL3311398,0.045311883,26002,0,0
CHEMBL3311402,0.045311883,26003,0,0
CHEMBL21636,0.045311883,26004,0,0
CHEMBL37739,0.045311883,26005,0,0
CHEMBL38994,0.045311883,26006,0,0
CHEMBL16733,0.045311883,26007,0,0
CHEMBL21878,0.045311883,26008,0,0
CHEMBL12242,0.045311883,26009,0,0
CHEMBL18944,0.045279257,26010,0,0
CHEMBL21161,0.04527839,26011,0,0
CHEMBL32522,0.04527839,26012,0,0
CHEMBL25968,0.045232013,26013,0,0
CHEMBL34781,0.045148738,26014,0,0
CHEMBL35707,0.045148738,26015,0,0
CHEMBL19756,0.045096558,26016,0,0
CHEMBL16853,0.045067165,26017,0,0
CHEMBL40628,0.045067165,26018,0,0
CHEMBL13966,0.045067165,26019,0,0
CHEMBL41701,0.044951547,26020,0,0
CHEMBL22676,0.04493104,26021,0,0
CHEMBL9053,0.044928614,26022,0,0
CHEMBL13592,0.044923194,26023,0,0
CHEMBL38932,0.044900153,26024,0,0
CHEMBL4543551,0.044900153,26025,0,0
CHEMBL36520,0.044899344,26026,0,0
CHEMBL30295,0.044899344,26027,0,0
CHEMBL28491,0.044899344,26028,0,0
CHEMBL24619,0.044899344,26029,0,0
CHEMBL33790,0.044899344,26030,0,0
CHEMBL28168,0.044890072,26031,0,0
CHEMBL30383,0.044890072,26032,0,0
CHEMBL3310332,0.044890072,26033,0,0
CHEMBL14265,0.04484528,26034,0,0
CHEMBL39696,0.04482197,26035,0,0
CHEMBL4435231,0.04482197,26036,0,0
CHEMBL1091501,0.04482197,26037,0,0
CHEMBL33241,0.044797007,26038,0,0
CHEMBL1214612,0.044759225,26039,0,0
CHEMBL19277,0.044759225,26040,0,0
CHEMBL20230,0.044759225,26041,0,0
CHEMBL4436538,0.044759225,26042,0,0
CHEMBL19902,0.044759225,26043,0,0
CHEMBL13568,0.044759225,26044,0,0
CHEMBL4434821,0.044759225,26045,0,0
CHEMBL18635,0.044759225,26046,0,0
CHEMBL14967,0.044759225,26047,0,0
CHEMBL36316,0.044759225,26048,0,0
CHEMBL27539,0.044759225,26049,0,0
CHEMBL4543224,0.044759225,26050,0,0
CHEMBL4553614,0.044759225,26051,0,0
CHEMBL38421,0.044759225,26052,0,0
CHEMBL1223703,0.044759225,26053,0,0
CHEMBL19365,0.044759225,26054,0,0
CHEMBL3309379,0.044759225,26055,0,0
CHEMBL3309551,0.044759225,26056,0,0
CHEMBL24907,0.044759225,26057,0,0
CHEMBL16337,0.044759225,26058,0,0
CHEMBL11010,0.044759225,26059,0,0
CHEMBL23135,0.044759225,26060,0,0
CHEMBL23218,0.044759225,26061,0,0
CHEMBL25502,0.044759225,26062,0,0
CHEMBL22908,0.044759225,26063,0,0
CHEMBL22653,0.04474039,26064,0,0
CHEMBL37844,0.044725914,26065,0,0
CHEMBL11730,0.044725914,26066,0,0
CHEMBL39338,0.04471419,26067,0,0
CHEMBL22544,0.044644237,26068,0,0
CHEMBL4436401,0.044644237,26069,0,0
CHEMBL26928,0.04457958,26070,0,0
CHEMBL16484,0.044526175,26071,0,0
CHEMBL39978,0.044463623,26072,0,0
CHEMBL4436131,0.04442196,26073,0,0
CHEMBL28297,0.04442196,26074,0,0
CHEMBL9654,0.04442196,26075,0,0
CHEMBL1184808,0.04441872,26076,0,0
CHEMBL3309520,0.044416573,26077,0,0
CHEMBL4435774,0.044414185,26078,0,0
CHEMBL20051,0.04438293,26079,0,0
CHEMBL33809,0.04438293,26080,0,0
CHEMBL27696,0.04438293,26081,0,0
CHEMBL4435063,0.04438293,26082,0,0
CHEMBL37941,0.04438293,26083,0,0
CHEMBL21977,0.04438293,26084,0,0
CHEMBL19885,0.04436006,26085,0,0
CHEMBL18704,0.044275522,26086,0,0
CHEMBL411,0.04419998,26087,0,0
CHEMBL36620,0.044189103,26088,0,0
CHEMBL17441,0.044135388,26089,0,0
CHEMBL37931,0.04412099,26090,0,0
CHEMBL6339,0.044073682,26091,0,0
CHEMBL30263,0.044064574,26092,0,0
CHEMBL4543426,0.0440435,26093,0,0
CHEMBL3310336,0.04401037,26094,0,0
CHEMBL23231,0.04399451,26095,0,0
CHEMBL11049,0.043950807,26096,0,0
CHEMBL7637,0.04391986,26097,0,0
CHEMBL30199,0.04391986,26098,0,0
CHEMBL6761,0.04391986,26099,0,0
CHEMBL13907,0.04390905,26100,0,0
CHEMBL3310258,0.04390905,26101,0,0
CHEMBL28020,0.04390905,26102,0,0
CHEMBL6701,0.04390905,26103,0,0
CHEMBL34921,0.043852903,26104,0,0
CHEMBL36835,0.0437295,26105,0,0
CHEMBL29272,0.043692086,26106,0,0
CHEMBL13450,0.043692086,26107,0,0
CHEMBL28475,0.043692086,26108,0,0
CHEMBL32664,0.043692086,26109,0,0
CHEMBL23903,0.043692086,26110,0,0
CHEMBL34742,0.043692086,26111,0,0
CHEMBL41193,0.043692086,26112,0,0
CHEMBL28298,0.043692086,26113,0,0
CHEMBL8389,0.043692086,26114,0,0
CHEMBL1097293,0.043692086,26115,0,0
CHEMBL11241,0.043692086,26116,0,0
CHEMBL699,0.043692086,26117,0,0
CHEMBL39441,0.043692086,26118,0,0
CHEMBL11954,0.043692086,26119,0,0
CHEMBL31423,0.04364529,26120,0,0
CHEMBL27444,0.043498676,26121,0,0
CHEMBL13491,0.04342534,26122,0,0
CHEMBL34258,0.04342534,26123,0,0
CHEMBL26108,0.04342534,26124,0,0
CHEMBL34351,0.04342534,26125,0,0
CHEMBL15295,0.04342534,26126,0,0
CHEMBL25490,0.04342534,26127,0,0
CHEMBL30016,0.04342534,26128,0,0
CHEMBL9352,0.04342534,26129,0,0
CHEMBL23617,0.04342534,26130,0,0
CHEMBL9282,0.04342534,26131,0,0
CHEMBL42781,0.04342534,26132,0,0
CHEMBL10656,0.04342534,26133,0,0
CHEMBL36105,0.04342534,26134,0,0
CHEMBL40034,0.04342534,26135,0,0
CHEMBL39518,0.043418705,26136,0,0
CHEMBL21735,0.043418705,26137,0,0
CHEMBL7381,0.04338903,26138,0,0
CHEMBL4543461,0.04337555,26139,0,0
CHEMBL14157,0.04332992,26140,0,0
CHEMBL22885,0.04332992,26141,0,0
CHEMBL18772,0.04332992,26142,0,0
CHEMBL29345,0.04332992,26143,0,0
CHEMBL43029,0.04332992,26144,0,0
CHEMBL8487,0.04328367,26145,0,0
CHEMBL7922,0.04328367,26146,0,0
CHEMBL29337,0.04324081,26147,0,0
CHEMBL33568,0.043224126,26148,0,0
CHEMBL29669,0.043213334,26149,0,0
CHEMBL25642,0.043170925,26150,0,0
CHEMBL18006,0.04316291,26151,0,0
CHEMBL9098,0.043061513,26152,0,0
CHEMBL16147,0.04306104,26153,0,0
CHEMBL38975,0.043031234,26154,0,0
CHEMBL13093,0.04299554,26155,0,0
CHEMBL20545,0.04298721,26156,0,0
CHEMBL3310466,0.04298721,26157,0,0
CHEMBL25031,0.04298721,26158,0,0
CHEMBL33591,0.04298721,26159,0,0
CHEMBL13787,0.04298721,26160,0,0
CHEMBL34542,0.04298721,26161,0,0
CHEMBL39449,0.04298721,26162,0,0
CHEMBL13998,0.04298721,26163,0,0
CHEMBL32481,0.04298721,26164,0,0
CHEMBL23027,0.042966157,26165,0,0
CHEMBL19355,0.042952217,26166,0,0
CHEMBL12482,0.042952217,26167,0,0
CHEMBL23012,0.042917255,26168,0,0
CHEMBL16620,0.042906363,26169,0,0
CHEMBL37593,0.042906363,26170,0,0
CHEMBL26017,0.042906363,26171,0,0
CHEMBL1076221,0.042906363,26172,0,0
CHEMBL9400,0.042906363,26173,0,0
CHEMBL37283,0.042891525,26174,0,0
CHEMBL15010,0.042891525,26175,0,0
CHEMBL42691,0.042802937,26176,0,0
CHEMBL24342,0.04279654,26177,0,0
CHEMBL3309506,0.04279654,26178,0,0
CHEMBL18251,0.04279654,26179,0,0
CHEMBL23940,0.042780045,26180,0,0
CHEMBL611047,0.042780045,26181,0,0
CHEMBL16384,0.042780045,26182,0,0
CHEMBL31811,0.042780045,26183,0,0
CHEMBL11809,0.042780045,26184,0,0
CHEMBL31736,0.042780045,26185,0,0
CHEMBL263555,0.042689294,26186,0,0
CHEMBL3310472,0.042689294,26187,0,0
CHEMBL23031,0.042689294,26188,0,0
CHEMBL25228,0.042689294,26189,0,0
CHEMBL13674,0.042677853,26190,0,0
CHEMBL23808,0.042653743,26191,0,0
CHEMBL28538,0.042592615,26192,0,0
CHEMBL16259,0.042519096,26193,0,0
CHEMBL4543373,0.04240291,26194,0,0
CHEMBL19730,0.0423437,26195,0,0
CHEMBL9406,0.0423437,26196,0,0
CHEMBL21079,0.042334177,26197,0,0
CHEMBL3310193,0.042334177,26198,0,0
CHEMBL30362,0.04228924,26199,0,0
CHEMBL9091,0.04228924,26200,0,0
CHEMBL36442,0.042285867,26201,0,0
CHEMBL22165,0.042285867,26202,0,0
CHEMBL31970,0.042285867,26203,0,0
CHEMBL9457,0.042285867,26204,0,0
CHEMBL4435650,0.042253118,26205,0,0
CHEMBL19686,0.042141616,26206,0,0
CHEMBL9273,0.042121623,26207,0,0
CHEMBL19525,0.04211386,26208,0,0
CHEMBL7970,0.042094216,26209,0,0
CHEMBL4543446,0.042052686,26210,0,0
CHEMBL36255,0.042052686,26211,0,0
CHEMBL26894,0.042052686,26212,0,0
CHEMBL3309900,0.042052686,26213,0,0
CHEMBL6579,0.041993678,26214,0,0
CHEMBL32226,0.04195912,26215,0,0
CHEMBL1170714,0.04195912,26216,0,0
CHEMBL14429,0.04195912,26217,0,0
CHEMBL23981,0.04195912,26218,0,0
CHEMBL41822,0.04195912,26219,0,0
CHEMBL30081,0.04195912,26220,0,0
CHEMBL18831,0.04195912,26221,0,0
CHEMBL17883,0.04195912,26222,0,0
CHEMBL17432,0.04195912,26223,0,0
CHEMBL38857,0.04195912,26224,0,0
CHEMBL34885,0.04195912,26225,0,0
CHEMBL34531,0.04195912,26226,0,0
CHEMBL10404,0.04195912,26227,0,0
CHEMBL16546,0.04195912,26228,0,0
CHEMBL4436588,0.04195912,26229,0,0
CHEMBL7130,0.04195912,26230,0,0
CHEMBL36787,0.041924097,26231,0,0
CHEMBL39763,0.041924097,26232,0,0
CHEMBL17153,0.041900504,26233,0,0
CHEMBL39146,0.041900504,26234,0,0
CHEMBL8061,0.041900504,26235,0,0
CHEMBL30041,0.041900504,26236,0,0
CHEMBL21273,0.041900504,26237,0,0
CHEMBL38557,0.041900504,26238,0,0
CHEMBL6847,0.041900504,26239,0,0
CHEMBL30151,0.041900504,26240,0,0
CHEMBL22972,0.041900504,26241,0,0
CHEMBL4435574,0.04186446,26242,0,0
CHEMBL4434841,0.041797765,26243,0,0
CHEMBL29132,0.0417926,26244,0,0
CHEMBL4435121,0.04177816,26245,0,0
CHEMBL4436493,0.04177816,26246,0,0
CHEMBL4303157,0.041756105,26247,0,0
CHEMBL32181,0.041756105,26248,0,0
CHEMBL29860,0.041614544,26249,0,0
CHEMBL4434943,0.041612055,26250,0,0
CHEMBL40763,0.041612055,26251,0,0
CHEMBL4559998,0.04161196,26252,0,0
CHEMBL9937,0.04161196,26253,0,0
CHEMBL28160,0.04161196,26254,0,0
CHEMBL4435071,0.04161148,26255,0,0
CHEMBL9689,0.04159535,26256,0,0
CHEMBL33217,0.04156549,26257,0,0
CHEMBL27258,0.04156549,26258,0,0
CHEMBL26735,0.041552376,26259,0,0
CHEMBL27321,0.041552376,26260,0,0
CHEMBL34500,0.041552376,26261,0,0
CHEMBL28734,0.041552376,26262,0,0
CHEMBL34158,0.041552376,26263,0,0
CHEMBL747,0.041552376,26264,0,0
CHEMBL14508,0.041552376,26265,0,0
CHEMBL34230,0.041552376,26266,0,0
CHEMBL19427,0.041552376,26267,0,0
CHEMBL11704,0.041552376,26268,0,0
CHEMBL10957,0.041552376,26269,0,0
CHEMBL25643,0.041552376,26270,0,0
CHEMBL533,0.041552376,26271,0,0
CHEMBL1203385,0.041552376,26272,0,0
CHEMBL16067,0.041552376,26273,0,0
CHEMBL10164,0.041552376,26274,0,0
CHEMBL42421,0.041552376,26275,0,0
CHEMBL13332,0.041552376,26276,0,0
CHEMBL15190,0.041552376,26277,0,0
CHEMBL26630,0.041552376,26278,0,0
CHEMBL20723,0.041552376,26279,0,0
CHEMBL6741,0.041552376,26280,0,0
CHEMBL10755,0.041552376,26281,0,0
CHEMBL26819,0.041552376,26282,0,0
CHEMBL28522,0.041552376,26283,0,0
CHEMBL32910,0.041552376,26284,0,0
CHEMBL35033,0.041552376,26285,0,0
CHEMBL34110,0.041552376,26286,0,0
CHEMBL11971,0.041552376,26287,0,0
CHEMBL19208,0.041552376,26288,0,0
CHEMBL3311512,0.041552376,26289,0,0
CHEMBL12767,0.041552376,26290,0,0
CHEMBL8321,0.041552376,26291,0,0
CHEMBL11274,0.041552376,26292,0,0
CHEMBL33499,0.041552376,26293,0,0
CHEMBL13115,0.041552376,26294,0,0
CHEMBL37760,0.041552376,26295,0,0
CHEMBL12189,0.041552376,26296,0,0
CHEMBL4434909,0.041552376,26297,0,0
CHEMBL14907,0.041551366,26298,0,0
CHEMBL3310412,0.041548852,26299,0,0
CHEMBL605451,0.041544985,26300,0,0
CHEMBL9395,0.041517198,26301,0,0
CHEMBL34671,0.041517198,26302,0,0
CHEMBL32770,0.041517198,26303,0,0
CHEMBL14369,0.041517198,26304,0,0
CHEMBL16460,0.041494302,26305,0,0
CHEMBL7192,0.041494302,26306,0,0
CHEMBL16675,0.041494302,26307,0,0
CHEMBL10621,0.041494302,26308,0,0
CHEMBL23150,0.041488178,26309,0,0
CHEMBL3310800,0.041439,26310,0,0
CHEMBL31374,0.041437406,26311,0,0
CHEMBL17984,0.041437406,26312,0,0
CHEMBL11643,0.041437406,26313,0,0
CHEMBL34386,0.041437406,26314,0,0
CHEMBL3310109,0.041430306,26315,0,0
CHEMBL14341,0.041418802,26316,0,0
CHEMBL23398,0.041418802,26317,0,0
CHEMBL32735,0.041418802,26318,0,0
CHEMBL8871,0.041418802,26319,0,0
CHEMBL13721,0.041418802,26320,0,0
CHEMBL35661,0.041418802,26321,0,0
CHEMBL28623,0.041418802,26322,0,0
CHEMBL29824,0.041418802,26323,0,0
CHEMBL22582,0.041380964,26324,0,0
CHEMBL15022,0.041380964,26325,0,0
CHEMBL11792,0.041363273,26326,0,0
CHEMBL12147,0.041363273,26327,0,0
CHEMBL268339,0.04131045,26328,0,0
CHEMBL32223,0.041248973,26329,0,0
CHEMBL9234,0.04124083,26330,0,0
CHEMBL31987,0.04124083,26331,0,0
CHEMBL24849,0.04123028,26332,0,0
CHEMBL1206762,0.04123028,26333,0,0
CHEMBL28932,0.04122903,26334,0,0
CHEMBL4435552,0.04122903,26335,0,0
CHEMBL13785,0.041211918,26336,0,0
CHEMBL15704,0.041211918,26337,0,0
CHEMBL8312,0.041211918,26338,0,0
CHEMBL39519,0.041211918,26339,0,0
CHEMBL16827,0.041211918,26340,0,0
CHEMBL28432,0.041045632,26341,0,0
CHEMBL26482,0.04104442,26342,0,0
CHEMBL9241,0.041015387,26343,0,0
CHEMBL7168,0.041015387,26344,0,0
CHEMBL29789,0.041015387,26345,0,0
CHEMBL3309499,0.041015387,26346,0,0
CHEMBL7849,0.041015387,26347,0,0
CHEMBL15332,0.041015387,26348,0,0
CHEMBL11572,0.041015387,26349,0,0
CHEMBL14638,0.041015387,26350,0,0
CHEMBL38925,0.041015387,26351,0,0
CHEMBL6648,0.041015387,26352,0,0
CHEMBL42035,0.040986825,26353,0,0
CHEMBL17336,0.040986825,26354,0,0
CHEMBL16881,0.040986825,26355,0,0
CHEMBL33460,0.040986825,26356,0,0
CHEMBL15170,0.040986825,26357,0,0
CHEMBL15738,0.040986825,26358,0,0
CHEMBL33826,0.04094023,26359,0,0
CHEMBL6464,0.0409273,26360,0,0
CHEMBL17303,0.0409273,26361,0,0
CHEMBL35441,0.0409273,26362,0,0
CHEMBL16786,0.0409273,26363,0,0
CHEMBL34699,0.0409273,26364,0,0
CHEMBL7564,0.040902358,26365,0,0
CHEMBL7855,0.040828362,26366,0,0
CHEMBL16907,0.04082039,26367,0,0
CHEMBL14485,0.04082039,26368,0,0
CHEMBL6944,0.04082039,26369,0,0
CHEMBL7664,0.04082039,26370,0,0
CHEMBL29518,0.04082039,26371,0,0
CHEMBL34647,0.04082039,26372,0,0
CHEMBL41192,0.04082039,26373,0,0
CHEMBL42089,0.04082039,26374,0,0
CHEMBL10323,0.04082039,26375,0,0
CHEMBL13535,0.04082039,26376,0,0
CHEMBL39038,0.04082039,26377,0,0
CHEMBL8371,0.04082039,26378,0,0
CHEMBL6489,0.04082039,26379,0,0
CHEMBL25974,0.04082039,26380,0,0
CHEMBL17954,0.04082039,26381,0,0
CHEMBL4436059,0.04082039,26382,0,0
CHEMBL22707,0.04082039,26383,0,0
CHEMBL19381,0.04082039,26384,0,0
CHEMBL26778,0.04082039,26385,0,0
CHEMBL35910,0.04082039,26386,0,0
CHEMBL30887,0.04082039,26387,0,0
CHEMBL40816,0.04082039,26388,0,0
CHEMBL28047,0.04082039,26389,0,0
CHEMBL8165,0.04082039,26390,0,0
CHEMBL17357,0.04082039,26391,0,0
CHEMBL31411,0.04082039,26392,0,0
CHEMBL35219,0.04082039,26393,0,0
CHEMBL20354,0.040818647,26394,0,0
CHEMBL10149,0.040818647,26395,0,0
CHEMBL29980,0.040818647,26396,0,0
CHEMBL27276,0.040818647,26397,0,0
CHEMBL29736,0.040807407,26398,0,0
CHEMBL17635,0.040780764,26399,0,0
CHEMBL36139,0.040780764,26400,0,0
CHEMBL4543219,0.040655833,26401,0,0
CHEMBL12417,0.040655833,26402,0,0
CHEMBL37254,0.040655833,26403,0,0
CHEMBL7203,0.040617403,26404,0,0
CHEMBL13047,0.040612374,26405,0,0
CHEMBL16895,0.040612374,26406,0,0
CHEMBL32214,0.04061208,26407,0,0
CHEMBL13119,0.04049812,26408,0,0
CHEMBL39661,0.040491894,26409,0,0
CHEMBL12110,0.040491894,26410,0,0
CHEMBL3309336,0.040491894,26411,0,0
CHEMBL12904,0.040491894,26412,0,0
CHEMBL4435238,0.040491894,26413,0,0
CHEMBL13666,0.040491894,26414,0,0
CHEMBL40239,0.040491894,26415,0,0
CHEMBL20734,0.040491894,26416,0,0
CHEMBL40424,0.040491894,26417,0,0
CHEMBL10234,0.040491894,26418,0,0
CHEMBL12960,0.040491894,26419,0,0
CHEMBL38252,0.04039286,26420,0,0
CHEMBL15431,0.04039286,26421,0,0
CHEMBL9029,0.040386748,26422,0,0
CHEMBL34960,0.040353082,26423,0,0
CHEMBL14872,0.040351614,26424,0,0
CHEMBL29152,0.040351614,26425,0,0
CHEMBL12727,0.04031533,26426,0,0
CHEMBL40568,0.04030262,26427,0,0
CHEMBL24033,0.04029907,26428,0,0
CHEMBL38466,0.040291917,26429,0,0
CHEMBL583920,0.040291917,26430,0,0
CHEMBL39055,0.040229473,26431,0,0
CHEMBL20002,0.04022348,26432,0,0
CHEMBL38491,0.04022348,26433,0,0
CHEMBL39808,0.040210936,26434,0,0
CHEMBL36945,0.040210936,26435,0,0
CHEMBL23474,0.040156268,26436,0,0
CHEMBL31417,0.040114164,26437,0,0
CHEMBL24128,0.040114164,26438,0,0
CHEMBL1075700,0.04009845,26439,0,0
CHEMBL3311245,0.040057816,26440,0,0
CHEMBL6936,0.040057816,26441,0,0
CHEMBL22415,0.040057816,26442,0,0
CHEMBL22401,0.040057816,26443,0,0
CHEMBL12880,0.040057816,26444,0,0
CHEMBL36730,0.040057816,26445,0,0
CHEMBL34558,0.040057816,26446,0,0
CHEMBL39825,0.040057816,26447,0,0
CHEMBL22497,0.040057816,26448,0,0
CHEMBL41187,0.040057816,26449,0,0
CHEMBL22305,0.040057816,26450,0,0
CHEMBL23638,0.040057816,26451,0,0
CHEMBL13661,0.040057816,26452,0,0
CHEMBL26781,0.040057816,26453,0,0
CHEMBL13832,0.040057816,26454,0,0
CHEMBL16912,0.040057816,26455,0,0
CHEMBL13980,0.040057816,26456,0,0
CHEMBL4435604,0.040057816,26457,0,0
CHEMBL32207,0.040057816,26458,0,0
CHEMBL28150,0.040057816,26459,0,0
CHEMBL17689,0.040057816,26460,0,0
CHEMBL10490,0.040057816,26461,0,0
CHEMBL34829,0.040057816,26462,0,0
CHEMBL21587,0.040057816,26463,0,0
CHEMBL28992,0.040057816,26464,0,0
CHEMBL3311202,0.040057816,26465,0,0
CHEMBL14150,0.040057816,26466,0,0
CHEMBL13501,0.040057816,26467,0,0
CHEMBL37560,0.040057816,26468,0,0
CHEMBL11492,0.040057816,26469,0,0
CHEMBL31809,0.040057816,26470,0,0
CHEMBL38435,0.040057816,26471,0,0
CHEMBL38659,0.040057816,26472,0,0
CHEMBL4436212,0.0400536,26473,0,0
CHEMBL3311317,0.040011436,26474,0,0
CHEMBL4435385,0.040011436,26475,0,0
CHEMBL13344,0.039985757,26476,0,0
CHEMBL591703,0.03998393,26477,0,0
CHEMBL23885,0.03998393,26478,0,0
CHEMBL13058,0.03998393,26479,0,0
CHEMBL508166,0.03998393,26480,0,0
CHEMBL1163164,0.03998393,26481,0,0
CHEMBL14295,0.03998393,26482,0,0
CHEMBL37231,0.03998393,26483,0,0
CHEMBL39122,0.03998393,26484,0,0
CHEMBL11615,0.03998393,26485,0,0
CHEMBL31730,0.03998393,26486,0,0
CHEMBL23789,0.03998393,26487,0,0
CHEMBL19783,0.03998393,26488,0,0
CHEMBL33380,0.03998393,26489,0,0
CHEMBL29339,0.03998393,26490,0,0
CHEMBL1077287,0.03998393,26491,0,0
CHEMBL40735,0.03998393,26492,0,0
CHEMBL37546,0.03998393,26493,0,0
CHEMBL21690,0.03998393,26494,0,0
CHEMBL27639,0.03998393,26495,0,0
CHEMBL7661,0.03998393,26496,0,0
CHEMBL22923,0.03998393,26497,0,0
CHEMBL25506,0.039927952,26498,0,0
CHEMBL27089,0.039927952,26499,0,0
CHEMBL21093,0.039927952,26500,0,0
CHEMBL8201,0.039927952,26501,0,0
CHEMBL26186,0.039927952,26502,0,0
CHEMBL17582,0.039927952,26503,0,0
CHEMBL31740,0.039927952,26504,0,0
CHEMBL14811,0.039927952,26505,0,0
CHEMBL21838,0.039927952,26506,0,0
CHEMBL38036,0.039927952,26507,0,0
CHEMBL6598,0.039927952,26508,0,0
CHEMBL15146,0.039927952,26509,0,0
CHEMBL3310007,0.039829757,26510,0,0
CHEMBL39452,0.039794214,26511,0,0
CHEMBL41198,0.039784275,26512,0,0
CHEMBL13707,0.039784275,26513,0,0
CHEMBL9858,0.039784275,26514,0,0
CHEMBL32020,0.0397317,26515,0,0
CHEMBL25588,0.039724115,26516,0,0
CHEMBL33604,0.039605808,26517,0,0
CHEMBL7776,0.039565634,26518,0,0
CHEMBL4434809,0.039565634,26519,0,0
CHEMBL31232,0.039565634,26520,0,0
CHEMBL18256,0.03955997,26521,0,0
CHEMBL30429,0.03955997,26522,0,0
CHEMBL34642,0.039542846,26523,0,0
CHEMBL16828,0.03952865,26524,0,0
CHEMBL13702,0.03952865,26525,0,0
CHEMBL15465,0.03952865,26526,0,0
CHEMBL10987,0.03952865,26527,0,0
CHEMBL41583,0.03952865,26528,0,0
CHEMBL35973,0.03952865,26529,0,0
CHEMBL11897,0.03952865,26530,0,0
CHEMBL17999,0.03952865,26531,0,0
CHEMBL16659,0.03952865,26532,0,0
CHEMBL14767,0.03952865,26533,0,0
CHEMBL30251,0.03952865,26534,0,0
CHEMBL23641,0.039525535,26535,0,0
CHEMBL8752,0.03945781,26536,0,0
CHEMBL4559983,0.03943851,26537,0,0
CHEMBL12466,0.03943851,26538,0,0
CHEMBL7399,0.03943851,26539,0,0
CHEMBL33118,0.03939796,26540,0,0
CHEMBL504052,0.03939796,26541,0,0
CHEMBL18936,0.03939796,26542,0,0
CHEMBL41252,0.03939796,26543,0,0
CHEMBL4436511,0.03938372,26544,0,0
CHEMBL28051,0.03930999,26545,0,0
CHEMBL38899,0.03930266,26546,0,0
CHEMBL607,0.039297562,26547,0,0
CHEMBL27086,0.03918084,26548,0,0
CHEMBL13445,0.03918084,26549,0,0
CHEMBL13942,0.03918084,26550,0,0
CHEMBL12532,0.03918084,26551,0,0
CHEMBL1163131,0.039141413,26552,0,0
CHEMBL6706,0.039114397,26553,0,0
CHEMBL42700,0.039094273,26554,0,0
CHEMBL26780,0.039082803,26555,0,0
CHEMBL15180,0.039082803,26556,0,0
CHEMBL833,0.039082803,26557,0,0
CHEMBL466,0.039063092,26558,0,0
CHEMBL37915,0.039008744,26559,0,0
CHEMBL29887,0.039008744,26560,0,0
CHEMBL23304,0.038991112,26561,0,0
CHEMBL35100,0.03898721,26562,0,0
CHEMBL13842,0.038973037,26563,0,0
CHEMBL1163376,0.038944203,26564,0,0
CHEMBL8497,0.038944203,26565,0,0
CHEMBL8569,0.038944203,26566,0,0
CHEMBL7092,0.038944203,26567,0,0
CHEMBL23467,0.038944203,26568,0,0
CHEMBL11910,0.038944203,26569,0,0
CHEMBL12367,0.038944203,26570,0,0
CHEMBL36836,0.038944203,26571,0,0
CHEMBL1163265,0.038929526,26572,0,0
CHEMBL14737,0.038915534,26573,0,0
CHEMBL18298,0.038915534,26574,0,0
CHEMBL33447,0.038871523,26575,0,0
CHEMBL31842,0.03886154,26576,0,0
CHEMBL6528,0.038717076,26577,0,0
CHEMBL11894,0.038717076,26578,0,0
CHEMBL35169,0.038717076,26579,0,0
CHEMBL20288,0.03870684,26580,0,0
CHEMBL31242,0.03870684,26581,0,0
CHEMBL34192,0.03866281,26582,0,0
CHEMBL20874,0.03866281,26583,0,0
CHEMBL3310224,0.03866281,26584,0,0
CHEMBL663,0.03866281,26585,0,0
CHEMBL20990,0.03866281,26586,0,0
CHEMBL39241,0.03866281,26587,0,0
CHEMBL10685,0.03866281,26588,0,0
CHEMBL6773,0.038560413,26589,0,0
CHEMBL3309650,0.038540617,26590,0,0
CHEMBL15107,0.038486764,26591,0,0
CHEMBL11001,0.038486764,26592,0,0
CHEMBL3310019,0.03842717,26593,0,0
CHEMBL11195,0.038419396,26594,0,0
CHEMBL9495,0.038398877,26595,0,0
CHEMBL13771,0.038398877,26596,0,0
CHEMBL13107,0.03830846,26597,0,0
CHEMBL16689,0.03829305,26598,0,0
CHEMBL13523,0.03829305,26599,0,0
CHEMBL24580,0.03829305,26600,0,0
CHEMBL24562,0.03829305,26601,0,0
CHEMBL4543274,0.03829305,26602,0,0
CHEMBL35299,0.03829305,26603,0,0
CHEMBL14046,0.03829305,26604,0,0
CHEMBL15903,0.038291134,26605,0,0
CHEMBL4435357,0.038291134,26606,0,0
CHEMBL7756,0.038291134,26607,0,0
CHEMBL4435462,0.038291134,26608,0,0
CHEMBL42590,0.038291134,26609,0,0
CHEMBL13502,0.038291134,26610,0,0
CHEMBL43024,0.038291134,26611,0,0
CHEMBL6835,0.038291134,26612,0,0
CHEMBL22622,0.038291134,26613,0,0
CHEMBL28501,0.038291134,26614,0,0
CHEMBL36140,0.038291134,26615,0,0
CHEMBL39743,0.038291134,26616,0,0
CHEMBL20494,0.038291134,26617,0,0
CHEMBL33397,0.038291134,26618,0,0
CHEMBL32008,0.038291134,26619,0,0
CHEMBL5095028,0.038284816,26620,0,0
CHEMBL9506,0.038253244,26621,0,1
CHEMBL12867,0.03824539,26622,0,0
CHEMBL10917,0.038239535,26623,0,0
CHEMBL43689,0.03818591,26624,0,0
CHEMBL19715,0.03818591,26625,0,0
CHEMBL33440,0.03816187,26626,0,0
CHEMBL13663,0.038085397,26627,0,0
CHEMBL4436518,0.038084768,26628,0,0
CHEMBL35038,0.03802669,26629,0,0
CHEMBL31649,0.03793936,26630,0,0
CHEMBL4436541,0.037861627,26631,0,0
CHEMBL19708,0.03784338,26632,0,0
CHEMBL24610,0.03784338,26633,0,0
CHEMBL7720,0.03784338,26634,0,0
CHEMBL10012,0.03784338,26635,0,0
CHEMBL7619,0.03784338,26636,0,0
CHEMBL22876,0.03784338,26637,0,0
CHEMBL668,0.03784338,26638,0,0
CHEMBL21180,0.03784338,26639,0,0
CHEMBL30038,0.03784338,26640,0,0
CHEMBL4436471,0.03784338,26641,0,0
CHEMBL10506,0.03780209,26642,0,0
CHEMBL34300,0.037800755,26643,0,0
CHEMBL22840,0.037773196,26644,0,0
CHEMBL3309857,0.037757445,26645,0,0
CHEMBL3311272,0.03775489,26646,0,0
CHEMBL22782,0.037751686,26647,0,0
CHEMBL24915,0.03772805,26648,0,0
CHEMBL35090,0.037721645,26649,0,0
CHEMBL10298,0.03768477,26650,0,0
CHEMBL26730,0.0376801,26651,0,0
CHEMBL3309518,0.037657905,26652,0,0
CHEMBL27101,0.037611242,26653,0,0
CHEMBL12165,0.03760908,26654,0,0
CHEMBL4434845,0.03760908,26655,0,0
CHEMBL24527,0.037577283,26656,0,0
CHEMBL15553,0.037577283,26657,0,0
CHEMBL15224,0.037577283,26658,0,0
CHEMBL12730,0.037577283,26659,0,0
CHEMBL10679,0.037577283,26660,0,0
CHEMBL28350,0.037522126,26661,0,0
CHEMBL19980,0.037494242,26662,0,0
CHEMBL11837,0.037441608,26663,0,0
CHEMBL42232,0.037297975,26664,0,0
CHEMBL30030,0.037269793,26665,0,0
CHEMBL21726,0.03719498,26666,0,0
CHEMBL12971,0.037183266,26667,0,0
CHEMBL11816,0.037151057,26668,0,0
CHEMBL3309456,0.037144635,26669,0,0
CHEMBL1082437,0.037073314,26670,0,0
CHEMBL4435046,0.037020683,26671,0,0
CHEMBL4543476,0.03694561,26672,0,0
CHEMBL9700,0.036899805,26673,0,0
CHEMBL39073,0.03689167,26674,0,0
CHEMBL28814,0.036889162,26675,0,0
CHEMBL21667,0.036741037,26676,0,0
CHEMBL29519,0.036739696,26677,0,0
CHEMBL12584,0.036722597,26678,0,0
CHEMBL16455,0.036722597,26679,0,0
CHEMBL10867,0.036722597,26680,0,0
CHEMBL27624,0.036722597,26681,0,0
CHEMBL13992,0.036722597,26682,0,0
CHEMBL541956,0.036722597,26683,0,0
CHEMBL13858,0.036722597,26684,0,0
CHEMBL40601,0.036722597,26685,0,0
CHEMBL33484,0.036722597,26686,0,0
CHEMBL27055,0.036722597,26687,0,0
CHEMBL15372,0.036722597,26688,0,0
CHEMBL31344,0.036722597,26689,0,0
CHEMBL29427,0.036722597,26690,0,0
CHEMBL30428,0.036689397,26691,0,0
CHEMBL1162209,0.036554687,26692,0,0
CHEMBL8407,0.03654321,26693,0,0
CHEMBL21523,0.036484554,26694,0,0
CHEMBL34112,0.03645915,26695,0,0
CHEMBL37207,0.036424592,26696,0,0
CHEMBL40456,0.036354892,26697,0,0
CHEMBL3310284,0.036267724,26698,0,0
CHEMBL24729,0.036160123,26699,0,0
CHEMBL41539,0.036143556,26700,0,0
CHEMBL34705,0.036143556,26701,0,0
CHEMBL1186096,0.036089383,26702,0,0
CHEMBL14720,0.036086205,26703,0,0
CHEMBL37653,0.036084607,26704,0,0
CHEMBL41122,0.036080766,26705,0,0
CHEMBL262399,0.036080766,26706,0,0
CHEMBL28388,0.036080766,26707,0,0
CHEMBL34260,0.0360644,26708,0,0
CHEMBL24822,0.03606049,26709,0,0
CHEMBL4435872,0.03606049,26710,0,0
CHEMBL14757,0.035965662,26711,0,0
CHEMBL30235,0.03591887,26712,0,0
CHEMBL31264,0.035910893,26713,0,0
CHEMBL39085,0.03577456,26714,0,0
CHEMBL42443,0.035766993,26715,0,0
CHEMBL3311217,0.035766993,26716,0,0
CHEMBL4436352,0.03566836,26717,0,0
CHEMBL22569,0.03555312,26718,0,0
CHEMBL7287,0.03555312,26719,0,0
CHEMBL27768,0.03548861,26720,0,0
CHEMBL22349,0.035427753,26721,0,0
CHEMBL34812,0.03537041,26722,0,0
CHEMBL17070,0.035222404,26723,0,0
CHEMBL39524,0.035222404,26724,0,0
CHEMBL4116165,0.035222404,26725,0,0
CHEMBL38014,0.035222404,26726,0,0
CHEMBL8776,0.035131138,26727,0,0
CHEMBL11055,0.035062138,26728,0,0
CHEMBL4435712,0.035051305,26729,0,0
CHEMBL34017,0.034915633,26730,0,0
CHEMBL40360,0.034915633,26731,0,0
CHEMBL7187,0.034904562,26732,0,0
CHEMBL4435507,0.034873832,26733,0,0
CHEMBL38688,0.03487128,26734,0,0
CHEMBL7123,0.03487128,26735,0,0
CHEMBL17895,0.03487128,26736,0,0
CHEMBL33789,0.03487128,26737,0,0
CHEMBL18712,0.03487128,26738,0,0
CHEMBL22642,0.03487128,26739,0,0
CHEMBL28628,0.03487128,26740,0,0
CHEMBL13016,0.03487128,26741,0,0
CHEMBL21697,0.03487128,26742,0,0
CHEMBL35526,0.03487128,26743,0,0
CHEMBL37590,0.03487128,26744,0,0
CHEMBL31195,0.03487128,26745,0,0
CHEMBL31820,0.03487128,26746,0,0
CHEMBL4436085,0.03487128,26747,0,0
CHEMBL42245,0.03487128,26748,0,0
CHEMBL7841,0.03487128,26749,0,0
CHEMBL40596,0.03487128,26750,0,0
CHEMBL11095,0.03487128,26751,0,0
CHEMBL21429,0.03487128,26752,0,0
CHEMBL6286,0.03487128,26753,0,0
CHEMBL19278,0.03478068,26754,0,0
CHEMBL34289,0.034735583,26755,0,0
CHEMBL32834,0.034735583,26756,0,0
CHEMBL29207,0.034735583,26757,0,0
CHEMBL26029,0.034735583,26758,0,0
CHEMBL14743,0.034735583,26759,0,0
CHEMBL23621,0.03473049,26760,0,0
CHEMBL36907,0.03473049,26761,0,0
CHEMBL15411,0.03466854,26762,0,0
CHEMBL3311522,0.03461272,26763,0,0
CHEMBL10329,0.034511734,26764,0,0
CHEMBL42801,0.034511734,26765,0,0
CHEMBL35718,0.03450525,26766,0,0
CHEMBL39367,0.03450525,26767,0,0
CHEMBL4434732,0.0344997,26768,0,0
CHEMBL8011,0.03448644,26769,0,0
CHEMBL37144,0.03448644,26770,0,0
CHEMBL20302,0.03448644,26771,0,0
CHEMBL1084170,0.0344779,26772,0,0
CHEMBL21357,0.034474105,26773,0,0
CHEMBL23379,0.034474105,26774,0,0
CHEMBL4553701,0.034468826,26775,0,0
CHEMBL28182,0.034468826,26776,0,0
CHEMBL36667,0.034468826,26777,0,0
CHEMBL42622,0.034468826,26778,0,0
CHEMBL22435,0.03446598,26779,0,0
CHEMBL13935,0.034453154,26780,0,0
CHEMBL15427,0.034453154,26781,0,0
CHEMBL37517,0.034453154,26782,0,0
CHEMBL35948,0.034453154,26783,0,0
CHEMBL12851,0.034453154,26784,0,0
CHEMBL30298,0.034405526,26785,0,0
CHEMBL24743,0.034303304,26786,0,0
CHEMBL1200714,0.034303304,26787,0,0
CHEMBL29504,0.034294657,26788,0,0
CHEMBL6851,0.03428366,26789,0,0
CHEMBL4435988,0.03426036,26790,0,0
CHEMBL34660,0.03426036,26791,0,0
CHEMBL37321,0.034165498,26792,0,0
CHEMBL4543496,0.03415467,26793,0,0
CHEMBL8239,0.03415467,26794,0,0
CHEMBL8584,0.03415467,26795,0,0
CHEMBL24149,0.03415467,26796,0,0
CHEMBL26515,0.03415467,26797,0,0
CHEMBL37724,0.03415467,26798,0,0
CHEMBL33078,0.03414361,26799,0,0
CHEMBL29646,0.03413733,26800,0,0
CHEMBL35432,0.03413733,26801,0,0
CHEMBL8016,0.03412584,26802,0,0
CHEMBL8846,0.03412584,26803,0,0
CHEMBL22680,0.034114573,26804,0,0
CHEMBL20187,0.034106,26805,0,0
CHEMBL29282,0.034106,26806,0,0
CHEMBL15058,0.034106,26807,0,0
CHEMBL41704,0.034106,26808,0,0
CHEMBL4482863,0.034106,26809,0,0
CHEMBL13812,0.034106,26810,0,0
CHEMBL41012,0.034106,26811,0,0
CHEMBL39343,0.034106,26812,0,0
CHEMBL42093,0.034089252,26813,0,0
CHEMBL24500,0.034089252,26814,0,0
CHEMBL22364,0.033994123,26815,0,0
CHEMBL34118,0.03396641,26816,0,0
CHEMBL43658,0.033838056,26817,0,0
CHEMBL21700,0.033838056,26818,0,0
CHEMBL4435127,0.03376526,26819,0,0
CHEMBL12075,0.03372201,26820,0,0
CHEMBL23547,0.033712965,26821,0,0
CHEMBL30936,0.033712965,26822,0,0
CHEMBL26779,0.033712965,26823,0,0
CHEMBL21820,0.033712965,26824,0,0
CHEMBL11845,0.03370039,26825,0,0
CHEMBL35470,0.03368431,26826,0,0
CHEMBL35190,0.03367991,26827,0,0
CHEMBL27014,0.03365283,26828,0,0
CHEMBL454,0.03365283,26829,0,0
CHEMBL29634,0.033505775,26830,0,0
CHEMBL7061,0.033505775,26831,0,0
CHEMBL7979,0.03346029,26832,0,0
CHEMBL26004,0.03342882,26833,0,0
CHEMBL32617,0.03338651,26834,0,0
CHEMBL4436408,0.03338651,26835,0,0
CHEMBL22423,0.03337273,26836,0,0
CHEMBL29229,0.03337273,26837,0,0
CHEMBL23689,0.03337273,26838,0,0
CHEMBL33615,0.03337273,26839,0,0
CHEMBL4553583,0.03337273,26840,0,0
CHEMBL31862,0.03326483,26841,0,0
CHEMBL34930,0.03326483,26842,0,0
CHEMBL24671,0.03322344,26843,0,0
CHEMBL37056,0.03321879,26844,0,0
CHEMBL26808,0.03315291,26845,0,0
CHEMBL32501,0.033136774,26846,0,0
CHEMBL38399,0.0331019,26847,0,0
CHEMBL22086,0.033044755,26848,0,0
CHEMBL34518,0.033044755,26849,0,0
CHEMBL23318,0.033044755,26850,0,0
CHEMBL35425,0.033044755,26851,0,0
CHEMBL27339,0.033044755,26852,0,0
CHEMBL39212,0.033044755,26853,0,0
CHEMBL9185,0.033044755,26854,0,0
CHEMBL32652,0.03303562,26855,0,0
CHEMBL10770,0.03298695,26856,0,0
CHEMBL11786,0.03298695,26857,0,0
CHEMBL21154,0.03298695,26858,0,0
CHEMBL21963,0.03298695,26859,0,0
CHEMBL18187,0.03298695,26860,0,0
CHEMBL22918,0.03298695,26861,0,0
CHEMBL4436065,0.03293753,26862,0,0
CHEMBL16916,0.03289773,26863,0,0
CHEMBL22331,0.032867394,26864,0,0
CHEMBL29804,0.032817032,26865,0,0
CHEMBL18988,0.032806545,26866,0,0
CHEMBL4435019,0.032806545,26867,0,0
CHEMBL1783215,0.032806545,26868,0,0
CHEMBL29720,0.03276442,26869,0,0
CHEMBL24554,0.032762613,26870,0,0
CHEMBL4436147,0.032633793,26871,0,0
CHEMBL28173,0.032633793,26872,0,0
CHEMBL10578,0.032625493,26873,0,0
CHEMBL14164,0.032592904,26874,0,0
CHEMBL29939,0.032567743,26875,0,0
CHEMBL11365,0.0325536,26876,0,0
CHEMBL36965,0.032519642,26877,0,0
CHEMBL8119,0.032519642,26878,0,0
CHEMBL29288,0.032519642,26879,0,0
CHEMBL24477,0.032464813,26880,0,0
CHEMBL40822,0.03238562,26881,0,0
CHEMBL7239,0.0323774,26882,0,0
CHEMBL16636,0.032361604,26883,0,0
CHEMBL26700,0.032321602,26884,0,0
CHEMBL36206,0.032292973,26885,0,0
CHEMBL29384,0.032217823,26886,0,0
CHEMBL30567,0.032217823,26887,0,0
CHEMBL35545,0.032217823,26888,0,0
CHEMBL13499,0.032217823,26889,0,0
CHEMBL7986,0.032217823,26890,0,0
CHEMBL36474,0.032217823,26891,0,0
CHEMBL9382,0.032217823,26892,0,0
CHEMBL4435397,0.032217823,26893,0,0
CHEMBL42955,0.032215375,26894,0,0
CHEMBL35286,0.03219344,26895,0,0
CHEMBL18693,0.03219344,26896,0,0
CHEMBL8006,0.03219344,26897,0,0
CHEMBL27971,0.03219344,26898,0,0
CHEMBL38022,0.03219344,26899,0,0
CHEMBL13314,0.03219344,26900,0,0
CHEMBL38822,0.03219344,26901,0,0
CHEMBL1186606,0.03219344,26902,0,0
CHEMBL13530,0.03219344,26903,0,0
CHEMBL7596,0.03219344,26904,0,0
CHEMBL25186,0.03219344,26905,0,0
CHEMBL12121,0.03219344,26906,0,0
CHEMBL22728,0.03219344,26907,0,0
CHEMBL6548,0.03219344,26908,0,0
CHEMBL29790,0.03219344,26909,0,0
CHEMBL32174,0.03219344,26910,0,0
CHEMBL17860,0.03219344,26911,0,0
CHEMBL17844,0.03219344,26912,0,0
CHEMBL24060,0.03219344,26913,0,0
CHEMBL26178,0.03219344,26914,0,0
CHEMBL24102,0.03219344,26915,0,0
CHEMBL28329,0.03219344,26916,0,0
CHEMBL24167,0.03219344,26917,0,0
CHEMBL11329,0.03219344,26918,0,0
CHEMBL34373,0.03219344,26919,0,0
CHEMBL6377,0.03219344,26920,0,0
CHEMBL1162464,0.03219344,26921,0,0
CHEMBL8126,0.03219344,26922,0,0
CHEMBL8115,0.03219344,26923,0,0
CHEMBL38519,0.03219344,26924,0,0
CHEMBL11449,0.03219344,26925,0,0
CHEMBL24609,0.03219344,26926,0,0
CHEMBL19403,0.03219344,26927,0,0
CHEMBL19488,0.03219344,26928,0,0
CHEMBL26640,0.03219344,26929,0,0
CHEMBL12195,0.03219344,26930,0,0
CHEMBL23267,0.03219344,26931,0,0
CHEMBL4436024,0.03219344,26932,0,0
CHEMBL1191207,0.03219344,26933,0,0
CHEMBL1076712,0.03219344,26934,0,0
CHEMBL11151,0.03219344,26935,0,0
CHEMBL156901,0.03219344,26936,0,0
CHEMBL17647,0.03219344,26937,0,0
CHEMBL4560042,0.03219344,26938,0,0
CHEMBL4543566,0.03219344,26939,0,0
CHEMBL18586,0.03219344,26940,0,0
CHEMBL4436191,0.03219344,26941,0,0
CHEMBL9041,0.03219344,26942,0,0
CHEMBL23057,0.03219344,26943,0,0
CHEMBL3309342,0.03219344,26944,0,0
CHEMBL12079,0.03219344,26945,0,0
CHEMBL11569,0.03219344,26946,0,0
CHEMBL550,0.03219344,26947,0,0
CHEMBL23329,0.03219344,26948,0,0
CHEMBL16637,0.03219344,26949,0,0
CHEMBL1163382,0.03219344,26950,0,0
CHEMBL41139,0.03219344,26951,0,0
CHEMBL40063,0.03219344,26952,0,0
CHEMBL8357,0.03219344,26953,0,0
CHEMBL19197,0.03219344,26954,0,0
CHEMBL40999,0.03219344,26955,0,0
CHEMBL34717,0.03219344,26956,0,0
CHEMBL22381,0.03219344,26957,0,0
CHEMBL1171111,0.03218561,26958,0,0
CHEMBL17042,0.032168757,26959,0,0
CHEMBL13628,0.032018177,26960,0,0
CHEMBL4436256,0.032016736,26961,0,0
CHEMBL11480,0.032016736,26962,0,0
CHEMBL31315,0.032016736,26963,0,0
CHEMBL16777,0.032016736,26964,0,0
CHEMBL29571,0.032016736,26965,0,0
CHEMBL25278,0.03199567,26966,0,0
CHEMBL24005,0.031992353,26967,0,0
CHEMBL36939,0.031992353,26968,0,0
CHEMBL37105,0.03198585,26969,0,0
CHEMBL6217,0.031924114,26970,0,0
CHEMBL4435564,0.031924114,26971,0,0
CHEMBL12415,0.031913437,26972,0,0
CHEMBL7760,0.031905062,26973,0,0
CHEMBL4560031,0.031892598,26974,0,0
CHEMBL34033,0.031868387,26975,0,0
CHEMBL33845,0.031868387,26976,0,0
CHEMBL24938,0.031868387,26977,0,0
CHEMBL6219,0.031857733,26978,0,0
CHEMBL3309603,0.031841263,26979,0,0
CHEMBL33944,0.03183572,26980,0,0
CHEMBL611932,0.031823847,26981,0,0
CHEMBL4543206,0.031823218,26982,0,0
CHEMBL4435067,0.03173918,26983,0,0
CHEMBL36497,0.031645812,26984,0,0
CHEMBL34772,0.031619046,26985,0,0
CHEMBL23692,0.031619046,26986,0,0
CHEMBL24031,0.031619046,26987,0,0
CHEMBL40159,0.031567845,26988,0,0
CHEMBL32073,0.031541433,26989,0,0
CHEMBL14703,0.03135041,26990,0,0
CHEMBL4543556,0.03131238,26991,0,0
CHEMBL4435090,0.031292696,26992,0,0
CHEMBL32225,0.03127257,26993,0,0
CHEMBL13320,0.03127257,26994,0,0
CHEMBL13045,0.03125156,26995,0,0
CHEMBL42408,0.03125156,26996,0,0
CHEMBL6461,0.031249583,26997,0,0
CHEMBL31786,0.031249583,26998,0,0
CHEMBL39229,0.03118829,26999,0,0
CHEMBL26074,0.031158404,27000,0,0
CHEMBL18220,0.031115599,27001,0,0
CHEMBL3309858,0.031075286,27002,0,0
CHEMBL40827,0.031075286,27003,0,0
CHEMBL8439,0.031048423,27004,0,0
CHEMBL11312,0.030976897,27005,0,0
CHEMBL13528,0.030672723,27006,0,0
CHEMBL38695,0.030665716,27007,0,0
CHEMBL3309659,0.030638244,27008,0,0
CHEMBL16823,0.030564057,27009,0,0
CHEMBL3310027,0.030559987,27010,0,0
CHEMBL37793,0.030553512,27011,0,0
CHEMBL7197,0.03046373,27012,0,0
CHEMBL35818,0.030399235,27013,0,0
CHEMBL38073,0.030351806,27014,0,0
CHEMBL17587,0.0303423,27015,0,0
CHEMBL21910,0.0303423,27016,0,0
CHEMBL4434694,0.030312477,27017,0,0
CHEMBL15664,0.030251049,27018,0,0
CHEMBL39134,0.030247482,27019,0,0
CHEMBL34632,0.030247482,27020,0,0
CHEMBL6623,0.030247482,27021,0,0
CHEMBL37545,0.030247482,27022,0,0
CHEMBL4553662,0.030247482,27023,0,0
CHEMBL22824,0.030247482,27024,0,0
CHEMBL1198407,0.030247482,27025,0,0
CHEMBL18300,0.030225782,27026,0,0
CHEMBL41645,0.030221049,27027,0,0
CHEMBL24605,0.030191954,27028,0,0
CHEMBL19890,0.030164732,27029,0,0
CHEMBL35940,0.030154543,27030,0,0
CHEMBL20013,0.030154543,27031,0,0
CHEMBL4434687,0.030154543,27032,0,0
CHEMBL30886,0.030154543,27033,0,0
CHEMBL31957,0.030154543,27034,0,0
CHEMBL24049,0.030154543,27035,0,0
CHEMBL30057,0.030154543,27036,0,0
CHEMBL11518,0.030154543,27037,0,0
CHEMBL41713,0.030154543,27038,0,0
CHEMBL616,0.030154543,27039,0,0
CHEMBL24289,0.030154543,27040,0,0
CHEMBL1077257,0.030154543,27041,0,0
CHEMBL4434743,0.030154543,27042,0,0
CHEMBL28879,0.030154543,27043,0,0
CHEMBL20490,0.030154543,27044,0,0
CHEMBL26455,0.030154543,27045,0,0
CHEMBL36187,0.030154543,27046,0,0
CHEMBL32018,0.030154543,27047,0,0
CHEMBL34245,0.030154543,27048,0,0
CHEMBL33895,0.030077424,27049,0,0
CHEMBL13837,0.030066619,27050,0,0
CHEMBL3311273,0.030018346,27051,0,0
CHEMBL10553,0.029858315,27052,0,0
CHEMBL26880,0.029857341,27053,0,0
CHEMBL23722,0.029857341,27054,0,0
CHEMBL26453,0.029857341,27055,0,0
CHEMBL28592,0.029830256,27056,0,0
CHEMBL29080,0.029752398,27057,0,0
CHEMBL17696,0.029730333,27058,0,0
CHEMBL3310017,0.02966959,27059,0,0
CHEMBL34614,0.02966959,27060,0,0
CHEMBL8736,0.029661113,27061,0,0
CHEMBL29893,0.029642174,27062,0,0
CHEMBL26678,0.029635338,27063,0,0
CHEMBL22195,0.029627152,27064,0,0
CHEMBL15564,0.029627152,27065,0,0
CHEMBL13799,0.029627152,27066,0,0
CHEMBL554554,0.029627152,27067,0,0
CHEMBL6375,0.029627152,27068,0,0
CHEMBL4543290,0.029627152,27069,0,0
CHEMBL34718,0.029627152,27070,0,0
CHEMBL13934,0.029627152,27071,0,0
CHEMBL41378,0.029627152,27072,0,0
CHEMBL39457,0.029627152,27073,0,0
CHEMBL25784,0.029627152,27074,0,0
CHEMBL23727,0.029627152,27075,0,0
CHEMBL19508,0.029627152,27076,0,0
CHEMBL13475,0.029627152,27077,0,0
CHEMBL40791,0.029627152,27078,0,0
CHEMBL4435311,0.029627152,27079,0,0
CHEMBL21834,0.029627152,27080,0,0
CHEMBL37776,0.029627152,27081,0,0
CHEMBL31920,0.029627152,27082,0,0
CHEMBL32261,0.029627152,27083,0,0
CHEMBL7085,0.029627152,27084,0,0
CHEMBL33355,0.029627152,27085,0,0
CHEMBL39210,0.029627152,27086,0,0
CHEMBL9688,0.029627152,27087,0,0
CHEMBL25518,0.029627152,27088,0,0
CHEMBL22539,0.029627152,27089,0,0
CHEMBL29795,0.029627152,27090,0,0
CHEMBL13308,0.029627152,27091,0,0
CHEMBL38633,0.029627152,27092,0,0
CHEMBL25915,0.029627152,27093,0,0
CHEMBL28652,0.029627152,27094,0,0
CHEMBL27123,0.029627152,27095,0,0
CHEMBL30094,0.029627152,27096,0,0
CHEMBL13715,0.029627152,27097,0,0
CHEMBL15158,0.029627152,27098,0,0
CHEMBL10165,0.029627152,27099,0,0
CHEMBL7660,0.029627152,27100,0,0
CHEMBL11360,0.029627152,27101,0,0
CHEMBL4543260,0.029627152,27102,0,0
CHEMBL42326,0.029627152,27103,0,0
CHEMBL160738,0.029627152,27104,0,0
CHEMBL26851,0.029627152,27105,0,0
CHEMBL12476,0.029627152,27106,0,0
CHEMBL33233,0.029627152,27107,0,0
CHEMBL26305,0.029627152,27108,0,0
CHEMBL20588,0.029627152,27109,0,0
CHEMBL501597,0.029627152,27110,0,0
CHEMBL12915,0.029627152,27111,0,0
CHEMBL28424,0.029627152,27112,0,0
CHEMBL27651,0.029627152,27113,0,0
CHEMBL12565,0.029627152,27114,0,0
CHEMBL4543275,0.029627152,27115,0,0
CHEMBL11752,0.029627152,27116,0,0
CHEMBL25622,0.029627152,27117,0,0
CHEMBL26845,0.029627152,27118,0,0
CHEMBL15258,0.029627152,27119,0,0
CHEMBL18762,0.029627152,27120,0,0
CHEMBL4435540,0.029627152,27121,0,0
CHEMBL24231,0.029627152,27122,0,0
CHEMBL29398,0.029627152,27123,0,0
CHEMBL29355,0.029627152,27124,0,0
CHEMBL11109,0.029627152,27125,0,0
CHEMBL818,0.029627152,27126,0,0
CHEMBL41777,0.029627152,27127,0,0
CHEMBL1163242,0.029627152,27128,0,0
CHEMBL42009,0.029627152,27129,0,0
CHEMBL28064,0.029627152,27130,0,0
CHEMBL33689,0.029627152,27131,0,0
CHEMBL1163194,0.029627152,27132,0,0
CHEMBL6807,0.029627152,27133,0,0
CHEMBL12003,0.029627152,27134,0,0
CHEMBL8317,0.029627152,27135,0,0
CHEMBL13946,0.029627152,27136,0,0
CHEMBL30942,0.029627152,27137,0,0
CHEMBL38742,0.029627152,27138,0,0
CHEMBL20275,0.029627152,27139,0,0
CHEMBL4553648,0.029627152,27140,0,0
CHEMBL21404,0.029627152,27141,0,0
CHEMBL527552,0.029627152,27142,0,0
CHEMBL289487,0.029627152,27143,0,0
CHEMBL35156,0.029627152,27144,0,0
CHEMBL26349,0.029627152,27145,0,0
CHEMBL17291,0.029627152,27146,0,0
CHEMBL4543447,0.029627152,27147,0,0
CHEMBL8547,0.029627152,27148,0,0
CHEMBL42675,0.029627152,27149,0,0
CHEMBL31110,0.029627152,27150,0,0
CHEMBL31392,0.029627152,27151,0,0
CHEMBL478,0.029627152,27152,0,0
CHEMBL9441,0.029627152,27153,0,0
CHEMBL29991,0.029627152,27154,0,0
CHEMBL23036,0.029627152,27155,0,0
CHEMBL21625,0.029627152,27156,0,0
CHEMBL24376,0.029627152,27157,0,0
CHEMBL28747,0.029627152,27158,0,0
CHEMBL26740,0.029627152,27159,0,0
CHEMBL21380,0.029627152,27160,0,0
CHEMBL17329,0.029627152,27161,0,0
CHEMBL26115,0.029627152,27162,0,0
CHEMBL6731,0.029627152,27163,0,0
CHEMBL3309331,0.029627152,27164,0,0
CHEMBL24510,0.029627152,27165,0,0
CHEMBL9038,0.029627152,27166,0,0
CHEMBL34176,0.029627152,27167,0,0
CHEMBL34623,0.029627152,27168,0,0
CHEMBL10210,0.029627152,27169,0,0
CHEMBL30319,0.029627152,27170,0,0
CHEMBL18131,0.029627152,27171,0,0
CHEMBL11869,0.029627152,27172,0,0
CHEMBL26789,0.029627152,27173,0,0
CHEMBL4543383,0.029627152,27174,0,0
CHEMBL11301,0.029627152,27175,0,0
CHEMBL38109,0.029627152,27176,0,0
CHEMBL13670,0.029627152,27177,0,0
CHEMBL23840,0.029627152,27178,0,0
CHEMBL13072,0.029627152,27179,0,0
CHEMBL41094,0.029627152,27180,0,0
CHEMBL31511,0.029627152,27181,0,0
CHEMBL32289,0.029583907,27182,0,0
CHEMBL8100,0.029566573,27183,0,0
CHEMBL8695,0.029566573,27184,0,0
CHEMBL31727,0.029566573,27185,0,0
CHEMBL8663,0.029566573,27186,0,0
CHEMBL13889,0.029566573,27187,0,0
CHEMBL38374,0.029521223,27188,0,0
CHEMBL31345,0.029515166,27189,0,0
CHEMBL3311312,0.029473938,27190,0,0
CHEMBL33235,0.029473938,27191,0,0
CHEMBL16699,0.029464042,27192,0,0
CHEMBL4434862,0.029450785,27193,0,0
CHEMBL41652,0.029450785,27194,0,0
CHEMBL32370,0.029419918,27195,0,0
CHEMBL15093,0.029350724,27196,0,0
CHEMBL28335,0.029350724,27197,0,0
CHEMBL15581,0.029347261,27198,0,0
CHEMBL16888,0.029339634,27199,0,0
CHEMBL35996,0.029311424,27200,0,0
CHEMBL4543220,0.029283077,27201,0,0
CHEMBL32292,0.02926919,27202,0,0
CHEMBL27243,0.029266015,27203,0,0
CHEMBL10479,0.029266015,27204,0,0
CHEMBL12743,0.029266015,27205,0,0
CHEMBL3309345,0.02917969,27206,0,0
CHEMBL39152,0.029174559,27207,0,0
CHEMBL42965,0.029174559,27208,0,0
CHEMBL27633,0.029174559,27209,0,0
CHEMBL18499,0.029174559,27210,0,0
CHEMBL34763,0.029174559,27211,0,0
CHEMBL22480,0.029174559,27212,0,0
CHEMBL38316,0.029174559,27213,0,0
CHEMBL29338,0.029174559,27214,0,0
CHEMBL39962,0.029174559,27215,0,0
CHEMBL40056,0.029174559,27216,0,0
CHEMBL10650,0.029174559,27217,0,0
CHEMBL21080,0.029174559,27218,0,0
CHEMBL4543466,0.029174559,27219,0,0
CHEMBL10717,0.029174559,27220,0,0
CHEMBL41638,0.029174559,27221,0,0
CHEMBL30392,0.029174559,27222,0,0
CHEMBL29432,0.029174559,27223,0,0
CHEMBL32157,0.029174559,27224,0,0
CHEMBL41368,0.029174559,27225,0,0
CHEMBL27567,0.029174559,27226,0,0
CHEMBL3309729,0.029174559,27227,0,0
CHEMBL3309724,0.029174559,27228,0,0
CHEMBL21520,0.029174559,27229,0,0
CHEMBL24190,0.029174559,27230,0,0
CHEMBL31703,0.029170735,27231,0,0
CHEMBL30213,0.029170735,27232,0,0
CHEMBL22155,0.029170735,27233,0,0
CHEMBL11734,0.029170735,27234,0,0
CHEMBL22198,0.029170735,27235,0,0
CHEMBL38443,0.029170735,27236,0,0
CHEMBL13025,0.029170735,27237,0,0
CHEMBL34491,0.029170735,27238,0,0
CHEMBL538639,0.029170735,27239,0,0
CHEMBL12520,0.029170735,27240,0,0
CHEMBL20021,0.029170735,27241,0,0
CHEMBL6255,0.029133258,27242,0,0
CHEMBL15901,0.029133258,27243,0,0
CHEMBL35200,0.029133258,27244,0,0
CHEMBL20804,0.029133258,27245,0,0
CHEMBL1170662,0.029133258,27246,0,0
CHEMBL22484,0.029133258,27247,0,0
CHEMBL16638,0.029133258,27248,0,0
CHEMBL19628,0.029133258,27249,0,0
CHEMBL38790,0.029133258,27250,0,0
CHEMBL31906,0.029133258,27251,0,0
CHEMBL29180,0.029133258,27252,0,0
CHEMBL609427,0.029133065,27253,0,0
CHEMBL27716,0.029133065,27254,0,0
CHEMBL13212,0.029133065,27255,0,0
CHEMBL17391,0.028992796,27256,0,0
CHEMBL8699,0.028903946,27257,0,0
CHEMBL32337,0.02889365,27258,0,0
CHEMBL32764,0.02889365,27259,0,0
CHEMBL4435536,0.02889365,27260,0,0
CHEMBL39830,0.02889365,27261,0,0
CHEMBL25184,0.02889365,27262,0,0
CHEMBL20591,0.02889365,27263,0,0
CHEMBL27034,0.02879392,27264,0,0
CHEMBL24365,0.028791852,27265,0,0
CHEMBL36974,0.028643655,27266,0,0
CHEMBL36451,0.028607368,27267,0,0
CHEMBL16146,0.02856392,27268,0,0
CHEMBL24129,0.028509814,27269,0,0
CHEMBL28979,0.028509814,27270,0,0
CHEMBL3311459,0.028509814,27271,0,0
CHEMBL32782,0.028509814,27272,0,0
CHEMBL15351,0.028509814,27273,0,0
CHEMBL4435750,0.028487807,27274,0,0
CHEMBL31794,0.028476017,27275,0,0
CHEMBL32697,0.02838455,27276,0,0
CHEMBL7877,0.028319642,27277,0,0
CHEMBL3310217,0.028281918,27278,0,0
CHEMBL14477,0.02827008,27279,0,0
CHEMBL4543583,0.02827008,27280,0,0
CHEMBL764,0.02827008,27281,0,0
CHEMBL7379,0.0282139,27282,0,0
CHEMBL8554,0.0282139,27283,0,0
CHEMBL24693,0.0282139,27284,0,0
CHEMBL13784,0.0282139,27285,0,0
CHEMBL8180,0.0282139,27286,0,0
CHEMBL12420,0.0282139,27287,0,0
CHEMBL1770963,0.0282139,27288,0,0
CHEMBL7354,0.0282139,27289,0,0
CHEMBL7257,0.0282139,27290,0,0
CHEMBL23571,0.0282139,27291,0,0
CHEMBL38218,0.0282139,27292,0,0
CHEMBL18188,0.0282139,27293,0,0
CHEMBL40861,0.028193226,27294,0,0
CHEMBL1165220,0.028141849,27295,0,0
CHEMBL690,0.028131606,27296,0,0
CHEMBL29084,0.028105544,27297,0,0
CHEMBL14979,0.02809342,27298,0,0
CHEMBL4116171,0.028020257,27299,0,0
CHEMBL25072,0.028005522,27300,0,0
CHEMBL20140,0.028005522,27301,0,0
CHEMBL18877,0.028005522,27302,0,0
CHEMBL17934,0.027933968,27303,0,0
CHEMBL32254,0.027854629,27304,0,0
CHEMBL28206,0.027840532,27305,0,0
CHEMBL11327,0.027840532,27306,0,0
CHEMBL10676,0.027797744,27307,0,0
CHEMBL13268,0.027689463,27308,0,0
CHEMBL16822,0.027689463,27309,0,0
CHEMBL31323,0.027689463,27310,0,0
CHEMBL10826,0.02768611,27311,0,0
CHEMBL32357,0.027685234,27312,0,0
CHEMBL33303,0.027685234,27313,0,0
CHEMBL17215,0.027685234,27314,0,0
CHEMBL4436001,0.027652668,27315,0,0
CHEMBL27112,0.027638856,27316,0,0
CHEMBL3310138,0.027571222,27317,0,0
CHEMBL35908,0.027571222,27318,0,0
CHEMBL9832,0.027558548,27319,0,0
CHEMBL4559999,0.027507527,27320,0,0
CHEMBL4553137,0.027507527,27321,0,0
CHEMBL4434808,0.027507527,27322,0,0
CHEMBL20694,0.027507527,27323,0,0
CHEMBL37765,0.027458929,27324,0,0
CHEMBL57,0.027418165,27325,0,0
CHEMBL10302,0.027282936,27326,0,0
CHEMBL4435009,0.027238749,27327,0,0
CHEMBL31009,0.027234461,27328,0,0
CHEMBL20001,0.027175339,27329,0,0
CHEMBL27497,0.027098572,27330,0,0
CHEMBL4436128,0.027083026,27331,0,0
CHEMBL6384,0.027033621,27332,0,0
CHEMBL27169,0.027030494,27333,0,0
CHEMBL24897,0.027030494,27334,0,0
CHEMBL27635,0.027030494,27335,0,0
CHEMBL11354,0.027030494,27336,0,0
CHEMBL4436186,0.026994206,27337,0,0
CHEMBL4559929,0.026994206,27338,0,0
CHEMBL29844,0.02693459,27339,0,0
CHEMBL28266,0.02684788,27340,0,0
CHEMBL23729,0.02684788,27341,0,0
CHEMBL27264,0.0266502,27342,0,0
CHEMBL8065,0.026645511,27343,0,0
CHEMBL30234,0.026607936,27344,0,0
CHEMBL28733,0.026583426,27345,0,0
CHEMBL42594,0.02654041,27346,0,0
CHEMBL21941,0.026482334,27347,0,0
CHEMBL30226,0.026445935,27348,0,0
CHEMBL40317,0.026382169,27349,0,1
CHEMBL11883,0.026382169,27350,0,0
CHEMBL4436252,0.026382169,27351,0,0
CHEMBL41508,0.026382169,27352,0,0
CHEMBL27754,0.026382169,27353,0,0
CHEMBL23997,0.026382169,27354,0,0
CHEMBL4543228,0.026382169,27355,0,0
CHEMBL39599,0.026382169,27356,0,0
CHEMBL23204,0.026382169,27357,0,0
CHEMBL8457,0.026382169,27358,0,0
CHEMBL39154,0.026382169,27359,0,0
CHEMBL40732,0.026382169,27360,0,0
CHEMBL38690,0.026382169,27361,0,0
CHEMBL526,0.026382169,27362,0,0
CHEMBL33170,0.026382169,27363,0,0
CHEMBL25046,0.026382169,27364,0,0
CHEMBL23017,0.026382169,27365,0,0
CHEMBL16519,0.026382169,27366,0,0
CHEMBL26341,0.026382169,27367,0,0
CHEMBL4543457,0.026382169,27368,0,0
CHEMBL11862,0.026382169,27369,0,0
CHEMBL27527,0.026382169,27370,0,0
CHEMBL27192,0.026382169,27371,0,0
CHEMBL6920,0.026382169,27372,0,0
CHEMBL40965,0.026382169,27373,0,0
CHEMBL8877,0.026382169,27374,0,0
CHEMBL23040,0.026382169,27375,0,0
CHEMBL40059,0.026382169,27376,0,0
CHEMBL34595,0.026382169,27377,0,0
CHEMBL42370,0.026382169,27378,0,0
CHEMBL16919,0.026382169,27379,0,0
CHEMBL39833,0.026382169,27380,0,0
CHEMBL26650,0.026382169,27381,0,0
CHEMBL19713,0.026358958,27382,0,0
CHEMBL31074,0.026285404,27383,0,0
CHEMBL24691,0.02625604,27384,0,0
CHEMBL22993,0.02622761,27385,0,0
CHEMBL11864,0.0262098,27386,0,0
CHEMBL9319,0.02620949,27387,0,0
CHEMBL32399,0.026144726,27388,0,0
CHEMBL14066,0.026105354,27389,0,0
CHEMBL261894,0.025979621,27390,0,0
CHEMBL20586,0.025950186,27391,0,0
CHEMBL11763,0.02587588,27392,0,0
CHEMBL11482,0.02587588,27393,0,0
CHEMBL41802,0.02587588,27394,0,0
CHEMBL1161051,0.025866115,27395,0,0
CHEMBL13950,0.025834255,27396,0,0
CHEMBL26955,0.02582294,27397,0,0
CHEMBL27004,0.02582294,27398,0,0
CHEMBL13444,0.02582294,27399,0,0
CHEMBL32447,0.025794573,27400,0,0
CHEMBL32446,0.025791345,27401,0,0
CHEMBL4543494,0.025791345,27402,0,0
CHEMBL27489,0.025791345,27403,0,0
CHEMBL7312,0.025791345,27404,0,0
CHEMBL34411,0.02573458,27405,0,0
CHEMBL9567,0.025726462,27406,0,0
CHEMBL28540,0.02571818,27407,0,0
CHEMBL803,0.02571818,27408,0,0
CHEMBL38229,0.025698869,27409,0,0
CHEMBL4436272,0.025627883,27410,0,0
CHEMBL32349,0.02561716,27411,0,0
CHEMBL11974,0.02561716,27412,0,0
CHEMBL39969,0.02561716,27413,0,0
CHEMBL41529,0.02561716,27414,0,0
CHEMBL20929,0.02561716,27415,0,0
CHEMBL36091,0.02561716,27416,0,0
CHEMBL31382,0.02561716,27417,0,0
CHEMBL7787,0.02561716,27418,0,0
CHEMBL33997,0.02561716,27419,0,0
CHEMBL29607,0.02561716,27420,0,0
CHEMBL10046,0.02561716,27421,0,0
CHEMBL4435753,0.02561716,27422,0,0
CHEMBL8233,0.02561716,27423,0,0
CHEMBL35753,0.025523327,27424,0,0
CHEMBL30259,0.025523327,27425,0,0
CHEMBL23688,0.025523327,27426,0,0
CHEMBL8040,0.025523327,27427,0,0
CHEMBL7777,0.025523327,27428,0,0
CHEMBL18486,0.025523327,27429,0,0
CHEMBL31424,0.02550194,27430,0,0
CHEMBL526313,0.025397584,27431,0,0
CHEMBL37602,0.025338389,27432,0,0
CHEMBL20878,0.025338389,27433,0,0
CHEMBL16299,0.025338389,27434,0,0
CHEMBL18185,0.025338389,27435,0,0
CHEMBL19368,0.025338389,27436,0,0
CHEMBL37920,0.025221808,27437,0,0
CHEMBL21248,0.025097745,27438,0,0
CHEMBL13801,0.025097745,27439,0,0
CHEMBL6861,0.025097745,27440,0,0
CHEMBL37679,0.025097745,27441,0,0
CHEMBL4434752,0.02507223,27442,0,0
CHEMBL31605,0.025064474,27443,0,0
CHEMBL35358,0.02504303,27444,0,0
CHEMBL12453,0.025037462,27445,0,0
CHEMBL33980,0.025037462,27446,0,0
CHEMBL6904,0.024954956,27447,0,0
CHEMBL14913,0.024951247,27448,0,0
CHEMBL35746,0.024923284,27449,0,0
CHEMBL11272,0.024907967,27450,0,0
CHEMBL1160711,0.024907967,27451,0,0
CHEMBL10838,0.024907967,27452,0,0
CHEMBL26782,0.024907967,27453,0,0
CHEMBL11997,0.024907967,27454,0,0
CHEMBL6939,0.024907967,27455,0,0
CHEMBL40389,0.024907967,27456,0,0
CHEMBL10321,0.024907967,27457,0,0
CHEMBL13276,0.024907967,27458,0,0
CHEMBL1761221,0.024717603,27459,0,0
CHEMBL25131,0.024664907,27460,0,0
CHEMBL38194,0.024617689,27461,0,0
CHEMBL34977,0.024602946,27462,0,0
CHEMBL524,0.024602946,27463,0,0
CHEMBL30033,0.024602946,27464,0,0
CHEMBL16879,0.024602946,27465,0,0
CHEMBL9666,0.024602946,27466,0,0
CHEMBL32195,0.024602946,27467,0,0
CHEMBL612129,0.024602946,27468,0,0
CHEMBL40853,0.024602946,27469,0,0
CHEMBL24882,0.024602946,27470,0,0
CHEMBL40369,0.024602946,27471,0,0
CHEMBL23441,0.024602946,27472,0,0
CHEMBL28249,0.024602946,27473,0,0
CHEMBL1188857,0.024602946,27474,0,0
CHEMBL25400,0.024602946,27475,0,0
CHEMBL34128,0.024602946,27476,0,0
CHEMBL24868,0.024602946,27477,0,0
CHEMBL15319,0.024602946,27478,0,0
CHEMBL29834,0.024602946,27479,0,0
CHEMBL11418,0.024602946,27480,0,0
CHEMBL27147,0.024602946,27481,0,0
CHEMBL30286,0.024602946,27482,0,0
CHEMBL8352,0.024602946,27483,0,0
CHEMBL8336,0.024602946,27484,0,0
CHEMBL4543458,0.024602946,27485,0,0
CHEMBL26272,0.024602946,27486,0,0
CHEMBL8600,0.024602946,27487,0,0
CHEMBL34250,0.024602946,27488,0,0
CHEMBL20,0.024602946,27489,0,0
CHEMBL21894,0.024602946,27490,0,0
CHEMBL39852,0.024602946,27491,0,0
CHEMBL610191,0.024602946,27492,0,0
CHEMBL18902,0.024602946,27493,0,0
CHEMBL23224,0.024602946,27494,0,0
CHEMBL7597,0.024602946,27495,0,0
CHEMBL3311440,0.02459284,27496,0,0
CHEMBL29865,0.024522552,27497,0,0
CHEMBL11417,0.024488037,27498,0,0
CHEMBL13472,0.024486953,27499,0,0
CHEMBL9758,0.024465492,27500,0,0
CHEMBL37281,0.024352975,27501,0,0
CHEMBL21350,0.024352975,27502,0,0
CHEMBL38803,0.024352975,27503,0,0
CHEMBL10489,0.024352975,27504,0,0
CHEMBL19194,0.024352975,27505,0,0
CHEMBL13994,0.024308873,27506,0,0
CHEMBL11743,0.024297792,27507,0,0
CHEMBL18347,0.024222955,27508,0,0
CHEMBL27082,0.02421176,27509,0,0
CHEMBL36709,0.024147127,27510,0,0
CHEMBL39138,0.024095688,27511,0,0
CHEMBL15591,0.024083946,27512,0,0
CHEMBL39153,0.024077127,27513,0,0
CHEMBL22502,0.024019754,27514,0,0
CHEMBL40932,0.024019754,27515,0,0
CHEMBL4435118,0.024019754,27516,0,0
CHEMBL27386,0.024019754,27517,0,0
CHEMBL16963,0.02396402,27518,0,0
CHEMBL4543416,0.02390117,27519,0,0
CHEMBL3309454,0.02389593,27520,0,0
CHEMBL32712,0.02389122,27521,0,0
CHEMBL39699,0.023795819,27522,0,0
CHEMBL13247,0.023795819,27523,0,0
CHEMBL19924,0.023795819,27524,0,0
CHEMBL13183,0.0237877,27525,0,0
CHEMBL39329,0.023782592,27526,0,0
CHEMBL3310243,0.023782592,27527,0,0
CHEMBL36196,0.023782592,27528,0,0
CHEMBL11537,0.023782592,27529,0,0
CHEMBL14837,0.023782592,27530,0,0
CHEMBL25726,0.023782592,27531,0,0
CHEMBL8037,0.023782592,27532,0,0
CHEMBL39720,0.023782592,27533,0,0
CHEMBL15187,0.023725947,27534,0,0
CHEMBL37449,0.023725947,27535,0,0
CHEMBL18596,0.023725947,27536,0,0
CHEMBL4435578,0.023725947,27537,0,0
CHEMBL29275,0.023725947,27538,0,0
CHEMBL11539,0.023725947,27539,0,0
CHEMBL16524,0.023725947,27540,0,0
CHEMBL38764,0.023725947,27541,0,0
CHEMBL41750,0.023725947,27542,0,0
CHEMBL37177,0.023725947,27543,0,0
CHEMBL33566,0.023725947,27544,0,0
CHEMBL12307,0.023725947,27545,0,0
CHEMBL23622,0.023725947,27546,0,0
CHEMBL1189651,0.023725947,27547,0,0
CHEMBL25223,0.023725947,27548,0,0
CHEMBL32719,0.023725947,27549,0,0
CHEMBL19198,0.023725947,27550,0,0
CHEMBL16258,0.023725947,27551,0,0
CHEMBL1182846,0.023725947,27552,0,0
CHEMBL29025,0.023725947,27553,0,0
CHEMBL29471,0.023725947,27554,0,0
CHEMBL1184294,0.023725947,27555,0,0
CHEMBL39986,0.023725947,27556,0,0
CHEMBL10201,0.023725947,27557,0,0
CHEMBL558,0.023725947,27558,0,0
CHEMBL25646,0.023725947,27559,0,0
CHEMBL13634,0.023725947,27560,0,0
CHEMBL21825,0.023725947,27561,0,0
CHEMBL8726,0.023725947,27562,0,0
CHEMBL23451,0.023725947,27563,0,0
CHEMBL33442,0.023725947,27564,0,0
CHEMBL38850,0.023725947,27565,0,0
CHEMBL16247,0.023725947,27566,0,0
CHEMBL31194,0.023725947,27567,0,0
CHEMBL6853,0.023725947,27568,0,0
CHEMBL12010,0.023725947,27569,0,0
CHEMBL24107,0.023725947,27570,0,0
CHEMBL584972,0.023725947,27571,0,0
CHEMBL1163196,0.023725947,27572,0,0
CHEMBL21229,0.023725947,27573,0,0
CHEMBL22212,0.023725947,27574,0,0
CHEMBL11390,0.023725947,27575,0,0
CHEMBL27949,0.023725947,27576,0,0
CHEMBL13579,0.023725947,27577,0,0
CHEMBL22652,0.023725947,27578,0,0
CHEMBL154463,0.023725947,27579,0,0
CHEMBL3309329,0.023725947,27580,0,0
CHEMBL4553152,0.023725947,27581,0,0
CHEMBL7154,0.023725947,27582,0,0
CHEMBL28005,0.023725947,27583,0,0
CHEMBL574,0.023725947,27584,0,0
CHEMBL1195116,0.023725947,27585,0,0
CHEMBL6215,0.023725947,27586,0,0
CHEMBL18481,0.023725947,27587,0,0
CHEMBL38117,0.023725947,27588,0,0
CHEMBL37378,0.023725947,27589,0,0
CHEMBL34171,0.023725947,27590,0,0
CHEMBL26491,0.023716005,27591,0,0
CHEMBL28052,0.023705535,27592,0,0
CHEMBL35107,0.023704728,27593,0,0
CHEMBL31508,0.023704728,27594,0,0
CHEMBL11297,0.023704728,27595,0,0
CHEMBL23192,0.023704728,27596,0,0
CHEMBL4560051,0.023704728,27597,0,0
CHEMBL41611,0.023704728,27598,0,0
CHEMBL16628,0.023704728,27599,0,0
CHEMBL41595,0.023704728,27600,0,0
CHEMBL14982,0.023704728,27601,0,0
CHEMBL12919,0.023704728,27602,0,0
CHEMBL30682,0.023704728,27603,0,0
CHEMBL4435331,0.023672758,27604,0,0
CHEMBL40658,0.02353587,27605,0,0
CHEMBL42201,0.023497278,27606,0,0
CHEMBL674,0.023467405,27607,0,0
CHEMBL13945,0.023374874,27608,0,0
CHEMBL1209184,0.023374874,27609,0,0
CHEMBL4436397,0.023374874,27610,0,0
CHEMBL32436,0.023374874,27611,0,0
CHEMBL17423,0.023245946,27612,0,0
CHEMBL25285,0.023131453,27613,0,0
CHEMBL39051,0.023024406,27614,0,0
CHEMBL537349,0.02299821,27615,0,0
CHEMBL35962,0.02299821,27616,0,0
CHEMBL12829,0.02299821,27617,0,0
CHEMBL16145,0.02296487,27618,0,0
CHEMBL3309359,0.022946913,27619,0,0
CHEMBL27182,0.022946913,27620,0,0
CHEMBL11481,0.022946913,27621,0,0
CHEMBL23626,0.022946913,27622,0,0
CHEMBL23510,0.022946913,27623,0,0
CHEMBL29465,0.022946913,27624,0,0
CHEMBL33135,0.022946913,27625,0,0
CHEMBL27451,0.0228747,27626,0,0
CHEMBL24529,0.022759028,27627,0,0
CHEMBL16162,0.022697238,27628,0,0
CHEMBL27415,0.0225983,27629,0,0
CHEMBL4116149,0.022563737,27630,0,0
CHEMBL40917,0.022563737,27631,0,0
CHEMBL27494,0.022563737,27632,0,0
CHEMBL10388,0.022533564,27633,0,0
CHEMBL40446,0.02244946,27634,0,0
CHEMBL9588,0.022437172,27635,0,0
CHEMBL701,0.02218956,27636,0,0
CHEMBL40257,0.02218956,27637,0,0
CHEMBL775,0.02218956,27638,0,0
CHEMBL39495,0.02218956,27639,0,0
CHEMBL25485,0.02218956,27640,0,0
CHEMBL1163291,0.02218956,27641,0,0
CHEMBL4543171,0.02218956,27642,0,0
CHEMBL42359,0.02218956,27643,0,0
CHEMBL13522,0.02218956,27644,0,0
CHEMBL6702,0.02218956,27645,0,0
CHEMBL18367,0.02218956,27646,0,0
CHEMBL22065,0.02218956,27647,0,0
CHEMBL12027,0.02218956,27648,0,0
CHEMBL16933,0.02218956,27649,0,0
CHEMBL32650,0.02218956,27650,0,0
CHEMBL27710,0.02218956,27651,0,0
CHEMBL607038,0.02218956,27652,0,0
CHEMBL4435642,0.022070799,27653,0,0
CHEMBL30058,0.022056019,27654,0,0
CHEMBL584554,0.022052204,27655,0,0
CHEMBL9686,0.021994537,27656,0,0
CHEMBL8960,0.021994537,27657,0,0
CHEMBL19285,0.021885155,27658,0,0
CHEMBL776,0.021885155,27659,1,0
CHEMBL24254,0.021860426,27660,0,0
CHEMBL24431,0.021860426,27661,0,0
CHEMBL11839,0.021819426,27662,0,0
CHEMBL3309910,0.021819426,27663,0,0
CHEMBL6784,0.021819426,27664,0,0
CHEMBL21530,0.021819426,27665,0,0
CHEMBL31488,0.021819426,27666,0,0
CHEMBL27964,0.021819426,27667,0,0
CHEMBL4436220,0.021819426,27668,0,0
CHEMBL41727,0.021819426,27669,0,0
CHEMBL21007,0.021819426,27670,0,0
CHEMBL25543,0.021819426,27671,0,0
CHEMBL34,0.021819426,27672,0,0
CHEMBL10244,0.021819426,27673,0,0
CHEMBL34910,0.021819426,27674,0,0
CHEMBL22101,0.021819426,27675,0,0
CHEMBL10688,0.021819426,27676,0,0
CHEMBL28194,0.021819426,27677,0,0
CHEMBL4116150,0.021819426,27678,0,0
CHEMBL23306,0.021819426,27679,0,0
CHEMBL36824,0.021819426,27680,0,0
CHEMBL13126,0.021819426,27681,0,0
CHEMBL1163255,0.021819426,27682,0,0
CHEMBL37665,0.021819426,27683,0,0
CHEMBL29630,0.021819426,27684,0,0
CHEMBL155287,0.021819426,27685,0,0
CHEMBL33623,0.021819426,27686,0,0
CHEMBL12378,0.021819426,27687,0,0
CHEMBL6724,0.021819426,27688,0,0
CHEMBL23526,0.021819426,27689,0,0
CHEMBL21836,0.021819426,27690,0,0
CHEMBL17356,0.021819426,27691,0,0
CHEMBL19161,0.021819426,27692,0,0
CHEMBL419,0.021819426,27693,0,0
CHEMBL41272,0.021819426,27694,0,0
CHEMBL1163189,0.021819426,27695,0,0
CHEMBL1076637,0.021819426,27696,0,0
CHEMBL11260,0.021819426,27697,0,0
CHEMBL38105,0.021819426,27698,0,0
CHEMBL27406,0.021819426,27699,0,0
CHEMBL15807,0.021819426,27700,0,0
CHEMBL22192,0.021819426,27701,0,0
CHEMBL1163515,0.021819426,27702,0,0
CHEMBL794,0.021819426,27703,0,0
CHEMBL28300,0.021819426,27704,0,0
CHEMBL25033,0.021819426,27705,0,0
CHEMBL32777,0.021819426,27706,0,0
CHEMBL13503,0.021819426,27707,0,0
CHEMBL27969,0.021819426,27708,0,0
CHEMBL26744,0.021819426,27709,0,0
CHEMBL4436181,0.021819426,27710,0,0
CHEMBL8281,0.021819426,27711,0,0
CHEMBL13573,0.021819426,27712,0,0
CHEMBL565,0.021819426,27713,0,0
CHEMBL14904,0.021819426,27714,0,0
CHEMBL8237,0.021819426,27715,0,0
CHEMBL29319,0.021819426,27716,0,0
CHEMBL11986,0.021819426,27717,0,0
CHEMBL26406,0.021819426,27718,0,0
CHEMBL23313,0.021819426,27719,0,0
CHEMBL39879,0.021819426,27720,0,0
CHEMBL15200,0.021819426,27721,0,0
CHEMBL28075,0.021819426,27722,0,0
CHEMBL7204,0.021819426,27723,0,0
CHEMBL26428,0.021819426,27724,0,0
CHEMBL34246,0.021819426,27725,0,0
CHEMBL15995,0.021819426,27726,0,0
CHEMBL37607,0.021819426,27727,0,0
CHEMBL22298,0.021819426,27728,0,0
CHEMBL1163542,0.021819426,27729,0,0
CHEMBL18493,0.021819426,27730,0,0
CHEMBL6640,0.021819426,27731,0,0
CHEMBL25427,0.021819426,27732,0,0
CHEMBL7087,0.021819426,27733,0,0
CHEMBL20219,0.021819426,27734,0,0
CHEMBL26666,0.021819426,27735,0,0
CHEMBL6257,0.021819426,27736,0,0
CHEMBL18311,0.021819426,27737,0,0
CHEMBL32184,0.021819426,27738,0,0
CHEMBL40633,0.021819426,27739,0,0
CHEMBL30863,0.021819426,27740,0,0
CHEMBL24346,0.021819426,27741,0,0
CHEMBL34981,0.021819426,27742,0,0
CHEMBL1084953,0.021776646,27743,0,0
CHEMBL23214,0.021774452,27744,0,0
CHEMBL8610,0.021774452,27745,0,0
CHEMBL41818,0.021774452,27746,0,0
CHEMBL14388,0.021655884,27747,0,0
CHEMBL31536,0.021655884,27748,0,0
CHEMBL31050,0.021655884,27749,0,0
CHEMBL6869,0.021655884,27750,0,0
CHEMBL28582,0.021655884,27751,0,0
CHEMBL26454,0.021655884,27752,0,0
CHEMBL19554,0.021655884,27753,0,0
CHEMBL34514,0.021655884,27754,0,0
CHEMBL38593,0.021655884,27755,0,0
CHEMBL27410,0.021655884,27756,0,0
CHEMBL12948,0.021655884,27757,0,0
CHEMBL22160,0.021655884,27758,0,0
CHEMBL30816,0.021655884,27759,0,0
CHEMBL24025,0.021655884,27760,0,0
CHEMBL26716,0.021655884,27761,0,0
CHEMBL20909,0.021655884,27762,0,0
CHEMBL32858,0.021655884,27763,0,0
CHEMBL11888,0.021655884,27764,0,0
CHEMBL31598,0.021655884,27765,0,0
CHEMBL13504,0.021655884,27766,0,0
CHEMBL10247,0.021655884,27767,0,0
CHEMBL18467,0.021655884,27768,0,0
CHEMBL4303801,0.021655884,27769,0,0
CHEMBL42341,0.021655884,27770,0,0
CHEMBL38637,0.021655884,27771,0,0
CHEMBL22734,0.021655884,27772,0,0
CHEMBL8450,0.021655884,27773,0,0
CHEMBL29585,0.021655884,27774,0,0
CHEMBL12855,0.021655884,27775,0,0
CHEMBL589736,0.021655884,27776,0,0
CHEMBL42085,0.021609949,27777,0,0
CHEMBL36716,0.021561142,27778,0,0
CHEMBL35079,0.021490391,27779,0,0
CHEMBL24528,0.021480625,27780,0,0
CHEMBL4435448,0.021442018,27781,0,0
CHEMBL22896,0.021442018,27782,0,0
CHEMBL39931,0.021399202,27783,0,0
CHEMBL3310012,0.021360463,27784,0,0
CHEMBL20038,0.02135242,27785,0,0
CHEMBL40399,0.02135242,27786,0,0
CHEMBL36291,0.02135242,27787,0,0
CHEMBL36946,0.02135242,27788,0,0
CHEMBL26540,0.02135242,27789,0,0
CHEMBL39221,0.02135242,27790,0,0
CHEMBL20842,0.02135242,27791,0,0
CHEMBL29626,0.02135242,27792,0,0
CHEMBL30193,0.02135242,27793,0,0
CHEMBL4560044,0.02135242,27794,0,0
CHEMBL21120,0.02135242,27795,0,0
CHEMBL16843,0.021269627,27796,0,0
CHEMBL16550,0.021269627,27797,0,0
CHEMBL25655,0.021269627,27798,0,0
CHEMBL16753,0.021269627,27799,0,0
CHEMBL13872,0.021269627,27800,0,0
CHEMBL16729,0.021269627,27801,0,0
CHEMBL41641,0.021269627,27802,0,0
CHEMBL15945,0.021269627,27803,0,0
CHEMBL22275,0.021269627,27804,0,0
CHEMBL16698,0.021269627,27805,0,0
CHEMBL17709,0.021269627,27806,0,0
CHEMBL15607,0.021269627,27807,0,0
CHEMBL16855,0.021269627,27808,0,0
CHEMBL3309855,0.021269627,27809,0,0
CHEMBL7009,0.021269627,27810,0,0
CHEMBL4435208,0.021269627,27811,0,0
CHEMBL4116089,0.021269627,27812,0,0
CHEMBL17091,0.021269627,27813,0,0
CHEMBL7707,0.021269627,27814,0,0
CHEMBL16977,0.021269627,27815,0,0
CHEMBL8562,0.021269627,27816,0,0
CHEMBL16981,0.021269627,27817,0,0
CHEMBL30316,0.021269627,27818,0,0
CHEMBL7242,0.021269627,27819,0,0
CHEMBL19935,0.021259366,27820,0,0
CHEMBL42604,0.021238321,27821,0,0
CHEMBL38768,0.021238321,27822,0,0
CHEMBL14983,0.021190306,27823,0,0
CHEMBL39054,0.021183666,27824,0,0
CHEMBL23470,0.021171136,27825,0,0
CHEMBL41097,0.021171136,27826,0,0
CHEMBL18910,0.021171136,27827,0,0
CHEMBL31024,0.021171136,27828,0,0
CHEMBL27454,0.021171136,27829,0,0
CHEMBL12091,0.021171136,27830,0,0
CHEMBL38922,0.021171136,27831,0,0
CHEMBL33550,0.021171136,27832,0,0
CHEMBL4543273,0.021168606,27833,0,0
CHEMBL34969,0.021168606,27834,0,0
CHEMBL27610,0.021168606,27835,0,0
CHEMBL769,0.021168606,27836,0,0
CHEMBL23731,0.021168606,27837,0,0
CHEMBL718,0.021168606,27838,0,0
CHEMBL11996,0.021168606,27839,0,0
CHEMBL39273,0.021168606,27840,0,0
CHEMBL7336,0.021168606,27841,0,0
CHEMBL30065,0.021168606,27842,0,0
CHEMBL35887,0.021168606,27843,0,0
CHEMBL7185,0.021168606,27844,0,0
CHEMBL4560008,0.021168606,27845,0,0
CHEMBL1163245,0.02115348,27846,0,0
CHEMBL28981,0.02115348,27847,0,0
CHEMBL10123,0.02115348,27848,0,0
CHEMBL9767,0.02115348,27849,0,0
CHEMBL39950,0.021144839,27850,0,0
CHEMBL32727,0.02114389,27851,0,0
CHEMBL40015,0.02111739,27852,0,0
CHEMBL18896,0.021101639,27853,0,0
CHEMBL11546,0.021101639,27854,0,0
CHEMBL28760,0.021101639,27855,0,0
CHEMBL795,0.021101639,27856,0,0
CHEMBL39782,0.021101639,27857,0,0
CHEMBL40212,0.021101639,27858,0,0
CHEMBL13810,0.021101639,27859,0,0
CHEMBL28603,0.021101639,27860,0,0
CHEMBL20504,0.021101639,27861,0,0
CHEMBL33306,0.021101639,27862,0,0
CHEMBL21645,0.021101639,27863,0,0
CHEMBL20957,0.021101639,27864,0,0
CHEMBL31934,0.021101639,27865,0,0
CHEMBL32407,0.021101639,27866,0,0
CHEMBL19515,0.021101639,27867,0,0
CHEMBL6720,0.021101639,27868,0,0
CHEMBL7646,0.021101639,27869,0,0
CHEMBL475,0.021101639,27870,0,0
CHEMBL16118,0.021101639,27871,0,0
CHEMBL40971,0.021101639,27872,0,0
CHEMBL25936,0.021101639,27873,0,0
CHEMBL19773,0.021101639,27874,0,0
CHEMBL33300,0.021101639,27875,0,0
CHEMBL17115,0.021101639,27876,0,0
CHEMBL12167,0.021101639,27877,0,0
CHEMBL16554,0.021101639,27878,0,0
CHEMBL32352,0.021079075,27879,0,0
CHEMBL25737,0.021059493,27880,0,0
CHEMBL24980,0.021036265,27881,0,0
CHEMBL30230,0.021024378,27882,0,0
CHEMBL39319,0.021019617,27883,0,0
CHEMBL17473,0.021018637,27884,0,0
CHEMBL14270,0.021007018,27885,0,0
CHEMBL13184,0.020960644,27886,0,0
CHEMBL11435,0.020960644,27887,0,0
CHEMBL24686,0.020960644,27888,0,0
CHEMBL32039,0.020873781,27889,0,0
CHEMBL36825,0.020873781,27890,0,0
CHEMBL18724,0.020873781,27891,0,0
CHEMBL38308,0.020873781,27892,0,0
CHEMBL32142,0.020871822,27893,0,0
CHEMBL8327,0.020871822,27894,0,0
CHEMBL1095653,0.020871822,27895,0,0
CHEMBL5095027,0.020871822,27896,0,0
CHEMBL8066,0.020871822,27897,0,0
CHEMBL31729,0.020871822,27898,0,0
CHEMBL17096,0.020871822,27899,0,0
CHEMBL11887,0.020871822,27900,0,0
CHEMBL28769,0.020871822,27901,0,0
CHEMBL35318,0.020797763,27902,0,0
CHEMBL36082,0.02077064,27903,0,0
CHEMBL40438,0.02077064,27904,0,0
CHEMBL41949,0.02077064,27905,0,0
CHEMBL39462,0.020767817,27906,0,0
CHEMBL14813,0.020767817,27907,0,0
CHEMBL18022,0.020767817,27908,0,0
CHEMBL564427,0.020767817,27909,0,0
CHEMBL4434957,0.020570654,27910,0,0
CHEMBL23958,0.020540658,27911,0,0
CHEMBL32643,0.020540658,27912,0,0
CHEMBL34307,0.020447513,27913,0,0
CHEMBL11876,0.020416047,27914,0,0
CHEMBL14210,0.020403916,27915,0,0
CHEMBL1091561,0.020403916,27916,0,0
CHEMBL23774,0.020403916,27917,0,0
CHEMBL4543262,0.020403916,27918,0,0
CHEMBL23056,0.020403916,27919,0,0
CHEMBL32351,0.020403916,27920,0,0
CHEMBL17324,0.020403916,27921,0,0
CHEMBL22794,0.020403916,27922,0,0
CHEMBL21624,0.020403916,27923,0,0
CHEMBL4553126,0.020403916,27924,0,0
CHEMBL4559937,0.020403916,27925,0,0
CHEMBL40546,0.020403916,27926,0,0
CHEMBL11797,0.020403916,27927,0,0
CHEMBL41879,0.020403916,27928,0,0
CHEMBL16479,0.020403916,27929,0,0
CHEMBL36766,0.020403916,27930,0,0
CHEMBL31789,0.020403916,27931,0,0
CHEMBL23477,0.020403916,27932,0,0
CHEMBL3310969,0.020403916,27933,0,0
CHEMBL21337,0.020403916,27934,0,0
CHEMBL17729,0.020403916,27935,0,0
CHEMBL25289,0.020403916,27936,0,0
CHEMBL28579,0.020403916,27937,0,0
CHEMBL8799,0.020403916,27938,0,0
CHEMBL17348,0.020403916,27939,0,0
CHEMBL28278,0.020403916,27940,0,0
CHEMBL24864,0.020403916,27941,0,0
CHEMBL440,0.020403916,27942,0,0
CHEMBL32419,0.020403916,27943,0,0
CHEMBL12341,0.020403916,27944,0,0
CHEMBL4436438,0.020403916,27945,0,0
CHEMBL20355,0.020403916,27946,0,0
CHEMBL20348,0.020403916,27947,0,0
CHEMBL4553615,0.020403916,27948,0,0
CHEMBL27918,0.020403916,27949,0,0
CHEMBL36168,0.020403916,27950,0,0
CHEMBL1163195,0.020403916,27951,0,0
CHEMBL7018,0.020403916,27952,0,0
CHEMBL11588,0.020403916,27953,0,0
CHEMBL11059,0.020403916,27954,0,0
CHEMBL23627,0.02039991,27955,0,0
CHEMBL23436,0.02039991,27956,0,0
CHEMBL28588,0.020376539,27957,0,0
CHEMBL9736,0.020372817,27958,0,0
CHEMBL30540,0.02035159,27959,0,0
CHEMBL1184248,0.020263877,27960,0,0
CHEMBL24297,0.020263877,27961,0,0
CHEMBL28032,0.020142965,27962,0,0
CHEMBL33627,0.020123249,27963,0,0
CHEMBL37401,0.020123249,27964,0,0
CHEMBL10775,0.020123249,27965,0,0
CHEMBL10457,0.020117538,27966,0,0
CHEMBL14433,0.020117538,27967,0,0
CHEMBL10693,0.020086646,27968,0,0
CHEMBL41211,0.020086646,27969,0,0
CHEMBL149,0.020068092,27970,0,0
CHEMBL17674,0.019966925,27971,0,0
CHEMBL36138,0.01983431,27972,0,0
CHEMBL25524,0.019678116,27973,0,0
CHEMBL11158,0.019678116,27974,0,0
CHEMBL156114,0.019669209,27975,0,0
CHEMBL4435962,0.019632414,27976,0,0
CHEMBL16275,0.019617157,27977,0,0
CHEMBL14420,0.019617157,27978,0,0
CHEMBL3310190,0.019551538,27979,0,0
CHEMBL26403,0.01941924,27980,0,0
CHEMBL14138,0.019396752,27981,0,0
CHEMBL7940,0.019396752,27982,0,0
CHEMBL30238,0.019396752,27983,0,0
CHEMBL31465,0.019396752,27984,0,0
CHEMBL9815,0.019215172,27985,0,0
CHEMBL17290,0.019161416,27986,0,0
CHEMBL12514,0.018920263,27987,0,0
CHEMBL3311108,0.018852385,27988,0,0
CHEMBL36213,0.018776167,27989,0,0
CHEMBL30348,0.018776167,27990,0,0
CHEMBL31772,0.018776167,27991,0,0
CHEMBL34367,0.018776167,27992,0,0
CHEMBL7144,0.018776167,27993,0,0
CHEMBL16608,0.018776167,27994,0,0
CHEMBL15679,0.018776167,27995,0,0
CHEMBL10256,0.018776167,27996,0,0
CHEMBL602107,0.018767059,27997,0,0
CHEMBL10903,0.018747417,27998,0,0
CHEMBL4435615,0.018662754,27999,0,0
CHEMBL32843,0.018611766,28000,0,0
CHEMBL23319,0.018611766,28001,0,0
CHEMBL19386,0.018611766,28002,0,0
CHEMBL28183,0.018611766,28003,0,0
CHEMBL6705,0.018611766,28004,0,0
CHEMBL20335,0.018611766,28005,0,0
CHEMBL15253,0.018611766,28006,0,0
CHEMBL35179,0.018611766,28007,0,0
CHEMBL11228,0.018611766,28008,0,0
CHEMBL22926,0.018611766,28009,0,0
CHEMBL12048,0.018611766,28010,0,0
CHEMBL16426,0.018611766,28011,0,0
CHEMBL8028,0.018611766,28012,0,0
CHEMBL20783,0.018611766,28013,0,0
CHEMBL19915,0.018611766,28014,0,0
CHEMBL10476,0.018611766,28015,0,0
CHEMBL11795,0.018611766,28016,0,0
CHEMBL29812,0.018611766,28017,0,0
CHEMBL31468,0.018611766,28018,0,0
CHEMBL28033,0.018611766,28019,0,0
CHEMBL8696,0.018488439,28020,0,0
CHEMBL4543197,0.018488439,28021,0,0
CHEMBL26157,0.018413085,28022,0,0
CHEMBL7110,0.018360607,28023,0,0
CHEMBL37812,0.01832042,28024,0,0
CHEMBL26600,0.01827343,28025,0,0
CHEMBL24088,0.018252892,28026,0,0
CHEMBL9877,0.018227562,28027,0,0
CHEMBL25769,0.017996168,28028,0,0
CHEMBL1160741,0.017996168,28029,0,0
CHEMBL37246,0.017996168,28030,0,0
CHEMBL32306,0.017996168,28031,0,0
CHEMBL21050,0.017996168,28032,0,0
CHEMBL38863,0.017996168,28033,0,0
CHEMBL23942,0.017996168,28034,0,0
CHEMBL18193,0.017996168,28035,0,0
CHEMBL38226,0.017996168,28036,0,0
CHEMBL3311274,0.017978406,28037,0,0
CHEMBL17648,0.0179444,28038,0,0
CHEMBL11147,0.0179444,28039,0,0
CHEMBL40390,0.0179444,28040,0,0
CHEMBL24648,0.0179444,28041,0,0
CHEMBL37355,0.0179444,28042,0,0
CHEMBL32086,0.0179444,28043,0,0
CHEMBL6852,0.0179444,28044,0,0
CHEMBL6798,0.0179444,28045,0,0
CHEMBL23962,0.0179444,28046,0,0
CHEMBL40943,0.0179444,28047,0,0
CHEMBL12142,0.0179444,28048,0,0
CHEMBL11928,0.0179444,28049,0,0
CHEMBL40593,0.0179444,28050,0,0
CHEMBL9746,0.0179444,28051,0,0
CHEMBL36528,0.0179444,28052,0,0
CHEMBL8214,0.0179444,28053,0,0
CHEMBL8248,0.0179444,28054,0,0
CHEMBL26862,0.0179444,28055,0,0
CHEMBL11661,0.0179444,28056,0,0
CHEMBL1163244,0.0179444,28057,0,0
CHEMBL4559971,0.0179444,28058,0,0
CHEMBL29370,0.0179444,28059,0,0
CHEMBL25869,0.0179444,28060,0,0
CHEMBL12442,0.0179444,28061,0,0
CHEMBL33716,0.0179444,28062,0,0
CHEMBL27572,0.0179444,28063,0,0
CHEMBL24720,0.0179444,28064,0,0
CHEMBL31624,0.0179444,28065,0,0
CHEMBL19988,0.0179444,28066,0,0
CHEMBL27747,0.0179444,28067,0,0
CHEMBL15886,0.0179444,28068,0,0
CHEMBL29975,0.0179444,28069,0,0
CHEMBL23841,0.0179444,28070,0,0
CHEMBL11004,0.0179444,28071,0,0
CHEMBL12293,0.0179444,28072,0,0
CHEMBL11556,0.0179444,28073,0,0
CHEMBL37568,0.0179444,28074,0,0
CHEMBL34621,0.0179444,28075,0,0
CHEMBL25619,0.0179444,28076,0,0
CHEMBL11376,0.0179444,28077,0,0
CHEMBL13763,0.0179444,28078,0,0
CHEMBL28450,0.0179444,28079,0,0
CHEMBL12275,0.0179444,28080,0,0
CHEMBL12261,0.0179444,28081,0,0
CHEMBL27217,0.0179444,28082,0,0
CHEMBL34616,0.0179444,28083,0,0
CHEMBL14005,0.0179444,28084,0,0
CHEMBL14007,0.0179444,28085,0,0
CHEMBL30453,0.0179444,28086,0,0
CHEMBL27674,0.0179444,28087,0,0
CHEMBL13056,0.0179444,28088,0,0
CHEMBL16701,0.0179444,28089,0,0
CHEMBL22498,0.0179444,28090,0,0
CHEMBL23478,0.0179444,28091,0,0
CHEMBL23475,0.0179444,28092,0,0
CHEMBL155263,0.0179444,28093,0,0
CHEMBL11164,0.0179444,28094,0,0
CHEMBL1237374,0.0179444,28095,0,0
CHEMBL34047,0.0179444,28096,0,0
CHEMBL37461,0.0179444,28097,0,0
CHEMBL7863,0.0179444,28098,0,0
CHEMBL11079,0.0179444,28099,0,0
CHEMBL14146,0.0179444,28100,0,0
CHEMBL1159526,0.0179444,28101,0,0
CHEMBL541771,0.0179444,28102,0,0
CHEMBL30625,0.0179444,28103,0,0
CHEMBL11062,0.0179444,28104,0,0
CHEMBL24878,0.0179444,28105,0,0
CHEMBL36285,0.0179444,28106,0,0
CHEMBL18686,0.0179444,28107,0,0
CHEMBL40524,0.0179444,28108,0,0
CHEMBL26440,0.0179444,28109,0,0
CHEMBL28944,0.0179444,28110,0,0
CHEMBL40268,0.0179444,28111,0,0
CHEMBL28929,0.0179444,28112,0,0
CHEMBL13881,0.0179444,28113,0,0
CHEMBL34758,0.0179444,28114,0,0
CHEMBL3309358,0.0179444,28115,0,0
CHEMBL13603,0.0179444,28116,0,0
CHEMBL40988,0.0179444,28117,0,0
CHEMBL23629,0.0179444,28118,0,0
CHEMBL10731,0.0179444,28119,0,0
CHEMBL28860,0.0179444,28120,0,0
CHEMBL14315,0.0179444,28121,0,0
CHEMBL27040,0.0179444,28122,0,0
CHEMBL6860,0.0179444,28123,0,0
CHEMBL33875,0.0179444,28124,0,0
CHEMBL1207937,0.0179444,28125,0,0
CHEMBL39664,0.0179444,28126,0,0
CHEMBL41839,0.0179444,28127,0,0
CHEMBL24119,0.0179444,28128,0,0
CHEMBL13963,0.0179444,28129,0,0
CHEMBL17751,0.0179444,28130,0,0
CHEMBL18214,0.0179444,28131,0,0
CHEMBL33390,0.0179444,28132,0,0
CHEMBL7890,0.0179444,28133,0,0
CHEMBL31471,0.0179444,28134,0,0
CHEMBL38660,0.0179444,28135,0,0
CHEMBL41117,0.0179444,28136,0,0
CHEMBL27972,0.0179444,28137,0,0
CHEMBL13717,0.0179444,28138,0,0
CHEMBL30161,0.0179444,28139,0,0
CHEMBL13711,0.0179444,28140,0,0
CHEMBL24558,0.0179444,28141,0,0
CHEMBL7335,0.0179444,28142,0,0
CHEMBL40414,0.0179444,28143,0,0
CHEMBL8619,0.0179444,28144,0,0
CHEMBL23419,0.0179444,28145,0,0
CHEMBL41763,0.0179444,28146,0,0
CHEMBL12521,0.0179444,28147,0,0
CHEMBL12805,0.0179444,28148,0,0
CHEMBL12812,0.0179444,28149,0,0
CHEMBL12504,0.0179444,28150,0,0
CHEMBL33832,0.0179444,28151,0,0
CHEMBL39843,0.0179444,28152,0,0
CHEMBL14235,0.0179444,28153,0,0
CHEMBL40796,0.0179444,28154,0,0
CHEMBL40813,0.0179444,28155,0,0
CHEMBL26737,0.0179444,28156,0,0
CHEMBL29829,0.0179444,28157,0,0
CHEMBL28832,0.0179444,28158,0,0
CHEMBL10598,0.0179444,28159,0,0
CHEMBL8701,0.0179444,28160,0,0
CHEMBL8706,0.0179444,28161,0,0
CHEMBL21023,0.0179444,28162,0,0
CHEMBL13446,0.0179444,28163,0,0
CHEMBL13978,0.0179444,28164,0,0
CHEMBL7634,0.0179444,28165,0,0
CHEMBL42280,0.0179444,28166,0,0
CHEMBL13831,0.0179444,28167,0,0
CHEMBL28894,0.0179444,28168,0,0
CHEMBL39640,0.0179444,28169,0,0
CHEMBL32886,0.0179444,28170,0,0
CHEMBL8844,0.0179444,28171,0,0
CHEMBL526183,0.0179444,28172,0,0
CHEMBL23770,0.0179444,28173,0,0
CHEMBL34819,0.0179444,28174,0,0
CHEMBL518,0.0179444,28175,0,0
CHEMBL9467,0.0179444,28176,0,0
CHEMBL4435026,0.0179444,28177,0,0
CHEMBL23798,0.0179444,28178,0,0
CHEMBL26607,0.0179444,28179,0,0
CHEMBL39492,0.0179444,28180,0,0
CHEMBL22444,0.0179444,28181,0,0
CHEMBL17171,0.0179444,28182,0,0
CHEMBL14537,0.0179444,28183,0,0
CHEMBL17837,0.0179444,28184,0,0
CHEMBL28375,0.0179444,28185,0,0
CHEMBL24210,0.0179444,28186,0,0
CHEMBL17154,0.0179444,28187,0,0
CHEMBL16883,0.0179444,28188,0,0
CHEMBL24835,0.0179444,28189,0,0
CHEMBL13685,0.0179444,28190,0,0
CHEMBL28537,0.0179444,28191,0,0
CHEMBL25880,0.0179444,28192,0,0
CHEMBL41664,0.0179444,28193,0,0
CHEMBL30857,0.0179444,28194,0,0
CHEMBL29314,0.0179444,28195,0,0
CHEMBL18135,0.0179444,28196,0,0
CHEMBL12404,0.0179444,28197,0,0
CHEMBL23865,0.0179444,28198,0,0
CHEMBL29411,0.0179444,28199,0,0
CHEMBL14815,0.0179444,28200,0,0
CHEMBL35584,0.0179444,28201,0,0
CHEMBL8956,0.0179444,28202,0,0
CHEMBL32768,0.0179444,28203,0,0
CHEMBL16505,0.0179444,28204,0,0
CHEMBL11878,0.0179444,28205,0,0
CHEMBL30400,0.0179444,28206,0,0
CHEMBL4435656,0.0179444,28207,0,0
CHEMBL11999,0.0179444,28208,0,0
CHEMBL43669,0.0179444,28209,0,0
CHEMBL28765,0.0179444,28210,0,0
CHEMBL9068,0.0179444,28211,0,0
CHEMBL3309517,0.017919626,28212,0,0
CHEMBL37006,0.017878002,28213,0,0
CHEMBL8005,0.017878002,28214,0,0
CHEMBL16886,0.017878002,28215,0,0
CHEMBL40000,0.017878002,28216,0,0
CHEMBL27456,0.017787503,28217,0,0
CHEMBL29039,0.017783247,28218,0,0
CHEMBL41438,0.01774524,28219,0,0
CHEMBL35105,0.01772572,28220,0,0
CHEMBL38355,0.017721063,28221,0,0
CHEMBL14334,0.017589716,28222,0,0
CHEMBL37732,0.017554969,28223,0,0
CHEMBL6469,0.017497126,28224,0,0
CHEMBL34009,0.017497126,28225,0,0
CHEMBL42504,0.017497126,28226,0,0
CHEMBL9678,0.017458927,28227,0,0
CHEMBL31903,0.017404059,28228,0,0
CHEMBL29135,0.0173253,28229,0,0
CHEMBL30146,0.017278431,28230,0,0
CHEMBL26989,0.017177563,28231,0,0
CHEMBL4543545,0.017177563,28232,0,0
CHEMBL16716,0.017177563,28233,0,0
CHEMBL4553139,0.017120948,28234,0,0
CHEMBL26083,0.017120948,28235,0,0
CHEMBL14629,0.017120948,28236,0,0
CHEMBL11788,0.017120948,28237,0,0
CHEMBL11904,0.017120948,28238,0,0
CHEMBL11951,0.017120948,28239,0,0
CHEMBL8461,0.017120948,28240,0,0
CHEMBL8001,0.017120948,28241,0,0
CHEMBL12644,0.017120948,28242,0,0
CHEMBL12126,0.017120948,28243,0,0
CHEMBL24637,0.017120948,28244,0,0
CHEMBL7983,0.017120948,28245,0,0
CHEMBL38941,0.017084636,28246,0,0
CHEMBL21339,0.017054036,28247,0,0
CHEMBL3311128,0.016957229,28248,0,0
CHEMBL11831,0.016935335,28249,0,0
CHEMBL24644,0.016935335,28250,0,0
CHEMBL9775,0.016935335,28251,0,0
CHEMBL16184,0.016935335,28252,0,0
CHEMBL41333,0.016935335,28253,0,0
CHEMBL34933,0.016935335,28254,0,0
CHEMBL39345,0.016935335,28255,0,0
CHEMBL30382,0.016925605,28256,0,0
CHEMBL34756,0.016924836,28257,0,0
CHEMBL32024,0.016914232,28258,0,0
CHEMBL25,0.01686904,28259,0,0
CHEMBL20919,0.01686904,28260,0,0
CHEMBL27737,0.01686904,28261,0,0
CHEMBL20883,0.01686904,28262,0,0
CHEMBL12602,0.01686904,28263,0,0
CHEMBL35036,0.01686904,28264,0,0
CHEMBL3310890,0.01686904,28265,0,0
CHEMBL29060,0.016855342,28266,0,0
CHEMBL32554,0.016585633,28267,0,0
CHEMBL38146,0.016585633,28268,0,0
CHEMBL21558,0.016585633,28269,0,0
CHEMBL438139,0.016585633,28270,0,0
CHEMBL40304,0.016585633,28271,0,0
CHEMBL1222016,0.016585633,28272,0,0
CHEMBL41700,0.01653431,28273,0,0
CHEMBL32568,0.016494727,28274,0,0
CHEMBL9452,0.016494602,28275,0,0
CHEMBL28985,0.016494602,28276,0,0
CHEMBL43668,0.016494602,28277,0,0
CHEMBL25435,0.016494602,28278,0,0
CHEMBL647,0.016494602,28279,0,0
CHEMBL1163180,0.016494602,28280,0,0
CHEMBL28635,0.016494602,28281,0,0
CHEMBL10584,0.016494602,28282,0,0
CHEMBL34505,0.016494602,28283,0,0
CHEMBL16176,0.016494602,28284,0,0
CHEMBL11741,0.016494602,28285,0,0
CHEMBL4435849,0.016494602,28286,0,0
CHEMBL14796,0.016494602,28287,0,0
CHEMBL22592,0.016494602,28288,0,0
CHEMBL22107,0.016494602,28289,0,0
CHEMBL36682,0.016494602,28290,0,0
CHEMBL9669,0.016494602,28291,0,0
CHEMBL40337,0.016494602,28292,0,0
CHEMBL24814,0.016494602,28293,0,0
CHEMBL8778,0.016494602,28294,0,0
CHEMBL24714,0.016494602,28295,0,0
CHEMBL32638,0.016494602,28296,0,0
CHEMBL30202,0.016494602,28297,0,0
CHEMBL14783,0.016494602,28298,0,0
CHEMBL12336,0.016494602,28299,0,0
CHEMBL26662,0.016494602,28300,0,0
CHEMBL19975,0.016494602,28301,0,0
CHEMBL29526,0.016494602,28302,0,0
CHEMBL26143,0.016494602,28303,0,0
CHEMBL24561,0.016494602,28304,0,0
CHEMBL33065,0.016494602,28305,0,0
CHEMBL13838,0.016494602,28306,0,0
CHEMBL175697,0.016494602,28307,0,0
CHEMBL39101,0.01643647,28308,0,0
CHEMBL16252,0.016390298,28309,0,0
CHEMBL22803,0.016390298,28310,0,0
CHEMBL12586,0.016308941,28311,0,0
CHEMBL10155,0.016308941,28312,0,0
CHEMBL12452,0.016306171,28313,0,0
CHEMBL24537,0.016306171,28314,0,0
CHEMBL33813,0.016306171,28315,0,0
CHEMBL8141,0.016306171,28316,0,0
CHEMBL30219,0.01619591,28317,0,0
CHEMBL13407,0.0161783,28318,0,0
CHEMBL1163266,0.016037188,28319,0,0
CHEMBL20022,0.016037188,28320,0,0
CHEMBL41051,0.016037188,28321,0,0
CHEMBL25020,0.016031727,28322,0,0
CHEMBL4435291,0.015886415,28323,0,0
CHEMBL4543199,0.01581353,28324,0,0
CHEMBL3309493,0.01581353,28325,0,0
CHEMBL4435166,0.015779857,28326,0,0
CHEMBL24405,0.0157695,28327,0,0
CHEMBL12148,0.0157695,28328,0,0
CHEMBL4435192,0.015663361,28329,0,0
CHEMBL26734,0.015632037,28330,0,0
CHEMBL31352,0.015632037,28331,0,0
CHEMBL31458,0.015632037,28332,0,0
CHEMBL19088,0.015632037,28333,0,0
CHEMBL7476,0.015632037,28334,0,0
CHEMBL24336,0.015632037,28335,0,0
CHEMBL17216,0.015632037,28336,0,0
CHEMBL12792,0.015632037,28337,0,0
CHEMBL25424,0.015632037,28338,0,0
CHEMBL33616,0.015632037,28339,0,0
CHEMBL16924,0.015632037,28340,0,0
CHEMBL569,0.015632037,28341,0,0
CHEMBL40173,0.015632037,28342,0,0
CHEMBL1089958,0.015632037,28343,0,0
CHEMBL37057,0.015632037,28344,0,0
CHEMBL30082,0.015632037,28345,0,0
CHEMBL34404,0.015632037,28346,0,0
CHEMBL42375,0.015632037,28347,0,0
CHEMBL34470,0.015632037,28348,0,0
CHEMBL28523,0.015632037,28349,0,0
CHEMBL14599,0.015632037,28350,0,0
CHEMBL13564,0.015632037,28351,0,0
CHEMBL28370,0.015632037,28352,0,0
CHEMBL29295,0.015632037,28353,0,0
CHEMBL33375,0.015632037,28354,0,0
CHEMBL10599,0.015632037,28355,0,0
CHEMBL7468,0.015632037,28356,0,0
CHEMBL11885,0.015632037,28357,0,0
CHEMBL25280,0.015632037,28358,0,0
CHEMBL27114,0.015632037,28359,0,0
CHEMBL8885,0.015632037,28360,0,0
CHEMBL36038,0.015632037,28361,0,0
CHEMBL27859,0.015632037,28362,0,0
CHEMBL20017,0.015632037,28363,0,0
CHEMBL36179,0.015632037,28364,0,0
CHEMBL28925,0.015632037,28365,0,0
CHEMBL30045,0.015632037,28366,0,0
CHEMBL36026,0.015632037,28367,0,0
CHEMBL86,0.015632037,28368,0,0
CHEMBL677,0.015632037,28369,0,0
CHEMBL21230,0.015632037,28370,0,0
CHEMBL15926,0.015632037,28371,0,0
CHEMBL19172,0.015632037,28372,0,0
CHEMBL29550,0.015632037,28373,0,0
CHEMBL25780,0.015632037,28374,0,0
CHEMBL25790,0.015632037,28375,0,0
CHEMBL23534,0.015632037,28376,0,0
CHEMBL4434953,0.015632037,28377,0,0
CHEMBL1185068,0.015632037,28378,0,0
CHEMBL40986,0.015632037,28379,0,0
CHEMBL31482,0.015632037,28380,0,0
CHEMBL25739,0.015632037,28381,0,0
CHEMBL25878,0.015632037,28382,0,0
CHEMBL16857,0.015632037,28383,0,0
CHEMBL36182,0.015632037,28384,0,0
CHEMBL24466,0.015632037,28385,0,0
CHEMBL154414,0.015632037,28386,0,0
CHEMBL19405,0.015632037,28387,0,0
CHEMBL11664,0.015632037,28388,0,0
CHEMBL12387,0.015632037,28389,0,0
CHEMBL22098,0.015632037,28390,0,0
CHEMBL8081,0.015632037,28391,0,0
CHEMBL7754,0.015632037,28392,0,0
CHEMBL9486,0.015632037,28393,0,0
CHEMBL30658,0.015632037,28394,0,0
CHEMBL38579,0.015632037,28395,0,0
CHEMBL1075689,0.015632037,28396,0,0
CHEMBL11941,0.015632037,28397,0,0
CHEMBL11953,0.015632037,28398,0,0
CHEMBL22606,0.015632037,28399,0,0
CHEMBL36690,0.015632037,28400,0,0
CHEMBL552742,0.015632037,28401,0,0
CHEMBL20111,0.015632037,28402,0,0
CHEMBL462,0.015632037,28403,0,0
CHEMBL18194,0.015632037,28404,0,0
CHEMBL13572,0.015632037,28405,0,0
CHEMBL38736,0.015632037,28406,0,0
CHEMBL27745,0.015632037,28407,0,0
CHEMBL27453,0.015632037,28408,0,0
CHEMBL8974,0.015632037,28409,0,0
CHEMBL15712,0.015632037,28410,0,0
CHEMBL41461,0.015632037,28411,0,0
CHEMBL31159,0.015632037,28412,0,0
CHEMBL7503,0.015632037,28413,0,0
CHEMBL26109,0.015556122,28414,0,0
CHEMBL37767,0.015556122,28415,0,0
CHEMBL20247,0.015556122,28416,0,0
CHEMBL23786,0.015511852,28417,0,0
CHEMBL27970,0.01550476,28418,0,0
CHEMBL29461,0.01550476,28419,0,0
CHEMBL39166,0.01550476,28420,0,0
CHEMBL27334,0.01550476,28421,0,0
CHEMBL25932,0.01550476,28422,0,0
CHEMBL503357,0.01550476,28423,0,0
CHEMBL33153,0.01550476,28424,0,0
CHEMBL29258,0.01550476,28425,0,0
CHEMBL37336,0.01550476,28426,0,0
CHEMBL27915,0.01550476,28427,0,0
CHEMBL41399,0.01550476,28428,0,0
CHEMBL36230,0.01550476,28429,0,0
CHEMBL26925,0.01548332,28430,0,0
CHEMBL12922,0.015472602,28431,0,0
CHEMBL29534,0.015472602,28432,0,0
CHEMBL25882,0.015343412,28433,0,0
CHEMBL38588,0.015328809,28434,0,0
CHEMBL11321,0.015328809,28435,0,0
CHEMBL25844,0.015328809,28436,0,0
CHEMBL610892,0.015328809,28437,0,0
CHEMBL4553712,0.015328809,28438,0,0
CHEMBL33737,0.015278186,28439,0,0
CHEMBL36239,0.015278186,28440,0,0
CHEMBL39105,0.015278186,28441,0,0
CHEMBL26350,0.015278186,28442,0,0
CHEMBL29412,0.015278186,28443,0,0
CHEMBL11666,0.015278186,28444,0,0
CHEMBL17449,0.015278186,28445,0,0
CHEMBL17916,0.015278186,28446,0,0
CHEMBL38611,0.015278186,28447,0,0
CHEMBL21973,0.015278186,28448,0,0
CHEMBL12104,0.015278186,28449,0,0
CHEMBL26769,0.015278186,28450,0,0
CHEMBL27973,0.015278186,28451,0,0
CHEMBL32021,0.015278186,28452,0,0
CHEMBL33866,0.015278186,28453,0,0
CHEMBL444736,0.015278186,28454,0,0
CHEMBL8293,0.015278186,28455,0,0
CHEMBL40656,0.015278186,28456,0,0
CHEMBL40687,0.015278186,28457,0,0
CHEMBL29605,0.015278186,28458,0,0
CHEMBL459,0.015278186,28459,0,0
CHEMBL8232,0.015278186,28460,0,0
CHEMBL7561,0.015278186,28461,0,0
CHEMBL19891,0.015278186,28462,0,0
CHEMBL36131,0.015278186,28463,0,0
CHEMBL10047,0.015278186,28464,0,0
CHEMBL12405,0.015278186,28465,0,0
CHEMBL38877,0.015278186,28466,0,0
CHEMBL37610,0.015250333,28467,0,0
CHEMBL30640,0.015242974,28468,0,0
CHEMBL14808,0.015173899,28469,0,0
CHEMBL34113,0.015173899,28470,0,0
CHEMBL6313,0.015173899,28471,0,0
CHEMBL24150,0.015112243,28472,0,0
CHEMBL23667,0.015064144,28473,0,0
CHEMBL20358,0.015064144,28474,0,0
CHEMBL11660,0.015064144,28475,0,0
CHEMBL37722,0.015064144,28476,0,0
CHEMBL8680,0.015064144,28477,0,0
CHEMBL23558,0.015064144,28478,0,0
CHEMBL33426,0.015064144,28479,0,0
CHEMBL29485,0.014989262,28480,0,0
CHEMBL810,0.014989262,28481,0,0
CHEMBL26220,0.014989262,28482,0,0
CHEMBL16331,0.014989262,28483,0,0
CHEMBL30848,0.014989262,28484,0,0
CHEMBL13563,0.014989262,28485,0,0
CHEMBL21615,0.014989262,28486,0,0
CHEMBL15064,0.014895611,28487,0,0
CHEMBL12638,0.014797165,28488,0,0
CHEMBL25149,0.014791987,28489,0,0
CHEMBL29334,0.014777449,28490,0,0
CHEMBL1179567,0.014754925,28491,0,0
CHEMBL8403,0.014625865,28492,0,0
CHEMBL9385,0.014597243,28493,0,0
CHEMBL1195988,0.014597243,28494,0,0
CHEMBL19586,0.014592668,28495,0,0
CHEMBL4436124,0.014581899,28496,0,0
CHEMBL33994,0.014541319,28497,0,0
CHEMBL32871,0.014541319,28498,0,0
CHEMBL26813,0.014540888,28499,0,0
CHEMBL6567,0.014540888,28500,0,0
CHEMBL30739,0.014492835,28501,0,0
CHEMBL26301,0.014492835,28502,0,0
CHEMBL11399,0.014492835,28503,0,0
CHEMBL8176,0.014492835,28504,0,0
CHEMBL4543266,0.014492835,28505,0,0
CHEMBL39476,0.014492835,28506,0,0
CHEMBL3309264,0.0143960165,28507,0,0
CHEMBL4543331,0.014349786,28508,0,0
CHEMBL6644,0.014335299,28509,0,0
CHEMBL9084,0.013975238,28510,0,0
CHEMBL40088,0.013889997,28511,0,0
CHEMBL38453,0.01383176,28512,0,0
CHEMBL16700,0.013822599,28513,0,0
CHEMBL4434936,0.013773325,28514,0,0
CHEMBL9387,0.013773325,28515,0,0
CHEMBL34423,0.013666068,28516,0,0
CHEMBL4543268,0.013666068,28517,0,0
CHEMBL37008,0.013666068,28518,0,0
CHEMBL28766,0.013666068,28519,0,0
CHEMBL28721,0.013666068,28520,0,0
CHEMBL39706,0.013666068,28521,0,0
CHEMBL39717,0.013666068,28522,0,0
CHEMBL34155,0.013666068,28523,0,0
CHEMBL34168,0.013666068,28524,0,0
CHEMBL23949,0.013666068,28525,0,0
CHEMBL28862,0.013666068,28526,0,0
CHEMBL29446,0.013666068,28527,0,0
CHEMBL10962,0.013666068,28528,0,0
CHEMBL727,0.013666068,28529,0,0
CHEMBL24722,0.013666068,28530,0,0
CHEMBL724,0.013666068,28531,0,0
CHEMBL34855,0.013666068,28532,0,0
CHEMBL9623,0.013666068,28533,0,0
CHEMBL12137,0.013666068,28534,0,0
CHEMBL12140,0.013666068,28535,0,0
CHEMBL40953,0.013666068,28536,0,0
CHEMBL39738,0.013666068,28537,0,0
CHEMBL13086,0.013666068,28538,0,0
CHEMBL13094,0.013666068,28539,0,0
CHEMBL40604,0.013666068,28540,0,0
CHEMBL30748,0.013666068,28541,0,0
CHEMBL27561,0.013666068,28542,0,0
CHEMBL12024,0.013666068,28543,0,0
CHEMBL27533,0.013666068,28544,0,0
CHEMBL41905,0.013666068,28545,0,0
CHEMBL28866,0.013666068,28546,0,0
CHEMBL554192,0.013666068,28547,0,0
CHEMBL3310876,0.013666068,28548,0,0
CHEMBL141,0.013666068,28549,0,0
CHEMBL501593,0.013666068,28550,0,0
CHEMBL503030,0.013666068,28551,0,0
CHEMBL32101,0.013666068,28552,0,0
CHEMBL28710,0.013666068,28553,0,0
CHEMBL43824,0.013666068,28554,0,0
CHEMBL18084,0.013666068,28555,0,0
CHEMBL18094,0.013666068,28556,0,0
CHEMBL32276,0.013666068,28557,0,0
CHEMBL36508,0.013666068,28558,0,0
CHEMBL19774,0.013666068,28559,0,0
CHEMBL19792,0.013666068,28560,0,0
CHEMBL12329,0.013666068,28561,0,0
CHEMBL29226,0.013666068,28562,0,0
CHEMBL15944,0.013666068,28563,0,0
CHEMBL13540,0.013666068,28564,0,0
CHEMBL13542,0.013666068,28565,0,0
CHEMBL27498,0.013666068,28566,0,0
CHEMBL25988,0.013666068,28567,0,0
CHEMBL18478,0.013666068,28568,0,0
CHEMBL23954,0.013666068,28569,0,0
CHEMBL23957,0.013666068,28570,0,0
CHEMBL36610,0.013666068,28571,0,0
CHEMBL26275,0.013666068,28572,0,0
CHEMBL39019,0.013666068,28573,0,0
CHEMBL32050,0.013666068,28574,0,0
CHEMBL15252,0.013666068,28575,0,0
CHEMBL15301,0.013666068,28576,0,0
CHEMBL37489,0.013666068,28577,0,0
CHEMBL37490,0.013666068,28578,0,0
CHEMBL3309718,0.013666068,28579,0,0
CHEMBL11981,0.013666068,28580,0,0
CHEMBL20093,0.013666068,28581,0,0
CHEMBL18610,0.013666068,28582,0,0
CHEMBL3309713,0.013666068,28583,0,0
CHEMBL28656,0.013666068,28584,0,0
CHEMBL440085,0.013666068,28585,0,0
CHEMBL29587,0.013666068,28586,0,0
CHEMBL24773,0.013666068,28587,0,0
CHEMBL20573,0.013666068,28588,0,0
CHEMBL39039,0.013666068,28589,0,0
CHEMBL26267,0.013666068,28590,0,0
CHEMBL26268,0.013666068,28591,0,0
CHEMBL7889,0.013666068,28592,0,0
CHEMBL23894,0.013666068,28593,0,0
CHEMBL4543339,0.013666068,28594,0,0
CHEMBL13821,0.013666068,28595,0,0
CHEMBL13823,0.013666068,28596,0,0
CHEMBL12113,0.013666068,28597,0,0
CHEMBL13576,0.013666068,28598,0,0
CHEMBL39068,0.013666068,28599,0,0
CHEMBL27942,0.013666068,28600,0,0
CHEMBL36468,0.013666068,28601,0,0
CHEMBL15337,0.013666068,28602,0,0
CHEMBL12203,0.013666068,28603,0,0
CHEMBL25961,0.013666068,28604,0,0
CHEMBL18083,0.013666068,28605,0,0
CHEMBL29875,0.013666068,28606,0,0
CHEMBL21257,0.013666068,28607,0,0
CHEMBL21259,0.013666068,28608,0,0
CHEMBL3309714,0.013666068,28609,0,0
CHEMBL3309715,0.013666068,28610,0,0
CHEMBL14117,0.013666068,28611,0,0
CHEMBL12160,0.013666068,28612,0,0
CHEMBL10351,0.013666068,28613,0,0
CHEMBL9445,0.013666068,28614,0,0
CHEMBL22089,0.013666068,28615,0,0
CHEMBL41250,0.013666068,28616,0,0
CHEMBL1163190,0.013666068,28617,0,0
CHEMBL499523,0.013666068,28618,0,0
CHEMBL39067,0.013666068,28619,0,0
CHEMBL20770,0.013666068,28620,0,0
CHEMBL11551,0.013666068,28621,0,0
CHEMBL40067,0.013666068,28622,0,0
CHEMBL7977,0.013666068,28623,0,0
CHEMBL9474,0.013666068,28624,0,0
CHEMBL21329,0.013666068,28625,0,0
CHEMBL21334,0.013666068,28626,0,0
CHEMBL730,0.013666068,28627,0,0
CHEMBL7303,0.013666068,28628,0,0
CHEMBL17407,0.013666068,28629,0,0
CHEMBL40422,0.013666068,28630,0,0
CHEMBL137,0.013666068,28631,0,0
CHEMBL27119,0.013666068,28632,0,0
CHEMBL27138,0.013666068,28633,0,0
CHEMBL39987,0.013666068,28634,0,0
CHEMBL23818,0.013666068,28635,0,0
CHEMBL40626,0.013666068,28636,0,0
CHEMBL41914,0.013666068,28637,0,0
CHEMBL43495,0.013666068,28638,0,0
CHEMBL18892,0.013666068,28639,0,0
CHEMBL27997,0.013666068,28640,0,0
CHEMBL476,0.013666068,28641,0,0
CHEMBL22072,0.013666068,28642,0,0
CHEMBL27905,0.013666068,28643,0,0
CHEMBL27906,0.013666068,28644,0,0
CHEMBL18837,0.013666068,28645,0,0
CHEMBL41023,0.013666068,28646,0,0
CHEMBL27909,0.013666068,28647,0,0
CHEMBL27912,0.013666068,28648,0,0
CHEMBL12158,0.013666068,28649,0,0
CHEMBL39977,0.013666068,28650,0,0
CHEMBL3309717,0.013666068,28651,0,0
CHEMBL41657,0.013666068,28652,0,0
CHEMBL41659,0.013666068,28653,0,0
CHEMBL28647,0.013666068,28654,0,0
CHEMBL24832,0.013666068,28655,0,0
CHEMBL24838,0.013666068,28656,0,0
CHEMBL8047,0.013666068,28657,0,0
CHEMBL34108,0.013666068,28658,0,0
CHEMBL4543438,0.013666068,28659,0,0
CHEMBL31557,0.013666068,28660,0,0
CHEMBL31565,0.013666068,28661,0,0
CHEMBL12401,0.013666068,28662,0,0
CHEMBL41352,0.013666068,28663,0,0
CHEMBL37368,0.013666068,28664,0,0
CHEMBL17440,0.013666068,28665,0,0
CHEMBL40534,0.013666068,28666,0,0
CHEMBL777,0.013666068,28667,0,0
CHEMBL24001,0.013666068,28668,0,0
CHEMBL26218,0.013666068,28669,0,0
CHEMBL20580,0.013666068,28670,0,0
CHEMBL8056,0.013666068,28671,0,0
CHEMBL21606,0.013666068,28672,0,0
CHEMBL15355,0.013666068,28673,0,0
CHEMBL8013,0.013666068,28674,0,0
CHEMBL13587,0.013666068,28675,0,0
CHEMBL1077410,0.013666068,28676,0,0
CHEMBL483262,0.013666068,28677,0,0
CHEMBL499101,0.013666068,28678,0,0
CHEMBL37620,0.013666068,28679,0,0
CHEMBL14824,0.013666068,28680,0,0
CHEMBL18051,0.013666068,28681,0,0
CHEMBL29234,0.013666068,28682,0,0
CHEMBL812,0.013666068,28683,0,0
CHEMBL21621,0.013666068,28684,0,0
CHEMBL21634,0.013666068,28685,0,0
CHEMBL29908,0.013666068,28686,0,0
CHEMBL19685,0.013666068,28687,0,0
CHEMBL23804,0.013666068,28688,0,0
CHEMBL11573,0.013666068,28689,0,0
CHEMBL36693,0.013666068,28690,0,0
CHEMBL24022,0.013666068,28691,0,0
CHEMBL19431,0.013666068,28692,0,0
CHEMBL19439,0.013666068,28693,0,0
CHEMBL19447,0.013666068,28694,0,0
CHEMBL40426,0.013666068,28695,0,0
CHEMBL4436031,0.013666068,28696,0,0
CHEMBL4436036,0.013666068,28697,0,0
CHEMBL35034,0.013666068,28698,0,0
CHEMBL23759,0.013666068,28699,0,0
CHEMBL16055,0.013666068,28700,0,0
CHEMBL30049,0.013666068,28701,0,0
CHEMBL11957,0.013666068,28702,0,0
CHEMBL30995,0.013666068,28703,0,0
CHEMBL17539,0.013666068,28704,0,0
CHEMBL17541,0.013666068,28705,0,0
CHEMBL17559,0.013666068,28706,0,0
CHEMBL17560,0.013666068,28707,0,0
CHEMBL17562,0.013666068,28708,0,0
CHEMBL4543205,0.013666068,28709,0,0
CHEMBL4543217,0.013666068,28710,0,0
CHEMBL9401,0.013666068,28711,0,0
CHEMBL35125,0.013666068,28712,0,0
CHEMBL22051,0.013666068,28713,0,0
CHEMBL22063,0.013666068,28714,0,0
CHEMBL706,0.013666068,28715,0,0
CHEMBL24873,0.013666068,28716,0,0
CHEMBL11510,0.013666068,28717,0,0
CHEMBL11043,0.013666068,28718,0,0
CHEMBL1163209,0.013666068,28719,0,0
CHEMBL4303148,0.013666068,28720,0,0
CHEMBL12689,0.013666068,28721,0,0
CHEMBL28885,0.013666068,28722,0,0
CHEMBL28887,0.013666068,28723,0,0
CHEMBL28890,0.013666068,28724,0,0
CHEMBL11952,0.013666068,28725,0,0
CHEMBL12559,0.013666068,28726,0,0
CHEMBL12563,0.013666068,28727,0,0
CHEMBL38589,0.013666068,28728,0,0
CHEMBL38604,0.013666068,28729,0,0
CHEMBL36308,0.013666068,28730,0,0
CHEMBL12045,0.013666068,28731,0,0
CHEMBL13500,0.013666068,28732,0,0
CHEMBL40648,0.013666068,28733,0,0
CHEMBL30638,0.013666068,28734,0,0
CHEMBL14797,0.013666068,28735,0,0
CHEMBL14801,0.013666068,28736,0,0
CHEMBL703,0.013666068,28737,0,0
CHEMBL7030,0.013666068,28738,0,0
CHEMBL11063,0.013666068,28739,0,0
CHEMBL30952,0.013666068,28740,0,0
CHEMBL30959,0.013666068,28741,0,0
CHEMBL27414,0.013666068,28742,0,0
CHEMBL27373,0.013666068,28743,0,0
CHEMBL39133,0.013666068,28744,0,0
CHEMBL39682,0.013666068,28745,0,0
CHEMBL13853,0.013666068,28746,0,0
CHEMBL38756,0.013666068,28747,0,0
CHEMBL38759,0.013666068,28748,0,0
CHEMBL26019,0.013666068,28749,0,0
CHEMBL26032,0.013666068,28750,0,0
CHEMBL41779,0.013666068,28751,0,0
CHEMBL41784,0.013666068,28752,0,0
CHEMBL40450,0.013666068,28753,0,0
CHEMBL22644,0.013666068,28754,0,0
CHEMBL34879,0.013666068,28755,0,0
CHEMBL34880,0.013666068,28756,0,0
CHEMBL34179,0.013666068,28757,0,0
CHEMBL26003,0.013666068,28758,0,0
CHEMBL11561,0.013666068,28759,0,0
CHEMBL3311419,0.013666068,28760,0,0
CHEMBL29906,0.013666068,28761,0,0
CHEMBL15379,0.013666068,28762,0,0
CHEMBL15410,0.013666068,28763,0,0
CHEMBL7025,0.013666068,28764,0,0
CHEMBL8185,0.013666068,28765,0,0
CHEMBL20521,0.013666068,28766,0,0
CHEMBL4559970,0.013666068,28767,0,0
CHEMBL9365,0.013666068,28768,0,0
CHEMBL940,0.013666068,28769,0,0
CHEMBL11505,0.013666068,28770,0,0
CHEMBL11507,0.013666068,28771,0,0
CHEMBL41650,0.013666068,28772,0,0
CHEMBL13114,0.013666068,28773,0,0
CHEMBL18027,0.013666068,28774,0,0
CHEMBL25829,0.013666068,28775,0,0
CHEMBL37728,0.013666068,28776,0,0
CHEMBL12017,0.013666068,28777,0,0
CHEMBL18661,0.013666068,28778,0,0
CHEMBL19632,0.013666068,28779,0,0
CHEMBL18110,0.013666068,28780,0,0
CHEMBL18111,0.013666068,28781,0,0
CHEMBL443602,0.013666068,28782,0,0
CHEMBL28341,0.013666068,28783,0,0
CHEMBL504429,0.013666068,28784,0,0
CHEMBL7701,0.013666068,28785,0,0
CHEMBL37731,0.013666068,28786,0,0
CHEMBL14771,0.013666068,28787,0,0
CHEMBL37710,0.013666068,28788,0,0
CHEMBL27601,0.013666068,28789,0,0
CHEMBL40653,0.013666068,28790,0,0
CHEMBL37681,0.013666068,28791,0,0
CHEMBL41221,0.013666068,28792,0,0
CHEMBL28135,0.013666068,28793,0,0
CHEMBL26852,0.013666068,28794,0,0
CHEMBL39736,0.013666068,28795,0,0
CHEMBL34244,0.013666068,28796,0,0
CHEMBL21181,0.013666068,28797,0,0
CHEMBL23671,0.013666068,28798,0,0
CHEMBL36210,0.013666068,28799,0,0
CHEMBL820,0.013666068,28800,0,0
CHEMBL18735,0.013666068,28801,0,0
CHEMBL11094,0.013666068,28802,0,0
CHEMBL24959,0.013666068,28803,0,0
CHEMBL29253,0.013666068,28804,0,0
CHEMBL13718,0.013666068,28805,0,0
CHEMBL28081,0.013666068,28806,0,0
CHEMBL21487,0.013666068,28807,0,0
CHEMBL24124,0.013666068,28808,0,0
CHEMBL12587,0.013666068,28809,0,0
CHEMBL12605,0.013666068,28810,0,0
CHEMBL28719,0.013666068,28811,0,0
CHEMBL13859,0.013666068,28812,0,0
CHEMBL39671,0.013666068,28813,0,0
CHEMBL34989,0.013666068,28814,0,0
CHEMBL15991,0.013666068,28815,0,0
CHEMBL27824,0.013666068,28816,0,0
CHEMBL27844,0.013666068,28817,0,0
CHEMBL42591,0.013666068,28818,0,0
CHEMBL29029,0.013666068,28819,0,0
CHEMBL158670,0.013666068,28820,0,0
CHEMBL15891,0.013666068,28821,0,0
CHEMBL18334,0.013666068,28822,0,0
CHEMBL18342,0.013666068,28823,0,0
CHEMBL37716,0.013666068,28824,0,0
CHEMBL17610,0.013666068,28825,0,0
CHEMBL37773,0.013666068,28826,0,0
CHEMBL830,0.013666068,28827,0,0
CHEMBL23612,0.013666068,28828,0,0
CHEMBL4436573,0.013666068,28829,0,0
CHEMBL3311439,0.013666068,28830,0,0
CHEMBL8264,0.013666068,28831,0,0
CHEMBL8265,0.013666068,28832,0,0
CHEMBL31927,0.013666068,28833,0,0
CHEMBL24948,0.013666068,28834,0,0
CHEMBL21200,0.013666068,28835,0,0
CHEMBL27042,0.013666068,28836,0,0
CHEMBL30577,0.013666068,28837,0,0
CHEMBL13253,0.013666068,28838,0,0
CHEMBL13254,0.013666068,28839,0,0
CHEMBL13263,0.013666068,28840,0,0
CHEMBL1237066,0.013666068,28841,0,0
CHEMBL1237214,0.013666068,28842,0,0
CHEMBL20513,0.013666068,28843,0,0
CHEMBL8290,0.013666068,28844,0,0
CHEMBL20816,0.013666068,28845,0,0
CHEMBL25813,0.013666068,28846,0,0
CHEMBL11468,0.013666068,28847,0,0
CHEMBL11471,0.013666068,28848,0,0
CHEMBL689,0.013666068,28849,0,0
CHEMBL25805,0.013666068,28850,0,0
CHEMBL33134,0.013666068,28851,0,0
CHEMBL39213,0.013666068,28852,0,0
CHEMBL13741,0.013666068,28853,0,0
CHEMBL27039,0.013666068,28854,0,0
CHEMBL20152,0.013666068,28855,0,0
CHEMBL9732,0.013666068,28856,0,0
CHEMBL31034,0.013666068,28857,0,0
CHEMBL37790,0.013666068,28858,0,0
CHEMBL19522,0.013666068,28859,0,0
CHEMBL37795,0.013666068,28860,0,0
CHEMBL20802,0.013666068,28861,0,0
CHEMBL21683,0.013666068,28862,0,0
CHEMBL21696,0.013666068,28863,0,0
CHEMBL4543500,0.013666068,28864,0,0
CHEMBL4543501,0.013666068,28865,0,0
CHEMBL9331,0.013666068,28866,0,0
CHEMBL29520,0.013666068,28867,0,0
CHEMBL36791,0.013666068,28868,0,0
CHEMBL38924,0.013666068,28869,0,0
CHEMBL24480,0.013666068,28870,0,0
CHEMBL37201,0.013666068,28871,0,0
CHEMBL37295,0.013666068,28872,0,0
CHEMBL731,0.013666068,28873,0,0
CHEMBL18663,0.013666068,28874,0,0
CHEMBL40500,0.013666068,28875,0,0
CHEMBL40508,0.013666068,28876,0,0
CHEMBL30777,0.013666068,28877,0,0
CHEMBL30599,0.013666068,28878,0,0
CHEMBL19920,0.013666068,28879,0,0
CHEMBL30285,0.013666068,28880,0,0
CHEMBL34298,0.013666068,28881,0,0
CHEMBL684,0.013666068,28882,0,0
CHEMBL37840,0.013666068,28883,0,0
CHEMBL37808,0.013666068,28884,0,0
CHEMBL11122,0.013666068,28885,0,0
CHEMBL3309357,0.013666068,28886,0,0
CHEMBL37855,0.013666068,28887,0,0
CHEMBL37859,0.013666068,28888,0,0
CHEMBL37864,0.013666068,28889,0,0
CHEMBL20486,0.013666068,28890,0,0
CHEMBL20492,0.013666068,28891,0,0
CHEMBL39277,0.013666068,28892,0,0
CHEMBL39231,0.013666068,28893,0,0
CHEMBL31902,0.013666068,28894,0,0
CHEMBL21676,0.013666068,28895,0,0
CHEMBL38540,0.013666068,28896,0,0
CHEMBL4116139,0.013666068,28897,0,0
CHEMBL3309354,0.013666068,28898,0,0
CHEMBL3309356,0.013666068,28899,0,0
CHEMBL19408,0.013666068,28900,0,0
CHEMBL28936,0.013666068,28901,0,0
CHEMBL16764,0.013666068,28902,0,0
CHEMBL36161,0.013666068,28903,0,0
CHEMBL23563,0.013666068,28904,0,0
CHEMBL18021,0.013666068,28905,0,0
CHEMBL4543317,0.013666068,28906,0,0
CHEMBL4435392,0.013666068,28907,0,0
CHEMBL27923,0.013666068,28908,0,0
CHEMBL41325,0.013666068,28909,0,0
CHEMBL28257,0.013666068,28910,0,0
CHEMBL28259,0.013666068,28911,0,0
CHEMBL22127,0.013666068,28912,0,0
CHEMBL34961,0.013666068,28913,0,0
CHEMBL28083,0.013666068,28914,0,0
CHEMBL509252,0.013666068,28915,0,0
CHEMBL29194,0.013666068,28916,0,0
CHEMBL29104,0.013666068,28917,0,0
CHEMBL19482,0.013666068,28918,0,0
CHEMBL17360,0.013666068,28919,0,0
CHEMBL21340,0.013666068,28920,0,0
CHEMBL21349,0.013666068,28921,0,0
CHEMBL1094324,0.013666068,28922,0,0
CHEMBL28823,0.013666068,28923,0,0
CHEMBL4553716,0.013666068,28924,0,0
CHEMBL36145,0.013666068,28925,0,0
CHEMBL25804,0.013666068,28926,0,0
CHEMBL6753,0.013666068,28927,0,0
CHEMBL14679,0.013666068,28928,0,0
CHEMBL30385,0.013666068,28929,0,0
CHEMBL40915,0.013666068,28930,0,0
CHEMBL11668,0.013666068,28931,0,0
CHEMBL26746,0.013666068,28932,0,0
CHEMBL13883,0.013666068,28933,0,0
CHEMBL13884,0.013666068,28934,0,0
CHEMBL26766,0.013666068,28935,0,0
CHEMBL4543485,0.013666068,28936,0,0
CHEMBL4435762,0.013666068,28937,0,0
CHEMBL27962,0.013666068,28938,0,0
CHEMBL9757,0.013666068,28939,0,0
CHEMBL31425,0.013666068,28940,0,0
CHEMBL38541,0.013666068,28941,0,0
CHEMBL12343,0.013666068,28942,0,0
CHEMBL4435052,0.013666068,28943,0,0
CHEMBL31851,0.013666068,28944,0,0
CHEMBL39291,0.013666068,28945,0,0
CHEMBL31818,0.013666068,28946,0,0
CHEMBL36119,0.013666068,28947,0,0
CHEMBL27804,0.013666068,28948,0,0
CHEMBL37901,0.013666068,28949,0,0
CHEMBL25086,0.013666068,28950,0,0
CHEMBL14343,0.013666068,28951,0,0
CHEMBL38499,0.013666068,28952,0,0
CHEMBL38506,0.013666068,28953,0,0
CHEMBL11457,0.013666068,28954,0,0
CHEMBL22501,0.013666068,28955,0,0
CHEMBL22508,0.013666068,28956,0,0
CHEMBL13814,0.013666068,28957,0,0
CHEMBL11762,0.013666068,28958,0,0
CHEMBL600,0.013666068,28959,0,0
CHEMBL11429,0.013666068,28960,0,0
CHEMBL23523,0.013666068,28961,0,0
CHEMBL7649,0.013666068,28962,0,0
CHEMBL21477,0.013666068,28963,0,0
CHEMBL26101,0.013666068,28964,0,0
CHEMBL26064,0.013666068,28965,0,0
CHEMBL11597,0.013666068,28966,0,0
CHEMBL26059,0.013666068,28967,0,0
CHEMBL27791,0.013666068,28968,0,0
CHEMBL27793,0.013666068,28969,0,0
CHEMBL30336,0.013666068,28970,0,0
CHEMBL15956,0.013666068,28971,0,0
CHEMBL36063,0.013666068,28972,0,0
CHEMBL8510,0.013666068,28973,0,0
CHEMBL21732,0.013666068,28974,0,0
CHEMBL33270,0.013666068,28975,0,0
CHEMBL676,0.013666068,28976,0,0
CHEMBL3309352,0.013666068,28977,0,0
CHEMBL28590,0.013666068,28978,0,0
CHEMBL23067,0.013666068,28979,0,0
CHEMBL31077,0.013666068,28980,0,0
CHEMBL14011,0.013666068,28981,0,0
CHEMBL26507,0.013666068,28982,0,0
CHEMBL4553682,0.013666068,28983,0,0
CHEMBL4553684,0.013666068,28984,0,0
CHEMBL21739,0.013666068,28985,0,0
CHEMBL21740,0.013666068,28986,0,0
CHEMBL21742,0.013666068,28987,0,0
CHEMBL23443,0.013666068,28988,0,0
CHEMBL22414,0.013666068,28989,0,0
CHEMBL16709,0.013666068,28990,0,0
CHEMBL12344,0.013666068,28991,0,0
CHEMBL30042,0.013666068,28992,0,0
CHEMBL41307,0.013666068,28993,0,0
CHEMBL12995,0.013666068,28994,0,0
CHEMBL29321,0.013666068,28995,0,0
CHEMBL23061,0.013666068,28996,0,0
CHEMBL12735,0.013666068,28997,0,0
CHEMBL13995,0.013666068,28998,0,0
CHEMBL27649,0.013666068,28999,0,0
CHEMBL27675,0.013666068,29000,0,0
CHEMBL13451,0.013666068,29001,0,0
CHEMBL14004,0.013666068,29002,0,0
CHEMBL112,0.013666068,29003,0,0
CHEMBL670,0.013666068,29004,0,0
CHEMBL671,0.013666068,29005,0,0
CHEMBL24351,0.013666068,29006,0,0
CHEMBL17697,0.013666068,29007,0,0
CHEMBL17721,0.013666068,29008,0,0
CHEMBL38475,0.013666068,29009,0,0
CHEMBL38487,0.013666068,29010,0,0
CHEMBL38498,0.013666068,29011,0,0
CHEMBL20864,0.013666068,29012,0,0
CHEMBL38333,0.013666068,29013,0,0
CHEMBL29638,0.013666068,29014,0,0
CHEMBL29640,0.013666068,29015,0,0
CHEMBL12519,0.013666068,29016,0,0
CHEMBL28554,0.013666068,29017,0,0
CHEMBL28571,0.013666068,29018,0,0
CHEMBL4553653,0.013666068,29019,0,0
CHEMBL33286,0.013666068,29020,0,0
CHEMBL33291,0.013666068,29021,0,0
CHEMBL28238,0.013666068,29022,0,0
CHEMBL18980,0.013666068,29023,0,0
CHEMBL20849,0.013666068,29024,0,0
CHEMBL9957,0.013666068,29025,0,0
CHEMBL14358,0.013666068,29026,0,0
CHEMBL32466,0.013666068,29027,0,0
CHEMBL15822,0.013666068,29028,0,0
CHEMBL33894,0.013666068,29029,0,0
CHEMBL33912,0.013666068,29030,0,0
CHEMBL33916,0.013666068,29031,0,0
CHEMBL33917,0.013666068,29032,0,0
CHEMBL16425,0.013666068,29033,0,0
CHEMBL33920,0.013666068,29034,0,0
CHEMBL13401,0.013666068,29035,0,0
CHEMBL39362,0.013666068,29036,0,0
CHEMBL39327,0.013666068,29037,0,0
CHEMBL20835,0.013666068,29038,0,0
CHEMBL19294,0.013666068,29039,0,0
CHEMBL26911,0.013666068,29040,0,0
CHEMBL4553621,0.013666068,29041,0,0
CHEMBL30131,0.013666068,29042,0,0
CHEMBL29984,0.013666068,29043,0,0
CHEMBL28231,0.013666068,29044,0,0
CHEMBL12355,0.013666068,29045,0,0
CHEMBL36898,0.013666068,29046,0,0
CHEMBL21471,0.013666068,29047,0,0
CHEMBL36837,0.013666068,29048,0,0
CHEMBL36851,0.013666068,29049,0,0
CHEMBL36902,0.013666068,29050,0,0
CHEMBL24259,0.013666068,29051,0,0
CHEMBL24261,0.013666068,29052,0,0
CHEMBL29108,0.013666068,29053,0,0
CHEMBL29255,0.013666068,29054,0,0
CHEMBL34149,0.013666068,29055,0,0
CHEMBL18362,0.013666068,29056,0,0
CHEMBL33864,0.013666068,29057,0,0
CHEMBL33867,0.013666068,29058,0,0
CHEMBL29698,0.013666068,29059,0,0
CHEMBL14648,0.013666068,29060,0,0
CHEMBL40783,0.013666068,29061,0,0
CHEMBL23385,0.013666068,29062,0,0
CHEMBL10630,0.013666068,29063,0,0
CHEMBL1207983,0.013666068,29064,0,0
CHEMBL1207998,0.013666068,29065,0,0
CHEMBL4553593,0.013666068,29066,0,0
CHEMBL31758,0.013666068,29067,0,0
CHEMBL6607,0.013666068,29068,0,0
CHEMBL6616,0.013666068,29069,0,0
CHEMBL6622,0.013666068,29070,0,0
CHEMBL25250,0.013666068,29071,0,0
CHEMBL27278,0.013666068,29072,0,0
CHEMBL26932,0.013666068,29073,0,0
CHEMBL19296,0.013666068,29074,0,0
CHEMBL12168,0.013666068,29075,0,0
CHEMBL27881,0.013666068,29076,0,0
CHEMBL27206,0.013666068,29077,0,0
CHEMBL13667,0.013666068,29078,0,0
CHEMBL31187,0.013666068,29079,0,0
CHEMBL33387,0.013666068,29080,0,0
CHEMBL13936,0.013666068,29081,0,0
CHEMBL4553564,0.013666068,29082,0,0
CHEMBL12323,0.013666068,29083,0,0
CHEMBL13305,0.013666068,29084,0,0
CHEMBL19567,0.013666068,29085,0,0
CHEMBL16673,0.013666068,29086,0,0
CHEMBL33414,0.013666068,29087,0,0
CHEMBL39873,0.013666068,29088,0,0
CHEMBL39899,0.013666068,29089,0,0
CHEMBL33847,0.013666068,29090,0,0
CHEMBL9204,0.013666068,29091,0,0
CHEMBL22925,0.013666068,29092,0,0
CHEMBL35278,0.013666068,29093,0,0
CHEMBL35280,0.013666068,29094,0,0
CHEMBL33432,0.013666068,29095,0,0
CHEMBL18384,0.013666068,29096,0,0
CHEMBL18385,0.013666068,29097,0,0
CHEMBL18390,0.013666068,29098,0,0
CHEMBL32962,0.013666068,29099,0,0
CHEMBL38048,0.013666068,29100,0,0
CHEMBL14580,0.013666068,29101,0,0
CHEMBL32948,0.013666068,29102,0,0
CHEMBL39385,0.013666068,29103,0,0
CHEMBL26551,0.013666068,29104,0,0
CHEMBL26561,0.013666068,29105,0,0
CHEMBL4553586,0.013666068,29106,0,0
CHEMBL14200,0.013666068,29107,0,0
CHEMBL28778,0.013666068,29108,0,0
CHEMBL12232,0.013666068,29109,0,0
CHEMBL27968,0.013666068,29110,0,0
CHEMBL37132,0.013666068,29111,0,0
CHEMBL30892,0.013666068,29112,0,0
CHEMBL30893,0.013666068,29113,0,0
CHEMBL540696,0.013666068,29114,0,0
CHEMBL28369,0.013666068,29115,0,0
CHEMBL34420,0.013666068,29116,0,0
CHEMBL4543270,0.013666068,29117,0,0
CHEMBL27464,0.013666068,29118,0,0
CHEMBL33446,0.013666068,29119,0,0
CHEMBL660,0.013666068,29120,0,0
CHEMBL38033,0.013666068,29121,0,0
CHEMBL13153,0.013666068,29122,0,0
CHEMBL19557,0.013666068,29123,0,0
CHEMBL4435473,0.013666068,29124,0,0
CHEMBL21832,0.013666068,29125,0,0
CHEMBL23276,0.013666068,29126,0,0
CHEMBL23302,0.013666068,29127,0,0
CHEMBL41263,0.013666068,29128,0,0
CHEMBL33472,0.013666068,29129,0,0
CHEMBL39569,0.013666068,29130,0,0
CHEMBL4434764,0.013666068,29131,0,0
CHEMBL25303,0.013666068,29132,0,0
CHEMBL38423,0.013666068,29133,0,0
CHEMBL32500,0.013666068,29134,0,0
CHEMBL32513,0.013666068,29135,0,0
CHEMBL26680,0.013666068,29136,0,0
CHEMBL25306,0.013666068,29137,0,0
CHEMBL12096,0.013666068,29138,0,0
CHEMBL13437,0.013666068,29139,0,0
CHEMBL13438,0.013666068,29140,0,0
CHEMBL13439,0.013666068,29141,0,0
CHEMBL39922,0.013666068,29142,0,0
CHEMBL18416,0.013666068,29143,0,0
CHEMBL18424,0.013666068,29144,0,0
CHEMBL1163509,0.013666068,29145,0,0
CHEMBL11250,0.013666068,29146,0,0
CHEMBL27293,0.013666068,29147,0,0
CHEMBL27308,0.013666068,29148,0,0
CHEMBL20176,0.013666068,29149,0,0
CHEMBL29823,0.013666068,29150,0,0
CHEMBL10145,0.013666068,29151,0,0
CHEMBL13147,0.013666068,29152,0,0
CHEMBL29687,0.013666068,29153,0,0
CHEMBL12509,0.013666068,29154,0,0
CHEMBL88,0.013666068,29155,0,0
CHEMBL10583,0.013666068,29156,0,0
CHEMBL33524,0.013666068,29157,0,0
CHEMBL33536,0.013666068,29158,0,0
CHEMBL18444,0.013666068,29159,0,0
CHEMBL443686,0.013666068,29160,0,0
CHEMBL4435708,0.013666068,29161,0,0
CHEMBL38064,0.013666068,29162,0,0
CHEMBL618,0.013666068,29163,0,0
CHEMBL17962,0.013666068,29164,0,0
CHEMBL28987,0.013666068,29165,0,0
CHEMBL15622,0.013666068,29166,0,0
CHEMBL26644,0.013666068,29167,0,0
CHEMBL19868,0.013666068,29168,0,0
CHEMBL19880,0.013666068,29169,0,0
CHEMBL24275,0.013666068,29170,0,0
CHEMBL28784,0.013666068,29171,0,0
CHEMBL28792,0.013666068,29172,0,0
CHEMBL28793,0.013666068,29173,0,0
CHEMBL18992,0.013666068,29174,0,0
CHEMBL24235,0.013666068,29175,0,0
CHEMBL36879,0.013666068,29176,0,0
CHEMBL38878,0.013666068,29177,0,0
CHEMBL32167,0.013666068,29178,0,0
CHEMBL525,0.013666068,29179,0,0
CHEMBL525418,0.013666068,29180,0,0
CHEMBL38854,0.013666068,29181,0,0
CHEMBL12356,0.013666068,29182,0,0
CHEMBL8782,0.013666068,29183,0,0
CHEMBL8791,0.013666068,29184,0,0
CHEMBL35759,0.013666068,29185,0,0
CHEMBL34707,0.013666068,29186,0,0
CHEMBL34312,0.013666068,29187,0,0
CHEMBL35654,0.013666068,29188,0,0
CHEMBL42161,0.013666068,29189,0,0
CHEMBL42164,0.013666068,29190,0,0
CHEMBL29046,0.013666068,29191,0,0
CHEMBL19943,0.013666068,29192,0,0
CHEMBL33544,0.013666068,29193,0,0
CHEMBL19384,0.013666068,29194,0,0
CHEMBL12511,0.013666068,29195,0,0
CHEMBL38081,0.013666068,29196,0,0
CHEMBL38090,0.013666068,29197,0,0
CHEMBL38096,0.013666068,29198,0,0
CHEMBL38107,0.013666068,29199,0,0
CHEMBL32934,0.013666068,29200,0,0
CHEMBL21,0.013666068,29201,0,0
CHEMBL6491,0.013666068,29202,0,0
CHEMBL40198,0.013666068,29203,0,0
CHEMBL40209,0.013666068,29204,0,0
CHEMBL28192,0.013666068,29205,0,0
CHEMBL28193,0.013666068,29206,0,0
CHEMBL28184,0.013666068,29207,0,0
CHEMBL33504,0.013666068,29208,0,0
CHEMBL21850,0.013666068,29209,0,0
CHEMBL21866,0.013666068,29210,0,0
CHEMBL35686,0.013666068,29211,0,0
CHEMBL35691,0.013666068,29212,0,0
CHEMBL33547,0.013666068,29213,0,0
CHEMBL38397,0.013666068,29214,0,0
CHEMBL25644,0.013666068,29215,0,0
CHEMBL26628,0.013666068,29216,0,0
CHEMBL33567,0.013666068,29217,0,0
CHEMBL35630,0.013666068,29218,0,0
CHEMBL35633,0.013666068,29219,0,0
CHEMBL13558,0.013666068,29220,0,0
CHEMBL13562,0.013666068,29221,0,0
CHEMBL24391,0.013666068,29222,0,0
CHEMBL26687,0.013666068,29223,0,0
CHEMBL26128,0.013666068,29224,0,0
CHEMBL27096,0.013666068,29225,0,0
CHEMBL21374,0.013666068,29226,0,0
CHEMBL17335,0.013666068,29227,0,0
CHEMBL37163,0.013666068,29228,0,0
CHEMBL26085,0.013666068,29229,0,0
CHEMBL20652,0.013666068,29230,0,0
CHEMBL25649,0.013666068,29231,0,0
CHEMBL20887,0.013666068,29232,0,0
CHEMBL6451,0.013666068,29233,0,0
CHEMBL38114,0.013666068,29234,0,0
CHEMBL29284,0.013666068,29235,0,0
CHEMBL29708,0.013666068,29236,0,0
CHEMBL39493,0.013666068,29237,0,0
CHEMBL35845,0.013666068,29238,0,0
CHEMBL18776,0.013666068,29239,0,0
CHEMBL33587,0.013666068,29240,0,0
CHEMBL8908,0.013666068,29241,0,0
CHEMBL6467,0.013666068,29242,0,0
CHEMBL38200,0.013666068,29243,0,0
CHEMBL14493,0.013666068,29244,0,0
CHEMBL14503,0.013666068,29245,0,0
CHEMBL32787,0.013666068,29246,0,0
CHEMBL11293,0.013666068,29247,0,0
CHEMBL32565,0.013666068,29248,0,0
CHEMBL29300,0.013666068,29249,0,0
CHEMBL29310,0.013666068,29250,0,0
CHEMBL10513,0.013666068,29251,0,0
CHEMBL33651,0.013666068,29252,0,0
CHEMBL30,0.013666068,29253,0,0
CHEMBL4435114,0.013666068,29254,0,0
CHEMBL31597,0.013666068,29255,0,0
CHEMBL35449,0.013666068,29256,0,0
CHEMBL23001,0.013666068,29257,0,0
CHEMBL33754,0.013666068,29258,0,0
CHEMBL15768,0.013666068,29259,0,0
CHEMBL35371,0.013666068,29260,0,0
CHEMBL42148,0.013666068,29261,0,0
CHEMBL16139,0.013666068,29262,0,0
CHEMBL34380,0.013666068,29263,0,0
CHEMBL12318,0.013666068,29264,0,0
CHEMBL2094336,0.013666068,29265,0,0
CHEMBL27183,0.013666068,29266,0,0
CHEMBL40121,0.013666068,29267,0,0
CHEMBL27204,0.013666068,29268,0,0
CHEMBL6368,0.013666068,29269,0,0
CHEMBL35522,0.013666068,29270,0,0
CHEMBL1163541,0.013666068,29271,0,0
CHEMBL39512,0.013666068,29272,0,0
CHEMBL13922,0.013666068,29273,0,0
CHEMBL13924,0.013666068,29274,0,0
CHEMBL23172,0.013666068,29275,0,0
CHEMBL21896,0.013666068,29276,0,0
CHEMBL19336,0.013666068,29277,0,0
CHEMBL42710,0.013666068,29278,0,0
CHEMBL27231,0.013666068,29279,0,0
CHEMBL40157,0.013666068,29280,0,0
CHEMBL18511,0.013666068,29281,0,0
CHEMBL21932,0.013666068,29282,0,0
CHEMBL9116,0.013666068,29283,0,0
CHEMBL21412,0.013666068,29284,0,0
CHEMBL24332,0.013666068,29285,0,0
CHEMBL13237,0.013666068,29286,0,0
CHEMBL29884,0.013666068,29287,0,0
CHEMBL19668,0.013666068,29288,0,0
CHEMBL30872,0.013666068,29289,0,0
CHEMBL40476,0.013666068,29290,0,0
CHEMBL30833,0.013666068,29291,0,0
CHEMBL13547,0.013666068,29292,0,0
CHEMBL35577,0.013666068,29293,0,0
CHEMBL6388,0.013666068,29294,0,0
CHEMBL29727,0.013666068,29295,0,0
CHEMBL28489,0.013666068,29296,0,0
CHEMBL6401,0.013666068,29297,0,0
CHEMBL38295,0.013666068,29298,0,0
CHEMBL25539,0.013666068,29299,0,0
CHEMBL38353,0.013666068,29300,0,0
CHEMBL28482,0.013666068,29301,0,0
CHEMBL39564,0.013666068,29302,0,0
CHEMBL454492,0.013666068,29303,0,0
CHEMBL31156,0.013666068,29304,0,0
CHEMBL38366,0.013666068,29305,0,0
CHEMBL38370,0.013666068,29306,0,0
CHEMBL38250,0.013666068,29307,0,0
CHEMBL38261,0.013666068,29308,0,0
CHEMBL13165,0.013666068,29309,0,0
CHEMBL28495,0.013666068,29310,0,0
CHEMBL6305,0.013666068,29311,0,0
CHEMBL14422,0.013666068,29312,0,0
CHEMBL4116119,0.013666068,29313,0,0
CHEMBL23065,0.013666068,29314,0,0
CHEMBL35512,0.013666068,29315,0,0
CHEMBL18794,0.013666068,29316,0,0
CHEMBL25613,0.013666068,29317,0,0
CHEMBL25617,0.013666068,29318,0,0
CHEMBL12267,0.013666068,29319,0,0
CHEMBL22421,0.013666068,29320,0,0
CHEMBL40017,0.013666068,29321,0,0
CHEMBL33101,0.013666068,29322,0,0
CHEMBL37104,0.013666068,29323,0,0
CHEMBL37124,0.013666068,29324,0,0
CHEMBL17255,0.013666068,29325,0,0
CHEMBL24367,0.013666068,29326,0,0
CHEMBL24343,0.013666068,29327,0,0
CHEMBL157232,0.013666068,29328,0,0
CHEMBL23098,0.013666068,29329,0,0
CHEMBL41524,0.013666068,29330,0,0
CHEMBL4543279,0.013666068,29331,0,0
CHEMBL1185515,0.013666068,29332,0,0
CHEMBL34613,0.013666068,29333,0,0
CHEMBL10096,0.013666068,29334,0,0
CHEMBL34512,0.013666068,29335,0,0
CHEMBL33719,0.013666068,29336,0,0
CHEMBL23047,0.013666068,29337,0,0
CHEMBL9076,0.013666068,29338,0,0
CHEMBL10260,0.013666068,29339,0,0
CHEMBL38817,0.013666068,29340,0,0
CHEMBL34447,0.013666068,29341,0,0
CHEMBL34564,0.013666068,29342,0,0
CHEMBL34476,0.013666068,29343,0,0
CHEMBL42332,0.013666068,29344,0,0
CHEMBL32651,0.013666068,29345,0,0
CHEMBL12191,0.013666068,29346,0,0
CHEMBL15933,0.01357596,29347,0,0
CHEMBL36604,0.0135649815,29348,0,0
CHEMBL30148,0.013435142,29349,0,0
CHEMBL15017,0.013349895,29350,0,0
CHEMBL42542,0.013212871,29351,0,0
CHEMBL16203,0.013173661,29352,0,0
CHEMBL6398,0.013173661,29353,0,0
CHEMBL29726,0.013173661,29354,0,0
CHEMBL9841,0.013173661,29355,0,0
CHEMBL22425,0.013173661,29356,0,0
CHEMBL16138,0.013173661,29357,0,0
CHEMBL25407,0.013173661,29358,0,0
CHEMBL14497,0.013173661,29359,0,0
CHEMBL38147,0.013173661,29360,0,0
CHEMBL38286,0.013173661,29361,0,0
CHEMBL29811,0.013173661,29362,0,0
CHEMBL40154,0.013173661,29363,0,0
CHEMBL40132,0.013173661,29364,0,0
CHEMBL32724,0.013173661,29365,0,0
CHEMBL6415,0.013173661,29366,0,0
CHEMBL18314,0.013173661,29367,0,0
CHEMBL26674,0.013173661,29368,0,0
CHEMBL29283,0.013173661,29369,0,0
CHEMBL29281,0.013173661,29370,0,0
CHEMBL9103,0.013173661,29371,0,0
CHEMBL33720,0.013173661,29372,0,0
CHEMBL9907,0.013173661,29373,0,0
CHEMBL4543239,0.013173661,29374,0,0
CHEMBL22304,0.013173661,29375,0,0
CHEMBL40032,0.013173661,29376,0,0
CHEMBL12179,0.013173661,29377,0,0
CHEMBL13369,0.013173661,29378,0,0
CHEMBL18773,0.013173661,29379,0,0
CHEMBL15771,0.013173661,29380,0,0
CHEMBL33775,0.013173661,29381,0,0
CHEMBL39594,0.013173661,29382,0,0
CHEMBL23145,0.013173661,29383,0,0
CHEMBL19206,0.013173661,29384,0,0
CHEMBL29013,0.013173661,29385,0,0
CHEMBL8964,0.013173661,29386,0,0
CHEMBL35581,0.013173661,29387,0,0
CHEMBL35576,0.013173661,29388,0,0
CHEMBL40922,0.013173661,29389,0,0
CHEMBL23222,0.013173661,29390,0,0
CHEMBL8839,0.013173661,29391,0,0
CHEMBL1163517,0.013173661,29392,0,0
CHEMBL1163516,0.013173661,29393,0,0
CHEMBL1654,0.013173661,29394,0,0
CHEMBL12181,0.013173661,29395,0,0
CHEMBL21034,0.013173661,29396,0,0
CHEMBL38441,0.013173661,29397,0,0
CHEMBL29818,0.013173661,29398,0,0
CHEMBL12435,0.013173661,29399,0,0
CHEMBL13633,0.013173661,29400,0,0
CHEMBL21015,0.013173661,29401,0,0
CHEMBL32972,0.013173661,29402,0,0
CHEMBL6573,0.013173661,29403,0,0
CHEMBL19568,0.013173661,29404,0,0
CHEMBL19084,0.013173661,29405,0,0
CHEMBL32954,0.013173661,29406,0,0
CHEMBL38032,0.013173661,29407,0,0
CHEMBL25304,0.013173661,29408,0,0
CHEMBL4436374,0.013173661,29409,0,0
CHEMBL35780,0.013173661,29410,0,0
CHEMBL26616,0.013173661,29411,0,0
CHEMBL27757,0.013173661,29412,0,0
CHEMBL30476,0.013173661,29413,0,0
CHEMBL30467,0.013173661,29414,0,0
CHEMBL19995,0.013173661,29415,0,0
CHEMBL27690,0.013173661,29416,0,0
CHEMBL27686,0.013173661,29417,0,0
CHEMBL39938,0.013173661,29418,0,0
CHEMBL35757,0.013173661,29419,0,0
CHEMBL40807,0.013173661,29420,0,0
CHEMBL23350,0.013173661,29421,0,0
CHEMBL9256,0.013173661,29422,0,0
CHEMBL16463,0.013173661,29423,0,0
CHEMBL31367,0.013173661,29424,0,0
CHEMBL39893,0.013173661,29425,0,0
CHEMBL23335,0.013173661,29426,0,0
CHEMBL35874,0.013173661,29427,0,0
CHEMBL13961,0.013173661,29428,0,0
CHEMBL450,0.013173661,29429,0,0
CHEMBL23307,0.013173661,29430,0,0
CHEMBL23305,0.013173661,29431,0,0
CHEMBL41257,0.013173661,29432,0,0
CHEMBL33863,0.013173661,29433,0,0
CHEMBL35946,0.013173661,29434,0,0
CHEMBL23393,0.013173661,29435,0,0
CHEMBL19742,0.013173661,29436,0,0
CHEMBL30127,0.013173661,29437,0,0
CHEMBL8642,0.013173661,29438,0,0
CHEMBL42059,0.013173661,29439,0,0
CHEMBL4553570,0.013173661,29440,0,0
CHEMBL27205,0.013173661,29441,0,0
CHEMBL29149,0.013173661,29442,0,0
CHEMBL27279,0.013173661,29443,0,0
CHEMBL21063,0.013173661,29444,0,0
CHEMBL21056,0.013173661,29445,0,0
CHEMBL14640,0.013173661,29446,0,0
CHEMBL20858,0.013173661,29447,0,0
CHEMBL11462,0.013173661,29448,0,0
CHEMBL31088,0.013173661,29449,0,0
CHEMBL6680,0.013173661,29450,0,0
CHEMBL13874,0.013173661,29451,0,0
CHEMBL11667,0.013173661,29452,0,0
CHEMBL40901,0.013173661,29453,0,0
CHEMBL13356,0.013173661,29454,0,0
CHEMBL851,0.013173661,29455,0,0
CHEMBL8527,0.013173661,29456,0,0
CHEMBL26506,0.013173661,29457,0,0
CHEMBL18755,0.013173661,29458,0,0
CHEMBL26476,0.013173661,29459,0,0
CHEMBL13999,0.013173661,29460,0,0
CHEMBL25719,0.013173661,29461,0,0
CHEMBL34736,0.013173661,29462,0,0
CHEMBL34338,0.013173661,29463,0,0
CHEMBL25766,0.013173661,29464,0,0
CHEMBL17682,0.013173661,29465,0,0
CHEMBL41612,0.013173661,29466,0,0
CHEMBL19096,0.013173661,29467,0,0
CHEMBL6767,0.013173661,29468,0,0
CHEMBL6737,0.013173661,29469,0,0
CHEMBL38509,0.013173661,29470,0,0
CHEMBL17981,0.013173661,29471,0,0
CHEMBL3309353,0.013173661,29472,0,0
CHEMBL14683,0.013173661,29473,0,0
CHEMBL11165,0.013173661,29474,0,0
CHEMBL154392,0.013173661,29475,0,0
CHEMBL29241,0.013173661,29476,0,0
CHEMBL15841,0.013173661,29477,0,0
CHEMBL10381,0.013173661,29478,0,0
CHEMBL4543493,0.013173661,29479,0,0
CHEMBL8365,0.013173661,29480,0,0
CHEMBL39185,0.013173661,29481,0,0
CHEMBL39215,0.013173661,29482,0,0
CHEMBL31882,0.013173661,29483,0,0
CHEMBL8396,0.013173661,29484,0,0
CHEMBL28927,0.013173661,29485,0,0
CHEMBL19407,0.013173661,29486,0,0
CHEMBL4553706,0.013173661,29487,0,0
CHEMBL28253,0.013173661,29488,0,0
CHEMBL27967,0.013173661,29489,0,0
CHEMBL15424,0.013173661,29490,0,0
CHEMBL8225,0.013173661,29491,0,0
CHEMBL40664,0.013173661,29492,0,0
CHEMBL4543453,0.013173661,29493,0,0
CHEMBL35150,0.013173661,29494,0,0
CHEMBL29244,0.013173661,29495,0,0
CHEMBL1207533,0.013173661,29496,0,0
CHEMBL30549,0.013173661,29497,0,0
CHEMBL11810,0.013173661,29498,0,0
CHEMBL8326,0.013173661,29499,0,0
CHEMBL154556,0.013173661,29500,0,0
CHEMBL8182,0.013173661,29501,0,0
CHEMBL23721,0.013173661,29502,0,0
CHEMBL8157,0.013173661,29503,0,0
CHEMBL264137,0.013173661,29504,0,0
CHEMBL26404,0.013173661,29505,0,0
CHEMBL4543473,0.013173661,29506,0,0
CHEMBL4543463,0.013173661,29507,0,0
CHEMBL20520,0.013173661,29508,0,0
CHEMBL154357,0.013173661,29509,0,0
CHEMBL31966,0.013173661,29510,0,0
CHEMBL23677,0.013173661,29511,0,0
CHEMBL3311411,0.013173661,29512,0,0
CHEMBL35111,0.013173661,29513,0,0
CHEMBL9419,0.013173661,29514,0,0
CHEMBL13776,0.013173661,29515,0,0
CHEMBL28878,0.013173661,29516,0,0
CHEMBL12695,0.013173661,29517,0,0
CHEMBL12684,0.013173661,29518,0,0
CHEMBL18217,0.013173661,29519,0,0
CHEMBL12050,0.013173661,29520,0,0
CHEMBL1163249,0.013173661,29521,0,0
CHEMBL36321,0.013173661,29522,0,0
CHEMBL41363,0.013173661,29523,0,0
CHEMBL26382,0.013173661,29524,0,0
CHEMBL25080,0.013173661,29525,0,0
CHEMBL37876,0.013173661,29526,0,0
CHEMBL4543305,0.013173661,29527,0,0
CHEMBL4543287,0.013173661,29528,0,0
CHEMBL40290,0.013173661,29529,0,0
CHEMBL40274,0.013173661,29530,0,0
CHEMBL1229215,0.013173661,29531,0,0
CHEMBL37852,0.013173661,29532,0,0
CHEMBL37846,0.013173661,29533,0,0
CHEMBL17653,0.013173661,29534,0,0
CHEMBL11121,0.013173661,29535,0,0
CHEMBL17643,0.013173661,29536,0,0
CHEMBL20248,0.013173661,29537,0,0
CHEMBL27916,0.013173661,29538,0,0
CHEMBL41013,0.013173661,29539,0,0
CHEMBL16870,0.013173661,29540,0,0
CHEMBL12035,0.013173661,29541,0,0
CHEMBL36394,0.013173661,29542,0,0
CHEMBL498849,0.013173661,29543,0,0
CHEMBL23773,0.013173661,29544,0,0
CHEMBL8080,0.013173661,29545,0,0
CHEMBL1163202,0.013173661,29546,0,0
CHEMBL8137,0.013173661,29547,0,0
CHEMBL39060,0.013173661,29548,0,0
CHEMBL11688,0.013173661,29549,0,0
CHEMBL42423,0.013173661,29550,0,0
CHEMBL10310,0.013173661,29551,0,0
CHEMBL9434,0.013173661,29552,0,0
CHEMBL4436532,0.013173661,29553,0,0
CHEMBL20550,0.013173661,29554,0,0
CHEMBL23864,0.013173661,29555,0,0
CHEMBL43494,0.013173661,29556,0,0
CHEMBL432,0.013173661,29557,0,0
CHEMBL43191,0.013173661,29558,0,0
CHEMBL18014,0.013173661,29559,0,0
CHEMBL18824,0.013173661,29560,0,0
CHEMBL6859,0.013173661,29561,0,0
CHEMBL4434695,0.013173661,29562,0,0
CHEMBL6895,0.013173661,29563,0,0
CHEMBL11483,0.013173661,29564,0,0
CHEMBL28024,0.013173661,29565,0,0
CHEMBL28022,0.013173661,29566,0,0
CHEMBL11933,0.013173661,29567,0,0
CHEMBL37752,0.013173661,29568,0,0
CHEMBL11105,0.013173661,29569,0,0
CHEMBL29816,0.013173661,29570,0,0
CHEMBL7882,0.013173661,29571,0,0
CHEMBL19236,0.013173661,29572,0,0
CHEMBL9965,0.013173661,29573,0,0
CHEMBL42241,0.013173661,29574,0,0
CHEMBL793,0.013173661,29575,0,0
CHEMBL792,0.013173661,29576,0,0
CHEMBL18180,0.013173661,29577,0,0
CHEMBL20563,0.013173661,29578,0,0
CHEMBL4435377,0.013173661,29579,0,0
CHEMBL41116,0.013173661,29580,0,0
CHEMBL15329,0.013173661,29581,0,0
CHEMBL24063,0.013173661,29582,0,0
CHEMBL35058,0.013173661,29583,0,0
CHEMBL35047,0.013173661,29584,0,0
CHEMBL26224,0.013173661,29585,0,0
CHEMBL15256,0.013173661,29586,0,0
CHEMBL24000,0.013173661,29587,0,0
CHEMBL4435926,0.013173661,29588,0,0
CHEMBL15244,0.013173661,29589,0,0
CHEMBL36633,0.013173661,29590,0,0
CHEMBL17041,0.013173661,29591,0,0
CHEMBL34453,0.013173661,29592,0,0
CHEMBL30712,0.013173661,29593,0,0
CHEMBL38991,0.013173661,29594,0,0
CHEMBL7888,0.013173661,29595,0,0
CHEMBL24130,0.013173661,29596,0,0
CHEMBL10857,0.013173661,29597,0,0
CHEMBL21528,0.013173661,29598,0,0
CHEMBL36767,0.013173661,29599,0,0
CHEMBL26162,0.013173661,29600,0,0
CHEMBL507116,0.013173661,29601,0,0
CHEMBL503559,0.013173661,29602,0,0
CHEMBL43642,0.013173661,29603,0,0
CHEMBL24045,0.013173661,29604,0,0
CHEMBL3310510,0.013173661,29605,0,0
CHEMBL774,0.013173661,29606,0,0
CHEMBL29813,0.013173661,29607,0,0
CHEMBL29809,0.013173661,29608,0,0
CHEMBL6919,0.013173661,29609,0,0
CHEMBL39737,0.013173661,29610,0,0
CHEMBL13844,0.013173661,29611,0,0
CHEMBL30014,0.013173661,29612,0,0
CHEMBL40372,0.013173661,29613,0,0
CHEMBL11081,0.013173661,29614,0,0
CHEMBL7007,0.013173661,29615,0,0
CHEMBL1162462,0.013173661,29616,0,0
CHEMBL18162,0.013173661,29617,0,0
CHEMBL4543404,0.013173661,29618,0,0
CHEMBL11707,0.013173661,29619,0,0
CHEMBL15166,0.013173661,29620,0,0
CHEMBL41853,0.013173661,29621,0,0
CHEMBL24120,0.013173661,29622,0,0
CHEMBL14192,0.013173661,29623,0,0
CHEMBL14183,0.013173661,29624,0,0
CHEMBL503982,0.013173661,29625,0,0
CHEMBL503725,0.013173661,29626,0,0
CHEMBL503660,0.013173661,29627,0,0
CHEMBL30834,0.013173661,29628,0,0
CHEMBL27519,0.013173661,29629,0,0
CHEMBL18681,0.013173661,29630,0,0
CHEMBL34963,0.013173661,29631,0,0
CHEMBL36988,0.013173661,29632,0,0
CHEMBL40488,0.013173661,29633,0,0
CHEMBL19000,0.013173661,29634,0,0
CHEMBL12649,0.013173661,29635,0,0
CHEMBL21446,0.013173661,29636,0,0
CHEMBL19462,0.013173661,29637,0,0
CHEMBL14216,0.013173661,29638,0,0
CHEMBL38889,0.013173661,29639,0,0
CHEMBL17174,0.013173661,29640,0,0
CHEMBL24241,0.013173661,29641,0,0
CHEMBL24164,0.013173661,29642,0,0
CHEMBL11601,0.013173661,29643,0,0
CHEMBL24531,0.013173661,29644,0,0
CHEMBL738,0.013173661,29645,0,0
CHEMBL12923,0.013173661,29646,0,0
CHEMBL7426,0.013173661,29647,0,0
CHEMBL1619760,0.013173661,29648,0,0
CHEMBL24378,0.013173661,29649,0,0
CHEMBL15047,0.013173661,29650,0,0
CHEMBL26124,0.013173661,29651,0,0
CHEMBL7471,0.013173661,29652,0,0
CHEMBL15063,0.013173661,29653,0,0
CHEMBL15054,0.013173661,29654,0,0
CHEMBL37076,0.013173661,29655,0,0
CHEMBL24586,0.013173661,29656,0,0
CHEMBL22136,0.013173661,29657,0,0
CHEMBL22133,0.013173661,29658,0,0
CHEMBL160341,0.013173661,29659,0,0
CHEMBL19489,0.013173661,29660,0,0
CHEMBL26026,0.013173661,29661,0,0
CHEMBL11994,0.013173661,29662,0,0
CHEMBL29896,0.013173661,29663,0,0
CHEMBL10944,0.013173661,29664,0,0
CHEMBL19155,0.013173661,29665,0,0
CHEMBL541498,0.013173661,29666,0,0
CHEMBL26061,0.013173661,29667,0,0
CHEMBL16073,0.013173661,29668,0,0
CHEMBL11006,0.013173661,29669,0,0
CHEMBL17503,0.013173661,29670,0,0
CHEMBL37537,0.013173661,29671,0,0
CHEMBL17509,0.013173661,29672,0,0
CHEMBL4435329,0.013173661,29673,0,0
CHEMBL37503,0.013173661,29674,0,0
CHEMBL28709,0.013173661,29675,0,0
CHEMBL40957,0.013173661,29676,0,0
CHEMBL4435521,0.013173661,29677,0,0
CHEMBL21315,0.013173661,29678,0,0
CHEMBL37391,0.013173661,29679,0,0
CHEMBL1187270,0.013173661,29680,0,0
CHEMBL619,0.013173661,29681,0,0
CHEMBL38051,0.013173661,29682,0,0
CHEMBL4543506,0.013173661,29683,0,0
CHEMBL16513,0.013173661,29684,0,0
CHEMBL12086,0.013173661,29685,0,0
CHEMBL35530,0.013173661,29686,0,0
CHEMBL39550,0.013173661,29687,0,0
CHEMBL23118,0.013173661,29688,0,0
CHEMBL9005,0.013173661,29689,0,0
CHEMBL33670,0.013173661,29690,0,0
CHEMBL15721,0.013173661,29691,0,0
CHEMBL157446,0.013173661,29692,0,0
CHEMBL10498,0.013173661,29693,0,0
CHEMBL23078,0.013173661,29694,0,0
CHEMBL18545,0.013173661,29695,0,0
CHEMBL11783,0.013173661,29696,0,0
CHEMBL4436035,0.013173661,29697,0,0
CHEMBL17416,0.013173661,29698,0,0
CHEMBL38753,0.013173661,29699,0,0
CHEMBL29095,0.013173661,29700,0,0
CHEMBL12849,0.013173661,29701,0,0
CHEMBL12571,0.013173661,29702,0,0
CHEMBL10980,0.013173661,29703,0,0
CHEMBL12406,0.013173661,29704,0,0
CHEMBL37488,0.013173661,29705,0,0
CHEMBL10968,0.013173661,29706,0,0
CHEMBL28410,0.013173661,29707,0,0
CHEMBL11371,0.013173661,29708,0,0
CHEMBL32585,0.013173661,29709,0,0
CHEMBL32605,0.013173661,29710,0,0
CHEMBL14554,0.013173661,29711,0,0
CHEMBL24721,0.013171418,29712,0,0
CHEMBL14232,0.012998754,29713,0,0
CHEMBL34955,0.012978674,29714,0,0
CHEMBL3311015,0.012905807,29715,0,0
CHEMBL8213,0.0129037965,29716,0,0
CHEMBL4436406,0.012738536,29717,0,0
CHEMBL36859,0.012738536,29718,0,0
CHEMBL36680,0.01273658,29719,0,0
CHEMBL28718,0.01273658,29720,0,0
CHEMBL17870,0.01273658,29721,0,0
CHEMBL29024,0.01273658,29722,0,0
CHEMBL35531,0.01273658,29723,0,0
CHEMBL11458,0.01273658,29724,0,0
CHEMBL8759,0.01273658,29725,0,0
CHEMBL23518,0.01273658,29726,0,0
CHEMBL29357,0.012642717,29727,0,0
CHEMBL11015,0.012625217,29728,0,0
CHEMBL10339,0.012625217,29729,0,0
CHEMBL4435627,0.012625217,29730,0,0
CHEMBL12907,0.012625217,29731,0,0
CHEMBL23347,0.012625217,29732,0,0
CHEMBL155537,0.012625217,29733,0,0
CHEMBL22352,0.012625217,29734,0,0
CHEMBL12954,0.012625217,29735,0,0
CHEMBL29403,0.012604215,29736,0,0
CHEMBL3309731,0.0125104,29737,0,0
CHEMBL4543402,0.0125104,29738,0,0
CHEMBL1213094,0.0125104,29739,0,0
CHEMBL33381,0.012471804,29740,0,0
CHEMBL4435011,0.01238614,29741,0,0
CHEMBL39573,0.012385435,29742,0,0
CHEMBL11932,0.012385435,29743,0,0
CHEMBL35132,0.012354636,29744,0,0
CHEMBL24805,0.012344412,29745,0,0
CHEMBL10670,0.012344412,29746,0,0
CHEMBL25962,0.012338576,29747,0,0
CHEMBL11960,0.012338576,29748,0,0
CHEMBL21872,0.012331285,29749,0,0
CHEMBL3310551,0.012320378,29750,0,0
CHEMBL4436045,0.012273206,29751,0,0
CHEMBL25858,0.012240573,29752,0,0
CHEMBL20177,0.012208184,29753,0,0
CHEMBL2110159,0.012208184,29754,0,0
CHEMBL25950,0.012104564,29755,0,0
CHEMBL20944,0.012104564,29756,0,0
CHEMBL17472,0.012104564,29757,0,0
CHEMBL12111,0.012104564,29758,0,0
CHEMBL12697,0.012104564,29759,0,0
CHEMBL25693,0.012104564,29760,0,0
CHEMBL15557,0.012104564,29761,0,0
CHEMBL18433,0.012104564,29762,0,0
CHEMBL8918,0.012104564,29763,0,0
CHEMBL30296,0.012104564,29764,0,0
CHEMBL33428,0.012104564,29765,0,0
CHEMBL31457,0.012104564,29766,0,0
CHEMBL35357,0.012104564,29767,0,0
CHEMBL4553171,0.012104564,29768,0,0
CHEMBL12342,0.012104564,29769,0,0
CHEMBL8224,0.012104564,29770,0,0
CHEMBL14333,0.012104564,29771,0,0
CHEMBL27917,0.012104564,29772,0,0
CHEMBL21184,0.012104564,29773,0,0
CHEMBL37531,0.012104564,29774,0,0
CHEMBL8304,0.012104564,29775,0,0
CHEMBL39064,0.012104564,29776,0,0
CHEMBL9429,0.012104564,29777,0,0
CHEMBL30849,0.012104564,29778,0,0
CHEMBL4436228,0.012104564,29779,0,0
CHEMBL6868,0.012104564,29780,0,0
CHEMBL14839,0.012104564,29781,0,0
CHEMBL15055,0.012104564,29782,0,0
CHEMBL18370,0.012104564,29783,0,0
CHEMBL43582,0.012060784,29784,0,0
CHEMBL1171146,0.012059755,29785,0,0
CHEMBL16488,0.011847827,29786,0,0
CHEMBL27798,0.011806565,29787,0,0
CHEMBL30186,0.01179676,29788,0,0
CHEMBL21219,0.011767435,29789,0,0
CHEMBL37422,0.011767435,29790,0,0
CHEMBL11262,0.011702536,29791,0,0
CHEMBL31667,0.011702536,29792,0,0
CHEMBL1078817,0.011702536,29793,0,0
CHEMBL40027,0.011702536,29794,0,0
CHEMBL24655,0.011702536,29795,0,0
CHEMBL42372,0.011702536,29796,0,0
CHEMBL10699,0.011684956,29797,0,0
CHEMBL31343,0.011667688,29798,0,0
CHEMBL34215,0.011667688,29799,0,0
CHEMBL31925,0.011667688,29800,0,0
CHEMBL4543572,0.011599068,29801,0,0
CHEMBL1161119,0.011599068,29802,0,0
CHEMBL42083,0.011431792,29803,0,0
CHEMBL32053,0.011222787,29804,0,0
CHEMBL31531,0.011222787,29805,0,0
CHEMBL23085,0.011137909,29806,0,0
CHEMBL17998,0.011094084,29807,0,0
CHEMBL6402,0.011007615,29808,0,0
CHEMBL23009,0.01088834,29809,0,0
CHEMBL39532,0.01088834,29810,0,0
CHEMBL29554,0.01079604,29811,0,0
CHEMBL27202,0.010760639,29812,0,0
CHEMBL12782,0.010673326,29813,0,0
CHEMBL15340,0.010603299,29814,0,0
CHEMBL17544,0.010482497,29815,0,0
CHEMBL30439,0.01041998,29816,0,0
CHEMBL40642,0.010344859,29817,0,0
CHEMBL21174,0.010326271,29818,0,0
CHEMBL31507,0.010287364,29819,0,0
CHEMBL9298,0.010222637,29820,0,0
CHEMBL8650,0.010120284,29821,0,0
CHEMBL41666,0.010120284,29822,0,0
CHEMBL11189,0.010120284,29823,0,0
CHEMBL42338,0.009949045,29824,0,0
CHEMBL4435342,0.009809577,29825,0,0
CHEMBL25629,0.009757367,29826,0,0
CHEMBL4435086,0.009707294,29827,0,0
CHEMBL23216,0.009687662,29828,0,0
CHEMBL29833,0.009687662,29829,0,0
CHEMBL29782,0.009687662,29830,0,0
CHEMBL8872,0.009345444,29831,0,0
CHEMBL8671,0.00934401,29832,0,0
CHEMBL32241,0.0093372455,29833,0,0
CHEMBL12000,0.0093372455,29834,0,0
CHEMBL26618,0.0093372455,29835,0,0
CHEMBL29099,0.0093372455,29836,0,0
CHEMBL17557,0.0093372455,29837,0,0
CHEMBL42605,0.0093372455,29838,0,0
CHEMBL34796,0.009193125,29839,0,0
CHEMBL23897,0.009022168,29840,0,0
CHEMBL6302,0.008916777,29841,0,0
CHEMBL26318,0.008916777,29842,0,0
CHEMBL40727,0.008916777,29843,0,0
CHEMBL40858,0.008916777,29844,0,0
CHEMBL12215,0.008728915,29845,0,0
CHEMBL16715,0.008597906,29846,0,0
CHEMBL20415,0.008576784,29847,0,0
CHEMBL40393,0.008576784,29848,0,0
CHEMBL38505,0.008576784,29849,0,0
CHEMBL41944,0.008576784,29850,0,0
CHEMBL12326,0.008576784,29851,0,0
CHEMBL10072,0.008568274,29852,0,0
CHEMBL21790,0.00838728,29853,0,0
CHEMBL26635,0.00838728,29854,0,0
CHEMBL3311110,0.008147682,29855,0,0
CHEMBL31225,0.007912014,29856,0,0
CHEMBL4435075,0.007822785,29857,0,0
CHEMBL31959,0.0076792785,29858,0,0
CHEMBL28294,0.007642846,29859,0,0
CHEMBL135,0.0073279,29860,0,0
CHEMBL20821,0.0069102426,29861,0,0
CHEMBL4436318,0.0068495786,29862,0,0
CHEMBL36232,0.0059269913,29863,0,0
CHEMBL39169,0.005440188,29864,0,0
CHEMBL34261,0.0032938386,29865,0,0
